Resultados de simulación — 20260922_182825
Pasajeros: 100 | P(carry-on): 0.5 | Simulaciones por política: 5000
============================================================

[rand]
  Promedio : 1069.4s
  Desvío   : 88.0s
  IC 95%   : [1067.0s, 1071.9s]
  Mínimo   : 761s
  Máximo   : 1402s
  Tiempos  : [1162, 1117, 962, 1040, 1045, 998, 1079, 1002, 1058, 1118, 1020, 1009, 1164, 1071, 975, 1083, 1093, 1167, 1159, 990, 967, 1141, 942, 1179, 1019, 926, 1119, 871, 908, 1127, 872, 1057, 1080, 1298, 1223, 1104, 1104, 1060, 1186, 1128, 1099, 1018, 1022, 1112, 1067, 1160, 1187, 1076, 1025, 852, 1061, 1088, 1129, 1019, 870, 1080, 1116, 1084, 989, 1062, 870, 956, 924, 910, 969, 984, 1131, 1102, 1091, 1137, 876, 1053, 976, 1086, 920, 1042, 1110, 1084, 1072, 1035, 1089, 975, 1029, 1085, 974, 1063, 997, 1043, 912, 1339, 1122, 1030, 1083, 802, 1077, 1118, 1098, 1033, 1146, 1069, 1125, 1094, 1213, 1127, 975, 1101, 1092, 1115, 1078, 950, 1139, 1101, 1139, 1129, 1085, 1060, 1244, 1071, 1060, 1159, 1200, 986, 892, 922, 1081, 1154, 1208, 1028, 938, 1129, 981, 979, 1069, 1109, 1092, 1134, 1071, 1029, 1055, 1113, 1025, 992, 1178, 1184, 845, 1039, 994, 1022, 923, 976, 1088, 1155, 952, 1037, 1062, 1038, 1133, 1106, 995, 1198, 972, 1037, 1171, 987, 1170, 1119, 961, 1041, 1020, 931, 1086, 997, 895, 1082, 1126, 1084, 1178, 1197, 921, 989, 1043, 1152, 1033, 1114, 988, 1045, 1036, 1043, 875, 1063, 1060, 1037, 1148, 1047, 1124, 1105, 1172, 1140, 1133, 1051, 1105, 1082, 940, 1172, 969, 984, 1141, 973, 1177, 1252, 1236, 1095, 1126, 1086, 1034, 889, 1182, 1103, 1228, 994, 1128, 1047, 794, 1171, 1176, 1005, 1164, 1127, 1149, 1035, 1041, 1001, 1103, 1058, 1179, 993, 975, 992, 1062, 1095, 1220, 1103, 1038, 1030, 1159, 1068, 1005, 1093, 1016, 1201, 1106, 1032, 1037, 1054, 1195, 1180, 1186, 1109, 985, 1098, 999, 1107, 1118, 1167, 1012, 1053, 945, 1072, 1127, 1049, 1162, 1084, 1081, 979, 1075, 992, 907, 1300, 1052, 899, 1103, 961, 1158, 1037, 972, 1029, 928, 1099, 1046, 1024, 1126, 1102, 1103, 1325, 1013, 1029, 1168, 1182, 1017, 1110, 1013, 1028, 1116, 1131, 1081, 1002, 1050, 1186, 1060, 1100, 911, 1162, 1002, 973, 963, 1095, 1142, 1119, 1031, 1115, 964, 1082, 1035, 1097, 1103, 1153, 1013, 1153, 1065, 1086, 1322, 1131, 1165, 987, 1014, 1049, 1140, 1247, 904, 1133, 1152, 992, 1094, 983, 1029, 1051, 1195, 1099, 1030, 1058, 1206, 1089, 1071, 1017, 1012, 1026, 1191, 1154, 1036, 1138, 1160, 1065, 1062, 1082, 1001, 1185, 1304, 1111, 1094, 882, 1128, 1082, 975, 1224, 1076, 1152, 1220, 1007, 999, 1051, 1034, 1043, 1000, 1063, 956, 994, 1081, 1249, 1079, 1316, 951, 1035, 1034, 1100, 1069, 986, 1247, 958, 1144, 966, 1089, 1111, 1001, 1143, 939, 1183, 880, 1029, 942, 903, 1106, 1158, 1096, 1115, 979, 1121, 1123, 990, 922, 1141, 1037, 1159, 1081, 951, 1033, 1146, 1184, 1056, 909, 1067, 1184, 1075, 1119, 1050, 1140, 1098, 967, 957, 1147, 1080, 1104, 1066, 1095, 1031, 1195, 1193, 1108, 1078, 1178, 1080, 877, 1042, 1134, 1190, 1015, 962, 1279, 1174, 1182, 939, 1064, 1079, 1245, 1145, 1094, 930, 1003, 950, 1117, 976, 998, 1153, 1032, 1000, 960, 1108, 1176, 1069, 1213, 971, 1036, 1031, 989, 922, 1066, 1082, 1080, 1086, 1132, 1053, 1186, 1002, 1007, 1012, 991, 1096, 1113, 1060, 950, 1055, 1059, 1016, 937, 1023, 1108, 1114, 1004, 1071, 1098, 996, 976, 1037, 1073, 1058, 1169, 913, 1255, 987, 1112, 1288, 917, 954, 1056, 1081, 1081, 1234, 1089, 987, 1027, 1080, 1026, 1096, 1142, 952, 1109, 1030, 1190, 950, 1031, 997, 1110, 854, 1035, 1089, 1073, 1302, 1321, 1040, 1114, 1085, 994, 1034, 1080, 1012, 1024, 1105, 1086, 1046, 1111, 951, 1028, 934, 872, 1115, 1075, 1027, 1048, 1155, 1043, 1019, 1136, 1012, 980, 1169, 1201, 979, 995, 1117, 1184, 1021, 1049, 1125, 1073, 1014, 1133, 970, 966, 1112, 1037, 1032, 1237, 1092, 1040, 1119, 1062, 1162, 1032, 1115, 1056, 1136, 1055, 1158, 1091, 1030, 1130, 945, 1180, 1196, 973, 1018, 1217, 982, 944, 1157, 942, 1153, 1194, 1107, 1084, 1029, 1160, 1104, 941, 946, 1288, 1113, 1110, 992, 1247, 1007, 945, 878, 957, 1199, 1123, 1134, 942, 935, 925, 1118, 1047, 850, 857, 993, 1001, 1035, 1088, 1024, 1058, 1045, 1107, 1015, 1075, 1015, 1130, 1170, 1028, 1089, 983, 1041, 1129, 1114, 926, 1185, 945, 1152, 1097, 1164, 1106, 1028, 1201, 979, 1158, 1270, 1032, 1186, 977, 1011, 1108, 1021, 1007, 1064, 1065, 1045, 1090, 930, 1133, 1255, 1050, 1137, 1158, 1143, 1047, 992, 1206, 1144, 1135, 915, 1048, 1024, 1003, 1145, 1060, 1070, 935, 1042, 1172, 1218, 952, 1031, 1119, 1026, 1008, 1083, 953, 958, 991, 966, 1045, 1033, 1015, 1039, 1066, 923, 936, 1018, 1102, 1070, 1053, 1062, 1131, 1089, 1103, 1016, 1106, 1024, 1054, 981, 1076, 1141, 1061, 1120, 1097, 973, 1121, 974, 1015, 1109, 1006, 1136, 1128, 1133, 1099, 980, 1088, 927, 1093, 989, 986, 1070, 1256, 1201, 1159, 1004, 1002, 1070, 1233, 1081, 1106, 1090, 1029, 1001, 1242, 1284, 1058, 1016, 1146, 1064, 1175, 1130, 1143, 932, 1081, 1049, 1056, 1126, 1193, 974, 1023, 1001, 1042, 1035, 1072, 1132, 1092, 964, 888, 1000, 906, 997, 1258, 999, 1007, 1101, 1030, 1218, 1084, 1122, 1162, 1020, 1107, 1210, 1094, 1015, 1008, 1176, 1055, 1022, 1098, 1212, 1147, 1037, 1040, 946, 1161, 1033, 1101, 929, 934, 985, 1068, 1025, 1041, 1122, 971, 1199, 1000, 1024, 1301, 1154, 1060, 994, 978, 918, 956, 1027, 1150, 1029, 1018, 1046, 995, 1151, 1068, 1057, 1024, 1034, 1047, 1089, 987, 1158, 851, 1013, 959, 1134, 1049, 1006, 1044, 1097, 1099, 1008, 1184, 1022, 979, 1087, 1070, 1105, 1103, 944, 1044, 892, 1027, 971, 1035, 1035, 1084, 1223, 942, 1077, 1006, 1039, 1070, 969, 920, 1166, 1114, 980, 1072, 1099, 925, 1091, 1024, 997, 1182, 1011, 1078, 1104, 1033, 1129, 1168, 1062, 1119, 1032, 1004, 1142, 1025, 890, 1219, 1093, 1071, 1074, 1160, 1139, 1002, 985, 1161, 1157, 1087, 1051, 1258, 1052, 1047, 1050, 1225, 1146, 1043, 967, 1155, 940, 1046, 961, 1181, 1091, 1091, 1080, 1135, 1077, 1054, 995, 1182, 1038, 1025, 1100, 999, 1024, 1022, 935, 1072, 961, 1085, 1067, 1081, 940, 1078, 1194, 1033, 1125, 1179, 1068, 1185, 1061, 1120, 1166, 1052, 1077, 919, 961, 1231, 952, 1192, 1047, 1101, 1056, 1169, 954, 986, 1156, 1080, 1026, 1048, 1233, 996, 1209, 981, 1070, 989, 1106, 1177, 945, 962, 1044, 1148, 1133, 1143, 885, 1103, 1138, 1118, 1002, 1084, 1044, 907, 1093, 1088, 1106, 1034, 1046, 1100, 1165, 1080, 1291, 1092, 1181, 849, 1059, 1099, 1016, 1009, 1099, 993, 1042, 976, 949, 1065, 1209, 1029, 1061, 938, 1027, 970, 1071, 1085, 1064, 872, 1224, 1031, 1060, 1148, 976, 1089, 1019, 1045, 1047, 887, 1217, 1107, 1097, 1140, 1254, 972, 960, 948, 1099, 1111, 1187, 1132, 1051, 1216, 970, 1086, 1043, 1021, 965, 1125, 1217, 978, 929, 1157, 984, 1158, 1117, 1053, 1186, 1116, 891, 1021, 1079, 1091, 980, 968, 1070, 1155, 1116, 1017, 974, 1096, 976, 1086, 1039, 963, 1048, 871, 1037, 1074, 1072, 1095, 1198, 930, 970, 1225, 1083, 1032, 1050, 938, 1119, 1046, 1039, 1126, 1165, 1197, 1041, 1033, 998, 1069, 1054, 1078, 1299, 1049, 915, 982, 1127, 991, 975, 1046, 1030, 1010, 1074, 1021, 1147, 1153, 1132, 990, 1085, 1020, 937, 980, 1091, 1090, 1147, 1021, 1082, 1010, 1119, 1046, 1053, 973, 1104, 1050, 1198, 1131, 1180, 945, 1227, 1314, 946, 1091, 1002, 1223, 1124, 978, 1085, 918, 1008, 1162, 945, 1223, 1096, 1028, 1166, 1157, 1026, 1125, 1225, 1121, 1055, 1187, 1210, 1213, 1035, 939, 969, 1054, 1016, 1025, 1112, 986, 1137, 1061, 924, 950, 990, 985, 1012, 1105, 1108, 1043, 1177, 982, 952, 962, 956, 1009, 1126, 1177, 994, 1107, 1121, 1000, 1045, 974, 905, 966, 1089, 1007, 1048, 1014, 1182, 943, 1115, 930, 951, 906, 890, 976, 1055, 1040, 1271, 921, 1169, 1072, 1049, 1259, 1078, 1159, 1098, 1032, 999, 1041, 978, 949, 1048, 1161, 1044, 1075, 1128, 910, 1069, 1137, 1183, 977, 1274, 1154, 1180, 1097, 1175, 952, 1092, 931, 1018, 1236, 1215, 1095, 986, 1053, 1067, 1047, 975, 1048, 1005, 1009, 1130, 1071, 1115, 999, 996, 1086, 1056, 1113, 1009, 1141, 1039, 913, 1120, 943, 1312, 1077, 958, 985, 1289, 1188, 927, 1104, 1050, 1191, 1026, 1183, 1017, 970, 1017, 969, 1281, 1131, 1085, 937, 1003, 971, 925, 1126, 1119, 1041, 1139, 1124, 1159, 1379, 980, 1111, 1125, 1146, 1001, 968, 1041, 1101, 1045, 1119, 1220, 959, 1012, 967, 1143, 970, 1072, 1139, 1105, 991, 998, 1029, 1137, 967, 1221, 1145, 1042, 995, 970, 1015, 1012, 889, 1163, 1197, 834, 904, 1249, 1174, 1124, 1120, 1186, 1150, 1063, 1018, 1085, 1120, 1193, 1094, 973, 1059, 1058, 977, 1010, 1084, 921, 1087, 1168, 1310, 1109, 1065, 926, 1105, 1003, 1094, 1224, 1055, 1183, 939, 950, 1078, 927, 1151, 923, 1055, 980, 1025, 1204, 965, 928, 881, 1040, 1212, 1120, 1028, 1197, 1176, 1202, 1129, 942, 1244, 990, 1065, 1111, 1053, 830, 1057, 1244, 847, 1039, 981, 1098, 1103, 1016, 1029, 1078, 916, 941, 1130, 1235, 995, 1093, 1072, 1059, 1035, 1132, 995, 1210, 899, 1215, 1159, 1017, 1125, 1066, 1133, 1011, 1143, 1145, 1190, 1087, 1035, 1123, 983, 989, 1102, 1117, 1028, 998, 1075, 978, 1069, 1053, 1241, 1078, 1134, 1082, 988, 1176, 983, 955, 1010, 1026, 1044, 1133, 1109, 1026, 1026, 1068, 1129, 1091, 989, 1055, 1037, 1064, 1071, 1064, 1150, 1020, 1074, 1123, 1037, 1127, 1129, 1112, 1045, 928, 1149, 1071, 1141, 1122, 1016, 967, 1170, 1075, 1027, 1016, 997, 1030, 958, 1006, 1176, 1090, 1108, 1138, 1256, 1191, 1126, 1137, 968, 1017, 1123, 1028, 1101, 1090, 1016, 1145, 1156, 961, 1008, 1161, 1056, 1105, 1182, 1081, 890, 1155, 1138, 936, 970, 1057, 932, 1140, 1133, 1070, 1123, 993, 850, 1082, 1154, 1057, 1018, 975, 1132, 1030, 1180, 979, 1026, 915, 1065, 1226, 1033, 1110, 1076, 1112, 1073, 1036, 952, 999, 1189, 1162, 1091, 897, 988, 1117, 1007, 1076, 1073, 1087, 1055, 1200, 1080, 1069, 1014, 1045, 1071, 1170, 983, 1094, 1275, 1073, 981, 1029, 1164, 1093, 1006, 1118, 1161, 1114, 860, 1175, 1003, 1110, 1077, 915, 1054, 1014, 1026, 1083, 1141, 1069, 1156, 1122, 1127, 1040, 1081, 1045, 1058, 1151, 1103, 962, 1170, 949, 1116, 1035, 1011, 1070, 1001, 1302, 1003, 1143, 973, 1027, 1108, 1142, 1153, 1191, 1077, 1201, 1113, 1053, 1173, 992, 929, 1021, 1104, 906, 1224, 1003, 1088, 1050, 1064, 1044, 1010, 1210, 1105, 1148, 1057, 1136, 1019, 1048, 1076, 1054, 977, 1172, 1033, 1038, 1059, 1009, 1060, 1055, 1049, 904, 894, 1002, 1064, 1130, 1183, 1051, 1087, 1144, 945, 1001, 1184, 1091, 1200, 1245, 1069, 1217, 1154, 1081, 1079, 1054, 1126, 1097, 1105, 1079, 1056, 969, 1051, 1097, 1124, 1180, 1013, 1107, 1062, 1098, 958, 1018, 1009, 1087, 1069, 1121, 888, 983, 1095, 1071, 1228, 1085, 1049, 1121, 1051, 1012, 1156, 1115, 1045, 980, 963, 1089, 1170, 1076, 1091, 1220, 1020, 1140, 1134, 952, 1165, 933, 938, 1039, 933, 966, 1209, 1064, 942, 996, 973, 1104, 938, 1196, 1068, 906, 1263, 1003, 1042, 1093, 998, 916, 979, 1114, 1129, 975, 1162, 901, 1100, 1092, 1135, 1108, 990, 1203, 1035, 1136, 1043, 1019, 1042, 1031, 1118, 1095, 1105, 1120, 1039, 1092, 984, 965, 1093, 1088, 863, 1093, 1109, 1035, 1217, 1149, 1028, 1064, 1141, 1043, 1227, 978, 957, 1160, 939, 1185, 1088, 993, 1003, 903, 976, 1211, 1162, 1026, 916, 1094, 949, 999, 1258, 1062, 987, 1042, 1063, 1055, 1188, 1129, 1043, 1221, 1356, 1270, 999, 1029, 938, 1066, 1129, 982, 1117, 1081, 1168, 950, 1069, 1105, 1138, 946, 1136, 1128, 1152, 931, 1175, 1001, 1113, 1017, 830, 1049, 941, 997, 1110, 984, 1129, 1110, 1102, 972, 1145, 1158, 1039, 1267, 1030, 900, 872, 982, 1177, 1104, 981, 1199, 1053, 1042, 1072, 1239, 1017, 1032, 1054, 1153, 1166, 1107, 1041, 925, 1138, 1146, 1047, 1143, 956, 1123, 1191, 1183, 957, 1043, 1137, 1165, 1253, 1045, 1094, 982, 1188, 1101, 1268, 1026, 1057, 1078, 1054, 1169, 1160, 1069, 1244, 1106, 1290, 1049, 1100, 1202, 1042, 1160, 948, 1169, 1059, 969, 1081, 1150, 1094, 1086, 1126, 994, 1050, 1106, 990, 1027, 1112, 932, 1074, 1110, 1122, 885, 1123, 1002, 1165, 1087, 1001, 968, 1055, 1274, 1073, 1035, 1060, 1007, 1166, 1074, 981, 1227, 973, 1157, 1010, 1108, 979, 1114, 1069, 1134, 1198, 1004, 1089, 1128, 1050, 1133, 1068, 1013, 1048, 1145, 1275, 1081, 943, 1180, 1135, 1171, 1061, 1208, 940, 996, 1129, 1127, 1008, 1155, 1083, 981, 1088, 1089, 990, 1093, 1176, 1191, 1110, 990, 1249, 1168, 1213, 1060, 1153, 989, 1125, 964, 1095, 970, 1070, 994, 978, 1073, 1108, 967, 1156, 1090, 1122, 1049, 1131, 1006, 1002, 924, 1125, 907, 956, 1148, 1038, 999, 918, 1140, 906, 1141, 984, 1146, 936, 1073, 1275, 937, 1102, 1266, 1171, 1160, 1125, 996, 1232, 1135, 1013, 1024, 1075, 1146, 1076, 973, 1013, 1052, 1167, 1001, 947, 970, 1091, 1243, 1008, 1060, 1153, 1009, 1075, 1146, 980, 1013, 1220, 956, 1095, 1088, 1047, 1220, 1127, 1061, 1051, 944, 1072, 984, 1042, 1077, 1004, 1122, 1009, 1118, 1154, 1041, 1079, 1113, 1108, 1161, 1150, 1080, 1229, 1049, 1008, 1074, 978, 1072, 1058, 1022, 1225, 1121, 1141, 951, 1164, 1195, 1035, 1033, 1076, 953, 1092, 958, 1125, 1090, 972, 1134, 1156, 952, 1021, 874, 1019, 1082, 1106, 1078, 1120, 1148, 1134, 1066, 1098, 1079, 1043, 1122, 1037, 1135, 977, 1019, 997, 940, 986, 1165, 1020, 1152, 1088, 1315, 1064, 1013, 1028, 1060, 1144, 1009, 1100, 1091, 928, 1166, 1202, 1127, 1140, 1106, 1069, 1019, 1030, 947, 1042, 1062, 908, 1001, 1003, 871, 1104, 1106, 1063, 1166, 1108, 1031, 1034, 1079, 1069, 1176, 1134, 1050, 1163, 1054, 1012, 1214, 1227, 1218, 982, 1029, 927, 1237, 1146, 1069, 1089, 1024, 1156, 1126, 1033, 1219, 1331, 1064, 1063, 1038, 1174, 986, 1028, 1108, 1204, 996, 894, 966, 968, 1157, 1141, 1055, 1055, 1014, 1089, 1214, 1243, 1115, 1057, 1096, 1086, 1015, 1061, 1208, 1001, 1231, 1102, 1195, 1122, 954, 1261, 1170, 1267, 1088, 1230, 1114, 1011, 1079, 1113, 963, 1151, 1121, 1044, 1009, 977, 894, 1249, 1054, 1067, 1138, 972, 1225, 987, 1018, 1092, 1089, 1033, 951, 1129, 1078, 1004, 1117, 932, 1128, 1004, 959, 1145, 1076, 1017, 1149, 1016, 1100, 1048, 1094, 1209, 1065, 1106, 1081, 1147, 1062, 1025, 921, 1049, 1001, 1027, 1078, 1102, 1051, 997, 998, 952, 1155, 1091, 1092, 1167, 1107, 917, 1193, 1087, 993, 1116, 995, 1200, 1154, 1302, 1020, 1119, 988, 1106, 1143, 1047, 1108, 1111, 1025, 894, 1103, 909, 1125, 1026, 1013, 1088, 1173, 1047, 1156, 883, 992, 1073, 957, 1158, 1030, 1072, 1247, 1126, 1105, 930, 1174, 1169, 1059, 996, 937, 1053, 1058, 1142, 1143, 951, 1127, 1024, 945, 1068, 1074, 976, 1199, 1032, 1100, 1163, 1158, 1037, 1221, 1062, 1066, 953, 1141, 1171, 1111, 943, 1167, 1073, 1028, 944, 991, 982, 1143, 1176, 1148, 859, 1087, 979, 1063, 1174, 1048, 1115, 1048, 1277, 1033, 1135, 1033, 1035, 1094, 1033, 1103, 1106, 1075, 1183, 1026, 1051, 1016, 1000, 1304, 875, 1062, 916, 1172, 1247, 1261, 1175, 1227, 1025, 1079, 1029, 1066, 928, 1133, 1188, 1246, 1180, 1096, 1169, 1120, 1132, 906, 1010, 1057, 1010, 996, 974, 1094, 1177, 1141, 1114, 1150, 1248, 1026, 1114, 1099, 1007, 994, 934, 1109, 1104, 1028, 1134, 1146, 996, 909, 1142, 1063, 1274, 1280, 1064, 1087, 956, 936, 1196, 1164, 1137, 1055, 1107, 1010, 1210, 938, 935, 962, 970, 1164, 1180, 1041, 1016, 1097, 1056, 1002, 1248, 1084, 1167, 1012, 1164, 1192, 1218, 1239, 1162, 1028, 1057, 1230, 800, 950, 1032, 1080, 1118, 1213, 1040, 1204, 1184, 1080, 947, 1067, 1256, 1176, 1113, 1075, 1191, 1142, 1130, 1096, 1091, 930, 1117, 1055, 1051, 1008, 987, 948, 1136, 1025, 1260, 1103, 1008, 1050, 982, 1054, 1021, 820, 1109, 1094, 1236, 1046, 1029, 1048, 1138, 904, 969, 1061, 972, 1081, 1023, 1177, 1195, 1025, 1060, 1012, 1182, 1079, 935, 1101, 1169, 1162, 1236, 1003, 972, 1109, 1130, 823, 1239, 902, 996, 1192, 1075, 957, 1168, 1130, 942, 1043, 1150, 1089, 873, 1119, 1072, 1011, 1024, 1116, 1013, 899, 1039, 1080, 1120, 1002, 1300, 1049, 1113, 1035, 1153, 1067, 959, 1046, 1128, 1031, 1019, 958, 1173, 1006, 1041, 1128, 1041, 1115, 1130, 1085, 1027, 1054, 1154, 1222, 973, 1098, 1116, 966, 1090, 1196, 1188, 1022, 1034, 1056, 1024, 1154, 1005, 1166, 1192, 1093, 1089, 1055, 898, 1019, 935, 963, 1036, 1136, 1022, 1204, 1192, 1000, 1186, 1156, 1064, 997, 1020, 1217, 1104, 1094, 1104, 1096, 1112, 1082, 1127, 1219, 917, 991, 1094, 1039, 949, 1160, 1198, 1002, 1285, 1079, 1102, 1042, 1047, 1197, 990, 1052, 1121, 1051, 1039, 1263, 1174, 1127, 1119, 1018, 985, 1025, 1233, 984, 1071, 1188, 1072, 890, 980, 1085, 975, 941, 1183, 894, 1224, 1044, 1142, 1166, 1105, 1167, 1207, 977, 1082, 1058, 1095, 1039, 1004, 1046, 1183, 1059, 1188, 1093, 1227, 1129, 1045, 1103, 1091, 1180, 1034, 1102, 1181, 1126, 1013, 1230, 1177, 1072, 974, 1009, 990, 1014, 1138, 870, 1033, 1096, 974, 1155, 1048, 1251, 1142, 998, 1021, 1203, 1106, 990, 1172, 1153, 1148, 1023, 941, 1053, 1008, 1002, 1036, 948, 1195, 1079, 1068, 1065, 1010, 1041, 1049, 1202, 1025, 1102, 1227, 973, 1054, 1138, 1064, 1080, 1104, 1232, 1092, 1246, 1090, 986, 1204, 1247, 1026, 1056, 1025, 1056, 1068, 1014, 1083, 1082, 971, 999, 1069, 1034, 1094, 1172, 1200, 971, 1057, 1234, 1133, 962, 1067, 1127, 1266, 965, 912, 1047, 1096, 1150, 1126, 1066, 1172, 1174, 1077, 862, 1213, 980, 1068, 994, 993, 1090, 1101, 960, 999, 1132, 985, 1244, 1078, 1064, 955, 1067, 1119, 1143, 1149, 983, 1011, 1006, 1133, 1198, 1151, 1174, 1087, 1027, 1064, 1279, 1209, 1014, 963, 1258, 1112, 1028, 1179, 907, 1078, 994, 1191, 1085, 932, 1075, 1104, 1071, 1148, 969, 1250, 1230, 1029, 1103, 1304, 1072, 1053, 1140, 1117, 952, 1100, 992, 1025, 1026, 967, 1129, 934, 1084, 1057, 1045, 1091, 1036, 1176, 1102, 1234, 1117, 970, 1075, 1112, 960, 1067, 956, 1119, 1097, 1163, 1219, 1102, 1010, 1022, 1160, 1088, 1063, 1022, 1043, 970, 898, 1174, 943, 1174, 1131, 1043, 1088, 1096, 1266, 1062, 1006, 1110, 1136, 1042, 892, 1070, 1112, 1043, 1201, 1176, 1019, 1213, 1120, 990, 1262, 921, 1257, 1005, 1121, 1152, 1008, 1182, 922, 1024, 1020, 899, 774, 1064, 1001, 1104, 1052, 1026, 1105, 1086, 1102, 1131, 1089, 980, 1120, 1217, 932, 1111, 1001, 1072, 1095, 1237, 1081, 1042, 1165, 1072, 1069, 953, 1080, 895, 1139, 1032, 1193, 1104, 1121, 1274, 961, 1107, 1195, 1097, 1037, 1057, 1046, 1102, 1038, 1121, 1055, 1255, 1171, 1217, 1123, 1189, 1069, 1089, 1022, 1005, 981, 1170, 1026, 976, 1011, 1066, 1051, 1108, 915, 975, 1141, 1112, 1006, 953, 1119, 1167, 1035, 1020, 1071, 979, 1027, 1059, 983, 1032, 1070, 986, 1226, 1019, 959, 1018, 1131, 1229, 1087, 1154, 1078, 1045, 1098, 1090, 1260, 1088, 1068, 841, 1061, 1154, 1084, 1050, 1083, 1107, 1178, 1160, 1049, 1151, 1123, 983, 1025, 1031, 1131, 1030, 1001, 1154, 984, 1014, 1019, 1016, 1019, 1117, 1134, 892, 1047, 1089, 969, 1101, 1359, 1063, 1216, 1036, 997, 1092, 1126, 1221, 1020, 1018, 1088, 930, 999, 990, 996, 987, 994, 1039, 790, 1178, 1038, 1208, 1080, 1182, 1011, 1230, 1017, 1060, 1063, 911, 1135, 1212, 951, 1153, 877, 920, 1170, 1058, 1114, 1081, 1095, 993, 1159, 895, 1087, 1054, 1064, 1026, 1157, 1057, 1094, 1237, 841, 1000, 1034, 967, 1044, 1077, 1006, 995, 978, 986, 1086, 1080, 1011, 1014, 1006, 1115, 1204, 1168, 1104, 1090, 1083, 1064, 1167, 1123, 1100, 1125, 1132, 1011, 977, 1076, 1180, 1257, 1006, 1069, 954, 1144, 1110, 1046, 1086, 1201, 1245, 1001, 987, 1059, 1078, 1015, 1058, 1053, 1138, 924, 1042, 1133, 1181, 1070, 1108, 1068, 1076, 989, 1220, 1109, 1179, 1046, 1168, 1241, 1054, 1013, 1170, 1076, 985, 857, 1188, 919, 1102, 1198, 1178, 1183, 1099, 905, 1241, 1201, 1124, 955, 1141, 1121, 1402, 1158, 1081, 986, 1083, 1069, 1122, 1067, 1075, 962, 1200, 1065, 1263, 1210, 1018, 923, 1005, 914, 1016, 979, 1041, 1157, 1110, 1038, 1021, 1151, 1162, 1041, 1075, 1141, 1196, 1207, 1040, 1080, 1043, 1031, 1088, 862, 1082, 1111, 1005, 1024, 958, 1099, 1053, 1184, 1113, 1009, 1069, 948, 1047, 1068, 1020, 944, 994, 1205, 935, 1018, 923, 1028, 1064, 990, 1165, 1159, 1160, 1073, 1158, 966, 1145, 1069, 1047, 1074, 1015, 1081, 1024, 1136, 990, 1056, 1177, 1123, 984, 975, 1251, 877, 1220, 1056, 1027, 1168, 1150, 1144, 928, 910, 917, 1091, 1184, 1165, 921, 1010, 1050, 985, 1058, 1086, 1100, 972, 1142, 1112, 968, 1077, 974, 1318, 965, 1153, 1036, 1160, 991, 1058, 1068, 1158, 949, 1023, 1127, 1127, 1060, 901, 1110, 1150, 1109, 1107, 1114, 1152, 1126, 867, 1136, 1119, 1222, 1089, 1038, 932, 987, 948, 1049, 1138, 931, 1087, 1141, 1089, 1065, 1041, 1088, 1072, 967, 1044, 1192, 1149, 1130, 1145, 1026, 971, 1095, 983, 1044, 1055, 1214, 981, 1052, 1211, 1152, 1035, 1170, 957, 1102, 1007, 1020, 1080, 896, 1050, 1182, 1061, 994, 1027, 1138, 1151, 1270, 1017, 924, 1137, 1037, 1128, 1064, 1077, 1161, 1168, 1007, 1022, 1055, 1035, 1152, 981, 1085, 1151, 967, 951, 1051, 1224, 1105, 967, 962, 1014, 946, 1002, 924, 1063, 1038, 1010, 971, 1149, 1081, 1239, 1114, 1195, 1075, 1159, 920, 1211, 1177, 1152, 1163, 1048, 1000, 1083, 997, 1005, 1139, 1083, 1227, 1282, 1006, 1010, 1086, 1122, 944, 1082, 1257, 1122, 1100, 1186, 1056, 957, 1103, 914, 1021, 1066, 1098, 1088, 1193, 1083, 1077, 1165, 1200, 1280, 860, 1091, 1034, 1046, 1082, 999, 1200, 1036, 1052, 937, 1169, 1128, 1095, 1038, 873, 941, 1188, 962, 1108, 1048, 1165, 1022, 1059, 1056, 1062, 1038, 1079, 1208, 1015, 1042, 1048, 1028, 1070, 1080, 1068, 1162, 1011, 1134, 1020, 881, 1049, 1049, 1090, 992, 894, 1108, 983, 1068, 1073, 1137, 983, 1244, 982, 1036, 1057, 1218, 1005, 1085, 1173, 1090, 1088, 1093, 1168, 1205, 1033, 1107, 1099, 1149, 1048, 1085, 994, 1121, 1128, 1217, 1249, 1190, 1045, 1120, 1118, 1230, 1210, 1168, 1092, 1000, 1029, 1056, 1030, 1047, 1152, 1170, 1035, 926, 1064, 1029, 1297, 1006, 1074, 1121, 953, 993, 1135, 1105, 1187, 1025, 1086, 1097, 1142, 990, 1095, 1051, 1013, 1058, 1165, 917, 1019, 925, 1125, 1041, 1063, 957, 1147, 1104, 1041, 925, 1094, 1220, 1153, 1109, 1033, 1048, 1105, 1003, 1142, 1131, 995, 1066, 1171, 1042, 1112, 1021, 1119, 1020, 1039, 1261, 1025, 1001, 945, 1070, 1128, 1070, 1002, 1112, 1134, 969, 1104, 1152, 1019, 1117, 878, 1009, 1083, 1169, 1106, 1190, 1163, 963, 1014, 998, 1003, 1200, 1169, 1239, 1120, 1007, 1185, 1156, 1177, 1023, 1077, 1073, 914, 1066, 1180, 1096, 1108, 1032, 1217, 1097, 1047, 1139, 1087, 1042, 1178, 1083, 1098, 1301, 1082, 1021, 1040, 985, 1026, 1001, 1065, 1075, 1087, 903, 1094, 998, 1178, 963, 992, 986, 988, 904, 988, 1150, 1032, 1064, 1026, 1031, 1126, 1190, 1145, 1073, 1122, 1067, 1183, 935, 1105, 1152, 910, 1050, 1115, 1103, 1203, 1099, 1048, 1143, 1067, 1061, 1142, 1164, 1072, 1104, 1096, 1004, 1002, 1084, 1091, 1030, 1086, 1043, 1001, 1047, 1133, 1127, 1104, 1155, 912, 1103, 973, 1032, 1070, 1073, 1082, 1107, 1056, 1153, 999, 880, 1052, 1015, 1034, 1026, 949, 1062, 1075, 1100, 999, 1073, 1014, 1183, 1115, 918, 867, 1046, 979, 1033, 945, 1025, 1045, 1082, 1088, 909, 1106, 1019, 1053, 1012, 1111, 1123, 1011, 1053, 1143, 1064, 1061, 1071, 1151, 1159, 1061, 1065, 1191, 979, 1126, 1086, 1152, 961, 1213, 1047, 1138, 1068, 1335, 1177, 999, 1027, 1045, 1012, 1068, 1149, 994, 1223, 1135, 1068, 934, 1067, 1107, 1087, 942, 971, 1187, 1046, 1112, 1056, 1001, 1214, 1356, 1044, 1097, 1093, 1133, 1072, 1251, 872, 1110, 1142, 1063, 1125, 1149, 1183, 988, 985, 1152, 1031, 1006, 957, 1196, 1251, 1065, 1096, 961, 1085, 1027, 1079, 1076, 1015, 1023, 1079, 1082, 924, 1040, 1009, 831, 1081, 1211, 981, 1072, 969, 1016, 1139, 1090, 1075, 994, 1119, 1094, 1086, 1110, 1135, 1007, 1071, 995, 887, 1021, 1190, 921, 1180, 1168, 1077, 1132, 964, 1020, 1010, 1092, 1040, 1063, 1076, 990, 1138, 987, 1113, 1060, 1050, 997, 1018, 1154, 1074, 1051, 1180, 983, 1027, 1067, 1153, 1253, 911, 1069, 946, 965, 1077, 1044, 1027, 967, 1108, 1092, 1073, 1092, 986, 956, 959, 1128, 1027, 864, 1122, 1087, 1127, 1089, 1108, 1168, 1126, 1039, 1049, 1162, 1028, 957, 1129, 1021, 1063, 1012, 918, 1166, 1088, 1050, 1038, 1223, 1135, 904, 1015, 1037, 1247, 1073, 1065, 1193, 1035, 1177, 1030, 1094, 1072, 1023, 1116, 1019, 1055, 1102, 1036, 1080, 1090, 1132, 1110, 969, 1183, 1190, 1024, 1054, 1138, 1132, 1012, 1199, 1081, 1151, 1132, 1064, 1010, 1224, 936, 1101, 1065, 1070, 1031, 1054, 1269, 1008, 1033, 1200, 1153, 1074, 1028, 1158, 1073, 1071, 1146, 978, 994, 1140, 1084, 1173, 934, 1021, 1077, 1025, 957, 1234, 1035, 984, 1197, 1294, 1195, 1036, 974, 1025, 1126, 998, 1082, 976, 1059, 1039, 960, 1121, 1096, 1125, 1180, 1033, 1098, 1141, 1044, 837, 1069, 1178, 1125, 1103, 1277, 1076, 1194, 978, 1109, 975, 1137, 957, 1153, 1086, 1200, 985, 1076, 1092, 1132, 1183, 1165, 1088, 983, 1035, 1110, 981, 1070, 1194, 968, 897, 1067, 1126, 1029, 932, 1094, 1171, 1101, 1000, 1121, 1104, 1005, 1192, 987, 1063, 1082, 1091, 1065, 991, 1196, 1067, 1089, 887, 1185, 1098, 1057, 1070, 1051, 880, 1166, 1031, 1216, 1121, 1000, 999, 1068, 1117, 1004, 991, 1091, 872, 1062, 923, 1078, 1093, 1069, 975, 1135, 1293, 1071, 1116, 1230, 956, 1161, 1135, 1134, 1102, 974, 939, 1045, 1257, 1151, 1050, 1016, 1166, 978, 1117, 924, 943, 1139, 1065, 990, 1238, 1140, 1202, 1059, 969, 1068, 1009, 1039, 1073, 1120, 1033, 1151, 897, 1011, 1029, 1113, 1306, 1020, 948, 1110, 1077, 985, 1016, 1116, 1219, 1236, 1130, 890, 1062, 1087, 1275, 1087, 940, 1253, 1114, 1035, 1036, 974, 951, 1059, 1066, 1091, 1057, 1019, 1153, 1172, 966, 1168, 1082, 1108, 1065, 1051, 982, 1033, 1103, 1135, 936, 1096, 1006, 1123, 1205, 1179, 995, 1039, 959, 1056, 1097, 1166, 980, 985, 1096, 1136, 1144, 1180, 1152, 1128, 1105, 1068, 918, 1200, 1129, 1130, 981, 1060, 1152, 1102, 960, 1245, 1122, 1145, 1233, 1020, 841, 1025, 1037, 1108, 968, 1048, 998, 1069, 1059, 1096, 1187, 1090, 1066, 1170, 1089, 1064, 994, 1089, 1127, 1067, 1031, 1032, 1037, 1200, 1041, 1095, 978, 1218, 1113, 1020, 1035, 1085, 1107, 1182, 1030, 965, 1187, 1031, 1012, 1172, 1080, 1087, 1285, 1128, 1144, 1257, 1192, 1087, 1249, 993, 1084, 943, 1121, 1182, 1049, 1087, 1158, 1202, 1115, 1109, 877, 1088, 1009, 1027, 1036, 1093, 950, 1017, 930, 1008, 1087, 917, 1098, 957, 1079, 1020, 1117, 1004, 1049, 1086, 1135, 1011, 1129, 1106, 1018, 1135, 1076, 889, 937, 884, 1021, 1070, 996, 1154, 1139, 980, 1089, 1233, 1166, 1155, 1063, 1028, 953, 1121, 1063, 1083, 966, 1076, 1047, 1052, 1200, 1049, 1037, 1204, 1144, 1120, 1053, 1094, 993, 975, 990, 1034, 964, 1109, 1033, 1057, 1092, 959, 1147, 1128, 1165, 1029, 940, 1105, 964, 1336, 1089, 1005, 997, 974, 1077, 827, 1006, 1092, 999, 1014, 946, 1065, 1029, 995, 1201, 960, 1128, 1026, 985, 924, 944, 1137, 1068, 1150, 911, 1037, 1007, 1046, 1021, 1011, 998, 1154, 956, 1002, 1042, 911, 1102, 896, 1009, 1063, 1019, 1082, 1179, 1187, 1022, 1026, 1028, 1121, 987, 959, 1047, 970, 1136, 1023, 1139, 1106, 1131, 1176, 976, 1015, 880, 1129, 1060, 1146, 1009, 1021, 1066, 1034, 1012, 974, 1085, 1163, 1039, 979, 1151, 1118, 1067, 861, 1281, 938, 1168, 1272, 1053, 1102, 936, 1159, 1015, 1117, 1088, 1067, 1115, 1135, 1128, 895, 1013, 1072, 1035, 991, 995, 943, 1040, 1165, 1068, 1107, 1083, 1118, 872, 1008, 1248, 1060, 1020, 1036, 868, 1044, 1207, 1079, 1076, 856, 1036, 1132, 1183, 1245, 1121, 1001, 1067, 958, 1103, 1088, 982, 1006, 1034, 996, 1072, 1213, 1112, 979, 1074, 1108, 1086, 1061, 961, 1068, 1138, 1160, 1047, 1078, 1052, 926, 1043, 1087, 1020, 956, 1055, 1003, 992, 1169, 965, 1079, 912, 1220, 894, 979, 1145, 969, 1128, 1115, 1149, 1224, 973, 1013, 1148, 1051, 1004, 1063, 1200, 1236, 1182, 1003, 1065, 1160, 1026, 1069, 1002, 1115, 1049, 1063, 1086, 982, 973, 981, 1032, 1019, 1067, 1118, 1136, 1108, 1106, 1047, 1103, 952, 977, 1012, 1145, 1067, 906, 1058, 929, 941, 1160, 1005, 998, 1028, 1087, 1105, 964, 1185, 1008, 1098, 1030, 898, 1097, 931, 1021, 1113, 995, 1119, 1034, 1021, 933, 1175, 1166, 1091, 925, 1038, 1034, 969, 984, 1072, 997, 1118, 1027, 975, 961, 916, 1156, 1106, 993, 1077, 1042, 1092, 1015, 1098, 1013, 1039, 1091, 968, 1097, 1079, 1061, 1120, 1212, 1149, 1246, 1026, 953, 881, 1109, 1170, 1066, 1092, 1251, 990, 1163, 1069, 1008, 1156, 1160, 1049, 1179, 1061, 1147, 1211, 1048, 1032, 1125, 1162, 1120, 1150, 1171, 982, 1032, 1016, 915, 1081, 1056, 1000, 1010, 1007, 1139, 956, 1006, 868, 1091, 916, 997, 1126, 1142, 1177, 1038, 992, 977, 1142, 983, 1080, 959, 1143, 1049, 1221, 1088, 1083, 1033, 1012, 1183, 1003, 1056, 1105, 1077, 1119, 1161, 1074, 1068, 866, 991, 942, 1170, 1067, 999, 1100, 981, 1214, 999, 889, 1061, 1061, 1193, 1091, 1040, 1202, 1047, 1203, 930, 1023, 1047, 1110, 982, 1053, 1101, 1054, 1204, 1163, 1121, 1053, 1044, 1137, 942, 1095, 1104, 1066, 1168, 1039, 1088, 982, 826, 1105, 1155, 1153, 897, 1009, 1150, 1164, 1052, 1007, 1244, 992, 1030, 968, 1248, 1184, 1006, 975, 1143, 1059, 1098, 1225, 1031, 1230, 1047, 867, 1168, 1012, 1112, 1081, 1185, 1001, 1035, 829, 1174, 1215, 1076, 1104, 951, 1043, 1002, 1073, 1186, 1103, 1138, 1042, 1007, 1002, 986, 1186, 1141, 1110, 983, 1132, 1007, 1004, 979, 1096, 886, 1034, 1116, 1041, 982, 1236, 909, 1087, 1105, 983, 909, 1040, 1126, 1097, 1105, 1148, 1138, 997, 1053, 969, 1032, 1152, 1173, 995, 1043, 1022, 1266, 1133, 1106, 1218, 1163, 988, 1021, 1035, 965, 1086, 1018, 1089, 1152, 1088, 986, 1057, 1079, 1111, 1082, 1120, 1061, 1104, 969, 899, 889, 1116, 1019, 1051, 1158, 993, 898, 937, 1046, 1137, 1038, 1192, 1075, 1076, 1055, 1019, 1053, 1102, 988, 960, 1160, 1073, 1086, 1005, 1002, 1208, 1011, 978, 1054, 940, 950, 1203, 1034, 1117, 1059, 1053, 1175, 1112, 999, 1066, 1251, 1058, 1095, 1029, 984, 994, 1071, 1073, 1084, 1056, 967, 1080, 1041, 1008, 1165, 1114, 1027, 1000, 1142, 1096, 1135, 1037, 968, 981, 1171, 1130, 1056, 916, 1088, 1027, 1245, 1190, 1162, 1074, 1092, 1069, 977, 1123, 971, 1026, 1040, 1093, 1026, 960, 1040, 1033, 1154, 1117, 968, 986, 1209, 972, 1167, 1012, 1113, 1032, 822, 1144, 1074, 1006, 1022, 1111, 1060, 877, 911, 1000, 1230, 1079, 1039, 880, 1057, 1155, 1119, 982, 1079, 1146, 1217, 1011, 1110, 1027, 1059, 1025, 1051, 1107, 1143, 1106, 971, 1121, 1191, 1006, 927, 1302, 1035, 1084, 1160, 1044, 1022, 1026, 1156, 1014, 1085, 939, 1065, 1080, 1088, 965, 967, 1088, 1202, 1071, 885, 1092, 1016, 1034, 1011, 1024, 959, 1024, 1083, 1103, 1192, 1032, 1174, 919, 1003, 1133, 1095, 1126, 1171, 1041, 1237, 990, 1024, 1023, 1068, 998, 1243, 1153, 761, 1102, 1093]

[btf]
  Promedio : 1702.8s
  Desvío   : 126.4s
  IC 95%   : [1699.3s, 1706.3s]
  Mínimo   : 1205s
  Máximo   : 2160s
  Tiempos  : [1798, 1591, 1770, 1749, 1692, 1562, 1821, 1984, 1696, 1522, 1765, 1716, 1657, 1594, 1655, 1778, 1398, 1834, 1856, 1760, 1521, 1898, 1706, 1651, 1874, 1594, 1803, 1606, 1738, 1647, 1478, 1445, 1768, 1879, 1749, 1479, 1823, 1676, 1695, 1681, 1722, 1676, 1641, 1686, 2023, 1675, 1741, 1823, 1769, 1608, 2010, 1806, 1779, 1739, 1668, 1742, 1466, 1689, 1547, 1844, 1799, 1805, 1539, 1820, 1723, 1392, 1678, 1983, 1684, 1781, 1933, 1568, 1447, 1837, 1641, 1782, 1654, 1813, 1957, 1600, 1711, 1654, 1762, 1341, 1486, 1609, 1753, 1792, 1726, 1711, 1812, 1721, 1708, 1543, 1845, 1675, 1705, 1621, 1557, 1538, 1614, 1637, 1521, 1802, 1753, 1666, 1636, 1762, 1596, 1739, 1727, 1528, 1837, 1457, 1656, 1653, 1528, 1628, 1839, 1537, 1797, 1603, 1492, 1644, 1414, 1682, 1642, 1900, 1671, 1668, 1883, 1681, 1817, 1876, 1700, 1563, 1669, 1652, 1699, 2008, 1474, 1555, 1638, 1983, 1863, 1502, 1887, 1527, 1603, 1582, 1726, 1617, 1660, 1721, 1761, 1637, 1489, 1548, 1823, 1633, 1866, 1519, 1580, 1829, 1818, 1851, 1622, 1519, 1801, 1792, 1714, 1719, 1871, 1618, 1666, 1493, 1649, 1925, 1608, 1755, 1946, 1717, 1906, 1540, 1634, 1852, 1675, 1802, 1946, 1799, 1599, 1511, 1665, 1593, 1531, 1879, 1579, 1750, 1838, 1641, 1616, 1585, 1910, 1630, 1728, 1662, 1830, 1781, 1470, 1796, 1751, 1659, 1848, 1646, 1770, 1641, 1722, 1863, 1511, 2051, 1570, 1802, 1671, 1458, 1739, 1864, 1525, 1596, 1564, 1881, 1689, 1655, 1719, 1692, 1531, 1687, 1486, 1811, 1737, 1659, 1939, 1610, 1977, 1781, 1814, 1435, 1643, 1604, 1594, 1662, 1529, 1773, 1629, 1852, 2033, 2043, 1536, 1715, 1599, 1975, 1623, 1507, 1663, 1858, 1529, 1732, 1716, 1677, 1839, 1538, 1820, 1565, 1518, 1737, 1930, 1765, 1640, 1410, 1691, 1633, 1517, 1755, 1919, 2017, 1776, 1683, 1834, 1599, 1438, 1757, 1579, 1850, 1899, 1898, 1539, 1799, 1906, 1690, 1797, 1530, 1729, 1713, 1758, 1680, 1653, 1774, 1781, 1627, 1874, 1430, 1529, 1587, 1599, 1789, 1657, 1769, 1545, 1704, 1827, 1757, 1771, 1731, 1438, 1778, 1744, 1629, 1848, 1537, 1554, 1566, 1807, 1917, 1660, 1693, 1757, 1720, 1796, 1530, 1635, 1607, 1844, 1679, 1682, 1627, 1764, 1953, 1844, 1726, 1647, 1732, 1792, 1792, 1693, 1660, 1651, 1612, 1626, 1743, 1755, 1704, 1708, 1877, 1841, 1670, 1679, 1762, 1689, 1554, 1640, 1628, 1708, 1912, 1587, 1814, 1696, 1689, 1930, 1688, 1588, 1944, 1607, 1577, 1557, 1551, 1732, 1732, 1938, 1724, 1820, 1706, 1519, 1601, 1704, 1603, 1755, 1661, 1764, 1698, 1591, 1707, 1610, 1758, 1728, 1688, 1697, 1566, 1744, 1816, 1697, 1762, 1423, 1520, 1586, 1712, 1665, 1844, 1556, 1790, 1578, 1640, 1734, 1883, 1589, 1702, 1754, 1647, 1964, 1726, 1681, 1662, 1850, 1585, 1813, 1840, 1577, 1711, 1735, 1686, 1833, 1795, 1615, 1633, 1939, 1838, 2001, 1870, 1635, 1664, 2000, 1801, 1625, 1519, 1630, 1930, 1800, 1579, 1627, 1688, 1784, 1510, 1751, 1771, 1802, 1692, 1979, 1568, 1741, 1919, 1789, 1822, 1709, 1564, 1647, 1755, 1553, 1583, 1747, 1985, 1742, 1514, 1718, 1671, 1701, 1780, 1752, 1625, 1683, 1698, 1652, 1733, 1568, 1843, 1557, 1905, 1636, 1624, 1795, 1600, 1749, 1691, 1728, 1730, 1832, 1725, 1968, 1668, 1807, 1840, 1637, 1898, 1878, 1820, 1905, 1775, 1783, 1591, 1686, 1457, 1628, 1885, 1780, 1817, 1752, 1824, 1797, 1727, 1467, 1660, 1902, 1757, 1847, 1878, 1690, 1824, 1743, 1798, 1553, 1692, 1793, 1786, 1614, 1985, 1411, 1685, 1785, 1756, 1770, 1771, 1992, 1809, 1942, 1664, 1594, 1452, 1560, 1873, 1582, 1346, 1686, 1440, 1692, 1888, 1684, 1803, 1789, 1671, 1722, 1694, 1567, 1582, 1640, 1829, 1748, 1540, 1522, 1755, 1812, 1635, 1769, 1755, 1470, 1704, 1718, 1671, 1635, 1711, 1694, 1775, 1693, 1812, 1784, 1785, 1688, 1649, 1642, 1689, 1636, 1612, 1516, 1975, 1862, 1436, 1681, 1782, 1733, 1610, 1861, 1408, 1779, 1421, 1825, 1775, 1959, 1809, 1630, 1594, 1746, 1665, 1852, 1929, 1803, 1790, 1824, 1650, 1857, 1729, 1678, 1765, 1663, 1713, 1600, 1684, 1815, 1609, 1745, 1774, 1736, 1879, 1741, 1511, 1826, 1669, 1966, 2062, 1819, 1722, 1475, 1515, 1921, 1547, 1756, 1696, 1627, 1691, 1783, 1686, 1845, 1675, 1752, 1595, 1623, 1469, 1889, 1734, 1631, 1522, 1830, 1857, 1725, 1777, 1784, 1784, 1711, 1526, 1673, 1711, 1660, 1656, 1716, 1701, 1548, 1974, 1841, 1707, 1664, 1635, 1725, 1751, 1748, 1719, 1577, 1870, 1620, 1830, 1752, 1692, 1733, 1721, 1735, 1808, 1726, 1688, 1640, 1791, 1670, 1721, 1682, 1680, 1473, 1848, 1842, 1793, 1672, 1565, 1604, 1795, 1740, 1837, 1632, 1852, 1679, 1727, 1578, 1569, 1664, 1693, 2055, 1779, 1590, 1556, 1850, 1739, 1593, 1906, 1712, 1637, 1484, 1632, 1454, 1721, 1745, 1595, 1596, 1749, 1689, 1558, 1595, 1919, 1774, 1817, 1689, 1665, 1766, 1647, 1605, 1794, 1441, 1664, 1886, 1845, 1598, 1811, 1660, 1659, 1532, 1935, 1785, 1526, 1513, 1716, 1892, 1915, 1612, 1662, 1683, 1702, 1595, 1716, 1732, 1394, 1812, 1714, 1536, 1593, 1824, 1401, 1555, 1828, 1796, 1789, 1733, 1832, 1669, 1679, 1657, 1751, 1589, 1778, 1710, 1747, 1682, 1881, 1557, 1838, 1824, 1649, 1789, 1583, 1603, 1766, 1624, 1753, 1556, 1672, 1811, 1570, 1797, 1658, 1673, 1565, 1783, 1738, 1541, 1697, 1629, 1822, 1696, 1563, 1543, 1670, 1690, 1851, 1754, 1539, 1736, 1784, 1863, 1691, 1614, 1647, 1577, 1577, 1839, 1590, 1813, 1652, 1723, 1656, 1612, 1734, 1881, 1590, 1486, 1706, 1596, 1752, 1643, 1619, 1569, 1600, 1976, 1606, 1671, 1697, 1782, 1661, 1921, 1694, 1754, 1851, 1560, 1827, 1767, 1746, 1508, 1830, 1669, 1411, 1659, 1608, 1742, 1700, 1864, 1601, 1641, 1652, 1795, 1662, 1747, 1765, 1655, 1565, 1515, 1695, 1601, 1811, 1739, 1692, 1592, 1889, 1531, 1607, 1780, 1395, 1519, 1833, 1516, 1822, 1756, 1964, 1771, 1835, 1739, 1703, 1381, 1739, 1731, 1586, 1661, 1869, 1643, 1779, 1673, 1609, 1710, 1376, 1764, 1791, 1782, 1842, 1636, 1708, 1532, 1626, 1557, 1723, 1693, 1582, 1806, 1616, 1725, 1882, 1627, 1566, 1636, 1558, 1831, 1791, 1659, 1747, 1852, 1453, 1635, 1639, 1615, 1655, 1813, 1625, 1817, 1711, 1699, 1647, 1642, 1793, 1724, 1707, 1618, 1630, 1654, 1531, 1818, 1772, 1793, 1821, 1608, 1859, 1675, 1809, 1703, 1600, 1686, 1657, 1476, 1836, 1703, 1700, 1662, 1557, 1678, 1977, 1608, 1651, 1725, 1618, 1738, 1719, 1680, 1611, 1542, 1817, 1603, 1765, 1715, 1693, 1558, 1711, 1594, 1611, 1751, 1896, 1766, 1743, 1712, 1666, 1714, 1895, 1657, 1764, 1530, 1679, 1719, 1649, 1748, 1588, 1971, 1816, 1418, 1735, 1725, 1629, 1651, 1619, 1636, 1986, 1674, 1736, 1772, 1753, 1645, 1561, 1643, 1726, 1492, 1682, 1671, 1750, 1657, 1666, 1811, 1557, 1669, 1610, 1600, 1513, 1525, 1609, 1527, 1817, 1614, 1726, 1690, 1661, 1679, 1733, 1811, 1525, 1628, 1829, 1434, 1967, 1769, 1471, 1675, 1642, 1709, 1675, 1423, 1721, 1611, 1873, 1616, 1914, 1915, 1772, 1665, 1691, 1834, 1592, 1713, 1871, 1600, 1789, 1664, 1633, 1776, 1758, 1724, 1798, 1637, 1695, 1619, 1703, 1648, 1628, 1509, 1583, 1488, 1790, 1933, 1810, 1805, 1578, 1678, 1932, 1725, 1802, 1542, 1662, 1700, 1633, 1676, 1602, 1748, 1777, 1651, 1673, 1752, 1652, 1862, 1443, 1673, 1574, 1897, 1724, 1769, 1713, 1690, 1764, 1673, 1695, 1678, 1839, 1616, 1829, 1851, 1730, 1771, 1774, 1702, 1483, 1594, 1651, 1517, 1810, 1699, 1555, 1664, 1726, 1519, 1631, 1821, 1772, 1582, 1946, 1708, 1674, 1822, 1766, 1700, 1635, 1521, 1842, 1731, 1730, 1722, 1753, 1782, 1623, 1528, 1692, 1843, 1683, 1874, 1567, 1597, 1848, 1554, 1642, 1908, 1904, 1843, 1626, 1627, 1719, 1853, 1702, 1851, 1676, 1765, 1861, 1645, 1685, 1980, 1597, 1695, 1505, 1860, 1780, 1769, 1709, 1655, 1786, 1594, 1744, 1815, 1650, 1645, 1828, 1666, 1615, 1593, 1779, 1571, 1804, 1861, 1853, 1687, 1832, 1773, 1767, 1748, 1535, 1668, 1739, 1657, 1765, 1689, 1681, 1878, 1544, 1764, 1713, 1940, 1643, 1739, 1550, 1712, 1877, 1776, 1788, 1748, 1847, 1674, 1690, 1982, 1585, 1723, 1580, 1624, 1978, 2020, 1905, 1740, 1488, 1809, 1705, 1657, 1624, 1730, 1807, 1587, 1518, 1905, 1570, 1673, 1641, 1593, 1548, 1787, 1551, 1652, 1658, 1373, 2010, 1757, 1665, 1698, 1658, 1818, 1773, 1714, 1694, 1470, 1595, 1650, 1710, 1733, 1840, 1947, 1826, 1662, 1580, 1856, 1705, 1414, 1803, 1662, 1812, 1679, 1808, 1683, 1747, 1843, 1608, 1730, 1874, 1723, 1914, 2023, 1567, 1600, 1609, 1600, 1699, 1614, 1652, 1510, 1687, 1741, 1550, 1569, 1537, 1786, 1552, 1561, 1691, 1643, 1730, 1523, 1615, 1634, 1858, 1700, 1798, 1786, 1808, 1841, 1778, 1579, 1688, 1737, 1733, 1632, 1606, 1647, 1468, 1722, 1838, 1788, 1806, 1609, 1795, 1549, 1699, 1572, 1919, 1575, 1671, 1827, 1618, 1708, 1653, 1661, 1604, 1575, 1748, 1590, 1842, 1694, 1609, 1620, 1718, 1712, 1722, 1666, 1731, 1741, 1697, 1646, 1660, 1690, 1866, 1572, 1784, 1666, 1723, 1674, 1572, 1520, 1736, 1640, 1576, 1695, 1623, 1680, 1635, 1583, 1627, 1933, 1648, 1817, 1700, 1857, 1877, 1537, 1937, 1653, 1612, 1657, 1864, 1784, 1692, 1771, 1458, 1727, 1779, 1745, 1809, 1714, 1965, 1966, 1823, 1895, 1711, 1700, 1673, 1750, 1644, 1692, 1641, 1810, 1816, 1898, 1665, 1790, 1817, 1681, 1791, 1734, 1517, 1717, 1585, 1754, 1748, 1745, 1719, 1644, 1466, 1846, 1769, 1458, 1847, 1732, 1590, 1683, 1374, 1601, 1787, 1583, 1494, 1751, 1707, 1543, 1768, 1491, 1631, 1822, 1902, 1798, 1928, 1726, 1768, 1663, 1824, 1807, 1702, 1801, 1814, 1445, 1719, 1897, 1616, 1669, 1822, 1482, 1755, 1870, 1761, 1378, 1923, 1718, 1855, 1638, 1720, 1867, 1715, 1628, 1623, 1845, 1677, 1727, 1748, 1973, 1750, 1780, 1427, 1631, 1511, 1892, 1842, 1563, 1733, 2004, 1525, 1723, 1739, 1531, 1638, 1699, 1540, 1636, 1898, 1755, 1777, 1524, 1673, 1717, 1456, 1486, 1897, 1917, 1753, 1579, 1437, 1670, 1937, 1759, 1763, 1823, 1746, 1714, 1681, 1550, 1832, 1659, 1710, 1791, 1704, 1562, 1609, 1731, 1507, 1602, 1742, 1752, 1631, 1719, 1763, 1786, 1797, 1639, 1499, 1884, 1782, 1662, 1613, 1904, 1680, 1619, 1570, 1770, 1764, 1579, 1829, 1802, 1947, 1714, 1543, 1586, 1527, 1710, 1687, 1701, 1733, 1665, 1954, 1535, 1717, 2030, 1604, 1857, 1631, 1911, 1639, 1364, 1963, 1756, 1803, 1718, 1572, 1789, 1805, 1743, 1546, 1448, 1578, 1677, 1613, 1786, 1763, 1580, 1830, 1887, 1789, 1742, 1930, 1879, 1946, 1833, 1596, 1815, 1655, 1815, 1752, 1788, 1701, 1608, 1656, 1656, 1734, 1888, 1723, 1487, 1735, 1860, 1787, 1758, 1753, 1820, 1558, 1657, 1605, 1597, 1804, 1821, 1574, 1694, 1721, 1723, 1902, 1891, 1717, 1752, 1589, 1590, 1641, 1645, 1796, 1843, 1749, 1783, 1732, 1759, 1878, 1669, 1498, 1614, 1592, 1618, 1751, 1583, 1723, 1759, 1753, 1450, 1684, 1703, 1771, 1753, 1622, 1775, 1780, 1862, 1718, 1687, 1740, 1612, 1699, 1756, 1827, 1901, 1775, 1622, 1689, 1561, 1878, 1781, 1680, 1576, 1733, 1462, 1881, 1674, 1895, 1774, 1684, 1901, 1896, 1993, 1796, 1795, 1625, 1516, 1759, 1793, 1835, 1857, 1756, 1816, 1831, 1745, 1730, 1897, 1616, 1827, 1714, 1689, 1767, 1626, 1712, 1891, 1679, 1634, 1843, 1491, 1671, 1609, 1784, 1834, 1688, 1727, 1676, 1736, 1580, 1616, 1521, 1574, 1680, 1761, 1633, 1660, 1582, 1775, 1542, 1627, 1556, 1694, 1613, 1568, 1610, 1749, 1626, 1602, 1782, 1721, 1700, 1690, 1631, 1946, 1686, 2002, 1745, 1730, 1717, 1742, 1416, 1846, 1708, 1818, 1600, 1635, 1910, 1605, 1536, 1620, 1659, 1660, 1879, 1595, 1544, 1796, 1653, 1657, 1789, 1706, 1471, 1623, 1596, 1710, 1653, 1967, 1754, 1719, 1657, 1583, 1612, 1679, 1780, 1756, 1636, 1667, 1760, 1605, 1750, 1594, 1882, 1623, 1571, 1462, 1716, 1536, 1938, 1691, 1654, 1759, 1764, 1854, 1567, 1651, 1761, 1627, 1778, 1672, 1771, 1610, 1809, 1740, 1832, 1878, 1931, 1660, 1994, 1719, 1650, 1767, 1578, 1671, 1782, 1658, 1693, 1463, 1735, 1756, 1743, 1742, 1702, 1649, 1884, 1481, 1576, 1872, 1615, 1780, 1689, 1865, 1750, 1655, 1619, 1478, 1776, 1519, 1682, 1518, 1597, 1667, 1637, 1749, 1605, 1667, 1664, 1652, 1777, 1622, 1786, 1610, 1794, 1786, 1659, 1742, 1499, 1808, 1753, 1639, 1678, 1634, 1540, 1733, 1731, 1660, 1576, 1807, 1809, 1818, 1772, 1724, 1611, 1772, 1731, 1923, 1595, 1779, 1782, 1820, 1655, 1639, 1788, 1916, 1866, 1767, 1510, 1819, 1750, 1706, 1776, 1572, 1754, 1796, 1717, 1769, 1549, 1696, 1816, 1731, 1698, 1861, 1424, 1664, 2003, 1850, 1618, 1652, 1570, 1717, 1629, 1633, 1671, 1726, 1789, 1486, 1668, 1735, 1899, 1372, 1748, 1699, 1815, 1677, 1594, 1685, 1585, 1804, 1837, 2016, 1751, 1711, 1424, 1552, 1765, 1763, 1819, 1792, 1530, 1639, 1773, 1783, 1703, 1741, 1768, 1469, 1918, 1804, 1696, 1677, 1752, 1679, 1562, 1647, 1832, 1634, 1716, 1800, 1855, 1809, 1866, 1552, 1966, 1713, 1592, 1669, 1671, 1985, 1711, 1906, 1549, 1637, 1696, 1829, 1856, 1721, 1926, 1882, 1831, 1784, 1701, 1723, 1672, 1793, 1739, 1392, 1774, 1749, 1771, 1843, 1471, 1561, 1569, 1581, 1643, 1460, 1667, 1669, 1843, 1798, 1823, 1975, 1648, 1860, 1664, 1495, 1687, 1695, 1704, 1678, 1908, 1617, 1785, 1864, 1563, 1777, 1700, 1656, 1707, 1821, 1704, 1750, 1784, 1786, 1913, 1509, 1515, 1715, 1901, 1882, 1703, 1830, 1548, 1887, 1772, 1901, 1816, 1662, 1547, 1629, 1736, 1627, 1712, 1893, 1500, 1453, 1705, 1845, 1528, 1632, 1633, 1576, 1621, 1736, 1628, 1556, 1795, 1675, 1776, 1608, 1892, 1613, 1548, 1856, 1705, 1707, 1760, 1840, 1797, 1485, 1590, 1631, 1713, 1691, 1585, 1746, 1712, 1587, 1680, 1628, 1723, 1686, 1689, 1666, 1724, 1731, 1928, 1864, 1679, 1754, 1739, 1530, 1693, 1798, 1845, 1623, 1783, 1685, 1737, 1712, 1566, 1753, 1656, 1659, 1701, 1660, 1489, 1610, 1549, 1701, 1523, 1592, 1800, 1792, 1752, 1838, 1621, 1732, 1728, 1770, 1549, 1678, 1807, 1667, 1649, 1725, 1758, 1786, 1394, 1832, 1742, 1690, 1955, 1604, 1677, 1756, 1716, 1782, 1711, 1509, 1470, 1650, 1661, 1461, 1847, 1780, 1530, 1707, 1645, 1931, 1925, 1627, 1807, 1822, 1780, 1779, 1612, 1713, 2047, 1791, 1665, 1614, 1730, 1737, 1685, 1895, 1773, 1974, 1801, 1723, 1764, 1564, 1874, 1737, 1653, 1594, 1897, 1677, 1805, 1416, 1754, 1543, 1682, 1660, 1902, 1609, 1850, 1659, 1700, 1629, 1729, 1615, 1695, 1698, 1760, 1768, 1859, 1786, 1916, 2090, 1516, 1725, 1825, 1796, 1761, 1929, 1699, 1753, 1691, 1615, 1641, 1535, 1797, 1823, 1834, 1570, 1697, 1728, 1739, 1677, 1780, 1564, 1566, 1572, 1614, 1716, 1734, 1582, 1883, 1677, 1585, 1642, 1610, 1739, 1824, 1672, 1550, 1643, 1347, 1737, 1691, 1668, 1639, 1674, 1831, 1714, 1667, 1649, 1649, 1942, 1584, 1720, 1741, 1892, 1667, 1821, 1652, 1697, 1671, 1647, 1515, 1581, 1529, 1556, 1903, 1692, 1721, 1422, 1753, 1918, 1657, 1587, 1602, 1804, 1780, 1537, 1942, 2004, 1856, 1510, 1798, 1959, 1680, 1553, 1732, 1698, 1559, 1674, 1586, 1701, 1623, 1565, 1544, 1812, 1928, 1691, 1768, 1703, 1905, 1592, 1681, 1539, 1980, 1723, 1851, 1396, 1714, 1702, 1806, 1820, 1908, 1704, 1712, 1745, 1765, 1926, 1675, 1666, 1646, 1651, 1686, 1545, 1417, 1768, 1669, 1873, 1546, 1803, 1682, 1711, 1866, 1826, 1773, 1673, 1573, 1648, 1517, 1457, 1573, 1950, 1909, 1686, 1487, 1630, 1675, 1686, 1834, 1682, 1643, 1616, 1895, 1692, 1825, 1714, 1636, 1954, 1754, 1446, 1748, 1414, 1613, 1630, 1706, 1760, 1966, 1469, 1584, 1757, 1614, 1854, 1842, 1664, 1746, 1494, 1721, 1704, 1700, 2002, 1466, 1686, 1706, 1624, 1840, 1728, 1555, 1573, 1840, 1705, 1533, 1601, 1831, 1921, 1619, 1734, 1780, 1744, 1827, 1589, 1498, 1518, 2039, 1749, 1838, 1703, 1827, 1633, 1714, 1673, 1513, 1809, 1604, 1838, 1591, 1804, 1842, 1669, 1821, 1581, 1834, 1985, 1787, 1651, 1620, 1872, 1640, 1861, 1656, 1847, 1703, 1648, 1785, 1691, 1684, 1740, 1663, 1706, 1439, 1851, 2020, 1734, 1984, 1710, 1619, 1465, 1803, 1732, 1546, 1637, 1846, 1753, 1724, 1659, 1723, 1850, 1709, 1656, 1478, 1737, 1894, 1444, 1609, 1606, 1674, 1792, 1637, 1691, 1594, 1602, 1572, 1793, 1713, 1751, 1987, 1812, 1732, 1624, 1931, 1853, 1840, 1538, 1470, 1999, 1744, 1739, 1731, 1763, 1649, 1712, 1795, 1728, 1591, 1767, 1783, 1681, 1657, 1756, 1628, 1817, 1839, 1626, 1583, 1636, 1689, 1653, 1760, 1913, 1748, 1950, 1339, 1763, 1565, 1589, 1527, 1683, 1639, 1685, 1763, 1475, 1617, 1563, 1702, 1807, 1471, 1600, 1874, 1848, 1750, 1645, 1721, 1804, 1623, 1875, 1677, 1819, 1560, 1652, 1567, 1594, 1483, 1665, 1592, 1624, 1602, 1585, 1705, 1885, 1756, 1660, 1600, 1590, 1843, 1858, 1527, 1743, 1603, 1736, 1593, 1370, 1765, 1731, 1850, 1604, 1742, 1873, 1883, 1665, 1873, 1757, 1499, 1502, 1802, 1764, 1470, 1585, 1715, 1752, 1647, 1670, 1777, 1606, 1839, 1761, 1942, 1946, 1625, 1782, 1715, 1836, 1750, 1750, 1648, 1624, 1661, 1795, 1708, 1698, 1703, 1523, 1788, 1659, 1744, 1607, 1611, 1542, 1680, 1798, 1638, 1788, 1761, 1365, 1745, 1659, 1790, 1695, 1527, 1597, 1674, 1613, 1653, 1672, 1674, 1695, 1731, 1723, 1753, 1868, 1785, 1790, 1817, 1779, 1717, 1871, 1701, 1590, 1671, 1878, 1761, 1651, 1543, 1703, 1702, 1386, 1620, 1729, 1868, 1805, 2160, 1544, 1578, 1713, 1736, 1680, 1661, 1801, 1662, 1777, 1624, 1707, 1774, 1585, 1797, 1628, 1584, 1962, 1675, 1708, 1763, 1980, 1496, 1546, 1487, 1724, 1881, 1742, 1593, 1898, 1564, 1887, 1639, 1720, 1712, 1652, 1491, 1527, 1657, 1541, 1839, 1589, 1873, 1823, 1616, 1621, 1631, 1789, 1672, 1737, 1918, 1777, 1791, 1786, 1892, 1620, 1623, 1627, 1741, 1726, 1839, 1725, 1775, 1622, 1956, 1637, 1552, 1593, 1532, 1619, 1776, 1553, 1719, 1837, 1512, 1944, 1598, 1767, 1597, 1474, 1693, 1624, 1720, 1731, 1632, 1738, 1763, 1725, 1774, 1558, 1662, 1583, 1685, 1746, 1592, 1790, 1922, 1790, 1960, 1614, 1813, 1618, 1638, 1617, 1878, 1825, 1779, 1824, 1755, 1602, 1744, 1603, 1594, 1591, 1802, 1729, 1691, 1474, 1519, 1744, 1818, 1460, 1717, 1646, 2020, 1896, 1887, 1725, 1872, 1743, 1577, 1601, 1736, 1764, 1531, 1585, 1603, 1748, 1516, 1657, 1785, 1661, 1692, 1764, 1561, 1671, 1584, 1704, 1757, 1747, 1689, 1900, 1898, 1946, 1828, 1710, 1598, 1817, 1725, 1503, 1631, 1662, 1688, 1725, 1715, 1750, 1739, 1650, 1785, 1758, 1633, 1717, 1657, 1709, 1523, 1603, 1803, 1597, 1636, 1727, 1818, 1381, 1446, 1748, 1601, 1793, 1957, 1650, 1566, 1913, 1530, 1756, 1703, 1457, 1903, 1855, 1852, 1848, 1593, 1682, 1503, 2104, 1718, 1740, 1708, 1545, 1710, 1677, 1692, 1699, 1643, 1921, 1693, 1967, 1539, 1602, 1733, 1785, 1669, 1697, 1578, 1703, 1758, 1707, 1875, 1783, 1764, 1782, 1904, 1629, 1871, 1708, 1718, 1911, 1676, 1858, 1809, 1639, 1599, 1453, 1559, 1924, 1516, 1716, 1686, 1722, 1699, 1818, 1799, 1943, 1692, 1702, 1825, 1695, 1726, 1790, 1567, 1601, 1844, 1649, 1595, 1731, 1554, 1847, 1683, 1658, 1708, 1500, 1471, 1652, 1629, 1846, 1633, 1781, 1820, 1697, 1566, 1799, 1505, 2082, 1518, 1777, 1621, 1616, 1782, 1812, 1760, 1882, 1562, 1525, 1981, 1817, 1435, 1666, 1850, 1711, 1815, 1922, 1635, 1670, 1696, 1575, 1759, 1943, 1707, 1444, 1871, 1944, 1606, 1661, 1635, 1763, 1923, 1577, 1394, 1848, 1642, 1729, 1569, 1864, 1888, 1597, 1640, 1778, 1609, 1638, 1684, 1692, 1574, 1646, 1530, 1687, 1582, 1536, 1527, 1740, 1586, 1788, 1581, 1577, 1612, 1552, 1610, 1579, 1656, 1827, 1726, 1786, 1704, 1948, 1637, 1591, 1693, 1742, 1824, 1725, 1686, 1773, 1600, 1698, 1788, 1528, 1677, 1507, 1676, 1841, 1614, 1580, 1687, 1585, 1665, 1560, 1573, 1928, 1804, 1549, 1589, 1698, 1866, 1524, 1703, 1691, 1895, 1644, 1643, 1739, 1679, 1851, 1522, 1557, 1614, 1802, 1750, 1701, 1902, 1488, 1535, 1821, 1770, 1546, 1670, 1733, 1610, 1859, 1715, 1960, 1660, 1595, 1658, 1612, 1792, 1655, 1571, 1794, 1649, 1742, 1336, 1772, 1956, 1639, 1835, 1597, 1826, 1858, 1770, 1812, 1811, 1565, 1871, 1607, 1810, 1567, 1793, 1526, 1890, 1707, 1776, 1754, 1679, 1834, 1666, 1503, 1608, 2039, 1871, 1720, 1773, 1502, 1663, 1544, 1657, 1584, 1590, 1898, 1899, 1624, 1748, 1791, 1575, 1590, 1692, 1688, 1716, 1657, 1570, 1657, 1860, 1662, 1450, 1531, 1848, 1981, 1568, 1827, 1581, 1895, 1534, 1652, 1818, 1804, 1465, 1812, 1763, 1289, 1815, 1649, 1694, 1920, 1886, 1801, 1584, 1593, 1657, 1828, 1743, 1467, 1835, 2017, 1569, 1741, 1680, 1689, 1426, 1721, 1643, 1734, 1618, 1839, 1646, 1786, 1691, 1762, 1723, 1650, 1585, 1772, 1622, 1907, 1914, 1728, 1685, 1581, 1587, 1462, 1844, 1593, 1760, 1739, 1646, 1444, 1717, 1684, 1886, 1657, 1851, 1581, 1661, 1852, 1613, 1738, 1813, 1621, 1758, 1619, 1902, 1794, 1621, 1794, 1727, 2022, 1724, 1642, 1597, 1779, 1955, 1819, 1931, 1530, 1704, 1797, 1789, 1908, 1919, 1574, 1601, 1718, 2010, 1519, 1597, 1692, 1767, 1630, 1714, 1832, 1606, 1878, 1885, 1572, 1674, 1902, 1583, 1824, 1717, 1453, 1751, 1768, 1756, 1877, 1538, 1574, 1634, 1700, 1796, 1624, 1641, 1936, 1784, 1715, 1713, 1752, 1796, 1656, 1933, 1589, 1585, 1849, 1682, 1713, 1668, 1803, 1592, 1739, 1639, 1327, 1781, 1821, 1551, 1553, 1805, 1561, 1934, 1683, 1898, 1715, 1720, 1953, 1634, 1731, 1766, 1769, 1797, 1761, 1626, 1581, 1542, 1739, 1874, 1393, 1783, 1812, 1525, 1671, 1592, 1911, 1720, 1844, 1699, 1638, 1906, 1707, 1495, 1594, 1707, 1686, 1599, 1912, 1744, 1554, 1617, 1762, 1753, 1976, 1639, 1604, 1951, 1613, 1695, 1922, 1649, 1818, 1691, 1598, 1798, 1674, 1800, 1749, 1496, 1561, 1596, 1837, 1790, 1746, 1785, 1678, 1529, 1904, 1596, 1952, 1727, 1802, 1859, 1768, 1662, 1657, 1555, 1437, 1646, 1795, 1949, 1699, 1611, 1657, 1719, 1922, 1702, 1683, 1677, 1876, 1665, 1758, 1753, 1617, 1824, 1727, 1669, 1687, 1460, 1717, 1751, 1493, 1578, 1718, 1431, 1806, 1573, 1532, 1871, 1775, 1923, 1436, 1788, 1543, 1494, 1457, 1741, 1836, 1608, 1541, 1645, 1804, 1584, 1690, 1724, 1752, 1771, 1534, 1846, 1668, 1844, 2084, 1324, 2051, 1950, 1668, 1388, 1735, 1768, 1588, 1850, 1567, 1551, 1801, 1753, 1816, 1570, 1722, 1486, 1696, 1688, 1596, 1589, 1773, 1762, 1928, 1643, 1881, 1644, 1636, 1670, 1847, 1777, 1410, 1588, 1684, 1562, 1596, 1883, 1624, 1706, 1804, 1945, 1482, 1695, 1743, 1594, 1511, 1642, 1809, 1774, 1895, 1704, 1807, 1549, 1768, 1739, 1694, 1467, 1620, 1902, 1459, 1814, 1633, 1531, 1697, 1760, 1684, 1600, 1567, 1769, 1742, 1827, 1713, 1760, 1596, 1622, 1767, 1559, 1621, 1727, 1749, 1882, 1684, 1750, 1639, 1819, 1763, 1761, 1841, 1755, 1766, 1699, 1767, 1546, 1759, 1927, 1588, 1740, 1867, 2016, 1810, 1727, 1927, 1708, 1819, 1754, 1696, 1528, 1706, 1484, 1634, 1501, 1706, 1669, 1606, 1740, 1802, 1826, 1573, 1571, 1516, 1701, 1827, 1715, 1710, 1648, 1586, 1772, 1463, 1744, 1735, 1858, 1653, 1901, 1746, 1600, 1706, 1746, 1798, 1684, 1710, 1903, 1642, 1926, 1729, 1645, 1499, 1703, 1443, 1872, 1599, 1758, 1648, 1848, 1824, 1845, 1580, 1620, 1603, 1668, 1650, 1740, 1739, 1730, 1734, 1765, 1653, 1843, 1626, 1669, 1893, 1580, 1695, 1596, 1774, 1553, 1637, 1896, 1912, 1968, 1650, 1539, 1632, 1647, 1693, 1557, 1940, 1573, 1549, 1358, 1715, 1648, 1685, 1692, 1572, 1767, 1701, 1810, 1840, 1715, 1646, 1872, 2008, 1649, 1490, 1621, 2059, 1544, 1612, 1816, 1816, 1730, 1525, 1747, 1749, 1945, 1632, 1785, 1712, 1458, 1620, 1640, 1633, 1760, 1794, 1776, 1608, 1862, 1807, 1601, 1566, 1730, 1615, 1837, 1543, 1710, 1915, 1601, 1470, 1864, 1676, 1570, 1793, 1579, 1564, 1675, 1786, 1334, 1757, 1562, 1697, 1648, 1824, 1814, 1617, 1597, 1666, 1792, 1505, 1697, 1930, 1576, 1681, 1630, 1778, 1595, 1743, 1781, 1710, 1739, 1626, 1757, 1765, 1638, 1609, 1762, 1967, 1682, 1636, 1589, 1729, 1646, 1555, 1575, 1620, 1872, 1589, 1756, 1613, 1577, 1506, 1850, 1480, 1704, 1557, 1875, 1938, 1593, 1580, 1642, 1774, 1597, 1645, 1878, 1514, 1943, 1703, 1609, 1714, 1611, 1836, 1710, 1908, 1687, 1684, 1551, 1950, 1446, 1741, 1763, 1816, 1805, 1792, 1687, 1756, 1610, 1786, 1390, 1580, 1952, 1871, 1714, 1775, 1790, 1899, 2056, 1568, 1452, 1783, 1713, 1553, 1579, 1646, 1583, 1799, 1584, 1697, 1758, 1730, 1766, 1622, 1707, 1542, 1813, 1418, 1583, 1614, 1818, 1729, 1577, 1746, 1821, 1620, 1607, 1910, 1756, 1647, 1603, 1640, 1669, 1644, 1725, 1690, 1749, 1839, 1854, 1738, 1488, 1769, 1635, 1754, 1614, 1716, 1706, 1798, 1867, 1576, 1784, 1690, 1741, 1655, 1604, 1538, 1946, 1564, 1827, 1635, 1787, 1677, 1540, 1706, 1668, 1885, 1591, 1716, 1605, 1555, 1458, 1563, 1723, 1569, 1418, 1821, 1809, 1898, 1702, 1670, 1743, 1707, 1698, 1691, 1647, 1842, 1607, 1639, 1503, 1802, 1900, 1877, 1461, 1586, 1715, 1599, 1641, 1805, 1701, 1496, 1514, 1674, 1795, 1698, 1530, 1657, 1836, 1544, 1749, 1205, 1486, 1770, 1721, 1753, 1856, 1689, 1608, 1760, 1615, 1672, 1618, 1646, 1730, 1812, 1841, 1384, 1775, 1687, 1633, 1775, 1942, 1765, 1502, 1598, 1629, 1594, 1688, 1678, 1741, 1500, 1663, 1690, 1623, 1781, 1803, 1518, 1762, 1647, 1643, 1769, 1770, 1578, 1824, 1835, 1496, 1740, 1828, 1543, 1720, 1850, 1583, 1632, 1714, 1736, 1596, 1569, 1577, 1696, 1750, 1800, 1654, 1672, 1697, 1740, 1687, 1618, 1693, 1864, 1660, 1762, 1839, 1754, 1745, 1737, 1653, 1540, 1752, 1629, 1629, 1435, 1655, 1720, 1531, 1745, 1821, 1558, 1780, 1709, 1876, 1702, 1803, 1764, 1631, 1824, 1525, 1735, 1710, 1634, 1530, 1442, 1771, 1794, 1884, 1504, 1710, 1647, 1611, 1645, 1834, 1929, 1568, 1648, 1745, 1313, 1640, 1743, 1680, 1806, 1855, 1668, 1873, 1583, 1622, 1737, 1697, 1721, 1831, 1668, 2027, 1306, 1594, 1675, 1872, 1661, 1731, 1618, 1762, 1678, 1972, 1949, 1640, 1712, 1542, 1641, 1684, 1679, 1781, 1926, 1647, 1610, 1647, 1996, 1704, 1571, 1577, 1744, 1650, 1843, 1792, 1728, 1745, 1637, 1676, 1765, 1787, 1521, 1698, 1704, 1845, 1758, 1841, 1564, 1786, 1729, 1657, 1812, 1573, 1679, 1824, 1668, 1736, 1751, 1793, 1667, 1928, 1502, 1712, 1585, 1757, 1600, 1755, 1846, 1521, 1968, 1789, 1836, 1706, 1697, 1963, 1766, 1518, 1811, 1984, 1547, 1745, 1531, 1540, 1589, 1723, 1555, 1770, 1387, 1728, 1650, 1726, 1862, 1589, 1697, 1465, 1671, 1812, 1715, 1939, 1556, 1766, 1888, 1806, 1570, 1711, 1709, 1757, 1611, 1636, 1593, 1614, 1803, 1560, 1454, 1531, 1658, 1512, 1825, 1779, 1881, 1824, 1785, 1350, 1802, 1679, 1368, 1865, 1496, 1591, 1725, 1877, 1719, 1667, 1659, 1791, 2001, 1747, 1561, 1758, 1634, 1965, 1474, 1580, 1425, 1746, 1567, 1730, 1678, 1654, 1912, 1530, 1860, 1823, 1659, 1573, 1612, 1533, 1762, 1500, 1684, 1794, 1498, 1642, 1756, 1552, 1626, 1659, 1536, 1764, 1687, 1920, 1550, 1732, 1707, 1790, 1624, 1932, 1603, 1491, 1595, 1633, 1887, 1612, 1744, 1598, 1618, 1709, 1579, 1646, 1476, 1634, 1846, 1923, 1553, 1832, 1899, 1688, 1742, 1568, 1502, 1858, 1806, 1722, 1723, 1711, 1554, 1500, 1615, 1560, 1818, 1637, 1758, 1688, 1496, 1848, 1687, 1843, 1629, 1676, 1829, 1638, 1672, 1702, 1687, 1764, 1695, 1662, 1790, 1410, 1852, 1544, 1627, 1709, 1697, 1591, 1631, 1727, 1706, 1712, 1791, 1598, 1957, 1704, 1730, 1786, 1612, 1794, 1724, 1600, 1637, 1572, 1567, 1717, 1690, 1689, 1806, 1771, 1825, 1594, 1782, 1730, 1714, 1556, 1733, 1653, 1607, 1898, 1743, 1775, 1699, 1856, 1646, 1685, 1670, 1631, 1676, 1742, 1565, 1660, 1866, 1980, 1517, 1598, 1616, 1653, 1800, 1846, 1696, 1659, 1824, 1796, 1678, 1549, 1615, 1624, 2022, 1711, 1564, 1752, 1726, 1751, 1738, 1722, 1848, 1706, 1635, 1672, 1696, 1545, 1862, 1640, 1435, 1985, 1722, 1610, 1682, 1924, 1533, 1853, 1493, 1714, 1532, 1932, 1570, 1546, 1619, 1734, 1642, 1682, 1842, 1447, 1702, 1631, 1613, 1654, 1612, 1617, 1476, 1807, 1789, 1832, 1829, 1722, 1551, 1778, 1630, 1589, 1705, 1804, 1737, 1653, 1481, 1578, 1474, 1647, 1592, 1489, 1885, 1580, 1685, 1620, 1738, 1681, 1616, 1925, 1390, 1639, 1740, 1912, 1702, 1628, 1661, 1448, 1334, 1557, 1557, 1804, 1796, 1760, 1882, 1814, 1789, 1540, 1758, 1708, 1921, 1666, 1823, 1733, 1743, 1536, 1535, 1801, 1505, 1703, 1648, 1643, 1762, 1736, 2000, 1585, 1588, 1533, 1845, 1705, 2034, 1786, 1951, 1816, 1835, 1653, 1714, 1632, 1364, 1582, 1839, 1852, 1877, 1608, 1681, 1697, 1639, 1762, 1884, 1862, 2017, 1569, 1809, 1703, 1860, 1598, 1943, 1391, 1714, 1816, 1705, 1697, 1917, 1669, 1924, 1688, 1706, 1785, 1564, 1762, 1579, 1822, 1662, 1719, 1855, 1517, 1648, 1683, 1676, 1649, 1715, 1839, 1765, 1705, 1706, 1610, 1511, 1487, 1802, 1584, 1652, 1506, 1831, 1849, 1852, 1718, 1737, 1702, 1715, 1863, 1887, 1893, 1706, 1653, 1613, 1782, 1654, 1640, 1616, 1500, 1468, 1546, 1743, 1670, 1455, 1539, 1574, 1639, 1655, 1946, 1795, 1687, 1516, 1616, 1682, 1591, 1836, 1682, 1522, 1532, 1719, 1793, 1568, 1687, 1898, 1783, 1726, 1666, 1618, 1872, 1566, 1716, 1702, 1555, 1628, 1590, 1681, 1836, 1741, 1871, 1711, 1630, 1733, 1881, 1606, 1681, 1530, 1787, 1759, 1876, 1769, 1685, 1799, 1680, 2022, 1805, 1993, 1704, 1575, 1537, 1657, 1725, 1598, 1913, 1814, 1643, 1759, 1704, 1655, 1540, 1653, 1871, 1383, 1964, 1735, 1565, 1717, 1541, 1568, 1758, 1612, 1691, 1904, 1599, 1594, 1790, 1611, 1498, 1762, 1726, 1812, 1734, 1805, 1579, 1783, 1765, 1811, 1753, 1665, 1684, 1778, 1923, 1739, 1695, 1590, 1810, 1559, 1667, 1504, 1578, 1660, 1792, 1549, 1853, 1624, 1651, 1721, 1732, 1489, 1983, 1509, 1768, 1659, 1700, 1786, 1579, 1527, 1790, 1731, 1487, 1767, 1789, 1820, 1668, 1642, 1810, 1562, 1719, 1443, 1673, 1881, 1580, 1767, 1614, 1771, 1684, 1935, 1641, 1628, 1715, 1774, 1871, 1715, 1708, 1855, 1771, 1723, 1681, 1766, 1820, 1885, 1598, 1777, 1567, 1818, 1752, 1849, 1726, 1737, 1651, 1932, 1567, 1650, 2096, 1847, 1606, 1747, 1722, 1847, 1914, 1742, 1902, 1579, 1784, 1796, 1611, 1607, 1589, 1850, 1666, 1746, 1603, 1620, 1799, 1638, 1815, 1599, 1606, 1846, 1602, 1669, 1731, 1735, 1885, 1608, 1516, 1809, 1508, 1637, 1555, 1757, 1856, 1725, 1824, 1543, 1683, 1809, 1853, 1662, 1803, 1660, 1541, 1626, 1666, 1580, 1802, 1815, 1749, 1471, 1777, 1686, 1633, 1861, 1587, 1732, 1612, 1790, 1845, 1576, 1344, 1645, 1709, 1698, 1824, 1754, 1623, 1796, 1592, 1714, 1865, 1621, 1718, 1815, 1629, 1549, 1725, 1762, 1711, 1814, 1970, 1588, 1526, 1472, 1427, 1591, 1623, 1458, 1739, 1650, 1645, 1779, 1683, 1854, 2015, 1687, 1916, 1783, 1690, 1694, 1777, 1526, 1921, 1902, 1683, 1508, 1717, 1437, 1804, 1877, 1941, 1734, 1767, 1754, 1528, 1521, 1594, 1932, 1689, 1816, 1700, 1637, 1674, 1919, 1613, 1681, 1575, 1680, 1589, 1692, 1613, 1598, 1784, 1639, 1594, 1887, 2047, 1955, 1448, 1565, 1688, 1751, 1645, 1941, 1759, 1695, 1814, 1793, 1581, 1663, 1723, 1605, 1769, 1516, 1782, 1744, 1556, 1633, 1917, 1660, 1649, 1722, 1591, 1763, 1727, 1748, 1701, 1762, 1821, 1666, 1556, 1720, 1767, 1539, 1831, 1762, 1550, 1634, 1592, 1608, 1762, 1888, 1578, 1575, 1620, 1824, 1595, 1510, 1748, 1510, 1667, 1523, 1703, 1852, 1737, 1625, 1765, 1648, 1658, 1658, 1417, 1829, 1672, 1654, 1778, 2025, 1794, 1908, 1508, 1426, 1758, 1487, 1948, 1637, 1778, 1821, 1629, 1958, 1595, 1575, 1473, 1642, 1581, 1876, 1731, 1692, 1734, 1783, 1741, 1690, 1513, 1631, 1662, 1740, 1572, 2060, 1858, 1626, 1698, 1817, 1912, 1691, 1858, 1430, 1605, 1588, 1751, 1609, 1852, 1653, 1633, 1716, 1731, 1645, 1638, 1817, 1456, 1677, 1733, 1646, 1557, 1757, 1853, 1860, 1839, 1634, 1786, 1683, 1693, 1590, 1719, 1706, 1820, 1505, 1647, 1612, 1717, 1939, 1700, 1929, 1702, 1759, 1240, 1757, 1714, 1624, 1748, 1769, 1542, 1777, 1890, 1752, 1557, 1859, 1718, 1561, 1779, 1671, 1793, 1850, 1649, 1770, 1906, 1593, 1932, 1666, 1753, 1514, 1482, 1685, 1743, 1556, 1801, 1920, 1784, 1515, 1529, 1848, 1773, 1916, 1758, 1677, 1693, 1467, 1600, 1769, 1779]

[wilma]
  Promedio : 1025.0s
  Desvío   : 89.5s
  IC 95%   : [1022.5s, 1027.5s]
  Mínimo   : 719s
  Máximo   : 1415s
  Tiempos  : [1191, 1164, 1039, 1079, 979, 1153, 1019, 1005, 998, 1002, 1015, 1115, 1061, 1129, 1046, 1026, 903, 1083, 884, 976, 1143, 1199, 1018, 1071, 945, 957, 1018, 1041, 1015, 1001, 971, 1002, 989, 1073, 1114, 1001, 786, 1174, 922, 1051, 1011, 1008, 957, 994, 1014, 1044, 1130, 912, 994, 778, 971, 1012, 997, 1094, 1144, 962, 1065, 990, 1143, 958, 1173, 1114, 1035, 1010, 1031, 1014, 1044, 1032, 999, 1051, 1001, 1176, 1120, 1017, 1182, 823, 855, 1036, 1149, 1171, 942, 1036, 1086, 860, 924, 1061, 981, 998, 915, 977, 1064, 812, 951, 1213, 1136, 884, 1030, 1172, 1112, 835, 861, 1052, 822, 1099, 957, 1075, 1063, 1058, 984, 1024, 995, 992, 1052, 997, 1025, 1060, 879, 1076, 1121, 995, 1030, 940, 1016, 1117, 1109, 1116, 1138, 946, 1066, 1048, 960, 1041, 1200, 1055, 1096, 971, 1085, 989, 1018, 1166, 1053, 993, 999, 1013, 931, 1068, 842, 1128, 1096, 836, 886, 840, 1035, 1127, 1079, 1083, 1137, 1079, 939, 1119, 947, 862, 973, 1110, 848, 1019, 1233, 960, 858, 1066, 1018, 1108, 1146, 1001, 1018, 1046, 857, 1070, 933, 1080, 1006, 1119, 1043, 945, 1114, 899, 1152, 1118, 1074, 984, 1156, 1110, 961, 1042, 935, 1144, 908, 1149, 983, 1009, 1034, 1153, 987, 1032, 988, 985, 853, 1100, 1075, 1042, 1041, 1024, 988, 1043, 1060, 1012, 929, 966, 962, 992, 915, 905, 1065, 1075, 1080, 1034, 947, 943, 946, 958, 1044, 1041, 1124, 944, 1076, 888, 1059, 940, 1085, 1058, 1054, 1040, 832, 1010, 1002, 1002, 1125, 1023, 1025, 1072, 947, 985, 1149, 992, 1070, 913, 1156, 1082, 1132, 1055, 1043, 951, 1102, 1036, 1028, 1167, 976, 1060, 1039, 1001, 1120, 1056, 1052, 1040, 1078, 1036, 1001, 1018, 933, 1252, 1010, 970, 1021, 1108, 1120, 1013, 1229, 752, 1415, 1179, 1193, 1156, 1009, 1028, 1020, 1216, 1093, 890, 885, 1142, 990, 879, 992, 1014, 945, 1088, 1029, 993, 1243, 938, 1153, 992, 1062, 1058, 1061, 1215, 854, 1051, 917, 1025, 811, 1034, 888, 984, 1169, 1106, 958, 987, 969, 1160, 1003, 996, 953, 1030, 997, 1075, 1142, 1083, 935, 1129, 1091, 1013, 1014, 1037, 1260, 950, 921, 1119, 1114, 1010, 1010, 1050, 1047, 1011, 1182, 1097, 1049, 980, 1020, 1025, 911, 1000, 874, 1041, 1055, 1053, 1053, 1032, 924, 992, 987, 948, 1175, 1005, 1000, 774, 1019, 897, 963, 957, 1006, 1162, 1132, 1138, 1211, 874, 962, 1138, 980, 962, 874, 1024, 941, 985, 906, 980, 949, 1028, 1113, 965, 1120, 1134, 956, 988, 1044, 927, 1030, 1076, 1045, 1024, 1034, 1108, 873, 1102, 1270, 1015, 996, 953, 983, 921, 861, 1197, 1137, 1037, 1026, 1147, 953, 1025, 1017, 1030, 1053, 1272, 1002, 1006, 918, 888, 1049, 1028, 1069, 955, 1034, 996, 1109, 914, 1101, 1018, 939, 1002, 993, 1020, 1032, 919, 1146, 1074, 1055, 954, 1220, 1016, 1050, 875, 940, 1051, 924, 1073, 1087, 1137, 1100, 1113, 962, 974, 1046, 960, 1055, 821, 930, 1216, 982, 1042, 918, 961, 1069, 1090, 1057, 1036, 1034, 1166, 1050, 1167, 1049, 950, 1037, 983, 1079, 908, 1009, 888, 852, 894, 1049, 1024, 968, 1250, 995, 1054, 1048, 1253, 1076, 993, 995, 1057, 1104, 1025, 1062, 877, 1097, 1113, 1030, 1127, 1122, 991, 998, 897, 1105, 1038, 1043, 953, 994, 1126, 992, 991, 1003, 1090, 1048, 1118, 1046, 944, 1033, 1064, 909, 1192, 1095, 1242, 1155, 1047, 911, 927, 1129, 1161, 1096, 1020, 998, 1211, 1114, 927, 1054, 951, 1065, 1100, 1077, 999, 1096, 1104, 1077, 1086, 1102, 985, 994, 944, 865, 925, 972, 987, 1156, 987, 986, 864, 1078, 1149, 1022, 971, 1046, 924, 1007, 1121, 1038, 1049, 1069, 975, 1025, 1094, 1037, 1068, 1077, 988, 1109, 981, 1121, 1025, 923, 1002, 929, 1147, 1038, 979, 1010, 927, 921, 998, 994, 961, 991, 1187, 1043, 963, 1034, 755, 831, 891, 859, 998, 1050, 1057, 1026, 878, 960, 892, 1045, 1000, 981, 964, 916, 1188, 984, 895, 914, 1067, 973, 1232, 1060, 973, 1073, 1069, 1008, 980, 1076, 1020, 988, 951, 1014, 959, 1016, 976, 1043, 935, 998, 993, 1187, 1165, 1095, 1044, 1036, 1120, 967, 990, 949, 1020, 945, 999, 1073, 781, 970, 1094, 1024, 1033, 942, 856, 962, 1013, 1183, 932, 1047, 885, 1142, 1061, 1183, 971, 989, 934, 1070, 922, 965, 1115, 1010, 1049, 898, 1124, 1183, 1123, 1026, 881, 1085, 1203, 1017, 1172, 1103, 997, 949, 1051, 954, 886, 1148, 968, 1015, 896, 1093, 719, 1065, 1041, 1090, 1034, 1035, 860, 975, 1003, 1048, 1108, 974, 871, 1075, 1037, 828, 1005, 969, 1171, 1028, 1122, 1064, 975, 1058, 883, 870, 1005, 1211, 1149, 1023, 1041, 1211, 1034, 1014, 1005, 1099, 1034, 904, 1084, 1174, 1110, 941, 1031, 1165, 963, 1012, 1050, 1043, 908, 880, 1186, 943, 1060, 1078, 1156, 1017, 1142, 946, 1025, 965, 853, 909, 1157, 912, 1136, 1085, 1082, 1260, 1021, 997, 1055, 965, 1026, 945, 1073, 1020, 973, 1043, 986, 1044, 972, 1035, 886, 1038, 1025, 903, 992, 986, 1176, 763, 1014, 1088, 926, 1063, 1046, 1038, 1083, 1025, 1046, 988, 1022, 974, 1210, 944, 1053, 811, 1037, 953, 1096, 1055, 1005, 1028, 1026, 1031, 1098, 1018, 1100, 1062, 1092, 987, 940, 1042, 1013, 1045, 1007, 1038, 863, 970, 1143, 1001, 1160, 908, 1076, 1043, 939, 1206, 935, 1035, 1117, 1105, 1005, 848, 1062, 942, 1007, 1007, 938, 1020, 1129, 1032, 957, 1094, 1044, 1161, 950, 1106, 780, 829, 1049, 1041, 1052, 1158, 1079, 1071, 947, 1242, 989, 1027, 1072, 1147, 844, 851, 937, 977, 1207, 1067, 1046, 945, 1067, 874, 924, 1126, 987, 837, 1102, 1032, 1168, 1259, 1042, 1039, 990, 1033, 1084, 1062, 1127, 884, 896, 996, 976, 943, 878, 979, 1062, 1041, 1142, 952, 1079, 945, 1148, 1009, 932, 995, 1099, 1166, 1108, 973, 1061, 1100, 1014, 1083, 1080, 1002, 1073, 1101, 976, 1181, 1083, 1007, 1020, 1071, 976, 990, 943, 948, 1061, 963, 969, 1029, 1050, 1026, 1021, 1095, 1057, 1046, 1064, 1004, 1068, 875, 1014, 1235, 1102, 981, 1059, 964, 983, 1247, 955, 943, 1128, 990, 1080, 1083, 990, 880, 962, 957, 885, 1059, 982, 1106, 1172, 929, 1124, 1000, 1030, 1182, 817, 1082, 1032, 1074, 946, 1036, 937, 930, 1013, 991, 1044, 991, 873, 1070, 916, 1048, 1261, 959, 1049, 939, 1038, 891, 959, 1040, 1043, 767, 1031, 1140, 940, 1040, 1140, 988, 1096, 1032, 961, 1078, 948, 989, 896, 999, 1007, 1089, 1021, 1025, 1050, 1020, 970, 1016, 878, 972, 975, 1106, 973, 1011, 1042, 1144, 986, 983, 971, 1052, 993, 980, 976, 1006, 1043, 1083, 855, 952, 1115, 1343, 1001, 1122, 881, 1088, 878, 977, 1027, 1165, 872, 1050, 1022, 1070, 1062, 958, 1052, 927, 1153, 1044, 1096, 999, 1048, 1091, 1116, 1090, 1073, 1013, 1032, 1117, 971, 1111, 973, 1111, 1074, 970, 916, 1149, 987, 1156, 1025, 1060, 1060, 864, 961, 931, 1142, 1046, 945, 1050, 1106, 1036, 1039, 1228, 1082, 918, 900, 974, 1018, 1050, 1043, 861, 1045, 1061, 1017, 1021, 1054, 1084, 1028, 981, 1199, 1072, 1152, 929, 1068, 861, 1080, 1104, 1045, 1022, 899, 841, 1107, 1182, 1165, 1211, 947, 982, 929, 1008, 1056, 1019, 865, 1000, 908, 1018, 1083, 941, 1027, 1080, 1008, 992, 1034, 1076, 1139, 1092, 989, 952, 999, 1096, 1057, 1016, 1000, 1239, 1130, 972, 995, 1193, 980, 1005, 919, 1042, 982, 1144, 920, 1016, 1035, 1082, 994, 1115, 1084, 1134, 925, 1006, 1132, 978, 1135, 1075, 1121, 1058, 865, 1029, 838, 1083, 1149, 1015, 1003, 1003, 1116, 1063, 903, 1075, 982, 1131, 1131, 1144, 1007, 1112, 1185, 1150, 1221, 1018, 954, 948, 1138, 1023, 942, 1077, 1153, 1035, 954, 923, 1076, 1006, 963, 967, 914, 851, 1041, 896, 1033, 957, 1129, 1171, 982, 1129, 940, 1005, 1046, 1057, 1168, 920, 1041, 1040, 889, 899, 836, 920, 1002, 1152, 996, 1065, 1062, 1054, 1001, 1050, 984, 946, 1098, 1082, 1004, 1146, 1102, 1041, 1008, 1052, 962, 925, 966, 1106, 1036, 1199, 939, 956, 934, 1071, 1098, 918, 1113, 1048, 1117, 944, 1007, 1057, 1009, 1093, 981, 1120, 1113, 997, 1157, 970, 1030, 1025, 956, 1001, 1004, 977, 938, 915, 888, 1006, 1043, 1092, 1071, 1094, 1081, 923, 989, 835, 1030, 770, 966, 1122, 1177, 1016, 1108, 934, 882, 1015, 1175, 1036, 1092, 950, 1006, 1050, 1038, 1035, 828, 850, 1087, 1025, 1142, 882, 1009, 1076, 963, 865, 1080, 1007, 1111, 1024, 1073, 910, 1071, 1132, 986, 1009, 960, 996, 919, 1012, 1002, 1007, 976, 959, 1184, 1011, 1105, 1093, 964, 938, 992, 1064, 928, 955, 922, 1078, 1003, 1025, 1034, 1124, 1094, 1098, 1250, 890, 1069, 1014, 1236, 973, 1070, 1141, 1068, 1067, 1068, 1068, 1015, 922, 952, 1031, 989, 866, 819, 1021, 1109, 1028, 1000, 1097, 1152, 952, 1242, 1002, 944, 1017, 1144, 977, 1013, 1214, 876, 1006, 1045, 1059, 1046, 960, 934, 1142, 1207, 984, 873, 1014, 980, 1038, 1081, 1063, 1105, 894, 787, 1014, 1022, 1098, 915, 993, 1064, 1125, 1172, 1002, 1001, 1007, 964, 1019, 1081, 1039, 903, 1066, 1135, 1006, 976, 957, 1054, 1095, 1001, 913, 1116, 1008, 1025, 997, 954, 985, 1004, 965, 1068, 912, 1073, 1033, 938, 1084, 988, 1020, 1015, 941, 881, 971, 993, 1041, 992, 1134, 967, 989, 1018, 1031, 1100, 1116, 864, 1053, 887, 1102, 1044, 1130, 974, 1033, 844, 961, 968, 775, 1064, 1045, 1003, 925, 942, 982, 1043, 985, 986, 982, 853, 1090, 1197, 981, 1221, 967, 943, 1080, 1098, 864, 1070, 939, 924, 984, 1087, 820, 1069, 953, 1062, 987, 1066, 982, 1095, 1206, 946, 931, 978, 1151, 1117, 1174, 1047, 1017, 1092, 1160, 991, 1084, 912, 1174, 1087, 1187, 1058, 1076, 1025, 1104, 939, 1063, 1073, 894, 1089, 1023, 998, 951, 1015, 1032, 923, 995, 1023, 1034, 937, 1043, 967, 1033, 1116, 1008, 966, 1159, 999, 954, 1045, 1112, 874, 994, 878, 876, 958, 1104, 948, 988, 1046, 989, 971, 1040, 964, 1108, 925, 1105, 993, 1096, 985, 1179, 1049, 1078, 1206, 1034, 1053, 940, 928, 1163, 1102, 1111, 1125, 1252, 847, 920, 1055, 1137, 1012, 978, 1073, 1084, 1047, 1096, 951, 1048, 1038, 943, 937, 904, 1008, 1180, 962, 1181, 956, 977, 1173, 1016, 1195, 1154, 1010, 974, 935, 975, 903, 1014, 1038, 1057, 994, 950, 1086, 982, 929, 1018, 1124, 1002, 1005, 1180, 950, 968, 982, 1083, 1002, 1149, 1160, 1061, 1077, 1051, 971, 1038, 1188, 1245, 1125, 1012, 865, 1133, 973, 981, 1042, 1177, 1041, 929, 1117, 955, 1060, 1058, 1034, 998, 1132, 929, 1092, 1231, 1006, 1084, 965, 988, 1232, 1114, 804, 976, 1025, 899, 920, 1077, 1090, 1088, 1157, 1078, 1070, 999, 1067, 1026, 937, 1044, 1037, 998, 1045, 891, 1013, 1156, 966, 1143, 929, 1131, 883, 1069, 1082, 992, 964, 982, 880, 1088, 997, 1017, 998, 1150, 1034, 1147, 1170, 1011, 1014, 1037, 1099, 905, 1103, 978, 1075, 886, 1007, 1096, 904, 944, 1032, 916, 1037, 961, 1025, 1035, 1240, 1119, 1154, 953, 1082, 1096, 1162, 948, 1034, 876, 1060, 1086, 1030, 1053, 1120, 881, 1005, 1006, 932, 1107, 952, 1053, 1125, 1031, 1096, 1000, 996, 1059, 957, 1025, 1181, 1071, 977, 1073, 999, 1103, 1034, 1130, 955, 989, 1002, 893, 1012, 1050, 1052, 941, 942, 1002, 980, 959, 847, 1098, 1040, 987, 888, 1094, 1174, 963, 965, 990, 1077, 937, 1063, 1286, 1064, 1006, 1075, 983, 1040, 929, 1071, 1071, 989, 969, 1025, 1083, 1146, 986, 910, 983, 1034, 1142, 1009, 1032, 1000, 944, 966, 1007, 965, 1078, 1060, 1000, 1148, 953, 1011, 904, 1033, 1078, 1099, 977, 972, 1121, 1025, 920, 1017, 1001, 962, 1184, 924, 1054, 1025, 941, 996, 1037, 917, 1078, 1140, 1043, 1033, 786, 1171, 968, 1042, 1070, 960, 1134, 1085, 1112, 947, 1087, 1150, 881, 906, 1164, 1025, 1122, 1108, 929, 1054, 994, 1108, 1132, 1103, 998, 1074, 987, 1145, 1008, 1015, 919, 1100, 1066, 1093, 967, 978, 1147, 993, 1037, 1075, 1090, 865, 954, 958, 1118, 1064, 1040, 1044, 1027, 1082, 1009, 949, 1004, 968, 976, 930, 1012, 1127, 1046, 967, 1053, 1102, 815, 1090, 1203, 1004, 981, 881, 1111, 1119, 947, 1208, 1036, 1078, 975, 1052, 1176, 994, 1133, 899, 1160, 1292, 1128, 1208, 1055, 894, 1145, 1042, 992, 1032, 906, 1122, 1000, 1176, 932, 815, 1009, 1162, 1089, 1001, 871, 1146, 890, 1074, 1036, 978, 1043, 935, 1014, 1120, 789, 999, 970, 974, 1052, 950, 1077, 1007, 1065, 1032, 1139, 922, 989, 903, 1060, 966, 1069, 1050, 867, 1106, 1210, 1216, 1098, 1218, 967, 1086, 1063, 912, 920, 1018, 994, 1077, 1114, 993, 1151, 1081, 1131, 1108, 946, 975, 1215, 1053, 937, 1117, 1122, 936, 957, 1059, 977, 802, 913, 1055, 1059, 933, 1008, 917, 921, 947, 915, 979, 1159, 954, 1112, 886, 1062, 1107, 967, 1087, 980, 829, 1132, 952, 1038, 1091, 1035, 929, 950, 1020, 834, 997, 915, 1123, 1203, 1071, 1007, 1057, 955, 987, 1097, 1135, 1072, 847, 1030, 1019, 982, 1050, 949, 1003, 1117, 1150, 1017, 914, 865, 1114, 970, 1097, 1077, 958, 1139, 769, 887, 978, 868, 988, 943, 911, 944, 1073, 950, 836, 1017, 1061, 1050, 1052, 1006, 1112, 1056, 922, 968, 1064, 1071, 884, 1110, 1012, 1109, 1149, 948, 895, 1093, 1184, 988, 963, 1060, 1077, 1041, 1114, 1135, 975, 1099, 942, 1038, 1165, 1031, 999, 995, 1139, 1100, 1041, 1229, 954, 1033, 1007, 946, 962, 1085, 1082, 1110, 1074, 1016, 997, 903, 1087, 1000, 1156, 935, 944, 1120, 1144, 895, 1059, 1052, 947, 1057, 1002, 1028, 1132, 1049, 893, 1131, 1145, 1027, 1184, 918, 1002, 1063, 1213, 946, 1081, 1061, 967, 957, 1085, 1178, 1130, 978, 1239, 1005, 995, 942, 989, 1032, 985, 943, 1102, 893, 933, 990, 1096, 801, 949, 1106, 861, 870, 945, 1007, 1081, 1106, 949, 941, 1101, 917, 1139, 874, 928, 1074, 1160, 978, 1014, 1126, 1037, 1085, 1174, 1046, 860, 966, 865, 1107, 1203, 1028, 1152, 980, 1107, 1103, 1020, 1065, 1148, 1096, 956, 1119, 927, 1049, 1088, 947, 919, 1110, 1132, 1127, 1159, 1148, 1013, 1036, 1025, 1076, 1067, 1055, 1101, 983, 1038, 990, 832, 936, 1076, 989, 1128, 1085, 1022, 1052, 1001, 1083, 997, 1117, 1030, 925, 1040, 996, 1096, 1100, 850, 997, 1126, 1177, 1118, 1045, 1116, 1120, 927, 983, 928, 953, 1083, 1123, 1148, 1019, 984, 1101, 1071, 950, 1114, 1171, 952, 1083, 1090, 1112, 1029, 1098, 1224, 1074, 1033, 842, 947, 1013, 975, 886, 831, 939, 1003, 1070, 1030, 1066, 1149, 1087, 984, 1022, 967, 1141, 995, 1103, 998, 1094, 1039, 971, 972, 1094, 1082, 988, 1104, 933, 895, 1112, 1097, 960, 985, 1093, 1054, 1031, 1077, 1108, 1118, 1030, 1061, 857, 1122, 886, 1050, 967, 1128, 884, 1201, 1014, 991, 1043, 994, 1044, 1014, 876, 1032, 1011, 1100, 956, 1009, 837, 1038, 955, 1128, 996, 856, 881, 974, 971, 1061, 1058, 1067, 985, 1009, 1054, 1033, 967, 999, 1137, 936, 1052, 1030, 1030, 1322, 913, 1051, 878, 1077, 937, 926, 1140, 956, 976, 975, 1072, 1130, 974, 992, 1151, 1092, 1076, 871, 1045, 947, 1131, 1125, 921, 1060, 998, 1091, 1133, 980, 1045, 1082, 1018, 1018, 1070, 1111, 1073, 969, 1106, 983, 1055, 997, 1095, 939, 883, 1094, 1067, 1125, 997, 984, 1200, 1010, 1008, 1111, 1026, 1115, 1029, 1042, 1119, 776, 991, 930, 985, 1032, 1144, 880, 1191, 922, 1024, 1103, 1071, 1140, 1138, 1045, 1060, 1092, 923, 1036, 951, 1015, 990, 877, 989, 1020, 1124, 981, 1077, 1068, 1054, 929, 1066, 1111, 1092, 1164, 849, 1172, 1011, 1012, 1175, 1037, 1130, 930, 911, 879, 947, 1198, 1063, 1069, 777, 1146, 963, 1008, 1058, 1054, 1026, 895, 1149, 1117, 998, 1279, 1143, 894, 993, 1141, 943, 1007, 1081, 1033, 854, 1006, 938, 945, 995, 941, 999, 1120, 1048, 955, 942, 797, 1153, 1010, 1110, 903, 990, 1062, 996, 1024, 1073, 956, 836, 946, 867, 1223, 1165, 953, 1031, 1071, 1126, 957, 1193, 979, 1062, 1150, 1004, 1086, 1025, 1059, 1068, 1015, 923, 1065, 1224, 960, 1070, 1049, 987, 899, 1158, 940, 889, 1085, 1083, 1116, 1036, 1026, 1115, 931, 1115, 1012, 1014, 1134, 1008, 882, 1002, 956, 1008, 1049, 1024, 919, 1117, 1105, 1004, 1037, 1071, 1003, 1104, 928, 971, 992, 891, 1105, 976, 1072, 989, 1039, 1056, 965, 1010, 975, 995, 983, 1047, 1052, 1042, 929, 1143, 1072, 1116, 1095, 1052, 1053, 1005, 1117, 972, 1063, 997, 1062, 963, 934, 1165, 1003, 961, 947, 965, 928, 1050, 995, 999, 1010, 1138, 1055, 943, 1121, 921, 849, 1060, 1020, 995, 1023, 855, 1123, 1066, 911, 962, 1096, 1123, 981, 979, 967, 896, 1006, 997, 1028, 825, 1083, 1032, 1114, 893, 1062, 1001, 977, 1089, 1092, 1079, 1048, 867, 994, 1022, 946, 894, 1003, 1225, 905, 1012, 1013, 882, 916, 1158, 992, 978, 796, 1072, 1079, 904, 1044, 922, 1052, 1081, 898, 946, 1052, 1020, 1054, 944, 958, 1029, 811, 985, 911, 986, 1032, 903, 992, 896, 987, 1146, 1099, 892, 1119, 1007, 964, 978, 911, 1016, 1148, 845, 1017, 976, 967, 1052, 845, 1045, 1071, 1009, 1003, 1045, 1073, 884, 1003, 999, 897, 1051, 995, 993, 1105, 1024, 1094, 952, 1060, 1147, 1054, 951, 968, 1000, 936, 1216, 1142, 1159, 1098, 1085, 915, 1105, 1227, 1025, 1043, 1097, 1051, 926, 1228, 1047, 961, 1067, 1051, 874, 1096, 1035, 1046, 930, 961, 1047, 841, 1103, 923, 958, 1002, 1095, 1130, 1000, 787, 1109, 891, 1044, 1101, 915, 991, 865, 1124, 1117, 1022, 1042, 1185, 1065, 1058, 953, 944, 986, 1052, 839, 996, 1028, 1191, 1030, 923, 1000, 984, 1060, 972, 988, 980, 1021, 1035, 988, 1207, 1033, 1013, 963, 923, 1059, 893, 951, 1083, 961, 1077, 1115, 917, 1128, 1049, 988, 1076, 1051, 1112, 1121, 1075, 944, 1184, 1128, 1017, 948, 1009, 915, 1098, 1060, 1020, 1094, 1018, 887, 1147, 1046, 942, 923, 993, 924, 1035, 966, 1139, 1030, 850, 1084, 1087, 1050, 981, 984, 874, 1070, 985, 1019, 1026, 1102, 941, 826, 931, 942, 921, 952, 981, 994, 1059, 1129, 840, 1082, 912, 1073, 1054, 1176, 1032, 1078, 1088, 1052, 1063, 1079, 1010, 1004, 1078, 1227, 870, 911, 942, 1104, 1005, 1083, 1021, 1069, 1088, 1073, 961, 1075, 1044, 917, 1080, 914, 1093, 1128, 1216, 1094, 955, 1083, 1082, 1092, 1041, 1028, 1014, 1013, 848, 1122, 1123, 1068, 1179, 1145, 1002, 1191, 977, 950, 1031, 1039, 889, 955, 1115, 973, 963, 1006, 1016, 953, 1080, 859, 968, 960, 918, 1021, 1034, 1038, 1024, 800, 1123, 872, 1184, 907, 880, 992, 1054, 843, 1097, 1026, 934, 927, 994, 958, 950, 1011, 926, 1011, 1179, 745, 958, 944, 830, 991, 1011, 1037, 1057, 800, 1024, 855, 1085, 974, 963, 972, 1078, 815, 1112, 1116, 817, 908, 941, 1034, 1109, 1052, 1067, 894, 1141, 933, 1080, 1043, 1021, 1033, 1226, 1040, 908, 1039, 1015, 1098, 1117, 1080, 1035, 1034, 1176, 1143, 1019, 971, 1028, 1168, 1023, 1049, 1008, 935, 834, 887, 1048, 873, 975, 962, 1124, 1204, 1113, 1028, 1011, 965, 1164, 839, 1105, 1075, 1080, 1002, 1074, 1075, 851, 978, 1027, 895, 909, 964, 1039, 1000, 939, 1011, 1097, 1018, 990, 1289, 951, 947, 943, 890, 1070, 1101, 959, 980, 1104, 1143, 1005, 1022, 1085, 973, 1082, 949, 1088, 909, 1016, 956, 952, 1254, 1084, 1007, 1021, 930, 1125, 1068, 984, 1112, 1066, 981, 937, 1040, 959, 1026, 1078, 924, 1106, 1016, 1123, 1051, 967, 1021, 1140, 1132, 1009, 1018, 1028, 924, 1152, 881, 1132, 1015, 1055, 965, 1085, 1081, 872, 1016, 1031, 1072, 1059, 1055, 1063, 1028, 1042, 929, 1109, 1002, 870, 1017, 1062, 964, 1096, 1013, 947, 1029, 933, 1140, 1049, 980, 1191, 894, 875, 972, 1015, 1125, 1154, 949, 940, 884, 1182, 1020, 954, 1097, 876, 995, 1072, 981, 1015, 991, 969, 1034, 957, 919, 858, 956, 1002, 978, 1142, 1082, 842, 930, 1161, 1120, 1096, 996, 1019, 1122, 992, 962, 1114, 866, 1082, 1073, 905, 1108, 988, 911, 1156, 1141, 1069, 934, 1108, 904, 999, 1089, 880, 1091, 998, 965, 1051, 1115, 963, 1056, 1053, 1037, 961, 1165, 1032, 865, 964, 1182, 1144, 1141, 1089, 1013, 953, 1062, 982, 988, 909, 954, 1152, 1050, 1046, 1028, 973, 861, 1084, 1011, 1091, 1036, 1051, 1258, 1082, 1046, 1031, 996, 1007, 1074, 1032, 1071, 976, 925, 1060, 917, 896, 1079, 1162, 1028, 1124, 885, 1065, 1127, 990, 969, 1060, 927, 959, 1064, 1016, 1026, 1007, 1027, 1121, 1054, 1016, 1025, 1103, 993, 913, 981, 819, 958, 1051, 1034, 1065, 1077, 1139, 1016, 1148, 1086, 1097, 1188, 964, 1136, 1118, 904, 1058, 899, 1058, 1001, 944, 1037, 1025, 1041, 1033, 1091, 944, 986, 1004, 1210, 907, 1097, 1076, 1244, 989, 923, 1057, 1013, 1021, 1147, 1019, 1028, 1035, 1028, 941, 1193, 1029, 1146, 1089, 944, 1080, 907, 876, 1195, 1138, 985, 894, 971, 900, 1183, 1075, 1066, 893, 1080, 972, 1070, 1096, 923, 1143, 980, 1061, 1021, 995, 1065, 867, 1005, 1121, 1076, 1129, 1067, 1060, 1059, 940, 1099, 932, 1037, 1053, 1049, 1084, 1022, 971, 1020, 1057, 940, 1122, 1029, 983, 1110, 967, 970, 1010, 772, 956, 983, 1003, 931, 1003, 1122, 981, 875, 939, 1065, 943, 918, 962, 1094, 976, 1175, 1114, 1125, 1076, 902, 1099, 936, 1116, 1152, 818, 1061, 919, 1181, 1167, 969, 1008, 998, 919, 922, 1116, 1053, 1046, 881, 1088, 782, 908, 1088, 943, 1073, 1148, 1005, 928, 1059, 995, 998, 1124, 940, 1182, 1077, 984, 902, 1113, 986, 1039, 1183, 1040, 992, 922, 959, 1086, 1154, 1094, 993, 1081, 1032, 975, 1070, 1153, 1097, 1058, 1004, 1002, 1028, 1006, 960, 1135, 1015, 1138, 1183, 831, 996, 1052, 1070, 982, 974, 945, 956, 973, 1102, 1085, 1053, 1108, 1128, 899, 1105, 1257, 1139, 1179, 816, 957, 975, 1052, 1106, 911, 1076, 815, 1071, 823, 1041, 899, 1081, 1014, 960, 871, 968, 1009, 1069, 976, 1036, 935, 1152, 1099, 1121, 892, 1050, 1092, 1090, 946, 1160, 1156, 928, 1129, 1132, 866, 843, 1152, 999, 1113, 1012, 1085, 1087, 1074, 1115, 956, 1244, 994, 986, 955, 1066, 1178, 983, 1149, 1233, 1127, 999, 941, 922, 1030, 947, 1040, 993, 1005, 1135, 1012, 978, 1043, 1077, 1122, 1058, 1163, 986, 1155, 1036, 1206, 1168, 965, 1025, 1235, 1117, 911, 813, 928, 1009, 932, 1034, 976, 993, 1019, 1047, 976, 981, 1049, 1017, 1259, 1018, 947, 1098, 1042, 1060, 1036, 878, 1100, 1074, 1042, 1013, 890, 1030, 1156, 977, 1089, 980, 903, 1271, 1040, 1118, 965, 1228, 989, 982, 1052, 990, 1088, 1072, 1094, 1218, 1117, 1138, 1084, 985, 1040, 1339, 1126, 1036, 1095, 1043, 1114, 1188, 905, 1018, 928, 988, 891, 1081, 1081, 1029, 1164, 1076, 1089, 1078, 936, 980, 1144, 1049, 1087, 1131, 1060, 963, 1027, 795, 938, 1017, 962, 995, 1077, 1050, 1055, 863, 999, 1100, 921, 983, 1061, 1132, 841, 1063, 1002, 986, 961, 1104, 1151, 1002, 960, 1041, 942, 897, 1110, 1028, 1033, 1035, 1143, 1008, 1129, 983, 1173, 1060, 943, 909, 1100, 899, 1030, 951, 1003, 882, 978, 1017, 910, 1043, 1116, 1158, 1018, 940, 996, 1120, 905, 1168, 1047, 1018, 937, 1060, 1149, 1117, 1003, 935, 1225, 902, 904, 1151, 1145, 1159, 1029, 789, 1032, 965, 1019, 960, 877, 1148, 965, 952, 897, 1154, 1133, 1044, 1026, 935, 1016, 888, 998, 1035, 1161, 988, 1041, 1026, 875, 1083, 1137, 1155, 1252, 1136, 1118, 906, 1080, 925, 772, 948, 1101, 1114, 938, 1008, 1025, 981, 991, 1038, 1200, 1016, 1051, 971, 1019, 984, 958, 935, 843, 1022, 997, 1069, 1037, 1201, 1093, 1047, 868, 1007, 1124, 1087, 1038, 952, 1130, 1009, 1024, 932, 979, 1173, 1187, 987, 936, 1010, 1203, 1030, 1020, 1248, 1101, 1043, 947, 999, 960, 1076, 1024, 1012, 990, 1101, 804, 953, 1010, 810, 1025, 1019, 999, 965, 1136, 1104, 1009, 1030, 1228, 1093, 1004, 1126, 1005, 1046, 961, 1250, 936, 914, 1025, 907, 901, 1013, 1016, 1098, 992, 1072, 1017, 980, 971, 1080, 1072, 1143, 1079, 986, 999, 961, 975, 957, 1056, 1061, 878, 875, 1007, 984, 1088, 1009, 966, 1129, 1056, 1221, 943, 909, 1161, 1081, 952, 1148, 969, 1141, 1162, 958, 1036, 1131, 1135, 934, 1162, 965, 1111, 915, 1036, 954, 1138, 1139, 1198, 932, 842, 958, 860, 1031, 1033, 1051, 1001, 906, 1050, 1008, 1034, 1062, 1134, 1005, 1097, 1124, 939, 993, 919, 1033, 1135, 876, 961, 1069, 1016, 1074, 1098, 1034, 1150, 969, 1072, 949, 1107, 1097, 948, 963, 1078, 969, 1015, 1037, 995, 1034, 996, 986, 1067, 1125, 1043, 899, 972, 1087, 891, 1116, 1038, 1026, 962, 1063, 1084, 1074, 1158, 1112, 1076, 852, 1080, 965, 960, 1104, 1015, 1035, 966, 1168, 1124, 1138, 1044, 1261, 967, 911, 1087, 1035, 977, 858, 915, 1046, 978, 978, 1012, 1023, 988, 870, 1088, 874, 1076, 929, 934, 1140, 1156, 925, 1077, 1049, 1079, 1079, 938, 1018, 1055, 961, 937, 1000, 1041, 1064, 897, 983, 972, 950, 1161, 965, 922, 1008, 1015, 994, 1064, 900, 1088, 849, 950, 957, 1137, 937, 1058, 1072, 1085, 1135, 942, 1047, 1097, 1050, 1087, 1187, 1160, 977, 1156, 1060, 1028, 988, 1156, 878, 1036, 945, 1019, 979, 833, 940, 952, 1186, 1060, 932, 932, 1096, 1018, 1021, 1020, 937, 1092, 1006, 1093, 912, 941, 1065, 1101, 830, 1196, 1039, 1181, 962, 1166, 1118, 892, 914, 1011, 998, 985, 1005, 975, 896, 1005, 1107, 1166, 936, 1064, 1048, 1030, 990, 952, 1062, 1108, 918, 1151, 991, 1054, 1207, 1062, 1167, 1100, 941, 1112, 1143, 900, 1147, 949, 922, 1059, 989, 941, 1053, 1111, 971, 1058, 1058, 867, 1001, 1137, 1072, 1104, 976, 1099, 977, 973, 1017, 994, 1000, 950, 1014, 826, 992, 1157, 1082, 1034, 846, 1051, 1024, 924, 1063, 868, 1013, 1140, 1017, 1010, 1008, 1041, 1061, 1056, 1109, 1127, 988, 1038, 1024, 964, 1034, 914, 984, 987, 913, 1022, 1025, 1072, 1075, 1096, 993, 1017, 1105, 946, 915, 1077, 875, 919, 1020, 894, 1104, 968, 916, 1058, 878, 1033, 991, 1051, 981, 1149, 1035, 1208, 1167, 1023, 1132, 1015, 1106, 1047, 1247, 901, 861, 1137, 970, 798, 921, 953, 1227, 993, 1047, 1082, 1159, 1061, 1174, 1103, 995, 892, 867, 1069, 1372, 1077, 1036, 944, 1060, 1008, 1003, 1125, 1028, 1055, 1095, 951, 1215, 1064, 951, 853, 1044, 997, 1088, 1016, 991, 1036, 1135, 1001, 1043, 1235, 1020, 1018, 1018, 1076, 845, 1066, 1046, 1027, 1104, 1011, 1140, 1110, 1048, 1059, 1029, 1000, 1125, 1082, 980, 957, 848, 1146, 993, 1031, 980, 1106, 1026, 1190, 860, 966, 1037, 1071, 907, 1032, 982, 1100, 1033, 1144, 1023, 990, 1006, 1068, 905, 1052, 901, 1084, 1086, 1014, 986, 1081, 1066, 994, 1093, 1032, 1047, 983, 955, 996, 1169, 923, 997, 954, 936, 1060, 910, 1002, 1006, 1074, 1176, 872, 1109, 1024, 916, 1069, 1156, 1185, 1105, 1116, 893, 991, 879, 1169, 1116, 951, 1207, 1025, 970, 1053, 1042, 1035, 1050, 987, 1095, 929, 997, 982, 1022, 1075, 1081, 1063, 1003, 1076, 1195, 1017, 1060, 999, 976, 1061, 1119, 1069, 952, 1057, 892, 1100, 996, 1006, 1086, 898, 1116, 911, 873, 1009, 1034, 859, 1013, 1065, 1089, 868, 1048, 903, 1011, 1022, 962, 1051, 1017, 1009, 916, 1077, 1017, 920, 1102, 1198, 1096, 1017, 975, 983, 1104, 1183, 988, 1008, 1101, 1013, 824, 1001, 935, 975, 1000, 1123, 821, 1149, 1009, 861, 923, 1101, 939, 1100, 1061, 794, 1054, 1255, 1192, 1049, 1013, 1130, 1065, 958, 1006, 956, 1108, 1025, 982, 1330, 1089, 967, 881, 919, 972, 1033, 860, 1054, 1116, 977, 1027, 961, 1043, 850, 1032, 998, 1279, 1132, 1031, 965, 1080, 1113, 1023, 1012, 1037, 1057, 1067, 1082, 876, 1077, 996, 967, 1035, 906, 967, 1010, 1194, 993, 1010, 1068, 1004, 1036, 1021, 1062, 959, 913, 1050, 1002, 1024, 1046, 968, 1002, 1187, 1020, 1061, 1072, 1043, 1074, 942, 1007, 1046, 960, 1047, 1085, 863, 1204, 1059, 1128, 882, 1020, 908, 1040, 1190, 1226, 947, 1097, 1010, 1126, 1100, 1010, 1072, 892, 1178, 996, 922, 1022, 955, 975, 954, 1057, 1278, 815, 1155, 1085, 945, 901, 1109, 1160, 980, 973, 1176, 881, 989, 1072, 905, 1015, 1015, 1020, 1012, 1066, 1103, 1129, 1215, 1086, 1159, 968, 849, 1038, 1019, 965, 823, 1074, 871, 1042, 900, 998, 905, 1109, 1053, 1018, 968, 1051, 1078, 926, 901, 1047, 1049, 1088, 1071, 1190, 820, 1150, 953, 1099, 1168, 1124, 1164, 832, 1216, 1016, 1096, 980, 1005, 919, 1001, 1000, 1062, 885, 1146, 951, 935, 995, 957, 1098, 876, 995, 1055, 803, 1091, 1096, 1114, 983, 773, 1008, 1061, 1150, 1162, 902, 1043, 1000, 1134, 975, 1060, 1011, 954, 948, 1031, 1003, 1070, 803, 979, 1092, 901, 1001, 1060, 1137, 1106, 1036, 905, 889, 1008, 1102, 987, 978, 994, 1052, 862, 1008, 997, 1021, 957, 852, 1075, 1007, 1007, 884, 1012, 962, 1097, 1087, 1045, 1115, 975, 1095, 909, 969, 1050, 970, 1088, 1097, 1144, 961, 1056, 1010, 1109, 1004, 904, 1008, 1124, 1009, 1056, 1041, 885, 1090, 1029, 1102, 943, 987, 924, 1075, 1074, 947, 1010, 1199, 979, 1190, 957, 1034, 1186, 1216, 995, 1066, 913, 931, 1072, 941, 1071, 1112, 1057, 1029, 931, 1098, 1098, 1010, 989, 1172, 1090, 1068, 1069, 918, 1026, 1085, 924, 1096, 830, 981, 1054, 913, 1054, 1066, 998, 1029, 1143, 994, 1067, 994, 1031, 880, 1195, 1215, 1201, 877, 953, 998, 1016, 1151, 1030, 969, 974, 1033, 953, 1009, 1015, 1125, 921, 1134, 1014, 971, 1075, 970, 1016, 947, 1172, 1065, 1110, 1077, 1103, 1141, 1120, 1043, 926, 1082, 896, 935, 802, 901, 930, 1216, 1006, 1078, 1028, 970, 911, 1052, 1116, 1040, 948, 933, 948, 1044, 985, 1015, 1093, 1112, 1062, 1181, 1039, 1082, 1208, 1017, 922, 1073, 1137, 1049, 1141, 1175, 934, 1039, 869, 1146, 961, 1084, 1125, 1202, 1026, 833, 1164, 955, 1198, 1081, 1017, 994, 855, 1033, 1216, 1067, 815, 1199, 933, 991, 847, 1180, 1089, 984, 1239, 1065, 1152, 1162, 980, 1086, 1133, 1141, 1108, 1209, 1127, 899, 1025, 972, 809, 939, 1061, 979, 1046, 1033, 1154, 1194, 1030, 970, 988, 1019, 1288, 953, 1089, 1016, 1086, 922, 1124, 1020, 1036, 1050, 1083, 937, 1124, 1110, 998, 1029, 1078, 1044, 972, 997, 883, 978, 1074, 1047, 1084, 1003, 1123, 1024, 1102, 1019, 1007, 992, 834, 976, 1067, 1055, 905, 864, 931, 961, 983, 983, 1005, 1137, 960, 1005, 1046, 957, 1040, 1031, 915, 986, 910, 854, 1130, 990, 1040, 979, 1040, 926, 950, 1087, 1229, 872, 917, 1114, 1116, 1125, 847, 1033, 1116, 1061, 830, 900, 929, 985, 998, 1059, 1122, 1006, 1060, 933, 871, 1035, 882, 1100, 973, 1043, 1018, 1075, 873, 808, 1034, 1075, 1052, 1057, 1111, 1074, 1032, 960, 1035, 1025, 1012, 878, 1055, 1046, 957, 1006, 1089, 1111, 953, 915, 978, 1067, 1132, 1058, 1101, 1051, 1111, 1078, 992, 1078, 919, 944, 930, 1081, 1006, 1124, 928, 1065, 920, 1104, 1018, 1093, 861, 1118, 1031, 1135, 1177, 1117, 989, 952, 952, 852, 928, 949, 1024, 1128, 974, 967, 975, 1071, 957, 992, 862, 1088, 1190, 1021, 1040, 1211, 1150, 1082]

[stfn]
  Promedio : 508.3s
  Desvío   : 55.2s
  IC 95%   : [506.8s, 509.8s]
  Mínimo   : 343s
  Máximo   : 698s
  Tiempos  : [505, 619, 475, 444, 525, 507, 564, 453, 508, 509, 499, 541, 500, 483, 520, 554, 577, 565, 544, 496, 461, 558, 385, 510, 506, 485, 542, 506, 444, 468, 525, 578, 460, 516, 557, 564, 469, 481, 419, 454, 503, 425, 526, 493, 599, 506, 518, 443, 453, 499, 526, 583, 506, 465, 481, 465, 610, 537, 526, 504, 483, 490, 508, 522, 551, 498, 506, 520, 592, 382, 491, 574, 571, 621, 497, 585, 523, 410, 406, 500, 498, 579, 453, 447, 548, 527, 406, 582, 460, 661, 421, 479, 594, 594, 440, 560, 470, 510, 449, 584, 484, 495, 554, 420, 450, 545, 444, 585, 560, 456, 501, 557, 557, 540, 472, 533, 435, 472, 486, 479, 604, 594, 490, 596, 477, 400, 507, 422, 379, 525, 610, 477, 500, 569, 549, 433, 431, 546, 492, 405, 453, 519, 462, 509, 476, 529, 552, 442, 600, 470, 529, 579, 563, 566, 403, 471, 555, 473, 589, 502, 530, 540, 582, 490, 441, 575, 480, 492, 624, 453, 501, 532, 448, 466, 521, 438, 421, 479, 517, 555, 438, 406, 476, 581, 411, 583, 594, 540, 517, 421, 581, 544, 428, 686, 542, 606, 541, 574, 474, 563, 499, 544, 535, 516, 435, 477, 555, 457, 556, 445, 539, 628, 493, 529, 370, 511, 569, 526, 530, 532, 521, 489, 474, 547, 619, 466, 439, 503, 496, 502, 624, 432, 573, 512, 485, 411, 554, 450, 464, 582, 440, 517, 532, 535, 438, 527, 445, 502, 576, 429, 456, 543, 516, 403, 570, 529, 510, 447, 502, 526, 427, 411, 534, 536, 432, 462, 485, 516, 540, 516, 498, 479, 476, 534, 489, 529, 609, 491, 528, 487, 461, 541, 454, 606, 548, 669, 435, 577, 599, 509, 441, 602, 416, 455, 589, 565, 506, 591, 498, 490, 537, 535, 536, 458, 484, 581, 489, 566, 529, 525, 499, 426, 629, 523, 531, 400, 493, 511, 528, 512, 585, 523, 546, 550, 492, 542, 507, 494, 511, 531, 489, 430, 542, 522, 529, 572, 448, 447, 458, 494, 465, 582, 642, 502, 505, 530, 493, 486, 537, 429, 552, 436, 508, 522, 547, 540, 542, 506, 523, 550, 390, 529, 522, 487, 615, 476, 527, 387, 568, 482, 412, 620, 404, 557, 429, 544, 504, 542, 508, 490, 462, 524, 431, 463, 516, 477, 467, 494, 526, 497, 514, 452, 538, 522, 446, 449, 525, 526, 542, 499, 438, 585, 485, 500, 523, 410, 525, 575, 428, 536, 503, 514, 450, 555, 483, 588, 589, 532, 447, 434, 489, 512, 553, 505, 566, 476, 536, 566, 565, 439, 565, 452, 563, 544, 465, 483, 551, 571, 462, 510, 593, 544, 499, 488, 474, 608, 471, 579, 484, 484, 449, 483, 422, 496, 499, 577, 567, 542, 467, 592, 453, 529, 477, 439, 446, 457, 503, 604, 450, 490, 533, 569, 582, 443, 520, 507, 448, 540, 462, 471, 566, 454, 380, 499, 575, 425, 568, 545, 505, 541, 499, 525, 514, 561, 581, 538, 595, 427, 402, 491, 468, 496, 541, 479, 466, 480, 432, 510, 577, 539, 446, 516, 588, 586, 516, 465, 440, 458, 577, 518, 478, 520, 553, 487, 486, 418, 496, 500, 515, 444, 571, 468, 490, 456, 522, 458, 503, 527, 526, 521, 579, 569, 447, 620, 542, 564, 464, 522, 457, 590, 598, 549, 667, 594, 561, 449, 532, 477, 476, 475, 511, 483, 527, 481, 510, 483, 482, 577, 569, 438, 480, 511, 486, 448, 501, 527, 596, 447, 468, 444, 496, 462, 469, 534, 513, 434, 561, 493, 466, 519, 561, 452, 535, 450, 494, 494, 549, 458, 524, 460, 428, 529, 523, 541, 527, 556, 419, 590, 514, 456, 573, 375, 468, 583, 425, 565, 539, 594, 460, 468, 343, 488, 545, 502, 508, 527, 566, 413, 534, 510, 586, 501, 472, 550, 529, 559, 481, 461, 488, 426, 501, 402, 600, 509, 488, 456, 485, 459, 437, 449, 514, 474, 579, 485, 560, 538, 385, 501, 489, 577, 518, 471, 428, 441, 510, 508, 445, 510, 530, 579, 541, 500, 453, 577, 558, 477, 506, 579, 461, 477, 529, 509, 509, 675, 450, 500, 451, 562, 549, 546, 550, 477, 460, 510, 450, 476, 481, 491, 538, 564, 559, 477, 529, 603, 550, 503, 568, 428, 478, 496, 504, 535, 498, 438, 615, 474, 535, 473, 522, 457, 497, 511, 490, 526, 466, 472, 558, 453, 535, 435, 616, 516, 437, 614, 461, 443, 450, 472, 592, 491, 458, 436, 542, 596, 597, 524, 574, 509, 579, 515, 522, 482, 555, 557, 511, 531, 533, 445, 516, 453, 466, 548, 543, 565, 497, 533, 590, 506, 515, 491, 556, 456, 533, 574, 593, 442, 487, 589, 535, 599, 436, 531, 544, 610, 427, 496, 457, 474, 493, 494, 561, 584, 420, 543, 464, 521, 411, 417, 436, 527, 489, 481, 480, 485, 505, 533, 490, 462, 525, 538, 510, 533, 485, 504, 386, 549, 569, 509, 504, 478, 484, 526, 532, 603, 529, 431, 455, 437, 488, 493, 552, 511, 585, 518, 482, 478, 528, 511, 562, 521, 542, 473, 541, 545, 558, 480, 477, 463, 576, 575, 519, 502, 496, 443, 513, 454, 517, 426, 500, 520, 426, 478, 429, 518, 488, 554, 396, 556, 451, 479, 466, 519, 546, 391, 494, 501, 552, 441, 541, 512, 436, 441, 413, 497, 487, 390, 452, 498, 569, 501, 508, 484, 475, 449, 539, 562, 613, 514, 566, 518, 570, 451, 505, 654, 500, 432, 627, 500, 596, 432, 451, 526, 416, 504, 506, 551, 487, 493, 476, 441, 571, 464, 416, 464, 442, 600, 502, 504, 491, 492, 563, 602, 489, 488, 484, 575, 519, 458, 477, 477, 547, 556, 435, 484, 608, 544, 481, 567, 551, 471, 584, 613, 496, 555, 616, 480, 535, 490, 453, 572, 628, 576, 574, 577, 555, 489, 546, 622, 526, 537, 491, 532, 531, 426, 455, 548, 509, 439, 496, 483, 516, 439, 474, 493, 528, 584, 571, 539, 569, 537, 494, 488, 480, 446, 426, 615, 555, 544, 477, 432, 520, 443, 421, 416, 447, 574, 561, 498, 493, 456, 498, 419, 404, 605, 620, 585, 475, 538, 448, 577, 520, 547, 526, 563, 584, 446, 510, 578, 412, 513, 471, 525, 505, 500, 517, 449, 457, 516, 471, 490, 524, 447, 482, 509, 485, 421, 573, 504, 571, 601, 481, 478, 531, 597, 576, 547, 642, 454, 465, 574, 548, 577, 532, 521, 500, 469, 450, 531, 505, 556, 597, 603, 469, 447, 589, 548, 443, 462, 469, 489, 421, 495, 502, 504, 604, 539, 560, 570, 440, 598, 575, 516, 628, 475, 544, 499, 501, 554, 576, 546, 497, 502, 431, 450, 565, 496, 529, 604, 570, 487, 597, 550, 472, 498, 500, 497, 414, 470, 477, 535, 534, 565, 523, 521, 586, 481, 546, 525, 458, 492, 549, 436, 653, 454, 449, 461, 488, 445, 567, 522, 583, 488, 576, 573, 454, 443, 441, 509, 517, 469, 607, 469, 483, 507, 535, 569, 505, 517, 445, 502, 524, 522, 631, 554, 428, 478, 650, 618, 522, 519, 534, 461, 617, 434, 562, 440, 508, 455, 352, 554, 526, 624, 501, 502, 398, 474, 511, 493, 497, 490, 475, 464, 466, 488, 420, 614, 408, 548, 549, 482, 545, 467, 541, 491, 478, 575, 588, 503, 643, 503, 528, 489, 512, 538, 550, 543, 580, 552, 503, 548, 524, 464, 508, 475, 583, 499, 475, 519, 496, 486, 527, 468, 483, 545, 579, 442, 525, 428, 537, 471, 529, 487, 426, 532, 563, 467, 481, 550, 565, 436, 518, 555, 504, 468, 492, 514, 487, 516, 425, 603, 434, 457, 522, 442, 492, 626, 515, 491, 430, 579, 552, 560, 404, 504, 568, 561, 485, 464, 517, 484, 455, 517, 425, 499, 565, 529, 488, 516, 507, 495, 458, 579, 479, 452, 529, 585, 528, 504, 455, 638, 454, 548, 638, 517, 515, 579, 475, 403, 494, 430, 518, 510, 550, 518, 398, 458, 438, 533, 558, 350, 494, 477, 572, 576, 503, 558, 454, 476, 527, 506, 446, 613, 427, 420, 440, 567, 603, 491, 463, 485, 417, 536, 486, 520, 546, 495, 410, 574, 479, 484, 506, 550, 561, 484, 443, 498, 598, 441, 574, 564, 523, 553, 556, 476, 602, 551, 496, 501, 474, 553, 524, 533, 475, 543, 596, 555, 392, 474, 545, 512, 579, 452, 532, 405, 510, 580, 496, 590, 487, 469, 451, 504, 416, 571, 504, 566, 605, 548, 504, 402, 496, 532, 509, 426, 440, 481, 678, 465, 543, 453, 569, 469, 452, 616, 534, 512, 543, 402, 572, 556, 510, 421, 478, 482, 521, 532, 531, 455, 541, 427, 501, 516, 440, 609, 551, 546, 512, 459, 435, 359, 536, 526, 507, 510, 510, 513, 480, 445, 551, 455, 652, 448, 466, 485, 463, 492, 488, 481, 608, 483, 461, 534, 418, 555, 526, 450, 547, 560, 451, 438, 565, 485, 560, 614, 411, 405, 547, 491, 392, 461, 481, 382, 437, 571, 420, 553, 447, 543, 499, 408, 512, 474, 457, 540, 559, 541, 495, 444, 555, 559, 611, 497, 528, 536, 529, 498, 460, 564, 499, 454, 501, 462, 478, 538, 553, 471, 462, 573, 520, 490, 424, 508, 591, 485, 495, 479, 437, 524, 556, 409, 524, 514, 467, 488, 536, 574, 477, 500, 437, 548, 543, 515, 373, 494, 489, 568, 459, 552, 459, 439, 462, 521, 415, 596, 597, 482, 531, 422, 499, 550, 498, 552, 474, 487, 411, 512, 501, 613, 479, 570, 470, 356, 452, 546, 399, 541, 596, 442, 475, 549, 522, 521, 391, 530, 443, 476, 494, 462, 455, 539, 574, 453, 544, 476, 523, 418, 410, 416, 599, 545, 630, 424, 473, 597, 544, 463, 469, 504, 523, 459, 432, 506, 490, 557, 465, 571, 612, 560, 538, 496, 491, 401, 579, 517, 469, 533, 558, 462, 542, 472, 485, 418, 346, 534, 457, 540, 529, 436, 494, 575, 604, 509, 479, 475, 592, 457, 557, 559, 564, 380, 453, 483, 546, 565, 500, 538, 532, 525, 517, 464, 555, 611, 588, 608, 440, 496, 498, 575, 404, 503, 497, 445, 530, 503, 434, 434, 490, 396, 563, 449, 504, 498, 504, 509, 499, 501, 630, 487, 501, 583, 554, 595, 504, 508, 500, 515, 462, 530, 399, 596, 468, 553, 470, 510, 432, 438, 536, 577, 410, 545, 405, 499, 573, 555, 485, 563, 414, 524, 548, 492, 506, 529, 465, 523, 557, 503, 525, 509, 471, 590, 521, 557, 627, 471, 537, 512, 564, 467, 493, 500, 508, 554, 462, 487, 390, 606, 393, 500, 572, 495, 544, 546, 427, 586, 510, 450, 491, 408, 415, 515, 524, 469, 447, 487, 414, 378, 445, 466, 493, 515, 503, 584, 492, 488, 503, 456, 504, 474, 518, 527, 539, 475, 497, 503, 441, 480, 499, 575, 500, 482, 449, 698, 573, 399, 394, 431, 507, 515, 579, 516, 527, 473, 445, 542, 547, 530, 567, 585, 547, 558, 562, 508, 383, 586, 450, 615, 634, 443, 436, 558, 510, 483, 508, 471, 519, 549, 591, 455, 505, 492, 568, 618, 558, 474, 546, 555, 495, 504, 534, 445, 418, 446, 515, 448, 393, 519, 668, 458, 555, 493, 522, 531, 439, 573, 471, 495, 504, 419, 464, 649, 598, 591, 593, 593, 520, 514, 531, 529, 510, 499, 565, 476, 438, 435, 522, 463, 500, 591, 617, 496, 543, 553, 428, 520, 517, 511, 586, 584, 504, 463, 573, 459, 542, 598, 459, 445, 496, 438, 547, 461, 512, 501, 606, 647, 484, 467, 643, 556, 484, 563, 458, 473, 511, 592, 512, 518, 530, 511, 562, 474, 603, 523, 523, 630, 609, 485, 505, 499, 613, 541, 515, 547, 499, 609, 587, 531, 545, 550, 580, 536, 507, 393, 524, 467, 425, 454, 457, 406, 473, 559, 560, 503, 402, 426, 558, 476, 481, 533, 547, 593, 425, 462, 520, 456, 567, 420, 444, 498, 478, 460, 445, 524, 575, 490, 514, 509, 584, 513, 461, 500, 451, 522, 602, 485, 425, 536, 452, 528, 467, 485, 475, 504, 540, 469, 546, 609, 549, 508, 548, 528, 544, 582, 500, 565, 447, 531, 518, 549, 447, 555, 524, 514, 493, 412, 505, 528, 529, 639, 497, 513, 445, 570, 499, 499, 491, 527, 512, 510, 442, 435, 454, 554, 413, 433, 473, 540, 527, 557, 484, 477, 539, 482, 511, 489, 501, 510, 474, 502, 478, 490, 593, 419, 535, 501, 568, 503, 582, 556, 521, 429, 591, 466, 464, 575, 593, 414, 601, 498, 456, 483, 505, 404, 598, 484, 522, 503, 586, 485, 371, 415, 576, 470, 552, 637, 544, 595, 553, 485, 428, 499, 616, 500, 450, 410, 588, 529, 492, 555, 519, 472, 444, 569, 376, 425, 489, 495, 516, 559, 526, 608, 481, 615, 577, 437, 419, 433, 573, 436, 454, 471, 481, 594, 552, 571, 522, 551, 452, 546, 525, 493, 469, 542, 428, 502, 512, 561, 503, 523, 479, 560, 631, 493, 436, 535, 455, 517, 418, 466, 415, 479, 458, 461, 468, 500, 456, 483, 493, 565, 540, 429, 502, 412, 470, 505, 570, 429, 496, 479, 476, 502, 488, 632, 517, 553, 507, 490, 575, 498, 451, 516, 485, 595, 446, 500, 509, 489, 483, 595, 568, 546, 536, 517, 590, 530, 540, 481, 491, 490, 417, 472, 501, 482, 521, 539, 466, 537, 374, 525, 580, 565, 432, 460, 545, 557, 536, 517, 395, 501, 591, 611, 534, 511, 470, 477, 512, 482, 610, 489, 470, 406, 492, 514, 465, 438, 523, 487, 386, 459, 388, 496, 530, 510, 437, 493, 441, 602, 490, 440, 441, 628, 475, 454, 462, 491, 565, 476, 474, 546, 521, 511, 508, 567, 587, 468, 596, 583, 506, 580, 537, 503, 461, 531, 524, 591, 490, 417, 511, 550, 433, 553, 688, 504, 447, 426, 448, 455, 536, 579, 510, 540, 474, 518, 502, 508, 566, 519, 436, 409, 430, 563, 519, 596, 441, 615, 583, 610, 502, 575, 574, 572, 531, 471, 515, 532, 516, 415, 498, 555, 395, 556, 468, 532, 652, 491, 493, 594, 487, 390, 526, 512, 544, 577, 481, 538, 509, 525, 402, 504, 551, 535, 428, 574, 479, 462, 506, 510, 529, 567, 519, 429, 472, 453, 461, 468, 538, 576, 447, 485, 546, 449, 558, 492, 485, 567, 560, 485, 556, 602, 490, 579, 491, 558, 493, 475, 518, 520, 399, 482, 539, 448, 492, 498, 520, 451, 492, 497, 562, 537, 574, 476, 493, 446, 539, 473, 462, 590, 506, 461, 564, 585, 546, 531, 494, 595, 466, 453, 556, 574, 463, 471, 469, 417, 474, 604, 602, 596, 586, 548, 488, 432, 511, 625, 588, 461, 517, 487, 463, 422, 528, 595, 452, 480, 496, 478, 539, 504, 468, 623, 543, 502, 606, 489, 549, 475, 528, 544, 549, 508, 453, 557, 564, 507, 514, 402, 502, 529, 565, 437, 546, 439, 517, 475, 561, 503, 542, 593, 547, 628, 501, 537, 500, 611, 457, 489, 490, 480, 439, 593, 516, 471, 447, 452, 444, 461, 513, 596, 429, 606, 463, 568, 487, 552, 571, 419, 473, 429, 530, 554, 540, 488, 524, 444, 443, 418, 390, 572, 469, 472, 512, 505, 451, 491, 490, 509, 523, 431, 598, 414, 541, 459, 453, 598, 528, 599, 412, 507, 443, 425, 517, 446, 457, 464, 437, 510, 440, 568, 527, 576, 410, 564, 508, 502, 432, 524, 480, 494, 467, 594, 562, 486, 557, 407, 518, 418, 490, 537, 535, 516, 535, 525, 552, 529, 595, 607, 495, 454, 512, 480, 523, 455, 605, 544, 520, 585, 592, 514, 453, 559, 484, 599, 503, 443, 480, 636, 538, 493, 505, 551, 491, 472, 536, 447, 489, 556, 476, 526, 513, 431, 472, 429, 528, 429, 479, 518, 476, 456, 465, 416, 518, 451, 535, 514, 590, 523, 409, 577, 492, 500, 467, 438, 574, 580, 392, 524, 543, 416, 503, 540, 468, 597, 559, 452, 465, 530, 525, 441, 558, 548, 493, 502, 508, 454, 568, 558, 613, 406, 566, 503, 462, 519, 517, 457, 509, 505, 610, 507, 455, 470, 525, 548, 485, 519, 494, 551, 510, 441, 510, 476, 486, 577, 527, 468, 485, 450, 520, 575, 448, 564, 461, 572, 547, 534, 577, 477, 511, 473, 530, 430, 488, 480, 440, 481, 525, 486, 492, 533, 537, 539, 504, 598, 560, 461, 495, 492, 419, 532, 418, 500, 520, 515, 545, 511, 432, 486, 551, 522, 627, 515, 580, 454, 531, 468, 460, 455, 584, 466, 589, 438, 557, 449, 539, 619, 569, 424, 514, 504, 536, 493, 544, 576, 430, 549, 439, 590, 434, 483, 593, 486, 507, 509, 515, 375, 536, 516, 552, 625, 495, 397, 456, 556, 490, 455, 451, 476, 595, 424, 502, 542, 501, 498, 567, 502, 500, 508, 522, 609, 515, 459, 451, 591, 449, 574, 441, 450, 494, 452, 458, 529, 485, 507, 476, 495, 532, 475, 551, 488, 521, 562, 426, 391, 494, 469, 651, 551, 577, 471, 419, 466, 498, 479, 503, 400, 473, 571, 569, 442, 544, 450, 454, 533, 417, 531, 524, 581, 553, 486, 431, 465, 404, 521, 561, 572, 560, 500, 445, 586, 481, 579, 474, 516, 633, 502, 577, 435, 450, 492, 488, 626, 477, 593, 509, 529, 390, 425, 426, 450, 459, 568, 426, 538, 480, 475, 557, 514, 548, 487, 454, 559, 472, 493, 458, 477, 546, 575, 576, 496, 585, 443, 512, 469, 377, 489, 595, 456, 467, 525, 546, 638, 496, 554, 495, 566, 555, 521, 518, 522, 475, 517, 528, 504, 552, 597, 479, 450, 525, 489, 482, 581, 454, 481, 567, 453, 483, 528, 568, 419, 495, 491, 605, 613, 522, 545, 606, 523, 512, 554, 458, 539, 530, 433, 506, 457, 568, 440, 485, 472, 481, 512, 513, 506, 521, 482, 470, 572, 436, 523, 419, 528, 499, 603, 561, 500, 414, 573, 494, 624, 527, 518, 516, 534, 454, 423, 516, 557, 504, 537, 514, 526, 422, 547, 479, 511, 488, 498, 466, 581, 461, 470, 559, 523, 539, 457, 492, 486, 577, 491, 435, 508, 551, 475, 483, 470, 489, 447, 579, 459, 546, 513, 560, 486, 611, 438, 477, 593, 500, 483, 490, 448, 524, 504, 502, 427, 585, 546, 474, 585, 557, 454, 496, 535, 413, 504, 505, 468, 611, 424, 494, 504, 519, 479, 599, 466, 449, 492, 501, 456, 463, 541, 490, 414, 537, 556, 587, 475, 436, 571, 595, 551, 549, 583, 521, 490, 568, 483, 417, 536, 549, 503, 462, 502, 470, 534, 525, 518, 469, 551, 541, 503, 543, 473, 463, 507, 573, 413, 453, 520, 465, 512, 535, 452, 536, 518, 586, 497, 368, 462, 562, 502, 393, 432, 489, 558, 528, 376, 527, 480, 461, 619, 497, 520, 425, 465, 402, 394, 435, 502, 490, 462, 629, 563, 496, 492, 566, 482, 472, 572, 541, 506, 541, 600, 633, 492, 448, 484, 604, 506, 495, 555, 488, 485, 478, 619, 479, 422, 482, 549, 561, 605, 591, 450, 522, 455, 607, 468, 525, 489, 513, 464, 511, 563, 591, 527, 486, 509, 527, 423, 519, 475, 461, 535, 511, 492, 538, 457, 462, 668, 489, 522, 457, 625, 502, 517, 407, 570, 561, 494, 533, 507, 523, 464, 486, 395, 481, 488, 445, 491, 527, 503, 437, 512, 638, 548, 569, 678, 508, 452, 469, 528, 507, 471, 484, 567, 522, 524, 520, 518, 559, 504, 469, 425, 592, 389, 431, 534, 433, 579, 502, 509, 532, 547, 575, 548, 502, 595, 547, 421, 491, 547, 598, 564, 526, 555, 513, 493, 431, 634, 484, 426, 525, 471, 481, 450, 619, 484, 467, 650, 567, 530, 485, 584, 495, 507, 531, 444, 462, 402, 393, 522, 550, 512, 490, 478, 617, 521, 506, 497, 515, 634, 499, 445, 522, 559, 498, 471, 577, 594, 516, 440, 523, 507, 458, 550, 415, 489, 524, 464, 530, 458, 461, 579, 527, 374, 389, 554, 598, 435, 446, 461, 444, 496, 492, 542, 500, 520, 567, 530, 478, 543, 493, 546, 525, 537, 564, 509, 530, 508, 578, 498, 548, 545, 484, 558, 599, 443, 534, 508, 528, 456, 601, 494, 420, 619, 546, 589, 547, 502, 644, 640, 593, 483, 522, 374, 523, 465, 432, 470, 566, 557, 508, 532, 441, 497, 501, 466, 484, 554, 551, 558, 505, 490, 529, 508, 456, 480, 524, 526, 439, 517, 496, 449, 454, 488, 495, 539, 552, 521, 469, 540, 501, 529, 460, 508, 439, 507, 441, 504, 448, 478, 626, 603, 536, 634, 537, 570, 537, 418, 481, 444, 470, 584, 503, 458, 554, 516, 418, 617, 410, 538, 506, 477, 555, 464, 475, 425, 515, 476, 530, 477, 459, 557, 504, 391, 556, 534, 483, 469, 556, 568, 459, 484, 542, 666, 506, 511, 453, 373, 570, 550, 501, 574, 429, 553, 464, 517, 513, 438, 561, 612, 565, 496, 543, 577, 514, 513, 462, 496, 503, 438, 458, 500, 591, 442, 502, 518, 563, 535, 514, 551, 482, 608, 475, 547, 402, 450, 497, 549, 566, 536, 511, 413, 552, 484, 477, 558, 502, 580, 474, 494, 581, 571, 527, 462, 396, 489, 515, 501, 452, 557, 425, 453, 541, 547, 455, 594, 465, 515, 430, 541, 581, 478, 494, 556, 598, 535, 521, 444, 363, 450, 575, 568, 584, 557, 474, 462, 535, 513, 466, 436, 503, 464, 533, 534, 575, 506, 498, 415, 441, 496, 532, 525, 597, 411, 613, 561, 564, 503, 450, 565, 518, 504, 491, 486, 535, 465, 472, 501, 553, 505, 493, 450, 519, 459, 551, 536, 442, 439, 562, 467, 464, 582, 479, 562, 588, 621, 444, 455, 512, 599, 459, 427, 483, 567, 525, 476, 513, 539, 452, 546, 581, 504, 480, 473, 483, 474, 470, 454, 522, 541, 559, 444, 498, 536, 412, 533, 492, 624, 474, 469, 455, 501, 514, 524, 422, 527, 454, 604, 544, 581, 542, 531, 415, 497, 505, 479, 536, 614, 548, 501, 582, 523, 554, 596, 432, 466, 462, 541, 592, 453, 477, 480, 633, 453, 525, 421, 410, 401, 487, 458, 510, 532, 480, 610, 500, 526, 544, 535, 553, 421, 478, 471, 425, 490, 529, 395, 515, 589, 493, 518, 513, 440, 490, 564, 460, 506, 480, 581, 501, 449, 522, 500, 553, 487, 502, 474, 533, 452, 538, 536, 546, 474, 453, 501, 549, 638, 519, 564, 536, 470, 476, 510, 664, 457, 545, 567, 578, 439, 464, 514, 466, 540, 634, 437, 490, 539, 555, 498, 605, 486, 607, 533, 445, 449, 592, 481, 453, 500, 502, 572, 566, 447, 435, 491, 529, 475, 458, 496, 590, 449, 545, 419, 571, 562, 478, 560, 573, 472, 562, 460, 605, 614, 452, 517, 614, 508, 443, 573, 497, 478, 468, 514, 535, 449, 489, 519, 422, 559, 514, 462, 402, 510, 517, 456, 510, 581, 554, 458, 484, 510, 475, 551, 447, 521, 567, 475, 504, 494, 511, 490, 539, 551, 469, 518, 546, 482, 408, 519, 624, 458, 518, 470, 472, 493, 479, 608, 482, 446, 658, 509, 535, 538, 415, 584, 571, 466, 526, 434, 456, 412, 462, 562, 506, 501, 554, 463, 521, 605, 529, 550, 424, 463, 587, 466, 472, 533, 453, 585, 544, 553, 473, 399, 441, 508, 471, 487, 559, 437, 566, 563, 579, 502, 487, 545, 547, 480, 395, 474, 651, 488, 475, 476, 556, 499, 618, 551, 598, 469, 479, 489, 486, 453, 484, 509, 481, 516, 469, 447, 548, 558, 457, 487, 441, 496, 471, 535, 554, 513, 533, 562, 414, 476, 534, 565, 495, 413, 504, 611, 457, 425, 465, 432, 507, 598, 549, 529, 482, 518, 491, 555, 612, 417, 509, 481, 511, 580, 584, 490, 434, 628, 500, 596, 438, 610, 405, 483, 497, 484, 571, 531, 493, 478, 544, 551, 610, 553, 489, 396, 568, 534, 505, 486, 541, 500, 552, 506, 542, 467, 526, 431, 511, 551, 465, 511, 616, 485, 468, 468, 485, 540, 495, 619, 541, 590, 599, 561, 417, 516, 565, 511, 502, 507, 458, 522, 521, 516, 427, 474, 506, 447, 476, 546, 501, 561, 490, 525, 604, 439, 497, 437, 523, 474, 600, 511, 638, 499, 499, 446, 462, 504, 593, 474, 426, 567, 477, 470, 515, 560, 493, 492, 504, 517, 552, 605, 514, 464, 462, 472, 538, 590, 625, 438, 527, 631, 544, 459, 633, 503, 576, 559, 441, 437, 470, 563, 579, 576, 668, 378, 561, 565, 483, 541, 499, 413, 496, 492, 397, 511, 599, 516, 515, 489, 509, 483, 533, 611, 536, 502, 630, 574, 468, 481, 586, 508, 624, 482, 505, 577, 459, 528, 438, 504, 441, 462, 514, 625, 550, 465, 547, 452, 469, 419, 540, 546, 526, 538, 441, 463, 467, 491, 555, 457, 401, 567, 450, 441, 415, 538, 575, 555, 461, 557, 520, 560, 467, 665, 379, 463, 508, 442, 551, 604, 468, 359, 460, 481, 521, 547, 487, 494, 492, 527, 455, 518, 542, 539, 503, 627, 425, 449, 489, 427, 607, 565, 528, 532, 500, 426, 417, 512, 451, 447, 437, 534, 437, 559, 525, 456, 507, 457, 528, 634, 511, 529, 457, 543, 492, 534, 558, 435, 401, 519, 475, 603, 546, 510, 555, 484, 584, 498, 470, 489, 433, 538, 513, 511, 636, 447, 464, 499, 483, 507, 540, 450, 571, 585, 469, 578, 575, 532, 464, 540, 538, 535, 520, 525, 583, 538, 473, 499, 460, 439, 549, 445, 459, 419, 453, 555, 502, 576, 527, 497, 567, 451, 456, 572, 544, 488, 377, 559, 501, 474, 455, 543, 572, 502, 571, 537, 555, 499, 532, 565, 495, 470, 597, 571, 514, 505, 411, 430, 607, 527, 515, 559, 533, 482, 467, 501, 420, 439, 463, 444, 485, 458, 534, 529, 554, 493, 483, 414, 601, 481, 577, 508, 441, 527, 411, 463, 510, 435, 628, 545, 466, 514, 570, 482, 635, 601, 492, 479, 565, 586, 511, 510, 497, 516, 405, 478, 583, 527, 477, 550, 553, 457, 497, 527, 557, 440, 539, 458, 477, 502, 485, 562, 511, 593, 549, 406, 473, 469, 496, 567, 494, 588, 553, 526, 512, 554, 474, 402, 425, 465, 422, 503, 518, 417, 508, 509, 509, 491, 486, 480, 543, 402, 516, 566, 451, 592, 446, 577, 556, 412, 527, 538, 499, 562, 510, 537, 433, 496, 456, 460, 576, 431, 555, 547, 465, 472, 491, 519, 478, 506, 618, 486, 541, 476, 453, 544, 496, 437, 501, 508, 572, 421, 509, 396, 532, 584, 440, 523, 575, 494, 533, 470, 460, 575, 470, 610, 560, 523, 499, 467, 479, 413, 492, 514, 556, 590, 621, 481, 506, 405, 440, 455, 499, 424, 529, 509, 403, 483, 534, 639, 439, 459, 562, 443, 525, 486, 590, 473, 511, 525, 474, 574, 500, 511, 513, 571, 564, 427, 522, 521, 537, 564, 472, 570, 503, 542, 521, 511, 539, 668, 451, 613, 465, 545, 499, 440, 552, 541, 488, 466, 650, 434, 451, 489, 621, 514, 550, 464, 524, 502, 554, 456, 493, 536, 586, 554, 601, 474, 417, 470, 576, 491, 525, 548, 463, 593, 455, 445, 539, 463, 527, 500, 528, 491, 454, 517, 556, 583, 490, 411, 588, 481, 453, 567, 494, 580, 532, 689, 537, 497, 531, 533, 476, 527, 523, 496, 523, 387, 474, 580, 565, 475, 564, 637, 473, 540, 535, 570, 595, 508, 540, 483, 478, 544, 541, 531, 479, 536, 534, 446, 590, 499, 486, 606, 592, 580, 472, 524, 586, 546, 540, 604, 503, 546, 461, 410, 464, 500, 489, 535, 509, 550, 499, 491, 478, 561, 590, 644, 534, 541, 490, 520, 455, 590, 489, 504, 429, 547, 584, 488, 553, 531, 488, 522, 565, 580, 578, 537, 534, 471, 472, 425, 468, 509, 460, 517, 614, 620, 522, 517, 489, 445, 469, 457, 509, 431, 533, 480, 468, 406, 445, 480, 515, 551, 489, 424, 483, 501, 426, 466, 611, 503, 453, 500, 442, 452, 603, 431, 457, 541, 631, 515, 493, 430, 442, 507, 495, 541, 489, 401, 531, 443, 528, 502, 422, 603, 387, 478, 579, 471, 469, 561, 408, 493, 498, 433, 584, 567, 587, 465, 493, 586, 458, 535, 541, 512, 536, 497, 430, 552, 551, 449, 574, 506, 546, 510, 542, 620, 545, 513, 554, 528, 489, 454, 538, 481, 565, 489, 470, 545, 528, 491, 532, 443, 443, 440, 525, 534, 459, 488, 511, 525, 498, 458, 529, 634, 485, 584, 457, 525, 499, 429, 449, 428, 561, 466, 490, 581, 587, 584, 480, 556, 534, 504, 493, 529, 485, 453, 532, 439, 520, 526, 513, 535, 571, 485, 578, 468, 474, 503, 548, 531, 445, 603, 610, 451, 500, 582, 576, 505, 456, 503, 475, 407, 526, 547, 457, 547, 518, 483, 537, 509, 449, 438, 595, 555, 503, 471, 568, 519, 529, 547, 567, 400, 473, 592, 520, 478, 501, 503, 461, 622, 487, 479, 593, 514, 560, 447, 599, 434, 516, 515, 470, 603, 635, 615, 479, 514, 444, 538, 418, 391, 563, 465, 557, 534, 601, 534, 434, 574, 483, 472, 544, 552, 561, 486, 480, 480, 530, 625, 367, 493, 492, 474, 479, 522, 473, 562, 452, 498, 536, 463, 455, 482, 466, 530, 561, 497, 485, 566, 495, 577, 543, 550, 582, 463, 559, 416, 577, 439, 515, 463, 504, 501, 503, 468, 581, 533, 534, 479, 475, 597, 460, 654, 487, 514, 429, 559, 533, 565, 507, 502, 581, 472, 506, 461, 519, 453, 447, 481, 606, 452, 429, 517, 494, 533, 467, 548, 428, 571, 472, 451, 447, 506, 517, 477, 442, 550, 405, 520, 468, 522, 497, 515, 509, 578, 504, 473, 465, 498, 460, 508, 564, 490, 657, 502, 493, 499, 621, 490, 483, 525, 410, 495, 372, 509, 407, 536, 480, 481, 550, 434, 580, 439, 563, 510, 453, 383, 500, 543, 555, 455, 526, 507, 529, 581, 480, 398, 509, 501, 551, 457, 435, 457, 481, 483, 538, 486, 474, 574, 471, 471, 583, 481, 504, 547, 626, 439, 473, 431, 481, 601, 485, 620, 570, 485, 478, 456, 489, 419, 552, 513, 595, 468, 575, 536, 525, 554, 513, 495, 439, 389, 476, 480, 542, 487, 402, 628, 542, 550, 416, 465, 542, 566, 535, 421, 480, 525, 596, 499]

