Resultados de simulación — 20260922_191514
Pasajeros: 100 | P(carry-on): 0.9 | Simulaciones por política: 5000
============================================================

[rand]
  Promedio : 1430.2s
  Desvío   : 80.4s
  IC 95%   : [1428.0s, 1432.5s]
  Mínimo   : 1170s
  Máximo   : 1776s
  Tiempos  : [1427, 1456, 1551, 1484, 1385, 1442, 1543, 1393, 1452, 1325, 1589, 1254, 1384, 1553, 1473, 1380, 1541, 1428, 1351, 1413, 1500, 1460, 1551, 1394, 1518, 1508, 1385, 1335, 1380, 1417, 1328, 1373, 1315, 1413, 1473, 1400, 1421, 1370, 1315, 1350, 1481, 1541, 1472, 1444, 1499, 1241, 1354, 1460, 1419, 1590, 1419, 1464, 1321, 1280, 1504, 1479, 1428, 1427, 1455, 1540, 1390, 1522, 1392, 1555, 1389, 1327, 1479, 1239, 1579, 1425, 1363, 1439, 1475, 1474, 1334, 1355, 1487, 1475, 1499, 1468, 1525, 1532, 1446, 1479, 1546, 1324, 1445, 1471, 1410, 1347, 1495, 1257, 1581, 1421, 1490, 1485, 1416, 1466, 1421, 1573, 1540, 1485, 1493, 1481, 1355, 1412, 1496, 1417, 1473, 1407, 1393, 1512, 1542, 1281, 1537, 1447, 1434, 1573, 1382, 1438, 1441, 1346, 1351, 1445, 1411, 1360, 1486, 1387, 1456, 1456, 1328, 1443, 1422, 1404, 1526, 1493, 1538, 1408, 1443, 1437, 1451, 1361, 1479, 1383, 1421, 1491, 1495, 1429, 1441, 1451, 1446, 1315, 1495, 1407, 1459, 1466, 1516, 1299, 1401, 1432, 1451, 1488, 1281, 1482, 1291, 1521, 1502, 1418, 1341, 1486, 1443, 1450, 1368, 1503, 1427, 1513, 1508, 1305, 1376, 1401, 1411, 1448, 1403, 1439, 1486, 1402, 1514, 1532, 1467, 1301, 1398, 1351, 1325, 1499, 1468, 1394, 1356, 1526, 1407, 1469, 1522, 1370, 1483, 1369, 1405, 1426, 1517, 1388, 1604, 1437, 1435, 1517, 1401, 1397, 1452, 1416, 1392, 1465, 1418, 1400, 1417, 1472, 1599, 1513, 1408, 1327, 1354, 1525, 1352, 1509, 1490, 1408, 1487, 1437, 1459, 1480, 1469, 1461, 1422, 1349, 1378, 1512, 1345, 1353, 1362, 1290, 1455, 1487, 1439, 1567, 1450, 1554, 1387, 1504, 1425, 1479, 1331, 1586, 1462, 1662, 1383, 1474, 1362, 1439, 1457, 1265, 1362, 1368, 1449, 1382, 1484, 1319, 1400, 1356, 1433, 1332, 1525, 1457, 1455, 1391, 1511, 1368, 1486, 1572, 1358, 1456, 1502, 1471, 1524, 1442, 1482, 1337, 1414, 1294, 1287, 1502, 1520, 1442, 1386, 1438, 1362, 1395, 1431, 1471, 1360, 1346, 1494, 1670, 1476, 1467, 1449, 1308, 1403, 1355, 1397, 1406, 1336, 1495, 1440, 1378, 1504, 1491, 1366, 1487, 1421, 1454, 1435, 1423, 1481, 1665, 1383, 1570, 1395, 1544, 1516, 1318, 1389, 1379, 1380, 1298, 1363, 1390, 1534, 1546, 1416, 1349, 1354, 1592, 1485, 1424, 1431, 1487, 1275, 1419, 1370, 1269, 1454, 1534, 1493, 1449, 1391, 1266, 1497, 1594, 1463, 1378, 1447, 1407, 1616, 1430, 1407, 1538, 1412, 1342, 1579, 1549, 1437, 1450, 1460, 1503, 1410, 1456, 1400, 1484, 1453, 1337, 1460, 1562, 1422, 1377, 1452, 1513, 1443, 1439, 1366, 1532, 1571, 1367, 1513, 1433, 1389, 1412, 1389, 1358, 1439, 1479, 1421, 1416, 1437, 1450, 1565, 1515, 1513, 1413, 1392, 1487, 1345, 1430, 1518, 1470, 1476, 1368, 1470, 1433, 1568, 1432, 1462, 1290, 1446, 1547, 1592, 1326, 1414, 1599, 1488, 1430, 1521, 1405, 1448, 1348, 1318, 1491, 1439, 1385, 1422, 1444, 1584, 1413, 1359, 1629, 1449, 1509, 1476, 1348, 1452, 1455, 1525, 1225, 1402, 1481, 1380, 1411, 1438, 1397, 1394, 1415, 1349, 1377, 1362, 1455, 1299, 1438, 1301, 1519, 1393, 1402, 1348, 1444, 1479, 1436, 1617, 1459, 1367, 1339, 1375, 1453, 1392, 1420, 1403, 1351, 1407, 1437, 1336, 1420, 1474, 1493, 1457, 1557, 1518, 1529, 1495, 1490, 1286, 1433, 1438, 1511, 1364, 1370, 1407, 1488, 1478, 1456, 1401, 1478, 1338, 1478, 1423, 1345, 1370, 1316, 1458, 1458, 1462, 1432, 1458, 1335, 1336, 1400, 1453, 1403, 1604, 1337, 1483, 1478, 1451, 1452, 1489, 1445, 1500, 1504, 1567, 1379, 1420, 1447, 1677, 1287, 1603, 1473, 1354, 1373, 1406, 1381, 1533, 1409, 1493, 1611, 1388, 1437, 1505, 1330, 1388, 1479, 1530, 1484, 1456, 1454, 1352, 1496, 1255, 1312, 1495, 1491, 1412, 1445, 1476, 1454, 1402, 1438, 1411, 1361, 1381, 1414, 1521, 1303, 1413, 1500, 1452, 1329, 1421, 1491, 1465, 1469, 1496, 1468, 1394, 1491, 1529, 1313, 1506, 1317, 1462, 1474, 1324, 1563, 1354, 1460, 1504, 1419, 1509, 1418, 1395, 1584, 1305, 1284, 1415, 1507, 1476, 1379, 1361, 1534, 1465, 1364, 1513, 1540, 1423, 1499, 1369, 1515, 1508, 1311, 1450, 1343, 1435, 1299, 1432, 1324, 1354, 1305, 1551, 1403, 1441, 1464, 1348, 1476, 1404, 1474, 1374, 1377, 1340, 1374, 1381, 1446, 1462, 1264, 1467, 1434, 1476, 1483, 1219, 1445, 1466, 1524, 1531, 1346, 1322, 1452, 1378, 1391, 1412, 1426, 1510, 1360, 1575, 1493, 1437, 1416, 1377, 1511, 1378, 1416, 1322, 1266, 1516, 1381, 1492, 1542, 1398, 1436, 1583, 1410, 1329, 1605, 1456, 1382, 1339, 1417, 1355, 1326, 1392, 1609, 1441, 1564, 1489, 1470, 1357, 1459, 1372, 1433, 1389, 1542, 1469, 1497, 1637, 1438, 1505, 1392, 1455, 1435, 1371, 1527, 1491, 1346, 1416, 1282, 1497, 1397, 1245, 1320, 1406, 1419, 1324, 1495, 1448, 1435, 1489, 1388, 1445, 1337, 1349, 1541, 1347, 1435, 1498, 1479, 1549, 1320, 1552, 1337, 1418, 1430, 1429, 1433, 1452, 1413, 1457, 1417, 1458, 1380, 1276, 1444, 1476, 1480, 1365, 1521, 1376, 1446, 1424, 1396, 1545, 1470, 1418, 1481, 1299, 1528, 1443, 1345, 1345, 1416, 1523, 1565, 1491, 1444, 1520, 1439, 1397, 1406, 1425, 1373, 1522, 1453, 1447, 1435, 1450, 1431, 1511, 1377, 1391, 1264, 1451, 1332, 1477, 1553, 1457, 1435, 1435, 1452, 1296, 1597, 1430, 1506, 1529, 1419, 1325, 1361, 1523, 1358, 1544, 1399, 1360, 1373, 1393, 1528, 1500, 1404, 1377, 1471, 1428, 1399, 1324, 1500, 1378, 1464, 1394, 1572, 1437, 1457, 1420, 1401, 1361, 1393, 1444, 1574, 1348, 1491, 1447, 1466, 1385, 1444, 1420, 1445, 1606, 1426, 1424, 1450, 1534, 1241, 1436, 1396, 1366, 1393, 1381, 1440, 1615, 1301, 1442, 1428, 1352, 1390, 1348, 1399, 1417, 1272, 1575, 1402, 1521, 1283, 1386, 1323, 1449, 1529, 1398, 1415, 1403, 1396, 1566, 1373, 1490, 1327, 1403, 1523, 1415, 1385, 1392, 1445, 1414, 1599, 1415, 1263, 1504, 1402, 1496, 1430, 1401, 1418, 1387, 1483, 1474, 1548, 1302, 1371, 1364, 1392, 1446, 1462, 1520, 1429, 1445, 1500, 1508, 1347, 1260, 1365, 1437, 1515, 1491, 1257, 1345, 1325, 1390, 1373, 1376, 1471, 1376, 1404, 1350, 1408, 1293, 1656, 1408, 1362, 1414, 1435, 1306, 1500, 1542, 1416, 1456, 1553, 1433, 1333, 1319, 1423, 1363, 1298, 1381, 1469, 1439, 1500, 1402, 1382, 1356, 1433, 1477, 1607, 1456, 1469, 1461, 1519, 1498, 1428, 1503, 1380, 1576, 1562, 1424, 1415, 1355, 1396, 1478, 1398, 1490, 1356, 1537, 1303, 1415, 1459, 1389, 1325, 1531, 1374, 1214, 1369, 1579, 1484, 1483, 1444, 1374, 1544, 1426, 1410, 1347, 1478, 1530, 1467, 1272, 1293, 1519, 1529, 1389, 1535, 1506, 1272, 1480, 1384, 1614, 1491, 1358, 1372, 1484, 1415, 1395, 1405, 1480, 1483, 1392, 1494, 1422, 1506, 1485, 1396, 1387, 1409, 1460, 1488, 1357, 1339, 1473, 1309, 1483, 1460, 1376, 1406, 1406, 1323, 1499, 1582, 1413, 1328, 1381, 1514, 1390, 1425, 1492, 1499, 1458, 1507, 1382, 1491, 1348, 1374, 1439, 1419, 1459, 1504, 1407, 1402, 1252, 1438, 1428, 1424, 1399, 1432, 1456, 1547, 1534, 1420, 1396, 1389, 1258, 1601, 1549, 1463, 1296, 1459, 1545, 1463, 1358, 1457, 1351, 1474, 1355, 1485, 1362, 1439, 1428, 1505, 1381, 1486, 1294, 1269, 1420, 1421, 1403, 1416, 1437, 1422, 1424, 1467, 1336, 1562, 1637, 1422, 1334, 1395, 1327, 1397, 1345, 1379, 1376, 1449, 1348, 1477, 1500, 1404, 1489, 1385, 1411, 1294, 1302, 1536, 1442, 1435, 1356, 1450, 1522, 1301, 1420, 1406, 1437, 1361, 1447, 1497, 1386, 1490, 1476, 1495, 1609, 1359, 1477, 1492, 1445, 1398, 1363, 1536, 1543, 1443, 1388, 1574, 1526, 1517, 1570, 1316, 1351, 1312, 1414, 1255, 1338, 1273, 1458, 1444, 1592, 1402, 1397, 1554, 1389, 1483, 1421, 1380, 1567, 1382, 1410, 1409, 1384, 1586, 1575, 1494, 1548, 1300, 1503, 1376, 1502, 1521, 1577, 1526, 1472, 1253, 1363, 1506, 1483, 1410, 1537, 1388, 1271, 1565, 1525, 1525, 1291, 1420, 1471, 1422, 1449, 1463, 1448, 1417, 1436, 1497, 1427, 1375, 1384, 1352, 1310, 1509, 1473, 1480, 1407, 1518, 1474, 1468, 1310, 1390, 1285, 1465, 1527, 1306, 1588, 1470, 1428, 1472, 1463, 1276, 1409, 1509, 1450, 1430, 1410, 1413, 1618, 1452, 1406, 1388, 1278, 1537, 1433, 1491, 1529, 1425, 1239, 1329, 1406, 1542, 1439, 1410, 1375, 1387, 1477, 1431, 1452, 1397, 1425, 1394, 1389, 1386, 1549, 1458, 1408, 1525, 1525, 1367, 1350, 1433, 1340, 1352, 1327, 1355, 1417, 1378, 1407, 1340, 1396, 1370, 1578, 1482, 1354, 1360, 1429, 1538, 1484, 1460, 1692, 1414, 1410, 1540, 1435, 1532, 1430, 1492, 1413, 1378, 1342, 1484, 1336, 1539, 1557, 1353, 1569, 1352, 1386, 1264, 1254, 1428, 1482, 1286, 1349, 1402, 1427, 1399, 1395, 1472, 1520, 1434, 1427, 1534, 1335, 1533, 1556, 1527, 1363, 1535, 1482, 1564, 1404, 1392, 1321, 1505, 1434, 1468, 1435, 1552, 1405, 1339, 1335, 1298, 1427, 1504, 1413, 1387, 1502, 1480, 1406, 1541, 1503, 1469, 1378, 1330, 1540, 1483, 1449, 1460, 1469, 1508, 1390, 1352, 1439, 1489, 1511, 1490, 1448, 1413, 1615, 1553, 1519, 1468, 1286, 1416, 1374, 1369, 1314, 1447, 1325, 1280, 1477, 1305, 1279, 1504, 1432, 1520, 1366, 1495, 1442, 1619, 1342, 1524, 1269, 1343, 1459, 1493, 1450, 1357, 1469, 1481, 1534, 1523, 1222, 1411, 1533, 1455, 1436, 1379, 1409, 1497, 1355, 1326, 1337, 1460, 1589, 1322, 1366, 1535, 1358, 1342, 1594, 1463, 1332, 1363, 1368, 1556, 1477, 1389, 1385, 1307, 1491, 1286, 1558, 1451, 1505, 1487, 1523, 1493, 1516, 1458, 1474, 1380, 1356, 1611, 1330, 1382, 1501, 1393, 1373, 1434, 1280, 1304, 1409, 1393, 1384, 1339, 1593, 1445, 1288, 1401, 1454, 1430, 1508, 1306, 1625, 1396, 1470, 1372, 1495, 1388, 1428, 1386, 1371, 1411, 1369, 1374, 1515, 1381, 1395, 1411, 1490, 1364, 1369, 1423, 1405, 1455, 1373, 1454, 1560, 1390, 1362, 1297, 1573, 1440, 1360, 1542, 1323, 1427, 1407, 1356, 1195, 1390, 1402, 1362, 1352, 1404, 1534, 1479, 1319, 1476, 1498, 1504, 1403, 1410, 1489, 1487, 1458, 1418, 1493, 1362, 1517, 1537, 1329, 1366, 1501, 1531, 1529, 1452, 1344, 1436, 1599, 1447, 1515, 1574, 1463, 1341, 1438, 1412, 1555, 1440, 1386, 1424, 1456, 1375, 1299, 1467, 1422, 1447, 1241, 1476, 1505, 1536, 1296, 1418, 1399, 1442, 1292, 1286, 1451, 1445, 1548, 1490, 1490, 1447, 1387, 1450, 1486, 1476, 1436, 1373, 1361, 1471, 1493, 1538, 1466, 1351, 1398, 1411, 1427, 1477, 1332, 1305, 1435, 1493, 1397, 1533, 1251, 1533, 1381, 1408, 1407, 1492, 1353, 1367, 1392, 1334, 1346, 1515, 1384, 1425, 1567, 1324, 1594, 1413, 1554, 1333, 1281, 1514, 1446, 1511, 1320, 1380, 1286, 1448, 1452, 1382, 1382, 1385, 1401, 1452, 1451, 1247, 1481, 1340, 1491, 1346, 1474, 1366, 1285, 1308, 1485, 1480, 1481, 1478, 1395, 1505, 1458, 1458, 1310, 1352, 1464, 1351, 1436, 1569, 1537, 1382, 1508, 1352, 1515, 1299, 1395, 1496, 1526, 1390, 1436, 1338, 1374, 1441, 1393, 1417, 1449, 1616, 1372, 1493, 1525, 1464, 1489, 1485, 1335, 1445, 1443, 1396, 1364, 1375, 1346, 1512, 1345, 1480, 1393, 1369, 1503, 1394, 1502, 1522, 1334, 1338, 1328, 1395, 1510, 1435, 1362, 1298, 1493, 1449, 1514, 1463, 1422, 1401, 1513, 1290, 1378, 1378, 1281, 1487, 1481, 1295, 1548, 1407, 1473, 1500, 1392, 1460, 1523, 1475, 1289, 1456, 1358, 1498, 1541, 1398, 1457, 1411, 1446, 1551, 1404, 1343, 1430, 1598, 1429, 1364, 1329, 1309, 1462, 1517, 1308, 1220, 1270, 1530, 1297, 1381, 1415, 1456, 1317, 1409, 1366, 1423, 1515, 1502, 1367, 1378, 1646, 1480, 1322, 1631, 1490, 1265, 1455, 1293, 1342, 1356, 1431, 1364, 1512, 1459, 1443, 1381, 1529, 1533, 1359, 1636, 1408, 1351, 1685, 1360, 1374, 1382, 1493, 1367, 1512, 1242, 1425, 1492, 1474, 1530, 1532, 1575, 1567, 1554, 1384, 1373, 1450, 1636, 1358, 1381, 1493, 1317, 1507, 1508, 1413, 1364, 1319, 1322, 1517, 1359, 1381, 1307, 1364, 1481, 1442, 1408, 1534, 1440, 1438, 1497, 1559, 1385, 1403, 1365, 1526, 1473, 1458, 1387, 1561, 1303, 1542, 1356, 1565, 1508, 1459, 1482, 1388, 1498, 1449, 1520, 1474, 1403, 1416, 1366, 1414, 1516, 1321, 1488, 1490, 1264, 1339, 1449, 1464, 1449, 1419, 1352, 1371, 1452, 1510, 1366, 1371, 1399, 1271, 1444, 1346, 1466, 1542, 1304, 1431, 1375, 1460, 1524, 1435, 1461, 1269, 1309, 1395, 1410, 1482, 1447, 1319, 1535, 1516, 1516, 1326, 1407, 1489, 1433, 1440, 1367, 1550, 1517, 1384, 1241, 1393, 1411, 1327, 1416, 1342, 1364, 1358, 1517, 1340, 1506, 1395, 1413, 1324, 1436, 1603, 1411, 1419, 1450, 1419, 1365, 1374, 1397, 1450, 1422, 1398, 1439, 1605, 1407, 1483, 1361, 1481, 1454, 1473, 1487, 1539, 1456, 1327, 1564, 1455, 1406, 1606, 1340, 1393, 1289, 1398, 1485, 1508, 1304, 1410, 1498, 1342, 1562, 1423, 1542, 1446, 1463, 1535, 1474, 1418, 1535, 1407, 1452, 1582, 1362, 1437, 1528, 1378, 1458, 1409, 1444, 1467, 1328, 1531, 1384, 1465, 1377, 1507, 1367, 1358, 1412, 1482, 1468, 1329, 1433, 1330, 1372, 1502, 1433, 1439, 1386, 1485, 1306, 1385, 1439, 1482, 1453, 1423, 1441, 1394, 1554, 1281, 1349, 1359, 1410, 1452, 1405, 1416, 1418, 1425, 1440, 1376, 1380, 1454, 1439, 1476, 1440, 1418, 1542, 1411, 1390, 1359, 1362, 1320, 1497, 1663, 1275, 1514, 1440, 1338, 1516, 1430, 1440, 1424, 1457, 1447, 1575, 1452, 1431, 1510, 1520, 1365, 1343, 1475, 1308, 1472, 1470, 1436, 1324, 1541, 1405, 1625, 1317, 1446, 1411, 1368, 1333, 1269, 1390, 1437, 1500, 1448, 1429, 1513, 1498, 1404, 1347, 1645, 1351, 1472, 1468, 1455, 1393, 1282, 1451, 1340, 1485, 1425, 1500, 1479, 1343, 1325, 1467, 1391, 1475, 1389, 1356, 1423, 1436, 1474, 1560, 1322, 1454, 1371, 1508, 1370, 1583, 1333, 1357, 1445, 1492, 1420, 1549, 1304, 1382, 1472, 1440, 1454, 1387, 1350, 1397, 1522, 1314, 1359, 1584, 1402, 1369, 1620, 1484, 1294, 1475, 1638, 1410, 1459, 1480, 1451, 1547, 1467, 1339, 1530, 1399, 1526, 1481, 1385, 1389, 1386, 1366, 1547, 1312, 1431, 1463, 1339, 1514, 1344, 1458, 1435, 1393, 1300, 1412, 1344, 1442, 1362, 1441, 1331, 1513, 1387, 1540, 1373, 1549, 1444, 1422, 1436, 1422, 1680, 1474, 1427, 1502, 1529, 1253, 1426, 1559, 1525, 1486, 1386, 1400, 1498, 1487, 1325, 1493, 1439, 1436, 1416, 1336, 1411, 1402, 1401, 1421, 1473, 1485, 1329, 1484, 1413, 1244, 1315, 1343, 1495, 1546, 1383, 1533, 1364, 1281, 1383, 1440, 1391, 1421, 1594, 1592, 1521, 1265, 1430, 1382, 1409, 1454, 1316, 1390, 1348, 1527, 1322, 1259, 1481, 1476, 1309, 1478, 1438, 1349, 1486, 1299, 1598, 1347, 1521, 1307, 1468, 1482, 1536, 1461, 1543, 1255, 1420, 1414, 1437, 1441, 1406, 1537, 1439, 1462, 1424, 1315, 1438, 1381, 1225, 1378, 1435, 1569, 1361, 1407, 1548, 1380, 1374, 1521, 1378, 1496, 1460, 1454, 1412, 1347, 1454, 1528, 1328, 1412, 1439, 1374, 1468, 1531, 1286, 1519, 1354, 1509, 1479, 1543, 1212, 1423, 1349, 1375, 1541, 1448, 1309, 1457, 1389, 1497, 1502, 1361, 1387, 1441, 1463, 1338, 1454, 1365, 1522, 1440, 1460, 1355, 1444, 1374, 1398, 1401, 1461, 1377, 1455, 1560, 1448, 1421, 1443, 1384, 1364, 1461, 1517, 1445, 1401, 1416, 1483, 1357, 1462, 1376, 1432, 1498, 1378, 1476, 1527, 1596, 1455, 1324, 1522, 1367, 1362, 1317, 1571, 1458, 1414, 1490, 1499, 1574, 1474, 1351, 1520, 1398, 1440, 1451, 1357, 1325, 1364, 1405, 1382, 1345, 1415, 1581, 1569, 1401, 1348, 1396, 1440, 1454, 1508, 1374, 1406, 1458, 1439, 1374, 1403, 1434, 1391, 1407, 1476, 1320, 1388, 1475, 1306, 1454, 1423, 1529, 1508, 1568, 1361, 1490, 1327, 1401, 1433, 1361, 1484, 1496, 1451, 1428, 1454, 1592, 1424, 1365, 1497, 1474, 1407, 1392, 1466, 1443, 1595, 1400, 1350, 1607, 1469, 1510, 1458, 1351, 1274, 1481, 1455, 1556, 1408, 1511, 1335, 1377, 1470, 1497, 1490, 1528, 1516, 1484, 1356, 1442, 1413, 1334, 1408, 1328, 1525, 1575, 1389, 1347, 1558, 1412, 1386, 1432, 1341, 1460, 1493, 1384, 1545, 1396, 1260, 1525, 1657, 1512, 1335, 1409, 1501, 1331, 1577, 1431, 1412, 1476, 1563, 1482, 1430, 1460, 1413, 1491, 1369, 1393, 1322, 1285, 1443, 1408, 1601, 1501, 1487, 1485, 1400, 1466, 1529, 1455, 1406, 1461, 1437, 1333, 1421, 1531, 1431, 1334, 1482, 1481, 1468, 1380, 1423, 1427, 1421, 1381, 1281, 1278, 1489, 1352, 1367, 1494, 1535, 1488, 1444, 1302, 1250, 1349, 1345, 1417, 1521, 1394, 1467, 1450, 1397, 1456, 1621, 1433, 1427, 1377, 1413, 1428, 1324, 1590, 1456, 1516, 1230, 1374, 1385, 1459, 1468, 1624, 1418, 1459, 1514, 1463, 1402, 1489, 1409, 1391, 1617, 1445, 1442, 1436, 1383, 1432, 1505, 1472, 1403, 1413, 1421, 1502, 1380, 1368, 1316, 1380, 1518, 1736, 1490, 1367, 1379, 1569, 1489, 1363, 1408, 1507, 1393, 1414, 1415, 1394, 1425, 1412, 1544, 1560, 1376, 1352, 1484, 1361, 1419, 1379, 1352, 1416, 1459, 1377, 1514, 1483, 1347, 1505, 1428, 1465, 1456, 1447, 1392, 1409, 1509, 1504, 1322, 1368, 1286, 1507, 1344, 1530, 1554, 1442, 1513, 1490, 1338, 1402, 1555, 1357, 1426, 1209, 1265, 1420, 1501, 1464, 1458, 1415, 1427, 1483, 1474, 1528, 1343, 1457, 1516, 1424, 1411, 1366, 1361, 1332, 1378, 1434, 1482, 1417, 1413, 1335, 1206, 1381, 1451, 1409, 1475, 1440, 1553, 1342, 1295, 1490, 1300, 1447, 1283, 1366, 1400, 1528, 1487, 1515, 1358, 1411, 1776, 1334, 1386, 1488, 1406, 1425, 1390, 1367, 1454, 1521, 1582, 1569, 1375, 1486, 1557, 1411, 1432, 1349, 1445, 1328, 1339, 1474, 1473, 1519, 1415, 1521, 1392, 1586, 1403, 1380, 1392, 1377, 1720, 1465, 1371, 1542, 1412, 1326, 1330, 1575, 1395, 1406, 1425, 1375, 1451, 1194, 1470, 1466, 1418, 1312, 1630, 1385, 1406, 1478, 1562, 1406, 1494, 1456, 1450, 1433, 1310, 1422, 1297, 1417, 1496, 1341, 1341, 1512, 1483, 1243, 1547, 1500, 1536, 1465, 1440, 1472, 1303, 1253, 1373, 1465, 1321, 1435, 1499, 1323, 1453, 1492, 1597, 1317, 1309, 1348, 1514, 1497, 1522, 1291, 1361, 1384, 1369, 1437, 1422, 1455, 1521, 1504, 1349, 1233, 1429, 1314, 1504, 1480, 1444, 1440, 1536, 1230, 1379, 1476, 1375, 1429, 1648, 1297, 1498, 1414, 1526, 1474, 1263, 1554, 1456, 1331, 1510, 1277, 1446, 1345, 1400, 1383, 1382, 1344, 1347, 1475, 1390, 1291, 1454, 1341, 1454, 1489, 1418, 1481, 1421, 1233, 1329, 1307, 1465, 1559, 1409, 1297, 1403, 1415, 1346, 1368, 1433, 1503, 1455, 1391, 1320, 1490, 1403, 1476, 1397, 1411, 1503, 1527, 1478, 1476, 1409, 1440, 1471, 1419, 1483, 1427, 1622, 1471, 1214, 1572, 1353, 1350, 1422, 1434, 1559, 1501, 1434, 1402, 1363, 1481, 1535, 1412, 1354, 1411, 1422, 1328, 1416, 1411, 1509, 1393, 1442, 1337, 1431, 1435, 1444, 1452, 1397, 1392, 1341, 1467, 1413, 1505, 1425, 1417, 1436, 1532, 1386, 1531, 1450, 1416, 1407, 1512, 1455, 1358, 1468, 1440, 1344, 1445, 1432, 1637, 1377, 1375, 1393, 1363, 1343, 1405, 1447, 1383, 1348, 1476, 1420, 1313, 1390, 1532, 1302, 1447, 1361, 1415, 1442, 1444, 1571, 1379, 1409, 1513, 1456, 1445, 1375, 1376, 1520, 1331, 1577, 1347, 1443, 1505, 1401, 1372, 1409, 1354, 1307, 1503, 1464, 1387, 1437, 1448, 1332, 1525, 1498, 1334, 1333, 1359, 1241, 1510, 1408, 1501, 1357, 1440, 1416, 1383, 1406, 1476, 1563, 1437, 1465, 1317, 1415, 1346, 1388, 1380, 1597, 1410, 1351, 1512, 1485, 1317, 1359, 1596, 1262, 1294, 1478, 1437, 1360, 1458, 1268, 1339, 1400, 1553, 1427, 1396, 1532, 1526, 1325, 1472, 1499, 1541, 1458, 1368, 1519, 1477, 1535, 1605, 1645, 1460, 1377, 1380, 1445, 1431, 1578, 1324, 1533, 1614, 1394, 1413, 1332, 1406, 1371, 1407, 1428, 1356, 1297, 1560, 1452, 1410, 1479, 1506, 1410, 1519, 1534, 1516, 1374, 1406, 1398, 1371, 1529, 1407, 1407, 1533, 1426, 1433, 1441, 1526, 1345, 1595, 1425, 1373, 1441, 1358, 1522, 1446, 1474, 1456, 1361, 1402, 1588, 1384, 1502, 1581, 1295, 1392, 1565, 1445, 1482, 1451, 1424, 1475, 1459, 1407, 1406, 1351, 1461, 1498, 1273, 1476, 1495, 1665, 1422, 1411, 1372, 1380, 1525, 1532, 1488, 1453, 1219, 1346, 1431, 1361, 1518, 1449, 1334, 1435, 1367, 1372, 1367, 1427, 1467, 1279, 1362, 1441, 1304, 1521, 1489, 1440, 1509, 1474, 1483, 1286, 1471, 1418, 1404, 1495, 1617, 1290, 1388, 1412, 1398, 1401, 1665, 1410, 1490, 1398, 1341, 1482, 1520, 1390, 1404, 1380, 1540, 1379, 1350, 1496, 1533, 1593, 1411, 1495, 1506, 1473, 1408, 1323, 1373, 1480, 1355, 1348, 1327, 1518, 1483, 1362, 1349, 1348, 1453, 1289, 1400, 1520, 1364, 1518, 1479, 1352, 1338, 1419, 1309, 1509, 1451, 1402, 1220, 1328, 1392, 1443, 1458, 1533, 1392, 1350, 1295, 1472, 1515, 1538, 1318, 1520, 1378, 1206, 1228, 1212, 1545, 1410, 1366, 1388, 1485, 1553, 1437, 1417, 1410, 1460, 1384, 1569, 1448, 1497, 1440, 1559, 1374, 1489, 1378, 1380, 1374, 1566, 1273, 1241, 1435, 1477, 1450, 1268, 1471, 1410, 1599, 1507, 1258, 1473, 1487, 1485, 1401, 1549, 1354, 1436, 1301, 1538, 1558, 1533, 1352, 1431, 1489, 1368, 1551, 1426, 1428, 1287, 1367, 1440, 1553, 1354, 1398, 1386, 1435, 1555, 1475, 1489, 1494, 1336, 1392, 1443, 1549, 1475, 1486, 1443, 1491, 1374, 1448, 1469, 1470, 1503, 1421, 1469, 1408, 1313, 1418, 1378, 1438, 1327, 1384, 1510, 1334, 1447, 1440, 1448, 1352, 1390, 1567, 1293, 1503, 1508, 1386, 1511, 1402, 1453, 1488, 1471, 1411, 1295, 1414, 1465, 1435, 1523, 1495, 1395, 1494, 1440, 1385, 1425, 1429, 1505, 1562, 1300, 1467, 1416, 1473, 1460, 1423, 1373, 1543, 1476, 1482, 1453, 1453, 1504, 1458, 1426, 1447, 1356, 1474, 1461, 1391, 1420, 1390, 1333, 1466, 1344, 1348, 1619, 1425, 1308, 1394, 1463, 1297, 1490, 1451, 1460, 1262, 1461, 1329, 1542, 1411, 1561, 1351, 1282, 1444, 1430, 1549, 1354, 1377, 1340, 1499, 1429, 1322, 1553, 1515, 1462, 1531, 1450, 1344, 1549, 1419, 1443, 1436, 1473, 1335, 1392, 1423, 1488, 1505, 1411, 1220, 1424, 1331, 1424, 1471, 1479, 1325, 1460, 1334, 1361, 1489, 1513, 1321, 1497, 1399, 1534, 1482, 1339, 1385, 1424, 1474, 1361, 1437, 1434, 1528, 1417, 1534, 1384, 1440, 1551, 1456, 1537, 1383, 1571, 1368, 1340, 1549, 1527, 1401, 1573, 1392, 1394, 1439, 1361, 1320, 1471, 1396, 1530, 1447, 1572, 1406, 1419, 1594, 1582, 1407, 1617, 1336, 1500, 1505, 1477, 1472, 1397, 1494, 1652, 1331, 1403, 1396, 1437, 1408, 1486, 1337, 1452, 1421, 1447, 1356, 1485, 1508, 1253, 1488, 1514, 1434, 1295, 1545, 1497, 1438, 1309, 1464, 1368, 1405, 1537, 1409, 1497, 1262, 1458, 1341, 1404, 1399, 1492, 1477, 1585, 1551, 1394, 1394, 1301, 1293, 1571, 1438, 1455, 1285, 1430, 1410, 1527, 1413, 1427, 1452, 1467, 1441, 1311, 1442, 1498, 1562, 1447, 1428, 1404, 1394, 1437, 1541, 1450, 1323, 1390, 1380, 1371, 1312, 1493, 1348, 1445, 1440, 1464, 1425, 1384, 1466, 1464, 1393, 1312, 1433, 1417, 1308, 1393, 1374, 1328, 1490, 1556, 1312, 1470, 1485, 1478, 1407, 1372, 1432, 1235, 1510, 1461, 1658, 1306, 1373, 1454, 1383, 1472, 1444, 1411, 1504, 1331, 1408, 1391, 1304, 1543, 1316, 1290, 1476, 1426, 1307, 1324, 1518, 1602, 1387, 1498, 1563, 1276, 1460, 1495, 1394, 1470, 1372, 1422, 1457, 1486, 1404, 1429, 1461, 1490, 1489, 1602, 1515, 1527, 1580, 1441, 1499, 1495, 1414, 1516, 1641, 1472, 1484, 1518, 1419, 1459, 1488, 1479, 1374, 1345, 1373, 1386, 1406, 1454, 1534, 1441, 1625, 1388, 1432, 1334, 1398, 1372, 1406, 1370, 1272, 1435, 1305, 1488, 1533, 1347, 1540, 1507, 1475, 1393, 1408, 1549, 1485, 1537, 1490, 1456, 1401, 1464, 1494, 1546, 1475, 1484, 1454, 1595, 1287, 1499, 1486, 1463, 1538, 1257, 1587, 1490, 1519, 1440, 1412, 1444, 1532, 1331, 1323, 1522, 1411, 1546, 1501, 1518, 1482, 1397, 1283, 1431, 1432, 1359, 1485, 1455, 1473, 1468, 1575, 1471, 1392, 1450, 1488, 1360, 1445, 1401, 1391, 1358, 1287, 1293, 1352, 1348, 1287, 1378, 1575, 1384, 1391, 1410, 1477, 1353, 1528, 1387, 1345, 1366, 1440, 1432, 1287, 1323, 1367, 1458, 1520, 1403, 1357, 1386, 1475, 1308, 1367, 1511, 1322, 1477, 1507, 1491, 1522, 1521, 1345, 1574, 1578, 1370, 1535, 1363, 1462, 1284, 1468, 1481, 1342, 1400, 1428, 1382, 1408, 1384, 1499, 1600, 1496, 1477, 1267, 1392, 1338, 1384, 1181, 1484, 1536, 1386, 1394, 1396, 1548, 1405, 1313, 1434, 1404, 1370, 1427, 1477, 1292, 1400, 1437, 1390, 1421, 1456, 1577, 1507, 1492, 1372, 1449, 1444, 1387, 1459, 1349, 1517, 1466, 1407, 1331, 1353, 1486, 1192, 1409, 1381, 1432, 1534, 1401, 1523, 1501, 1485, 1483, 1438, 1376, 1526, 1404, 1273, 1468, 1352, 1429, 1606, 1563, 1460, 1341, 1395, 1380, 1505, 1406, 1613, 1468, 1399, 1353, 1481, 1487, 1477, 1520, 1532, 1334, 1450, 1531, 1404, 1452, 1384, 1398, 1533, 1424, 1415, 1450, 1454, 1438, 1428, 1318, 1431, 1434, 1512, 1239, 1515, 1401, 1468, 1299, 1584, 1350, 1515, 1285, 1597, 1638, 1577, 1472, 1406, 1477, 1428, 1330, 1341, 1403, 1325, 1418, 1392, 1363, 1290, 1301, 1339, 1537, 1580, 1369, 1241, 1404, 1485, 1428, 1463, 1353, 1572, 1511, 1423, 1532, 1524, 1449, 1413, 1480, 1317, 1368, 1541, 1474, 1439, 1294, 1674, 1274, 1372, 1470, 1388, 1336, 1216, 1446, 1259, 1226, 1423, 1404, 1432, 1602, 1511, 1355, 1471, 1442, 1337, 1429, 1440, 1478, 1393, 1300, 1446, 1463, 1303, 1313, 1375, 1223, 1401, 1365, 1450, 1375, 1356, 1383, 1451, 1416, 1345, 1467, 1371, 1708, 1251, 1479, 1291, 1491, 1613, 1377, 1428, 1358, 1223, 1444, 1430, 1524, 1410, 1493, 1299, 1336, 1581, 1452, 1345, 1402, 1538, 1486, 1600, 1396, 1493, 1545, 1392, 1523, 1421, 1529, 1437, 1429, 1384, 1387, 1453, 1507, 1399, 1502, 1496, 1517, 1378, 1415, 1399, 1312, 1462, 1409, 1480, 1543, 1514, 1400, 1304, 1381, 1440, 1420, 1523, 1494, 1541, 1576, 1575, 1428, 1410, 1504, 1458, 1512, 1393, 1283, 1386, 1330, 1350, 1573, 1387, 1321, 1464, 1433, 1383, 1419, 1359, 1399, 1265, 1490, 1460, 1427, 1397, 1438, 1467, 1405, 1380, 1446, 1364, 1395, 1317, 1657, 1595, 1349, 1330, 1382, 1389, 1432, 1464, 1359, 1229, 1414, 1587, 1173, 1423, 1466, 1571, 1480, 1529, 1282, 1435, 1481, 1452, 1450, 1388, 1532, 1303, 1326, 1392, 1439, 1600, 1494, 1483, 1338, 1705, 1391, 1483, 1419, 1348, 1529, 1424, 1384, 1481, 1546, 1527, 1469, 1390, 1524, 1519, 1401, 1509, 1378, 1523, 1459, 1476, 1390, 1401, 1445, 1303, 1515, 1384, 1560, 1534, 1591, 1466, 1402, 1619, 1423, 1546, 1323, 1292, 1469, 1415, 1346, 1479, 1506, 1387, 1420, 1458, 1388, 1470, 1363, 1549, 1503, 1482, 1469, 1376, 1413, 1362, 1367, 1335, 1256, 1369, 1404, 1351, 1572, 1389, 1402, 1361, 1509, 1278, 1439, 1451, 1449, 1419, 1430, 1322, 1338, 1533, 1418, 1535, 1389, 1492, 1336, 1477, 1340, 1438, 1431, 1473, 1535, 1526, 1341, 1449, 1318, 1378, 1503, 1435, 1435, 1365, 1434, 1406, 1435, 1404, 1435, 1523, 1418, 1431, 1499, 1457, 1474, 1428, 1369, 1576, 1345, 1431, 1511, 1411, 1361, 1333, 1503, 1485, 1463, 1432, 1451, 1537, 1422, 1281, 1406, 1446, 1360, 1406, 1314, 1385, 1387, 1429, 1485, 1446, 1426, 1596, 1364, 1449, 1488, 1338, 1456, 1385, 1429, 1383, 1403, 1487, 1290, 1282, 1477, 1499, 1302, 1381, 1345, 1411, 1316, 1510, 1531, 1307, 1465, 1382, 1360, 1391, 1434, 1428, 1483, 1261, 1394, 1314, 1320, 1460, 1465, 1369, 1413, 1531, 1471, 1375, 1552, 1314, 1468, 1376, 1385, 1519, 1417, 1437, 1354, 1499, 1386, 1350, 1527, 1470, 1611, 1288, 1546, 1459, 1439, 1339, 1548, 1332, 1521, 1301, 1407, 1440, 1497, 1408, 1446, 1449, 1445, 1576, 1379, 1483, 1411, 1390, 1359, 1334, 1352, 1348, 1460, 1459, 1378, 1470, 1491, 1468, 1504, 1409, 1271, 1606, 1401, 1548, 1387, 1427, 1439, 1407, 1420, 1408, 1438, 1440, 1467, 1397, 1481, 1509, 1286, 1445, 1361, 1345, 1542, 1394, 1410, 1455, 1348, 1550, 1435, 1416, 1332, 1344, 1518, 1421, 1421, 1395, 1561, 1447, 1342, 1482, 1547, 1404, 1326, 1446, 1511, 1342, 1522, 1456, 1505, 1366, 1333, 1466, 1474, 1476, 1337, 1339, 1476, 1510, 1485, 1288, 1342, 1430, 1494, 1487, 1574, 1327, 1417, 1384, 1477, 1433, 1444, 1374, 1439, 1375, 1422, 1554, 1432, 1284, 1305, 1336, 1429, 1353, 1281, 1357, 1413, 1336, 1442, 1406, 1362, 1404, 1451, 1409, 1548, 1399, 1468, 1435, 1443, 1386, 1445, 1322, 1440, 1464, 1401, 1480, 1456, 1386, 1444, 1456, 1406, 1515, 1509, 1476, 1348, 1354, 1334, 1560, 1394, 1461, 1227, 1547, 1417, 1513, 1281, 1557, 1554, 1477, 1542, 1431, 1460, 1620, 1448, 1395, 1264, 1375, 1371, 1523, 1283, 1438, 1467, 1439, 1427, 1467, 1461, 1252, 1497, 1502, 1448, 1480, 1471, 1547, 1414, 1360, 1424, 1457, 1411, 1363, 1427, 1373, 1514, 1473, 1493, 1560, 1440, 1433, 1537, 1511, 1499, 1500, 1421, 1468, 1377, 1519, 1494, 1400, 1477, 1435, 1411, 1389, 1427, 1332, 1362, 1440, 1647, 1351, 1426, 1631, 1545, 1597, 1457, 1546, 1377, 1363, 1514, 1356, 1426, 1337, 1407, 1502, 1338, 1532, 1402, 1535, 1410, 1311, 1328, 1318, 1449, 1481, 1382, 1517, 1416, 1307, 1501, 1526, 1310, 1334, 1467, 1425, 1441, 1403, 1537, 1360, 1437, 1344, 1452, 1540, 1368, 1561, 1263, 1410, 1485, 1587, 1586, 1454, 1438, 1511, 1285, 1326, 1415, 1589, 1360, 1322, 1459, 1450, 1419, 1447, 1449, 1508, 1381, 1494, 1633, 1463, 1333, 1395, 1409, 1640, 1494, 1421, 1520, 1332, 1301, 1466, 1486, 1472, 1355, 1420, 1410, 1474, 1406, 1383, 1476, 1525, 1417, 1251, 1453, 1502, 1437, 1377, 1463, 1456, 1308, 1631, 1378, 1471, 1345, 1501, 1322, 1434, 1394, 1527, 1512, 1435, 1378, 1464, 1539, 1426, 1356, 1474, 1384, 1388, 1286, 1277, 1368, 1289, 1382, 1422, 1285, 1606, 1378, 1389, 1436, 1422, 1402, 1302, 1462, 1340, 1376, 1445, 1365, 1512, 1326, 1336, 1393, 1405, 1386, 1563, 1413, 1415, 1380, 1425, 1352, 1341, 1437, 1290, 1387, 1401, 1367, 1456, 1320, 1473, 1448, 1417, 1551, 1379, 1392, 1299, 1301, 1318, 1507, 1340, 1355, 1466, 1542, 1326, 1312, 1460, 1522, 1452, 1378, 1482, 1399, 1296, 1429, 1458, 1387, 1431, 1429, 1377, 1462, 1474, 1350, 1419, 1587, 1344, 1374, 1445, 1421, 1532, 1445, 1468, 1412, 1344, 1358, 1519, 1362, 1403, 1495, 1362, 1549, 1506, 1418, 1508, 1306, 1344, 1514, 1429, 1400, 1531, 1543, 1434, 1444, 1347, 1426, 1455, 1326, 1394, 1418, 1476, 1429, 1387, 1424, 1431, 1425, 1507, 1318, 1431, 1402, 1386, 1322, 1383, 1395, 1330, 1481, 1397, 1421, 1468, 1374, 1376, 1374, 1313, 1418, 1473, 1370, 1403, 1434, 1434, 1418, 1280, 1444, 1479, 1553, 1339, 1441, 1424, 1578, 1329, 1498, 1400, 1434, 1476, 1333, 1431, 1564, 1453, 1496, 1486, 1352, 1387, 1585, 1249, 1327, 1434, 1443, 1425, 1370, 1276, 1457, 1347, 1581, 1400, 1420, 1170, 1498, 1298, 1466, 1364, 1263, 1392, 1453, 1296, 1491, 1371, 1424, 1510, 1407, 1655, 1371, 1374, 1374, 1267, 1313, 1442, 1343, 1519, 1473, 1453, 1450, 1395, 1409, 1445, 1437, 1311, 1361, 1276, 1373, 1460, 1470, 1366, 1282, 1495, 1391, 1443, 1420, 1372, 1353, 1384, 1421, 1342, 1390, 1316, 1440, 1473, 1438, 1509, 1483, 1423, 1407, 1497, 1598, 1527, 1447, 1403, 1431, 1372, 1423, 1386, 1379, 1240, 1434, 1549, 1436, 1480, 1451, 1303, 1465, 1439, 1413, 1464, 1522, 1377, 1370, 1347, 1433, 1496, 1421, 1312, 1491, 1443, 1408, 1446, 1388, 1532, 1451, 1444, 1488, 1414, 1416, 1403, 1354, 1351, 1467, 1555, 1447, 1408, 1561, 1391, 1397, 1491, 1439, 1519, 1344, 1522, 1605, 1458, 1335, 1501, 1278, 1358, 1444, 1497, 1390, 1493, 1308, 1422, 1500, 1518, 1487, 1352, 1364, 1358, 1411, 1464, 1475, 1384, 1514, 1543, 1495, 1498, 1529, 1403, 1412, 1442, 1614, 1350, 1271, 1420, 1469, 1534, 1398, 1345, 1474, 1540, 1438, 1430, 1437, 1511, 1446, 1363, 1427, 1226, 1497, 1521, 1569, 1366, 1578, 1338, 1419, 1355, 1333, 1435, 1387, 1443, 1453, 1363, 1407, 1424, 1384, 1399, 1426, 1456, 1404, 1424, 1458, 1490, 1559, 1610, 1306, 1371, 1446, 1317, 1437, 1430, 1348, 1333, 1341, 1364, 1293, 1420, 1400, 1438, 1382, 1584, 1376, 1548, 1458, 1476, 1516, 1417, 1526, 1485, 1380, 1373, 1386, 1414, 1403, 1539, 1404, 1506, 1350, 1304, 1396, 1387, 1451, 1380, 1523, 1304, 1506, 1371, 1481, 1519, 1379, 1391, 1442, 1420, 1376, 1271, 1363, 1371, 1406, 1426, 1388, 1454, 1518, 1426, 1381, 1404, 1353, 1385, 1448, 1377, 1450, 1394, 1437, 1484, 1415, 1452, 1443, 1451, 1407, 1530, 1330, 1490, 1498, 1273, 1424, 1528, 1342, 1368, 1443, 1486, 1576, 1487, 1460, 1526, 1491, 1382, 1467, 1308, 1404, 1414, 1340, 1401, 1468, 1422, 1354, 1502, 1511, 1258, 1429, 1442, 1495, 1433, 1441, 1447, 1420, 1390, 1329, 1364, 1345, 1470, 1342, 1458, 1434, 1541]

[btf]
  Promedio : 2554.4s
  Desvío   : 87.8s
  IC 95%   : [2552.0s, 2556.8s]
  Mínimo   : 2168s
  Máximo   : 2860s
  Tiempos  : [2369, 2494, 2648, 2596, 2596, 2457, 2432, 2531, 2534, 2457, 2567, 2439, 2532, 2523, 2612, 2550, 2485, 2578, 2499, 2604, 2534, 2617, 2612, 2679, 2575, 2751, 2596, 2566, 2512, 2507, 2633, 2654, 2583, 2558, 2613, 2380, 2634, 2424, 2482, 2433, 2560, 2512, 2484, 2657, 2615, 2545, 2646, 2482, 2646, 2488, 2660, 2527, 2607, 2643, 2569, 2623, 2318, 2575, 2666, 2519, 2634, 2570, 2533, 2428, 2417, 2510, 2572, 2774, 2535, 2631, 2655, 2341, 2545, 2522, 2545, 2713, 2628, 2532, 2541, 2617, 2406, 2400, 2568, 2507, 2633, 2580, 2646, 2481, 2538, 2480, 2700, 2719, 2623, 2366, 2521, 2414, 2648, 2542, 2392, 2559, 2597, 2492, 2470, 2659, 2618, 2580, 2607, 2553, 2543, 2580, 2455, 2582, 2378, 2418, 2648, 2608, 2424, 2543, 2558, 2619, 2501, 2488, 2705, 2621, 2447, 2509, 2611, 2502, 2492, 2436, 2507, 2641, 2405, 2535, 2675, 2563, 2519, 2553, 2531, 2626, 2491, 2470, 2537, 2536, 2365, 2658, 2709, 2601, 2528, 2584, 2643, 2579, 2657, 2574, 2459, 2627, 2545, 2644, 2537, 2622, 2660, 2556, 2421, 2473, 2626, 2458, 2327, 2575, 2568, 2569, 2653, 2526, 2487, 2575, 2602, 2559, 2677, 2491, 2554, 2678, 2544, 2515, 2692, 2429, 2559, 2519, 2595, 2681, 2496, 2583, 2465, 2602, 2491, 2499, 2617, 2642, 2663, 2387, 2509, 2533, 2657, 2498, 2373, 2646, 2639, 2456, 2599, 2621, 2719, 2592, 2625, 2570, 2463, 2479, 2622, 2652, 2531, 2459, 2691, 2476, 2726, 2585, 2566, 2580, 2536, 2446, 2639, 2699, 2588, 2656, 2572, 2530, 2605, 2452, 2545, 2457, 2549, 2763, 2589, 2657, 2565, 2619, 2580, 2683, 2522, 2558, 2618, 2541, 2367, 2619, 2521, 2547, 2593, 2486, 2568, 2487, 2611, 2623, 2471, 2657, 2432, 2659, 2681, 2681, 2577, 2623, 2649, 2571, 2484, 2623, 2571, 2733, 2581, 2569, 2601, 2565, 2515, 2511, 2658, 2616, 2530, 2430, 2394, 2578, 2615, 2515, 2571, 2536, 2546, 2579, 2640, 2589, 2551, 2674, 2405, 2639, 2769, 2483, 2494, 2524, 2767, 2587, 2584, 2425, 2574, 2572, 2459, 2625, 2655, 2602, 2656, 2580, 2577, 2712, 2561, 2713, 2690, 2544, 2406, 2584, 2569, 2438, 2516, 2505, 2583, 2707, 2458, 2506, 2483, 2661, 2384, 2613, 2513, 2605, 2689, 2677, 2474, 2546, 2666, 2566, 2434, 2604, 2675, 2710, 2584, 2499, 2422, 2621, 2459, 2655, 2586, 2511, 2617, 2547, 2565, 2468, 2610, 2670, 2497, 2717, 2479, 2578, 2545, 2409, 2507, 2558, 2655, 2578, 2379, 2559, 2591, 2704, 2509, 2572, 2637, 2574, 2588, 2595, 2554, 2489, 2598, 2443, 2427, 2458, 2404, 2694, 2565, 2537, 2657, 2457, 2617, 2637, 2597, 2476, 2564, 2477, 2552, 2597, 2706, 2624, 2507, 2491, 2602, 2559, 2519, 2609, 2463, 2543, 2503, 2537, 2777, 2614, 2557, 2536, 2560, 2667, 2371, 2624, 2593, 2507, 2414, 2538, 2473, 2666, 2492, 2492, 2529, 2534, 2440, 2568, 2478, 2665, 2726, 2552, 2556, 2590, 2464, 2558, 2684, 2449, 2585, 2629, 2467, 2666, 2497, 2658, 2649, 2542, 2541, 2526, 2829, 2628, 2597, 2656, 2632, 2526, 2475, 2706, 2513, 2577, 2598, 2555, 2404, 2449, 2573, 2477, 2503, 2646, 2612, 2572, 2672, 2542, 2324, 2312, 2646, 2563, 2492, 2664, 2640, 2647, 2425, 2539, 2381, 2620, 2627, 2515, 2619, 2399, 2750, 2460, 2559, 2579, 2593, 2507, 2553, 2486, 2567, 2469, 2486, 2576, 2549, 2599, 2617, 2597, 2455, 2444, 2640, 2549, 2674, 2586, 2555, 2619, 2509, 2508, 2681, 2551, 2633, 2498, 2538, 2496, 2657, 2565, 2536, 2557, 2398, 2605, 2502, 2771, 2581, 2599, 2478, 2666, 2451, 2525, 2556, 2626, 2604, 2647, 2482, 2622, 2622, 2677, 2692, 2603, 2615, 2469, 2500, 2467, 2510, 2685, 2471, 2643, 2444, 2470, 2569, 2621, 2499, 2696, 2514, 2450, 2572, 2626, 2515, 2568, 2511, 2506, 2695, 2613, 2557, 2547, 2605, 2573, 2551, 2552, 2660, 2590, 2497, 2574, 2531, 2666, 2503, 2505, 2545, 2594, 2529, 2427, 2733, 2566, 2598, 2611, 2456, 2565, 2566, 2612, 2607, 2551, 2512, 2671, 2559, 2640, 2521, 2703, 2534, 2623, 2542, 2518, 2688, 2503, 2587, 2512, 2594, 2421, 2455, 2603, 2479, 2531, 2548, 2676, 2551, 2565, 2564, 2506, 2606, 2482, 2511, 2547, 2704, 2573, 2475, 2517, 2550, 2667, 2561, 2653, 2563, 2686, 2607, 2468, 2429, 2698, 2544, 2633, 2708, 2464, 2604, 2587, 2517, 2579, 2440, 2404, 2581, 2448, 2452, 2572, 2520, 2428, 2607, 2701, 2456, 2586, 2540, 2670, 2491, 2619, 2509, 2545, 2518, 2547, 2512, 2586, 2461, 2565, 2506, 2565, 2502, 2503, 2592, 2566, 2492, 2594, 2606, 2461, 2485, 2476, 2621, 2632, 2628, 2693, 2601, 2517, 2597, 2466, 2665, 2535, 2640, 2605, 2501, 2565, 2498, 2638, 2480, 2720, 2495, 2521, 2545, 2478, 2528, 2604, 2574, 2557, 2548, 2402, 2453, 2586, 2540, 2189, 2738, 2396, 2565, 2559, 2386, 2556, 2700, 2595, 2536, 2588, 2552, 2507, 2538, 2496, 2418, 2530, 2633, 2556, 2544, 2778, 2475, 2437, 2654, 2498, 2447, 2549, 2635, 2633, 2607, 2598, 2504, 2489, 2733, 2535, 2516, 2563, 2442, 2541, 2469, 2621, 2460, 2587, 2690, 2532, 2501, 2609, 2577, 2520, 2509, 2584, 2468, 2551, 2520, 2543, 2538, 2617, 2575, 2604, 2467, 2699, 2630, 2503, 2624, 2544, 2382, 2656, 2604, 2472, 2610, 2637, 2551, 2515, 2521, 2367, 2429, 2450, 2493, 2564, 2697, 2557, 2567, 2426, 2574, 2583, 2517, 2486, 2647, 2732, 2434, 2474, 2477, 2593, 2488, 2604, 2452, 2546, 2626, 2567, 2471, 2485, 2617, 2508, 2569, 2533, 2506, 2609, 2655, 2463, 2664, 2590, 2686, 2455, 2586, 2588, 2654, 2715, 2744, 2672, 2435, 2527, 2582, 2491, 2567, 2564, 2648, 2662, 2586, 2463, 2555, 2645, 2631, 2477, 2395, 2607, 2483, 2657, 2776, 2516, 2645, 2574, 2604, 2410, 2572, 2650, 2552, 2516, 2551, 2518, 2518, 2521, 2446, 2706, 2671, 2486, 2440, 2558, 2521, 2364, 2529, 2625, 2542, 2687, 2551, 2423, 2637, 2485, 2389, 2431, 2635, 2562, 2570, 2467, 2614, 2545, 2637, 2490, 2721, 2601, 2604, 2602, 2566, 2623, 2511, 2524, 2728, 2586, 2552, 2678, 2679, 2581, 2523, 2471, 2636, 2635, 2339, 2672, 2411, 2444, 2611, 2600, 2557, 2547, 2557, 2661, 2603, 2507, 2386, 2428, 2652, 2601, 2679, 2472, 2494, 2546, 2569, 2560, 2553, 2649, 2776, 2459, 2600, 2509, 2642, 2568, 2507, 2447, 2676, 2535, 2481, 2400, 2494, 2572, 2528, 2557, 2470, 2418, 2284, 2438, 2597, 2400, 2627, 2513, 2552, 2562, 2509, 2639, 2454, 2629, 2551, 2544, 2513, 2590, 2578, 2544, 2628, 2607, 2492, 2630, 2442, 2600, 2692, 2508, 2391, 2504, 2679, 2595, 2555, 2594, 2416, 2549, 2713, 2600, 2542, 2507, 2478, 2516, 2602, 2502, 2571, 2640, 2578, 2495, 2572, 2455, 2418, 2465, 2632, 2616, 2750, 2493, 2586, 2463, 2741, 2433, 2629, 2537, 2753, 2529, 2741, 2571, 2591, 2693, 2660, 2664, 2566, 2427, 2551, 2653, 2548, 2443, 2604, 2500, 2593, 2548, 2445, 2521, 2601, 2701, 2538, 2582, 2525, 2476, 2595, 2693, 2566, 2591, 2501, 2410, 2489, 2598, 2518, 2497, 2601, 2463, 2475, 2680, 2595, 2652, 2527, 2501, 2525, 2754, 2526, 2453, 2619, 2709, 2517, 2646, 2543, 2776, 2347, 2519, 2505, 2636, 2596, 2538, 2538, 2537, 2583, 2665, 2538, 2518, 2538, 2468, 2617, 2582, 2733, 2497, 2507, 2423, 2437, 2515, 2566, 2598, 2559, 2540, 2419, 2637, 2566, 2438, 2450, 2589, 2487, 2504, 2402, 2550, 2588, 2728, 2629, 2631, 2534, 2635, 2616, 2412, 2540, 2583, 2522, 2447, 2294, 2449, 2555, 2578, 2616, 2486, 2391, 2511, 2440, 2503, 2542, 2445, 2733, 2459, 2719, 2476, 2620, 2476, 2413, 2498, 2369, 2577, 2513, 2507, 2687, 2513, 2649, 2478, 2404, 2598, 2605, 2522, 2590, 2384, 2531, 2411, 2448, 2614, 2488, 2596, 2435, 2436, 2470, 2455, 2652, 2550, 2564, 2481, 2582, 2599, 2348, 2512, 2497, 2465, 2786, 2542, 2595, 2519, 2507, 2609, 2642, 2588, 2544, 2523, 2407, 2588, 2552, 2460, 2554, 2607, 2684, 2696, 2622, 2618, 2481, 2532, 2468, 2541, 2408, 2484, 2506, 2606, 2478, 2630, 2605, 2427, 2632, 2587, 2579, 2570, 2621, 2610, 2433, 2495, 2682, 2489, 2601, 2530, 2595, 2527, 2500, 2619, 2544, 2613, 2507, 2553, 2572, 2480, 2377, 2621, 2555, 2431, 2768, 2548, 2546, 2524, 2570, 2510, 2471, 2501, 2490, 2598, 2456, 2344, 2591, 2367, 2523, 2653, 2495, 2482, 2582, 2578, 2686, 2499, 2561, 2637, 2426, 2576, 2636, 2566, 2472, 2630, 2487, 2605, 2641, 2561, 2389, 2651, 2637, 2623, 2460, 2578, 2344, 2554, 2499, 2598, 2429, 2461, 2692, 2360, 2520, 2577, 2513, 2581, 2545, 2488, 2454, 2523, 2498, 2559, 2382, 2614, 2467, 2512, 2546, 2375, 2691, 2746, 2504, 2491, 2557, 2443, 2565, 2604, 2637, 2560, 2529, 2518, 2497, 2461, 2513, 2516, 2620, 2499, 2576, 2587, 2539, 2438, 2629, 2643, 2548, 2794, 2454, 2625, 2569, 2657, 2438, 2532, 2543, 2518, 2533, 2717, 2524, 2497, 2592, 2632, 2505, 2444, 2381, 2506, 2554, 2556, 2502, 2547, 2604, 2605, 2456, 2579, 2482, 2737, 2597, 2574, 2627, 2592, 2677, 2461, 2372, 2594, 2551, 2628, 2463, 2464, 2588, 2557, 2719, 2526, 2561, 2595, 2686, 2662, 2678, 2444, 2689, 2569, 2599, 2646, 2582, 2701, 2678, 2294, 2518, 2499, 2507, 2595, 2376, 2615, 2528, 2615, 2695, 2613, 2508, 2648, 2559, 2621, 2565, 2382, 2608, 2629, 2588, 2524, 2656, 2705, 2467, 2613, 2368, 2625, 2586, 2641, 2679, 2610, 2548, 2508, 2513, 2513, 2505, 2582, 2277, 2584, 2479, 2555, 2623, 2437, 2595, 2691, 2405, 2496, 2439, 2608, 2536, 2611, 2508, 2533, 2545, 2602, 2620, 2721, 2414, 2443, 2786, 2415, 2670, 2553, 2588, 2546, 2643, 2575, 2394, 2544, 2470, 2700, 2689, 2460, 2567, 2552, 2678, 2490, 2570, 2632, 2535, 2512, 2542, 2546, 2457, 2547, 2516, 2474, 2406, 2593, 2621, 2492, 2430, 2531, 2479, 2713, 2566, 2632, 2477, 2582, 2651, 2664, 2491, 2511, 2582, 2520, 2597, 2504, 2538, 2508, 2513, 2615, 2663, 2605, 2642, 2556, 2576, 2579, 2458, 2344, 2563, 2517, 2559, 2465, 2675, 2644, 2596, 2649, 2514, 2557, 2587, 2608, 2470, 2592, 2384, 2552, 2516, 2501, 2286, 2734, 2475, 2515, 2575, 2652, 2556, 2472, 2516, 2504, 2596, 2580, 2691, 2447, 2563, 2437, 2484, 2357, 2575, 2446, 2571, 2416, 2488, 2585, 2490, 2600, 2477, 2773, 2534, 2682, 2496, 2789, 2481, 2743, 2579, 2489, 2383, 2683, 2530, 2518, 2613, 2427, 2493, 2376, 2465, 2621, 2593, 2426, 2571, 2463, 2527, 2500, 2561, 2478, 2632, 2602, 2367, 2615, 2687, 2650, 2505, 2480, 2509, 2460, 2476, 2722, 2678, 2582, 2342, 2469, 2305, 2427, 2648, 2596, 2485, 2632, 2600, 2541, 2514, 2511, 2694, 2582, 2606, 2692, 2609, 2437, 2441, 2653, 2658, 2554, 2567, 2533, 2627, 2544, 2674, 2438, 2498, 2510, 2532, 2536, 2499, 2678, 2596, 2534, 2628, 2421, 2688, 2475, 2638, 2645, 2668, 2662, 2697, 2617, 2528, 2554, 2479, 2555, 2528, 2621, 2575, 2610, 2626, 2629, 2715, 2538, 2481, 2568, 2443, 2451, 2706, 2610, 2622, 2522, 2687, 2609, 2592, 2602, 2612, 2486, 2452, 2603, 2649, 2450, 2586, 2563, 2530, 2498, 2566, 2709, 2541, 2606, 2579, 2575, 2610, 2562, 2536, 2574, 2605, 2535, 2475, 2356, 2590, 2545, 2546, 2651, 2546, 2620, 2585, 2684, 2403, 2546, 2620, 2501, 2468, 2518, 2720, 2352, 2483, 2584, 2484, 2610, 2583, 2545, 2579, 2687, 2526, 2502, 2576, 2543, 2540, 2504, 2573, 2609, 2495, 2541, 2722, 2653, 2501, 2403, 2562, 2613, 2553, 2582, 2563, 2661, 2518, 2636, 2398, 2605, 2438, 2577, 2521, 2585, 2560, 2586, 2506, 2541, 2653, 2548, 2558, 2612, 2470, 2641, 2540, 2526, 2635, 2435, 2606, 2392, 2517, 2439, 2524, 2606, 2597, 2551, 2546, 2666, 2724, 2585, 2552, 2595, 2566, 2532, 2610, 2468, 2593, 2568, 2388, 2551, 2563, 2625, 2656, 2613, 2519, 2520, 2476, 2448, 2614, 2494, 2521, 2424, 2493, 2728, 2615, 2534, 2515, 2561, 2436, 2572, 2359, 2478, 2513, 2456, 2640, 2624, 2495, 2598, 2570, 2582, 2690, 2612, 2564, 2649, 2573, 2498, 2450, 2618, 2454, 2518, 2480, 2559, 2647, 2419, 2568, 2598, 2489, 2468, 2691, 2547, 2514, 2476, 2536, 2596, 2628, 2587, 2589, 2591, 2577, 2623, 2594, 2421, 2518, 2528, 2610, 2587, 2599, 2553, 2483, 2550, 2553, 2596, 2555, 2640, 2448, 2428, 2423, 2560, 2567, 2436, 2583, 2549, 2568, 2437, 2481, 2640, 2567, 2504, 2771, 2546, 2411, 2391, 2677, 2517, 2660, 2553, 2490, 2555, 2597, 2684, 2554, 2673, 2617, 2547, 2685, 2436, 2518, 2531, 2488, 2535, 2414, 2421, 2591, 2590, 2578, 2571, 2603, 2540, 2526, 2555, 2660, 2570, 2654, 2504, 2477, 2522, 2384, 2662, 2562, 2545, 2661, 2601, 2617, 2548, 2520, 2577, 2526, 2653, 2597, 2542, 2517, 2564, 2625, 2632, 2694, 2463, 2662, 2464, 2633, 2642, 2629, 2465, 2572, 2489, 2483, 2551, 2551, 2536, 2694, 2601, 2552, 2523, 2472, 2543, 2518, 2601, 2661, 2429, 2676, 2341, 2576, 2599, 2661, 2542, 2361, 2537, 2354, 2633, 2600, 2516, 2588, 2350, 2380, 2536, 2383, 2502, 2473, 2621, 2685, 2697, 2681, 2619, 2579, 2554, 2656, 2525, 2507, 2582, 2697, 2663, 2650, 2546, 2440, 2625, 2620, 2522, 2593, 2605, 2365, 2807, 2561, 2631, 2434, 2663, 2642, 2562, 2552, 2657, 2699, 2408, 2656, 2503, 2415, 2590, 2558, 2487, 2538, 2457, 2687, 2582, 2609, 2549, 2428, 2535, 2588, 2522, 2552, 2371, 2452, 2434, 2626, 2615, 2577, 2566, 2593, 2560, 2577, 2654, 2469, 2476, 2661, 2470, 2455, 2470, 2549, 2404, 2667, 2612, 2368, 2603, 2727, 2533, 2480, 2475, 2799, 2559, 2662, 2575, 2605, 2572, 2500, 2462, 2512, 2501, 2602, 2330, 2488, 2422, 2633, 2522, 2463, 2609, 2554, 2414, 2574, 2418, 2617, 2532, 2599, 2483, 2573, 2479, 2559, 2514, 2543, 2634, 2580, 2536, 2450, 2631, 2471, 2508, 2555, 2611, 2605, 2580, 2570, 2454, 2564, 2495, 2652, 2648, 2524, 2490, 2533, 2503, 2436, 2572, 2580, 2434, 2596, 2532, 2477, 2549, 2424, 2497, 2689, 2577, 2587, 2445, 2739, 2384, 2547, 2641, 2422, 2716, 2521, 2739, 2645, 2453, 2451, 2635, 2657, 2500, 2733, 2626, 2557, 2572, 2671, 2459, 2625, 2673, 2532, 2407, 2535, 2606, 2570, 2555, 2393, 2644, 2539, 2621, 2558, 2438, 2386, 2350, 2449, 2553, 2505, 2482, 2492, 2385, 2422, 2603, 2725, 2600, 2542, 2593, 2527, 2557, 2577, 2429, 2552, 2548, 2637, 2586, 2540, 2676, 2616, 2370, 2525, 2663, 2477, 2638, 2494, 2570, 2563, 2435, 2484, 2681, 2552, 2503, 2541, 2640, 2525, 2604, 2621, 2530, 2566, 2653, 2802, 2574, 2607, 2638, 2484, 2605, 2588, 2590, 2533, 2642, 2485, 2453, 2525, 2548, 2772, 2739, 2584, 2554, 2655, 2518, 2654, 2664, 2513, 2660, 2671, 2632, 2639, 2597, 2428, 2649, 2514, 2520, 2451, 2575, 2438, 2516, 2575, 2529, 2461, 2568, 2450, 2589, 2484, 2593, 2630, 2394, 2677, 2544, 2455, 2623, 2586, 2573, 2575, 2475, 2542, 2439, 2462, 2456, 2466, 2712, 2736, 2602, 2372, 2487, 2532, 2530, 2630, 2612, 2551, 2386, 2611, 2616, 2520, 2432, 2656, 2742, 2451, 2518, 2638, 2708, 2488, 2747, 2556, 2500, 2549, 2530, 2536, 2626, 2508, 2486, 2331, 2704, 2574, 2396, 2428, 2547, 2860, 2438, 2575, 2412, 2630, 2628, 2674, 2566, 2501, 2489, 2514, 2401, 2738, 2448, 2702, 2670, 2659, 2611, 2612, 2582, 2654, 2695, 2543, 2231, 2476, 2489, 2529, 2462, 2509, 2587, 2546, 2546, 2436, 2629, 2525, 2660, 2490, 2479, 2723, 2602, 2474, 2679, 2622, 2466, 2587, 2564, 2542, 2555, 2418, 2439, 2654, 2570, 2657, 2537, 2509, 2425, 2565, 2614, 2518, 2560, 2522, 2462, 2547, 2597, 2518, 2550, 2436, 2646, 2333, 2574, 2354, 2359, 2524, 2517, 2582, 2467, 2664, 2545, 2559, 2531, 2537, 2388, 2725, 2737, 2552, 2593, 2463, 2483, 2587, 2510, 2631, 2496, 2598, 2487, 2673, 2547, 2591, 2530, 2505, 2481, 2476, 2587, 2557, 2422, 2613, 2630, 2499, 2441, 2265, 2673, 2581, 2506, 2598, 2496, 2529, 2526, 2623, 2573, 2491, 2628, 2623, 2532, 2550, 2503, 2528, 2638, 2507, 2462, 2543, 2678, 2543, 2626, 2417, 2628, 2591, 2475, 2599, 2566, 2508, 2506, 2631, 2447, 2481, 2535, 2547, 2578, 2650, 2657, 2438, 2477, 2643, 2608, 2503, 2523, 2452, 2577, 2620, 2649, 2689, 2445, 2540, 2551, 2595, 2515, 2586, 2725, 2508, 2415, 2597, 2544, 2559, 2505, 2535, 2472, 2516, 2618, 2594, 2554, 2597, 2586, 2641, 2565, 2674, 2548, 2446, 2505, 2468, 2486, 2553, 2580, 2536, 2649, 2650, 2509, 2558, 2639, 2585, 2597, 2518, 2348, 2521, 2484, 2704, 2553, 2469, 2667, 2563, 2700, 2820, 2444, 2643, 2426, 2633, 2673, 2638, 2658, 2547, 2653, 2539, 2501, 2348, 2535, 2545, 2555, 2609, 2574, 2772, 2594, 2507, 2712, 2454, 2550, 2537, 2550, 2474, 2591, 2397, 2486, 2622, 2446, 2623, 2546, 2545, 2586, 2581, 2529, 2390, 2538, 2615, 2576, 2589, 2574, 2458, 2425, 2476, 2732, 2492, 2443, 2569, 2663, 2649, 2517, 2631, 2427, 2491, 2423, 2403, 2530, 2640, 2636, 2553, 2555, 2537, 2543, 2620, 2584, 2476, 2360, 2507, 2531, 2737, 2464, 2535, 2603, 2477, 2508, 2473, 2605, 2513, 2417, 2515, 2604, 2452, 2534, 2586, 2564, 2573, 2579, 2466, 2530, 2613, 2324, 2497, 2568, 2402, 2362, 2474, 2401, 2520, 2658, 2578, 2374, 2642, 2678, 2725, 2445, 2522, 2618, 2578, 2598, 2429, 2558, 2594, 2492, 2532, 2684, 2512, 2552, 2521, 2652, 2511, 2579, 2551, 2639, 2553, 2474, 2640, 2415, 2520, 2532, 2519, 2560, 2404, 2546, 2535, 2523, 2499, 2307, 2530, 2576, 2608, 2631, 2598, 2418, 2302, 2639, 2470, 2597, 2457, 2486, 2601, 2635, 2519, 2628, 2538, 2700, 2557, 2534, 2676, 2484, 2578, 2555, 2511, 2530, 2448, 2612, 2453, 2611, 2580, 2637, 2688, 2778, 2628, 2568, 2632, 2613, 2545, 2502, 2475, 2548, 2495, 2428, 2588, 2598, 2615, 2530, 2500, 2561, 2488, 2470, 2452, 2605, 2548, 2453, 2618, 2365, 2534, 2728, 2629, 2454, 2621, 2380, 2595, 2566, 2650, 2455, 2630, 2666, 2674, 2501, 2554, 2539, 2639, 2769, 2601, 2546, 2471, 2636, 2641, 2473, 2477, 2528, 2537, 2478, 2608, 2574, 2498, 2531, 2604, 2524, 2445, 2505, 2638, 2541, 2474, 2641, 2663, 2579, 2477, 2512, 2563, 2565, 2451, 2593, 2511, 2663, 2489, 2581, 2456, 2677, 2492, 2466, 2573, 2664, 2639, 2453, 2498, 2533, 2442, 2581, 2610, 2439, 2638, 2589, 2448, 2535, 2617, 2569, 2576, 2630, 2512, 2537, 2672, 2681, 2581, 2651, 2518, 2564, 2555, 2638, 2438, 2614, 2594, 2447, 2523, 2492, 2617, 2583, 2542, 2464, 2451, 2597, 2463, 2664, 2479, 2496, 2410, 2592, 2590, 2680, 2543, 2672, 2529, 2575, 2543, 2553, 2534, 2414, 2621, 2459, 2563, 2528, 2633, 2502, 2511, 2495, 2435, 2565, 2430, 2511, 2617, 2355, 2472, 2449, 2548, 2644, 2550, 2580, 2548, 2556, 2495, 2712, 2543, 2475, 2582, 2619, 2501, 2668, 2478, 2635, 2586, 2427, 2499, 2517, 2586, 2651, 2545, 2565, 2575, 2633, 2512, 2595, 2364, 2574, 2463, 2495, 2637, 2690, 2498, 2460, 2634, 2668, 2584, 2529, 2631, 2566, 2585, 2488, 2599, 2447, 2547, 2593, 2591, 2559, 2567, 2554, 2520, 2449, 2641, 2635, 2502, 2516, 2596, 2582, 2479, 2527, 2364, 2477, 2548, 2624, 2525, 2675, 2529, 2583, 2495, 2529, 2330, 2570, 2608, 2542, 2475, 2612, 2639, 2646, 2685, 2676, 2525, 2634, 2704, 2657, 2621, 2565, 2464, 2476, 2632, 2517, 2649, 2561, 2510, 2512, 2581, 2694, 2668, 2361, 2562, 2625, 2472, 2597, 2613, 2552, 2541, 2498, 2390, 2571, 2453, 2496, 2440, 2603, 2725, 2457, 2530, 2483, 2430, 2441, 2481, 2783, 2550, 2644, 2468, 2691, 2546, 2582, 2643, 2581, 2568, 2598, 2567, 2380, 2658, 2491, 2695, 2706, 2753, 2663, 2645, 2459, 2639, 2581, 2355, 2488, 2642, 2535, 2418, 2463, 2659, 2597, 2487, 2624, 2579, 2477, 2597, 2393, 2627, 2674, 2734, 2677, 2436, 2539, 2600, 2514, 2522, 2557, 2577, 2463, 2550, 2610, 2495, 2657, 2496, 2531, 2557, 2354, 2561, 2668, 2565, 2693, 2627, 2418, 2801, 2593, 2722, 2550, 2562, 2568, 2563, 2575, 2599, 2405, 2591, 2508, 2573, 2481, 2477, 2689, 2592, 2533, 2366, 2581, 2770, 2617, 2551, 2623, 2429, 2400, 2698, 2574, 2623, 2449, 2598, 2559, 2415, 2460, 2523, 2574, 2429, 2639, 2612, 2616, 2491, 2579, 2599, 2660, 2455, 2622, 2648, 2796, 2496, 2617, 2645, 2535, 2601, 2443, 2513, 2597, 2410, 2589, 2640, 2649, 2518, 2471, 2499, 2554, 2679, 2570, 2557, 2600, 2558, 2485, 2497, 2533, 2514, 2600, 2572, 2574, 2515, 2546, 2462, 2521, 2644, 2540, 2561, 2526, 2612, 2449, 2629, 2448, 2613, 2733, 2521, 2628, 2443, 2599, 2456, 2467, 2521, 2437, 2401, 2510, 2400, 2514, 2535, 2550, 2589, 2445, 2493, 2545, 2515, 2532, 2597, 2692, 2609, 2669, 2594, 2477, 2555, 2537, 2472, 2536, 2551, 2573, 2650, 2457, 2498, 2633, 2451, 2536, 2446, 2477, 2465, 2513, 2490, 2469, 2571, 2620, 2625, 2444, 2539, 2302, 2596, 2582, 2552, 2623, 2466, 2644, 2635, 2441, 2620, 2529, 2601, 2471, 2557, 2617, 2725, 2484, 2672, 2622, 2627, 2683, 2444, 2551, 2617, 2578, 2570, 2561, 2409, 2826, 2475, 2508, 2517, 2561, 2469, 2429, 2527, 2438, 2437, 2653, 2581, 2501, 2542, 2475, 2451, 2584, 2571, 2538, 2535, 2488, 2587, 2423, 2587, 2501, 2564, 2642, 2662, 2546, 2652, 2633, 2551, 2488, 2627, 2495, 2504, 2591, 2491, 2540, 2510, 2731, 2466, 2539, 2613, 2495, 2450, 2576, 2680, 2692, 2586, 2654, 2550, 2594, 2450, 2486, 2604, 2684, 2474, 2428, 2593, 2736, 2486, 2455, 2594, 2671, 2595, 2405, 2393, 2619, 2652, 2502, 2518, 2625, 2415, 2477, 2504, 2600, 2376, 2652, 2507, 2355, 2608, 2666, 2570, 2555, 2678, 2525, 2505, 2486, 2423, 2566, 2493, 2441, 2562, 2507, 2521, 2668, 2562, 2562, 2553, 2440, 2536, 2366, 2535, 2485, 2628, 2564, 2443, 2447, 2614, 2531, 2492, 2484, 2514, 2627, 2673, 2541, 2659, 2672, 2537, 2648, 2524, 2447, 2682, 2663, 2486, 2407, 2470, 2553, 2548, 2709, 2487, 2618, 2621, 2539, 2611, 2540, 2508, 2606, 2555, 2625, 2382, 2428, 2413, 2418, 2558, 2459, 2591, 2443, 2485, 2564, 2425, 2575, 2391, 2520, 2372, 2717, 2619, 2700, 2685, 2420, 2606, 2538, 2532, 2629, 2597, 2393, 2586, 2563, 2645, 2604, 2396, 2574, 2507, 2457, 2414, 2595, 2628, 2708, 2560, 2419, 2576, 2523, 2488, 2439, 2555, 2570, 2507, 2540, 2597, 2699, 2406, 2486, 2561, 2558, 2587, 2482, 2524, 2569, 2654, 2450, 2635, 2471, 2539, 2571, 2656, 2616, 2641, 2551, 2641, 2547, 2650, 2691, 2371, 2572, 2670, 2583, 2638, 2476, 2543, 2553, 2558, 2463, 2752, 2495, 2587, 2500, 2459, 2576, 2526, 2537, 2700, 2492, 2523, 2472, 2499, 2502, 2517, 2716, 2483, 2521, 2778, 2510, 2612, 2639, 2708, 2385, 2532, 2636, 2566, 2406, 2690, 2528, 2496, 2468, 2476, 2605, 2553, 2560, 2478, 2453, 2372, 2696, 2638, 2611, 2593, 2626, 2641, 2554, 2447, 2538, 2445, 2473, 2563, 2521, 2587, 2329, 2545, 2651, 2757, 2520, 2345, 2590, 2629, 2443, 2648, 2680, 2485, 2473, 2307, 2547, 2632, 2602, 2509, 2526, 2635, 2561, 2541, 2569, 2659, 2553, 2557, 2450, 2657, 2659, 2615, 2743, 2470, 2589, 2487, 2609, 2494, 2495, 2608, 2547, 2522, 2670, 2551, 2460, 2668, 2478, 2681, 2466, 2561, 2719, 2540, 2600, 2624, 2608, 2494, 2512, 2572, 2537, 2407, 2670, 2562, 2512, 2582, 2486, 2417, 2581, 2381, 2487, 2431, 2730, 2516, 2548, 2641, 2443, 2383, 2627, 2687, 2553, 2616, 2572, 2627, 2627, 2618, 2513, 2701, 2656, 2690, 2735, 2443, 2528, 2596, 2387, 2495, 2545, 2583, 2420, 2672, 2594, 2478, 2523, 2549, 2533, 2464, 2527, 2637, 2536, 2612, 2574, 2569, 2712, 2599, 2549, 2612, 2559, 2460, 2543, 2623, 2594, 2680, 2381, 2547, 2443, 2453, 2563, 2451, 2355, 2730, 2579, 2527, 2756, 2646, 2655, 2791, 2565, 2583, 2652, 2637, 2522, 2500, 2490, 2563, 2513, 2575, 2551, 2631, 2499, 2516, 2621, 2625, 2634, 2487, 2612, 2602, 2454, 2603, 2628, 2601, 2482, 2640, 2640, 2504, 2509, 2437, 2562, 2640, 2517, 2525, 2436, 2471, 2481, 2554, 2564, 2661, 2512, 2563, 2540, 2534, 2546, 2561, 2457, 2583, 2404, 2654, 2523, 2482, 2495, 2599, 2602, 2513, 2509, 2468, 2572, 2633, 2577, 2531, 2604, 2616, 2520, 2444, 2648, 2578, 2627, 2629, 2471, 2542, 2647, 2562, 2442, 2507, 2503, 2401, 2408, 2600, 2416, 2713, 2442, 2594, 2747, 2583, 2422, 2508, 2562, 2444, 2393, 2407, 2637, 2580, 2631, 2602, 2376, 2608, 2520, 2505, 2456, 2666, 2632, 2688, 2577, 2569, 2452, 2670, 2583, 2497, 2671, 2713, 2454, 2423, 2471, 2542, 2616, 2567, 2432, 2516, 2600, 2444, 2375, 2521, 2675, 2658, 2468, 2477, 2561, 2628, 2573, 2572, 2690, 2621, 2697, 2536, 2614, 2596, 2463, 2537, 2492, 2527, 2500, 2493, 2599, 2672, 2489, 2671, 2608, 2601, 2552, 2542, 2527, 2477, 2697, 2501, 2638, 2577, 2466, 2542, 2509, 2450, 2521, 2402, 2713, 2423, 2463, 2513, 2168, 2636, 2417, 2542, 2493, 2595, 2509, 2554, 2451, 2358, 2559, 2565, 2583, 2561, 2567, 2539, 2600, 2392, 2641, 2487, 2572, 2619, 2532, 2532, 2558, 2416, 2552, 2564, 2622, 2649, 2634, 2532, 2476, 2703, 2486, 2662, 2420, 2630, 2499, 2696, 2798, 2745, 2615, 2614, 2554, 2593, 2664, 2541, 2612, 2689, 2634, 2494, 2769, 2636, 2530, 2589, 2499, 2542, 2364, 2576, 2569, 2456, 2476, 2573, 2519, 2550, 2502, 2635, 2545, 2462, 2396, 2605, 2534, 2501, 2567, 2583, 2672, 2623, 2562, 2611, 2586, 2480, 2560, 2642, 2546, 2512, 2506, 2526, 2527, 2634, 2637, 2476, 2521, 2457, 2447, 2492, 2495, 2376, 2577, 2536, 2397, 2607, 2601, 2703, 2443, 2609, 2517, 2564, 2414, 2608, 2567, 2647, 2524, 2301, 2496, 2597, 2298, 2602, 2528, 2673, 2488, 2530, 2722, 2616, 2553, 2402, 2560, 2621, 2637, 2525, 2601, 2486, 2525, 2627, 2412, 2605, 2405, 2601, 2759, 2550, 2404, 2416, 2413, 2446, 2561, 2556, 2555, 2504, 2521, 2622, 2476, 2562, 2520, 2540, 2587, 2525, 2659, 2483, 2665, 2712, 2650, 2736, 2482, 2570, 2458, 2545, 2433, 2542, 2544, 2525, 2263, 2535, 2539, 2503, 2601, 2552, 2525, 2657, 2509, 2733, 2546, 2598, 2610, 2718, 2518, 2559, 2527, 2406, 2588, 2589, 2605, 2597, 2554, 2663, 2484, 2519, 2697, 2607, 2425, 2616, 2605, 2713, 2719, 2441, 2470, 2503, 2571, 2590, 2567, 2441, 2378, 2554, 2410, 2543, 2450, 2338, 2607, 2691, 2425, 2593, 2326, 2597, 2621, 2587, 2577, 2650, 2526, 2352, 2597, 2706, 2409, 2572, 2536, 2593, 2522, 2513, 2583, 2556, 2545, 2556, 2422, 2626, 2598, 2639, 2609, 2501, 2355, 2628, 2685, 2569, 2545, 2667, 2442, 2481, 2615, 2482, 2520, 2532, 2548, 2666, 2569, 2424, 2482, 2571, 2634, 2601, 2637, 2671, 2724, 2481, 2499, 2530, 2679, 2422, 2514, 2562, 2744, 2613, 2367, 2652, 2331, 2349, 2540, 2568, 2670, 2515, 2752, 2687, 2587, 2527, 2551, 2465, 2499, 2541, 2610, 2533, 2632, 2574, 2677, 2539, 2422, 2601, 2588, 2777, 2547, 2696, 2542, 2641, 2681, 2423, 2444, 2593, 2629, 2603, 2740, 2595, 2510, 2765, 2408, 2532, 2567, 2592, 2677, 2728, 2545, 2461, 2688, 2492, 2583, 2588, 2509, 2425, 2554, 2686, 2479, 2436, 2559, 2721, 2587, 2616, 2560, 2658, 2548, 2653, 2453, 2574, 2539, 2451, 2572, 2635, 2795, 2593, 2567, 2406, 2664, 2488, 2450, 2589, 2362, 2621, 2647, 2528, 2469, 2587, 2494, 2381, 2478, 2479, 2538, 2536, 2513, 2490, 2433, 2412, 2471, 2561, 2735, 2566, 2535, 2537, 2605, 2618, 2591, 2630, 2666, 2596, 2374, 2608, 2535, 2589, 2507, 2586, 2662, 2608, 2601, 2510, 2676, 2595, 2461, 2504, 2590, 2544, 2585, 2496, 2663, 2634, 2435, 2767, 2513, 2599, 2636, 2689, 2614, 2651, 2661, 2537, 2497, 2532, 2689, 2542, 2590, 2619, 2671, 2494, 2413, 2714, 2424, 2554, 2601, 2715, 2595, 2574, 2465, 2430, 2645, 2587, 2593, 2626, 2601, 2534, 2575, 2476, 2465, 2648, 2483, 2675, 2627, 2580, 2534, 2441, 2585, 2566, 2446, 2710, 2682, 2601, 2385, 2542, 2532, 2412, 2661, 2535, 2698, 2670, 2521, 2542, 2572, 2644, 2420, 2545, 2669, 2404, 2440, 2563, 2626, 2531, 2478, 2517, 2547, 2532, 2374, 2395, 2682, 2608, 2551, 2566, 2456, 2575, 2720, 2602, 2495, 2527, 2458, 2639, 2534, 2711, 2422, 2541, 2427, 2624, 2724, 2593, 2503, 2572, 2585, 2548, 2332, 2453, 2591, 2414, 2608, 2584, 2534, 2545, 2550, 2515, 2598, 2570, 2398, 2486, 2604, 2554, 2598, 2552, 2534, 2591, 2658, 2553, 2533, 2681, 2514, 2679, 2579, 2503, 2498, 2511, 2576, 2597, 2492, 2594, 2543, 2681, 2650, 2380, 2436, 2626, 2575, 2559, 2394, 2495, 2497, 2665, 2429, 2505, 2474, 2698, 2430, 2424, 2502, 2561, 2523, 2524, 2600, 2424, 2646, 2406, 2627, 2496, 2218, 2487, 2531, 2676, 2623, 2645, 2652, 2677, 2465, 2548, 2561, 2651, 2692, 2530, 2590, 2427, 2523, 2549, 2580, 2493, 2571, 2580, 2436, 2577, 2571, 2613, 2606, 2567, 2660, 2602, 2558, 2712, 2478, 2488, 2617, 2470, 2399, 2568, 2623, 2559, 2593, 2419, 2649, 2638, 2429, 2657, 2455, 2410, 2672, 2711, 2575, 2717, 2587, 2514, 2483, 2592, 2515, 2718, 2375, 2600, 2533, 2548, 2621, 2588, 2713, 2462, 2475, 2477, 2462, 2522, 2749, 2576, 2414, 2444, 2443, 2652, 2501, 2845, 2342, 2522, 2639, 2627, 2608, 2589, 2567, 2291, 2512, 2704, 2641, 2455, 2542, 2559, 2404, 2689, 2446, 2536, 2547, 2721, 2566, 2615, 2634, 2480, 2646, 2684, 2496, 2722, 2518, 2484, 2637, 2632, 2467, 2466, 2615, 2497, 2500, 2575, 2640, 2578, 2503, 2740, 2567, 2474, 2445, 2560, 2625, 2474, 2483, 2631, 2481, 2584, 2735, 2522, 2419, 2440, 2511, 2713, 2562, 2485, 2577, 2648, 2529, 2516, 2662, 2571, 2557, 2538, 2631, 2473, 2554, 2670, 2579, 2573, 2532, 2626, 2624, 2599, 2564, 2591, 2419, 2632, 2493, 2558, 2584, 2438, 2497, 2465, 2697, 2452, 2539, 2615, 2530, 2742, 2556, 2502, 2615, 2516, 2555, 2709, 2285, 2582, 2679, 2505, 2704, 2555, 2674, 2580, 2591, 2489, 2651, 2514, 2524, 2449, 2712, 2385, 2656, 2761, 2527, 2527, 2532, 2600, 2553, 2448, 2496, 2619, 2521, 2626, 2591, 2433, 2741, 2565, 2509, 2477, 2578, 2411, 2490, 2423, 2676, 2519, 2602, 2528, 2563, 2560, 2582, 2446, 2571, 2601, 2566, 2533, 2356, 2666, 2590, 2610, 2565, 2598, 2603, 2476, 2654, 2534, 2574, 2334, 2459, 2541, 2474, 2720, 2496, 2549, 2578, 2572, 2575, 2431, 2530, 2603, 2584, 2556, 2535, 2388, 2527, 2428, 2488, 2440, 2443, 2600, 2544, 2385, 2451, 2413, 2592, 2546, 2667, 2486, 2493, 2469, 2433, 2581, 2536, 2623, 2473, 2460, 2544, 2704, 2598, 2419, 2647, 2438, 2688, 2540, 2634, 2454, 2573, 2656, 2573, 2585, 2599, 2609, 2613, 2589, 2472, 2340, 2465, 2678, 2607, 2498, 2652, 2595, 2568, 2665, 2554, 2641, 2696, 2380, 2730, 2537, 2621, 2614, 2723, 2486, 2533, 2546, 2600, 2594, 2654, 2472, 2571, 2429, 2736, 2411, 2724, 2602, 2532, 2640, 2623, 2570, 2532, 2514, 2439, 2516, 2550, 2313, 2462, 2562, 2737, 2737, 2531, 2484, 2603, 2485, 2661, 2634, 2488, 2538, 2464, 2526, 2488, 2563, 2632, 2602, 2542, 2576, 2340, 2500, 2488, 2668, 2691, 2579, 2606, 2546, 2672, 2586, 2417, 2720, 2554, 2538, 2580, 2675, 2498, 2585, 2599, 2591, 2580, 2602, 2585, 2645, 2402, 2488, 2592, 2635, 2554, 2535, 2679, 2623, 2555, 2651, 2609, 2547, 2641, 2578, 2524, 2480, 2494, 2688, 2544, 2578, 2588, 2735, 2448, 2523, 2410, 2650, 2511, 2631, 2534, 2539, 2725, 2611, 2499, 2642, 2474, 2688, 2393, 2531, 2420, 2543, 2518, 2650, 2469, 2547, 2612, 2590, 2632, 2706, 2620, 2578, 2590, 2623, 2497, 2573, 2574, 2534, 2531, 2626, 2496, 2487, 2513, 2673, 2667, 2403, 2597, 2546, 2618, 2560, 2614, 2536, 2600, 2464, 2668, 2553, 2528, 2559, 2424, 2593, 2625, 2619, 2517, 2670, 2535, 2598, 2713, 2490, 2496, 2399, 2456, 2619, 2534, 2413, 2668, 2630, 2641, 2583, 2676, 2529, 2638, 2459, 2567, 2472, 2518, 2646, 2617, 2604, 2649, 2658, 2528, 2592, 2495, 2541, 2673, 2559, 2580, 2415, 2658, 2595, 2574, 2541, 2751, 2539, 2533, 2571, 2572, 2659, 2690, 2618, 2595, 2628, 2535, 2487, 2604, 2643, 2648, 2540, 2533, 2707, 2512, 2532, 2560, 2692, 2441, 2478, 2654, 2576, 2561, 2618, 2489, 2527, 2499, 2411, 2608, 2511, 2785, 2626, 2542, 2570, 2523, 2611, 2545, 2480, 2560, 2563, 2599, 2570, 2577, 2570, 2444, 2544, 2606, 2625, 2624, 2458, 2556, 2660, 2627, 2603, 2618, 2628, 2586, 2445, 2576, 2699, 2475, 2623, 2671, 2588, 2538, 2658, 2608, 2369, 2595, 2506, 2588, 2410, 2501, 2552, 2544, 2618, 2459, 2680, 2623, 2564, 2576, 2604, 2582, 2496, 2570, 2550, 2679, 2477, 2560, 2600, 2630, 2608, 2496, 2567, 2438, 2615, 2678, 2449, 2579, 2461, 2504, 2372, 2400, 2578, 2637, 2550, 2461, 2571, 2560, 2545, 2618, 2519, 2526, 2505, 2516, 2604, 2609, 2685, 2572, 2681, 2526, 2588, 2541, 2609, 2577, 2309, 2642, 2514, 2527, 2615, 2475, 2503, 2505, 2558, 2525, 2644, 2448, 2462, 2506, 2568, 2667, 2588, 2408, 2485, 2627, 2676, 2654, 2459, 2472, 2575, 2618, 2474, 2513, 2510, 2544, 2462, 2725, 2448, 2549, 2609, 2510, 2524, 2538, 2575, 2578, 2467, 2496, 2591, 2529, 2567, 2627, 2680, 2695, 2664, 2613, 2513, 2606, 2477, 2559, 2612, 2645, 2627, 2615, 2515, 2538, 2709, 2654, 2505, 2564, 2650, 2679, 2629, 2497, 2358, 2401, 2638, 2403, 2697, 2464]

[wilma]
  Promedio : 1384.1s
  Desvío   : 75.9s
  IC 95%   : [1382.0s, 1386.2s]
  Mínimo   : 1102s
  Máximo   : 1682s
  Tiempos  : [1419, 1301, 1363, 1352, 1333, 1436, 1273, 1391, 1514, 1515, 1293, 1446, 1476, 1368, 1368, 1405, 1453, 1246, 1353, 1416, 1343, 1411, 1419, 1434, 1378, 1534, 1356, 1341, 1250, 1314, 1337, 1334, 1326, 1402, 1439, 1346, 1460, 1401, 1463, 1390, 1462, 1446, 1458, 1452, 1408, 1385, 1251, 1443, 1440, 1318, 1459, 1428, 1445, 1466, 1256, 1482, 1491, 1402, 1340, 1375, 1428, 1414, 1385, 1393, 1304, 1389, 1382, 1479, 1442, 1327, 1253, 1333, 1248, 1187, 1370, 1341, 1322, 1246, 1304, 1415, 1433, 1437, 1340, 1304, 1331, 1431, 1356, 1521, 1283, 1334, 1476, 1325, 1354, 1386, 1301, 1425, 1423, 1321, 1405, 1399, 1458, 1251, 1496, 1368, 1428, 1383, 1345, 1380, 1335, 1322, 1300, 1378, 1324, 1436, 1317, 1438, 1451, 1330, 1357, 1584, 1403, 1313, 1340, 1413, 1356, 1306, 1233, 1339, 1454, 1288, 1512, 1306, 1358, 1370, 1426, 1410, 1428, 1253, 1416, 1310, 1273, 1322, 1368, 1422, 1291, 1417, 1422, 1353, 1361, 1390, 1361, 1298, 1413, 1348, 1444, 1224, 1416, 1463, 1371, 1374, 1515, 1280, 1333, 1336, 1388, 1345, 1454, 1391, 1356, 1263, 1333, 1449, 1390, 1342, 1386, 1296, 1344, 1412, 1534, 1516, 1375, 1397, 1471, 1408, 1428, 1347, 1324, 1410, 1328, 1432, 1357, 1273, 1305, 1400, 1372, 1381, 1338, 1395, 1434, 1197, 1385, 1337, 1339, 1311, 1406, 1381, 1411, 1356, 1467, 1359, 1372, 1354, 1413, 1393, 1471, 1319, 1301, 1256, 1481, 1429, 1363, 1301, 1426, 1393, 1400, 1459, 1409, 1478, 1329, 1438, 1272, 1228, 1416, 1566, 1371, 1465, 1317, 1411, 1314, 1405, 1467, 1387, 1452, 1324, 1331, 1378, 1450, 1312, 1352, 1398, 1465, 1414, 1417, 1321, 1292, 1418, 1475, 1226, 1326, 1364, 1346, 1156, 1380, 1482, 1249, 1530, 1388, 1265, 1353, 1476, 1303, 1300, 1355, 1419, 1419, 1362, 1250, 1450, 1267, 1341, 1505, 1404, 1408, 1506, 1396, 1487, 1396, 1405, 1307, 1459, 1330, 1378, 1464, 1333, 1386, 1416, 1457, 1316, 1434, 1423, 1318, 1518, 1397, 1296, 1480, 1313, 1515, 1378, 1368, 1267, 1375, 1486, 1185, 1360, 1372, 1580, 1433, 1374, 1358, 1398, 1436, 1394, 1438, 1350, 1448, 1467, 1331, 1471, 1421, 1436, 1407, 1331, 1341, 1399, 1405, 1351, 1370, 1364, 1412, 1345, 1457, 1402, 1324, 1503, 1315, 1345, 1316, 1418, 1319, 1364, 1470, 1361, 1452, 1434, 1351, 1360, 1354, 1367, 1482, 1323, 1534, 1422, 1433, 1324, 1475, 1352, 1365, 1394, 1362, 1325, 1417, 1344, 1258, 1440, 1393, 1577, 1563, 1295, 1331, 1312, 1311, 1478, 1323, 1347, 1299, 1341, 1544, 1221, 1440, 1301, 1413, 1309, 1485, 1305, 1280, 1359, 1356, 1482, 1325, 1306, 1470, 1554, 1281, 1386, 1447, 1420, 1397, 1334, 1327, 1380, 1336, 1476, 1325, 1356, 1323, 1468, 1365, 1347, 1439, 1307, 1305, 1318, 1432, 1404, 1398, 1531, 1423, 1328, 1312, 1394, 1381, 1355, 1280, 1456, 1397, 1348, 1380, 1370, 1398, 1504, 1502, 1328, 1378, 1426, 1413, 1275, 1335, 1325, 1457, 1616, 1298, 1280, 1382, 1253, 1382, 1419, 1264, 1526, 1445, 1406, 1381, 1373, 1457, 1287, 1448, 1354, 1383, 1384, 1349, 1352, 1352, 1399, 1409, 1309, 1461, 1287, 1346, 1368, 1311, 1407, 1204, 1520, 1287, 1519, 1472, 1419, 1426, 1349, 1387, 1431, 1468, 1294, 1497, 1410, 1239, 1289, 1304, 1431, 1480, 1472, 1201, 1278, 1339, 1280, 1310, 1488, 1401, 1408, 1451, 1623, 1369, 1195, 1242, 1491, 1375, 1423, 1682, 1373, 1388, 1364, 1183, 1396, 1442, 1430, 1418, 1429, 1342, 1345, 1499, 1442, 1350, 1330, 1440, 1425, 1331, 1336, 1293, 1340, 1514, 1340, 1407, 1338, 1538, 1401, 1259, 1397, 1596, 1409, 1292, 1521, 1386, 1429, 1386, 1337, 1367, 1403, 1412, 1438, 1348, 1336, 1357, 1496, 1238, 1467, 1434, 1330, 1417, 1431, 1448, 1327, 1405, 1436, 1337, 1472, 1229, 1304, 1459, 1261, 1480, 1275, 1517, 1461, 1344, 1393, 1358, 1348, 1374, 1350, 1435, 1301, 1391, 1339, 1336, 1445, 1403, 1471, 1327, 1412, 1205, 1478, 1486, 1406, 1568, 1393, 1262, 1364, 1431, 1317, 1389, 1229, 1360, 1371, 1333, 1268, 1407, 1495, 1399, 1457, 1312, 1478, 1433, 1427, 1473, 1374, 1329, 1322, 1482, 1445, 1312, 1413, 1363, 1377, 1346, 1424, 1358, 1345, 1294, 1428, 1331, 1381, 1486, 1382, 1454, 1469, 1368, 1423, 1364, 1378, 1427, 1273, 1360, 1404, 1144, 1290, 1403, 1347, 1336, 1408, 1368, 1435, 1236, 1506, 1390, 1287, 1439, 1511, 1515, 1358, 1238, 1424, 1253, 1271, 1317, 1398, 1286, 1355, 1478, 1357, 1419, 1464, 1415, 1451, 1263, 1252, 1349, 1374, 1425, 1410, 1474, 1414, 1371, 1347, 1367, 1477, 1376, 1327, 1450, 1510, 1469, 1274, 1316, 1442, 1401, 1394, 1389, 1309, 1410, 1191, 1436, 1378, 1259, 1431, 1489, 1454, 1413, 1476, 1456, 1341, 1426, 1233, 1274, 1427, 1468, 1396, 1235, 1369, 1426, 1352, 1460, 1367, 1343, 1445, 1356, 1582, 1441, 1232, 1436, 1432, 1198, 1444, 1382, 1383, 1392, 1363, 1337, 1501, 1414, 1487, 1315, 1432, 1235, 1356, 1386, 1519, 1472, 1288, 1411, 1280, 1261, 1408, 1391, 1268, 1312, 1261, 1420, 1468, 1402, 1354, 1285, 1405, 1401, 1584, 1294, 1298, 1394, 1407, 1338, 1268, 1424, 1444, 1342, 1346, 1495, 1330, 1287, 1370, 1408, 1470, 1409, 1397, 1509, 1394, 1333, 1505, 1375, 1383, 1369, 1399, 1429, 1450, 1445, 1437, 1224, 1366, 1284, 1276, 1394, 1390, 1335, 1390, 1372, 1276, 1265, 1263, 1353, 1369, 1360, 1382, 1386, 1372, 1374, 1465, 1470, 1294, 1383, 1253, 1364, 1446, 1410, 1408, 1286, 1374, 1481, 1317, 1340, 1458, 1455, 1525, 1253, 1352, 1362, 1295, 1451, 1532, 1361, 1372, 1403, 1412, 1376, 1542, 1369, 1228, 1369, 1380, 1295, 1515, 1294, 1390, 1268, 1499, 1244, 1523, 1278, 1337, 1258, 1454, 1529, 1429, 1271, 1372, 1339, 1375, 1473, 1508, 1159, 1416, 1480, 1440, 1523, 1403, 1368, 1407, 1454, 1313, 1319, 1439, 1288, 1562, 1356, 1439, 1462, 1427, 1449, 1468, 1374, 1361, 1262, 1330, 1437, 1406, 1375, 1414, 1444, 1334, 1297, 1292, 1350, 1359, 1386, 1463, 1371, 1485, 1401, 1414, 1385, 1284, 1371, 1511, 1258, 1477, 1425, 1317, 1554, 1216, 1384, 1403, 1375, 1401, 1403, 1374, 1358, 1287, 1352, 1222, 1473, 1340, 1496, 1456, 1262, 1435, 1442, 1398, 1263, 1425, 1372, 1376, 1392, 1454, 1325, 1473, 1356, 1381, 1380, 1283, 1347, 1222, 1513, 1392, 1253, 1372, 1401, 1351, 1454, 1356, 1541, 1310, 1447, 1384, 1425, 1344, 1416, 1419, 1433, 1347, 1411, 1382, 1522, 1345, 1426, 1519, 1456, 1264, 1306, 1322, 1319, 1455, 1318, 1452, 1426, 1402, 1427, 1340, 1303, 1483, 1371, 1200, 1290, 1375, 1444, 1461, 1425, 1343, 1356, 1485, 1377, 1409, 1362, 1298, 1379, 1486, 1337, 1337, 1340, 1421, 1457, 1357, 1248, 1326, 1400, 1376, 1329, 1335, 1421, 1365, 1334, 1461, 1428, 1261, 1417, 1409, 1409, 1384, 1389, 1321, 1356, 1441, 1259, 1425, 1448, 1317, 1414, 1342, 1522, 1273, 1344, 1444, 1521, 1273, 1385, 1274, 1539, 1432, 1522, 1353, 1488, 1572, 1352, 1464, 1446, 1327, 1250, 1279, 1329, 1288, 1400, 1258, 1239, 1341, 1471, 1392, 1102, 1290, 1399, 1339, 1377, 1388, 1479, 1353, 1341, 1244, 1435, 1311, 1333, 1431, 1498, 1269, 1276, 1400, 1477, 1443, 1380, 1320, 1398, 1447, 1401, 1264, 1378, 1423, 1314, 1503, 1512, 1314, 1399, 1346, 1311, 1394, 1371, 1343, 1475, 1200, 1455, 1449, 1532, 1433, 1268, 1491, 1172, 1286, 1473, 1285, 1238, 1477, 1279, 1439, 1392, 1359, 1315, 1441, 1392, 1399, 1453, 1290, 1472, 1318, 1362, 1297, 1505, 1406, 1540, 1415, 1264, 1428, 1334, 1248, 1497, 1513, 1322, 1416, 1356, 1374, 1322, 1386, 1353, 1416, 1369, 1413, 1244, 1299, 1475, 1341, 1346, 1357, 1276, 1390, 1343, 1432, 1391, 1334, 1366, 1416, 1469, 1327, 1280, 1371, 1389, 1332, 1507, 1431, 1375, 1398, 1474, 1409, 1322, 1439, 1434, 1480, 1425, 1337, 1379, 1425, 1327, 1386, 1517, 1352, 1519, 1321, 1353, 1358, 1478, 1283, 1494, 1332, 1373, 1445, 1318, 1346, 1253, 1349, 1326, 1460, 1430, 1457, 1427, 1564, 1327, 1390, 1474, 1416, 1326, 1466, 1271, 1489, 1435, 1398, 1401, 1224, 1250, 1406, 1430, 1509, 1461, 1455, 1334, 1379, 1477, 1325, 1365, 1286, 1448, 1369, 1329, 1452, 1278, 1337, 1434, 1436, 1386, 1348, 1459, 1453, 1371, 1320, 1355, 1406, 1495, 1433, 1418, 1407, 1413, 1458, 1410, 1372, 1279, 1422, 1318, 1318, 1351, 1434, 1389, 1444, 1414, 1424, 1462, 1336, 1298, 1394, 1373, 1478, 1377, 1423, 1373, 1247, 1225, 1471, 1398, 1373, 1353, 1404, 1352, 1501, 1466, 1485, 1458, 1250, 1418, 1459, 1278, 1481, 1479, 1414, 1311, 1443, 1456, 1356, 1284, 1488, 1434, 1353, 1278, 1272, 1400, 1507, 1466, 1334, 1521, 1589, 1342, 1439, 1381, 1487, 1393, 1351, 1215, 1438, 1458, 1447, 1512, 1467, 1455, 1229, 1483, 1500, 1492, 1406, 1478, 1429, 1510, 1357, 1348, 1323, 1319, 1422, 1355, 1281, 1412, 1268, 1384, 1293, 1379, 1437, 1560, 1482, 1380, 1398, 1420, 1426, 1455, 1274, 1367, 1324, 1477, 1373, 1278, 1342, 1347, 1393, 1220, 1372, 1457, 1485, 1432, 1413, 1329, 1457, 1483, 1528, 1297, 1531, 1392, 1390, 1492, 1483, 1361, 1438, 1379, 1282, 1388, 1435, 1339, 1220, 1309, 1525, 1330, 1263, 1306, 1447, 1422, 1437, 1310, 1463, 1367, 1484, 1458, 1571, 1367, 1338, 1381, 1381, 1527, 1280, 1370, 1584, 1327, 1391, 1377, 1315, 1241, 1427, 1308, 1516, 1400, 1365, 1277, 1305, 1306, 1533, 1481, 1427, 1433, 1438, 1497, 1308, 1486, 1484, 1288, 1409, 1206, 1398, 1401, 1276, 1329, 1328, 1476, 1251, 1326, 1251, 1374, 1547, 1316, 1488, 1404, 1467, 1262, 1333, 1356, 1390, 1334, 1339, 1394, 1428, 1415, 1264, 1387, 1471, 1288, 1277, 1253, 1453, 1362, 1357, 1206, 1282, 1475, 1350, 1429, 1486, 1287, 1437, 1369, 1291, 1447, 1322, 1409, 1306, 1407, 1489, 1363, 1291, 1342, 1444, 1350, 1298, 1327, 1516, 1357, 1504, 1329, 1298, 1330, 1529, 1299, 1254, 1430, 1381, 1350, 1410, 1348, 1467, 1404, 1395, 1475, 1501, 1447, 1503, 1351, 1553, 1352, 1299, 1303, 1362, 1387, 1274, 1253, 1407, 1386, 1448, 1444, 1399, 1347, 1374, 1427, 1404, 1402, 1393, 1282, 1329, 1531, 1426, 1400, 1487, 1408, 1491, 1391, 1482, 1354, 1409, 1346, 1463, 1317, 1323, 1430, 1396, 1476, 1348, 1285, 1383, 1390, 1352, 1271, 1300, 1467, 1302, 1320, 1352, 1380, 1328, 1431, 1423, 1430, 1384, 1401, 1490, 1356, 1443, 1335, 1369, 1379, 1302, 1219, 1356, 1322, 1407, 1410, 1399, 1403, 1304, 1301, 1269, 1341, 1494, 1190, 1425, 1422, 1422, 1398, 1404, 1526, 1329, 1337, 1311, 1603, 1547, 1482, 1250, 1433, 1364, 1295, 1366, 1413, 1526, 1496, 1274, 1272, 1435, 1376, 1594, 1479, 1461, 1422, 1447, 1435, 1374, 1437, 1254, 1514, 1323, 1503, 1454, 1204, 1334, 1324, 1416, 1518, 1344, 1420, 1602, 1337, 1437, 1435, 1436, 1291, 1368, 1411, 1350, 1425, 1389, 1394, 1408, 1360, 1475, 1337, 1302, 1282, 1545, 1345, 1363, 1407, 1413, 1431, 1328, 1313, 1489, 1464, 1370, 1459, 1261, 1418, 1301, 1492, 1272, 1453, 1468, 1284, 1328, 1183, 1251, 1536, 1308, 1338, 1485, 1391, 1440, 1246, 1358, 1456, 1409, 1407, 1371, 1513, 1383, 1471, 1452, 1510, 1282, 1350, 1476, 1335, 1457, 1378, 1265, 1421, 1378, 1203, 1288, 1398, 1379, 1421, 1344, 1279, 1420, 1402, 1363, 1390, 1510, 1302, 1454, 1438, 1421, 1382, 1364, 1419, 1459, 1395, 1518, 1492, 1347, 1442, 1550, 1342, 1339, 1398, 1388, 1417, 1352, 1334, 1301, 1308, 1467, 1426, 1508, 1412, 1475, 1442, 1285, 1447, 1215, 1431, 1330, 1542, 1413, 1260, 1466, 1350, 1302, 1372, 1352, 1502, 1334, 1600, 1301, 1361, 1406, 1302, 1361, 1269, 1423, 1366, 1355, 1216, 1367, 1362, 1414, 1470, 1350, 1452, 1306, 1248, 1397, 1416, 1421, 1329, 1353, 1235, 1277, 1274, 1432, 1323, 1417, 1492, 1472, 1400, 1392, 1401, 1307, 1387, 1412, 1458, 1201, 1388, 1364, 1475, 1331, 1418, 1428, 1461, 1328, 1288, 1385, 1259, 1382, 1365, 1269, 1345, 1245, 1333, 1312, 1417, 1400, 1439, 1510, 1236, 1606, 1384, 1310, 1443, 1317, 1390, 1337, 1376, 1391, 1268, 1459, 1410, 1580, 1347, 1486, 1347, 1420, 1301, 1349, 1287, 1236, 1522, 1480, 1397, 1473, 1328, 1293, 1316, 1416, 1464, 1305, 1420, 1276, 1372, 1386, 1293, 1252, 1430, 1354, 1367, 1166, 1479, 1315, 1349, 1353, 1572, 1397, 1460, 1396, 1330, 1329, 1377, 1468, 1339, 1296, 1333, 1312, 1285, 1394, 1304, 1417, 1393, 1484, 1458, 1311, 1420, 1400, 1368, 1554, 1355, 1349, 1336, 1387, 1417, 1403, 1471, 1276, 1362, 1515, 1427, 1524, 1437, 1373, 1217, 1419, 1423, 1400, 1427, 1512, 1493, 1422, 1293, 1338, 1228, 1468, 1356, 1426, 1339, 1393, 1269, 1356, 1362, 1374, 1410, 1294, 1404, 1415, 1185, 1404, 1243, 1266, 1403, 1277, 1371, 1477, 1413, 1401, 1390, 1336, 1337, 1422, 1465, 1319, 1340, 1423, 1369, 1357, 1288, 1364, 1407, 1332, 1238, 1347, 1437, 1410, 1410, 1472, 1422, 1381, 1447, 1419, 1413, 1407, 1306, 1377, 1470, 1401, 1403, 1441, 1384, 1397, 1401, 1455, 1298, 1433, 1434, 1400, 1319, 1363, 1394, 1402, 1403, 1389, 1308, 1490, 1289, 1427, 1279, 1312, 1312, 1250, 1357, 1467, 1411, 1522, 1302, 1263, 1279, 1424, 1331, 1380, 1423, 1325, 1307, 1300, 1472, 1364, 1458, 1202, 1333, 1349, 1418, 1319, 1412, 1456, 1319, 1327, 1301, 1345, 1448, 1513, 1301, 1483, 1417, 1188, 1387, 1454, 1402, 1324, 1294, 1277, 1396, 1280, 1376, 1350, 1442, 1392, 1301, 1299, 1437, 1420, 1405, 1413, 1274, 1307, 1435, 1350, 1247, 1438, 1304, 1362, 1270, 1436, 1413, 1409, 1311, 1367, 1480, 1505, 1389, 1441, 1390, 1396, 1401, 1480, 1440, 1323, 1241, 1534, 1268, 1411, 1368, 1309, 1423, 1494, 1431, 1424, 1353, 1387, 1374, 1394, 1427, 1330, 1463, 1435, 1454, 1513, 1431, 1454, 1361, 1429, 1392, 1448, 1371, 1449, 1388, 1505, 1412, 1377, 1314, 1382, 1370, 1545, 1407, 1273, 1395, 1279, 1281, 1425, 1223, 1424, 1516, 1399, 1260, 1458, 1298, 1344, 1337, 1495, 1338, 1465, 1564, 1382, 1344, 1442, 1370, 1393, 1429, 1347, 1384, 1507, 1404, 1316, 1324, 1368, 1398, 1449, 1297, 1415, 1347, 1260, 1305, 1278, 1406, 1342, 1345, 1309, 1277, 1515, 1379, 1427, 1403, 1505, 1480, 1356, 1363, 1455, 1346, 1368, 1413, 1372, 1499, 1392, 1254, 1353, 1436, 1490, 1377, 1440, 1442, 1337, 1347, 1292, 1547, 1203, 1426, 1395, 1386, 1288, 1267, 1354, 1369, 1358, 1523, 1389, 1354, 1333, 1266, 1422, 1390, 1311, 1465, 1431, 1368, 1372, 1424, 1406, 1393, 1413, 1262, 1430, 1367, 1388, 1531, 1387, 1418, 1342, 1170, 1364, 1380, 1428, 1435, 1329, 1386, 1392, 1475, 1437, 1509, 1483, 1458, 1317, 1537, 1376, 1509, 1441, 1493, 1319, 1432, 1589, 1173, 1417, 1384, 1339, 1464, 1409, 1425, 1480, 1324, 1450, 1351, 1398, 1379, 1399, 1345, 1270, 1381, 1426, 1433, 1407, 1258, 1303, 1468, 1337, 1479, 1417, 1344, 1374, 1259, 1397, 1432, 1330, 1420, 1424, 1421, 1401, 1354, 1487, 1403, 1485, 1301, 1371, 1330, 1387, 1602, 1335, 1343, 1435, 1286, 1345, 1388, 1474, 1329, 1459, 1368, 1399, 1453, 1401, 1353, 1245, 1436, 1386, 1488, 1441, 1262, 1367, 1493, 1486, 1303, 1436, 1356, 1349, 1490, 1370, 1375, 1410, 1469, 1332, 1503, 1372, 1528, 1321, 1387, 1467, 1410, 1493, 1327, 1292, 1273, 1330, 1337, 1417, 1461, 1366, 1299, 1370, 1323, 1404, 1469, 1366, 1445, 1354, 1372, 1368, 1491, 1377, 1529, 1349, 1347, 1399, 1389, 1465, 1467, 1489, 1476, 1428, 1376, 1408, 1434, 1371, 1433, 1383, 1329, 1379, 1254, 1473, 1471, 1376, 1536, 1441, 1320, 1418, 1277, 1546, 1384, 1364, 1458, 1304, 1327, 1466, 1485, 1355, 1323, 1302, 1325, 1411, 1405, 1410, 1397, 1371, 1384, 1311, 1356, 1414, 1378, 1309, 1583, 1399, 1265, 1353, 1410, 1301, 1407, 1340, 1379, 1339, 1368, 1273, 1439, 1420, 1229, 1239, 1430, 1416, 1369, 1438, 1313, 1330, 1256, 1546, 1513, 1352, 1304, 1253, 1335, 1507, 1295, 1448, 1381, 1446, 1577, 1300, 1320, 1271, 1332, 1339, 1479, 1481, 1298, 1199, 1404, 1431, 1405, 1360, 1290, 1385, 1386, 1498, 1413, 1504, 1462, 1323, 1506, 1419, 1527, 1333, 1442, 1584, 1365, 1376, 1376, 1528, 1305, 1268, 1379, 1349, 1406, 1387, 1262, 1372, 1407, 1283, 1408, 1265, 1470, 1283, 1442, 1232, 1415, 1411, 1380, 1499, 1453, 1455, 1341, 1383, 1365, 1499, 1443, 1347, 1384, 1365, 1354, 1428, 1472, 1497, 1351, 1331, 1336, 1524, 1343, 1450, 1292, 1374, 1400, 1410, 1488, 1346, 1373, 1511, 1332, 1379, 1253, 1301, 1473, 1305, 1371, 1291, 1356, 1442, 1259, 1389, 1386, 1319, 1326, 1275, 1363, 1444, 1435, 1381, 1435, 1380, 1392, 1464, 1343, 1392, 1311, 1408, 1538, 1483, 1422, 1334, 1563, 1238, 1354, 1396, 1437, 1240, 1425, 1495, 1313, 1255, 1490, 1364, 1365, 1364, 1467, 1433, 1300, 1304, 1403, 1344, 1324, 1485, 1380, 1408, 1552, 1300, 1498, 1342, 1404, 1381, 1438, 1356, 1367, 1402, 1328, 1364, 1434, 1454, 1466, 1434, 1452, 1320, 1362, 1283, 1487, 1415, 1478, 1262, 1375, 1379, 1330, 1265, 1330, 1390, 1555, 1356, 1476, 1388, 1387, 1335, 1240, 1412, 1360, 1499, 1293, 1450, 1429, 1223, 1285, 1239, 1410, 1315, 1332, 1352, 1358, 1288, 1454, 1467, 1415, 1425, 1433, 1287, 1398, 1258, 1330, 1363, 1458, 1327, 1454, 1233, 1263, 1407, 1355, 1346, 1443, 1379, 1339, 1438, 1309, 1584, 1312, 1496, 1298, 1262, 1313, 1383, 1392, 1361, 1415, 1415, 1304, 1342, 1367, 1410, 1479, 1375, 1387, 1333, 1486, 1470, 1253, 1426, 1416, 1272, 1304, 1296, 1374, 1445, 1361, 1496, 1377, 1464, 1399, 1290, 1384, 1556, 1358, 1396, 1296, 1373, 1343, 1463, 1486, 1278, 1418, 1443, 1359, 1472, 1558, 1435, 1518, 1407, 1505, 1267, 1504, 1355, 1377, 1235, 1444, 1420, 1417, 1521, 1392, 1415, 1410, 1402, 1292, 1382, 1221, 1313, 1441, 1411, 1386, 1290, 1391, 1415, 1372, 1311, 1483, 1365, 1465, 1349, 1499, 1391, 1469, 1410, 1391, 1319, 1422, 1426, 1394, 1422, 1388, 1329, 1415, 1307, 1421, 1371, 1574, 1451, 1367, 1449, 1290, 1399, 1343, 1268, 1412, 1414, 1382, 1279, 1291, 1396, 1374, 1519, 1508, 1315, 1542, 1327, 1287, 1391, 1506, 1353, 1454, 1498, 1443, 1476, 1353, 1330, 1447, 1325, 1444, 1492, 1321, 1336, 1441, 1300, 1379, 1516, 1426, 1492, 1303, 1444, 1315, 1433, 1449, 1412, 1425, 1324, 1353, 1375, 1305, 1291, 1449, 1307, 1448, 1351, 1415, 1509, 1497, 1415, 1313, 1317, 1490, 1297, 1356, 1352, 1323, 1483, 1461, 1422, 1313, 1341, 1378, 1369, 1378, 1311, 1463, 1451, 1330, 1330, 1291, 1479, 1493, 1413, 1366, 1374, 1351, 1376, 1433, 1308, 1328, 1275, 1417, 1392, 1489, 1372, 1349, 1397, 1360, 1386, 1436, 1313, 1318, 1278, 1431, 1327, 1300, 1237, 1265, 1459, 1371, 1448, 1409, 1262, 1222, 1497, 1352, 1412, 1337, 1289, 1413, 1360, 1442, 1373, 1321, 1557, 1358, 1228, 1329, 1297, 1427, 1343, 1272, 1295, 1321, 1511, 1304, 1280, 1338, 1393, 1294, 1418, 1319, 1471, 1298, 1322, 1398, 1502, 1482, 1354, 1386, 1488, 1429, 1307, 1406, 1252, 1305, 1290, 1459, 1336, 1415, 1386, 1340, 1416, 1546, 1416, 1404, 1424, 1433, 1366, 1461, 1359, 1266, 1441, 1440, 1449, 1335, 1491, 1378, 1349, 1452, 1491, 1376, 1406, 1270, 1300, 1225, 1454, 1267, 1418, 1337, 1310, 1456, 1416, 1236, 1450, 1361, 1440, 1191, 1348, 1531, 1395, 1246, 1327, 1320, 1263, 1345, 1492, 1362, 1417, 1318, 1334, 1330, 1296, 1306, 1340, 1277, 1376, 1453, 1468, 1373, 1350, 1413, 1339, 1193, 1310, 1350, 1430, 1503, 1364, 1496, 1403, 1413, 1350, 1392, 1439, 1366, 1376, 1374, 1497, 1382, 1423, 1372, 1507, 1477, 1501, 1433, 1322, 1422, 1386, 1356, 1441, 1224, 1377, 1321, 1411, 1351, 1285, 1437, 1478, 1359, 1452, 1368, 1453, 1407, 1398, 1431, 1401, 1383, 1382, 1525, 1347, 1399, 1454, 1461, 1352, 1388, 1397, 1284, 1406, 1558, 1358, 1392, 1316, 1400, 1332, 1387, 1374, 1316, 1367, 1475, 1223, 1461, 1228, 1380, 1356, 1381, 1421, 1423, 1335, 1430, 1294, 1531, 1445, 1400, 1370, 1318, 1513, 1360, 1322, 1306, 1488, 1356, 1467, 1343, 1499, 1405, 1278, 1405, 1403, 1368, 1460, 1434, 1291, 1343, 1417, 1464, 1344, 1283, 1438, 1379, 1323, 1431, 1372, 1346, 1409, 1324, 1331, 1429, 1505, 1290, 1307, 1355, 1443, 1387, 1412, 1336, 1331, 1375, 1480, 1476, 1321, 1222, 1499, 1271, 1394, 1380, 1492, 1365, 1469, 1322, 1407, 1383, 1347, 1341, 1424, 1219, 1329, 1399, 1422, 1369, 1370, 1387, 1405, 1405, 1459, 1380, 1400, 1346, 1435, 1273, 1281, 1397, 1355, 1329, 1497, 1437, 1254, 1453, 1439, 1283, 1400, 1587, 1351, 1436, 1484, 1404, 1411, 1279, 1325, 1317, 1362, 1349, 1394, 1349, 1418, 1339, 1342, 1320, 1389, 1449, 1446, 1544, 1456, 1290, 1452, 1289, 1232, 1321, 1470, 1297, 1284, 1420, 1385, 1338, 1383, 1366, 1511, 1342, 1444, 1377, 1474, 1273, 1352, 1456, 1306, 1511, 1545, 1360, 1286, 1392, 1564, 1439, 1340, 1409, 1459, 1258, 1404, 1411, 1434, 1499, 1554, 1231, 1423, 1468, 1343, 1379, 1400, 1382, 1485, 1288, 1455, 1430, 1487, 1340, 1331, 1314, 1457, 1419, 1375, 1355, 1294, 1367, 1558, 1369, 1425, 1347, 1386, 1404, 1359, 1392, 1414, 1535, 1294, 1362, 1493, 1470, 1394, 1592, 1458, 1457, 1352, 1474, 1452, 1432, 1369, 1388, 1459, 1426, 1464, 1319, 1320, 1344, 1460, 1480, 1288, 1447, 1341, 1487, 1305, 1312, 1348, 1409, 1461, 1480, 1401, 1389, 1371, 1510, 1601, 1373, 1375, 1310, 1367, 1345, 1317, 1485, 1294, 1467, 1634, 1434, 1477, 1283, 1474, 1494, 1340, 1468, 1588, 1176, 1315, 1398, 1271, 1333, 1353, 1386, 1254, 1566, 1352, 1445, 1435, 1456, 1487, 1308, 1318, 1375, 1501, 1385, 1386, 1597, 1538, 1398, 1326, 1318, 1474, 1433, 1339, 1476, 1287, 1405, 1411, 1417, 1448, 1407, 1441, 1275, 1382, 1373, 1348, 1345, 1412, 1398, 1408, 1413, 1297, 1409, 1295, 1395, 1355, 1376, 1237, 1391, 1319, 1458, 1451, 1452, 1450, 1343, 1539, 1379, 1378, 1393, 1476, 1430, 1299, 1390, 1403, 1279, 1296, 1455, 1365, 1270, 1375, 1263, 1323, 1330, 1298, 1286, 1352, 1391, 1416, 1390, 1394, 1329, 1427, 1335, 1407, 1326, 1534, 1451, 1368, 1363, 1468, 1511, 1458, 1293, 1489, 1466, 1404, 1459, 1319, 1406, 1371, 1441, 1358, 1405, 1321, 1388, 1360, 1453, 1546, 1263, 1341, 1406, 1367, 1405, 1354, 1403, 1295, 1443, 1488, 1355, 1441, 1417, 1372, 1356, 1298, 1461, 1404, 1424, 1331, 1434, 1453, 1397, 1407, 1336, 1432, 1567, 1377, 1407, 1297, 1352, 1409, 1422, 1347, 1325, 1363, 1485, 1311, 1351, 1228, 1395, 1569, 1414, 1391, 1361, 1396, 1426, 1290, 1432, 1370, 1388, 1294, 1330, 1419, 1165, 1305, 1378, 1202, 1338, 1377, 1453, 1291, 1429, 1514, 1391, 1373, 1338, 1392, 1338, 1270, 1281, 1339, 1459, 1410, 1408, 1529, 1396, 1443, 1372, 1427, 1507, 1408, 1373, 1387, 1451, 1575, 1455, 1339, 1380, 1485, 1336, 1472, 1197, 1395, 1502, 1458, 1332, 1322, 1439, 1382, 1304, 1354, 1401, 1392, 1422, 1479, 1354, 1487, 1310, 1445, 1317, 1424, 1295, 1352, 1347, 1555, 1553, 1381, 1539, 1281, 1442, 1332, 1395, 1355, 1265, 1338, 1444, 1377, 1551, 1354, 1338, 1383, 1437, 1322, 1421, 1225, 1277, 1396, 1258, 1445, 1268, 1402, 1364, 1363, 1414, 1478, 1492, 1317, 1422, 1387, 1334, 1486, 1378, 1503, 1451, 1341, 1450, 1395, 1365, 1268, 1360, 1376, 1482, 1389, 1500, 1409, 1271, 1438, 1367, 1399, 1441, 1454, 1291, 1422, 1320, 1327, 1352, 1363, 1319, 1424, 1485, 1358, 1387, 1463, 1454, 1504, 1334, 1379, 1406, 1420, 1337, 1515, 1409, 1495, 1445, 1424, 1425, 1418, 1326, 1400, 1378, 1339, 1277, 1449, 1396, 1353, 1419, 1256, 1474, 1484, 1387, 1397, 1453, 1482, 1464, 1372, 1304, 1491, 1454, 1460, 1299, 1444, 1326, 1298, 1484, 1251, 1399, 1261, 1373, 1497, 1431, 1419, 1348, 1214, 1428, 1476, 1234, 1418, 1503, 1462, 1413, 1389, 1294, 1406, 1375, 1402, 1470, 1390, 1425, 1356, 1343, 1352, 1352, 1316, 1435, 1304, 1522, 1371, 1440, 1415, 1451, 1467, 1347, 1258, 1484, 1304, 1457, 1215, 1426, 1393, 1226, 1347, 1426, 1436, 1334, 1289, 1423, 1487, 1409, 1363, 1348, 1349, 1342, 1411, 1366, 1329, 1396, 1375, 1327, 1431, 1386, 1401, 1217, 1283, 1298, 1336, 1313, 1419, 1450, 1502, 1361, 1414, 1349, 1274, 1343, 1300, 1469, 1466, 1477, 1393, 1345, 1307, 1327, 1249, 1485, 1315, 1371, 1333, 1198, 1469, 1469, 1406, 1438, 1391, 1297, 1365, 1311, 1392, 1355, 1395, 1305, 1522, 1395, 1430, 1386, 1531, 1328, 1464, 1355, 1459, 1370, 1390, 1313, 1463, 1363, 1286, 1405, 1443, 1404, 1312, 1451, 1329, 1270, 1376, 1454, 1375, 1390, 1319, 1392, 1397, 1467, 1469, 1314, 1427, 1369, 1227, 1312, 1266, 1356, 1352, 1531, 1236, 1297, 1296, 1429, 1298, 1297, 1498, 1366, 1429, 1459, 1313, 1344, 1424, 1295, 1381, 1544, 1450, 1414, 1441, 1377, 1438, 1415, 1385, 1286, 1426, 1409, 1385, 1323, 1409, 1413, 1272, 1466, 1340, 1361, 1392, 1381, 1396, 1352, 1513, 1340, 1409, 1222, 1397, 1483, 1361, 1340, 1282, 1368, 1377, 1414, 1465, 1388, 1396, 1504, 1354, 1307, 1455, 1389, 1415, 1383, 1445, 1491, 1375, 1439, 1397, 1363, 1467, 1467, 1364, 1359, 1342, 1280, 1356, 1341, 1368, 1360, 1245, 1241, 1431, 1386, 1326, 1460, 1431, 1363, 1251, 1213, 1488, 1372, 1419, 1417, 1378, 1438, 1437, 1456, 1332, 1523, 1345, 1501, 1416, 1400, 1498, 1304, 1419, 1444, 1512, 1380, 1236, 1343, 1333, 1251, 1529, 1336, 1475, 1504, 1381, 1251, 1391, 1492, 1454, 1389, 1453, 1372, 1282, 1337, 1379, 1462, 1521, 1423, 1549, 1437, 1456, 1341, 1379, 1257, 1343, 1433, 1469, 1290, 1352, 1366, 1324, 1251, 1286, 1521, 1282, 1339, 1332, 1499, 1323, 1346, 1350, 1388, 1407, 1256, 1549, 1415, 1492, 1505, 1340, 1462, 1490, 1491, 1446, 1443, 1384, 1373, 1395, 1395, 1416, 1248, 1399, 1264, 1409, 1339, 1450, 1429, 1366, 1457, 1348, 1277, 1339, 1326, 1415, 1345, 1271, 1447, 1364, 1437, 1485, 1233, 1409, 1398, 1469, 1286, 1393, 1384, 1364, 1234, 1329, 1313, 1570, 1294, 1364, 1256, 1513, 1364, 1400, 1234, 1323, 1404, 1319, 1404, 1419, 1431, 1437, 1317, 1443, 1365, 1480, 1356, 1215, 1496, 1342, 1307, 1279, 1411, 1496, 1502, 1408, 1433, 1394, 1441, 1419, 1313, 1309, 1298, 1406, 1458, 1230, 1422, 1326, 1370, 1274, 1363, 1285, 1413, 1339, 1531, 1279, 1357, 1482, 1387, 1299, 1358, 1331, 1361, 1414, 1299, 1355, 1359, 1227, 1381, 1286, 1285, 1421, 1284, 1160, 1388, 1367, 1356, 1437, 1293, 1356, 1448, 1510, 1411, 1362, 1245, 1565, 1334, 1350, 1369, 1378, 1406, 1310, 1400, 1312, 1367, 1327, 1347, 1342, 1496, 1372, 1314, 1420, 1351, 1449, 1489, 1420, 1469, 1323, 1397, 1367, 1316, 1413, 1387, 1506, 1450, 1348, 1544, 1454, 1382, 1318, 1353, 1200, 1377, 1319, 1347, 1333, 1257, 1349, 1305, 1281, 1399, 1380, 1384, 1438, 1332, 1346, 1333, 1334, 1381, 1461, 1383, 1323, 1336, 1298, 1425, 1468, 1412, 1488, 1294, 1381, 1426, 1424, 1381, 1455, 1352, 1288, 1320, 1386, 1385, 1411, 1379, 1322, 1268, 1454, 1409, 1330, 1340, 1347, 1455, 1356, 1389, 1397, 1345, 1439, 1363, 1468, 1384, 1450, 1475, 1495, 1283, 1447, 1435, 1420, 1239, 1370, 1437, 1286, 1484, 1434, 1364, 1362, 1369, 1591, 1497, 1510, 1391, 1420, 1461, 1292, 1340, 1248, 1417, 1372, 1402, 1358, 1274, 1493, 1308, 1395, 1425, 1266, 1518, 1438, 1226, 1444, 1315, 1374, 1528, 1362, 1283, 1390, 1371, 1337, 1327, 1317, 1396, 1483, 1538, 1380, 1480, 1442, 1367, 1440, 1393, 1198, 1308, 1417, 1368, 1486, 1387, 1405, 1331, 1382, 1330, 1426, 1466, 1435, 1466, 1515, 1392, 1383, 1479, 1384, 1457, 1393, 1357, 1295, 1430, 1327, 1492, 1501, 1293, 1454, 1378, 1501, 1477, 1358, 1372, 1433, 1486, 1356, 1259, 1394, 1464, 1430, 1379, 1427, 1425, 1415, 1442, 1452, 1385, 1233, 1425, 1243, 1350, 1400, 1365, 1409, 1388, 1234, 1367, 1479, 1409, 1527, 1392, 1317, 1322, 1333, 1330, 1452, 1454, 1420, 1398, 1282, 1542, 1381, 1362, 1453, 1481, 1391, 1370, 1467, 1248, 1253, 1399, 1427, 1372, 1332, 1387, 1379, 1386, 1458, 1384, 1286, 1455, 1327, 1345, 1395, 1449, 1353, 1448, 1400, 1361, 1258, 1415, 1323, 1315, 1407, 1309, 1411, 1282, 1442, 1344, 1383, 1382, 1451, 1359, 1426, 1413, 1422, 1322, 1356, 1399, 1460, 1438, 1371, 1404, 1466, 1487, 1286, 1406, 1403, 1341, 1334, 1290, 1548, 1416, 1482, 1247, 1380, 1444, 1332, 1418, 1302, 1300, 1250, 1455, 1473, 1418, 1505, 1511, 1418, 1285, 1472, 1301, 1318, 1340, 1329, 1605, 1395, 1306, 1488, 1413, 1294, 1326, 1427, 1273, 1273, 1409, 1432, 1340, 1349, 1268, 1338, 1473, 1326, 1297, 1233, 1408, 1433, 1494, 1436, 1396, 1406, 1255, 1283, 1482, 1291, 1418, 1357, 1239, 1441, 1353, 1244, 1311, 1395, 1400, 1375, 1475, 1427, 1261, 1417, 1302, 1429, 1441, 1415, 1366, 1425, 1334, 1348, 1365, 1455, 1451, 1447, 1411, 1400, 1520, 1427, 1475, 1356, 1246, 1281, 1439, 1398, 1310, 1387, 1328, 1221, 1353, 1474, 1294, 1504, 1449, 1347, 1439, 1321, 1407, 1318, 1288, 1390, 1354, 1388, 1387, 1444, 1449, 1498, 1328, 1382, 1401, 1365, 1279, 1301, 1290, 1421, 1461, 1303, 1509, 1311, 1351, 1368, 1362, 1504, 1393, 1382, 1360, 1448, 1422, 1388, 1235, 1340, 1406, 1529, 1378, 1386, 1387, 1451, 1427, 1476, 1356, 1233, 1385, 1278, 1294, 1340, 1444, 1426, 1349, 1320, 1285, 1361, 1295, 1442, 1420, 1562, 1360, 1277, 1291, 1529, 1214, 1328, 1466, 1404, 1398, 1298, 1421, 1278, 1362, 1294, 1296, 1407, 1397, 1365, 1490, 1311, 1443, 1375, 1352, 1327, 1595, 1349, 1424, 1349, 1473, 1411, 1400, 1436, 1334, 1319, 1419, 1416, 1465, 1155, 1363, 1407, 1387, 1325, 1393, 1389, 1322, 1373, 1384, 1383, 1538, 1487, 1358, 1368, 1372, 1378, 1401, 1444, 1464, 1406, 1332, 1407, 1328, 1386, 1369, 1480, 1376, 1285, 1368, 1274, 1475, 1255, 1399, 1400, 1442, 1312, 1227, 1288, 1404, 1393, 1351, 1463, 1455, 1447, 1372, 1444, 1293, 1337, 1382, 1444, 1394, 1299, 1245, 1258, 1435, 1469, 1327, 1451, 1486, 1422, 1230, 1335, 1276, 1330, 1361, 1309, 1364, 1358, 1311, 1254, 1361, 1352, 1415, 1444, 1307, 1354, 1347, 1390, 1396, 1333, 1342, 1479, 1472, 1362, 1399, 1427, 1299, 1383, 1284, 1288, 1438, 1423, 1423, 1319, 1435, 1374, 1483, 1373, 1324, 1473, 1490, 1335, 1351, 1373, 1369, 1357, 1527, 1338, 1264, 1443, 1287, 1340, 1392, 1524, 1397, 1367, 1343, 1296, 1370, 1312, 1407, 1376, 1401, 1283, 1387, 1458, 1517, 1414, 1198, 1383, 1311, 1435, 1424, 1369, 1483, 1454, 1396, 1375, 1454, 1291, 1351, 1293, 1405, 1353, 1351, 1563, 1355, 1378, 1499, 1408, 1331, 1426, 1574, 1379, 1428, 1381, 1397, 1479, 1363, 1399, 1388, 1387, 1404, 1403, 1300, 1398, 1352, 1453, 1262, 1334, 1283, 1554, 1314, 1355, 1291, 1358, 1441, 1449, 1418, 1352, 1440, 1457, 1358, 1516, 1439, 1393, 1379, 1492, 1509, 1279, 1474, 1425, 1405, 1325, 1463, 1196, 1348, 1240, 1360, 1380, 1309, 1446, 1429, 1416, 1439, 1300, 1379, 1449, 1377, 1303, 1292, 1457, 1445, 1346, 1346, 1336, 1394, 1346, 1453, 1337, 1446, 1394, 1556, 1469, 1361, 1337, 1372, 1344, 1311, 1344, 1434, 1378, 1363, 1322, 1387, 1374, 1350, 1395, 1465, 1453, 1322, 1349, 1469, 1423, 1355, 1355, 1259, 1386, 1459, 1430, 1342, 1360, 1318, 1309, 1410, 1441, 1320, 1412, 1406, 1515, 1327, 1451, 1419, 1291, 1412, 1374, 1424, 1351, 1391, 1403, 1346, 1247, 1343, 1379, 1354, 1349, 1267, 1277, 1431, 1314, 1392, 1496, 1430, 1423, 1459, 1418, 1359, 1397, 1341, 1446, 1460, 1440, 1361, 1431, 1454, 1392, 1435, 1477, 1284, 1377, 1440, 1407, 1512, 1443, 1463, 1247, 1226, 1321, 1371, 1415, 1297, 1312, 1260, 1398, 1272, 1322, 1389, 1439, 1433, 1394, 1451, 1385, 1464, 1331, 1310, 1445, 1320, 1432, 1566, 1451, 1388, 1478, 1485, 1272, 1347, 1424, 1466, 1597, 1225, 1260, 1466, 1421, 1275, 1420, 1405, 1349, 1431, 1352, 1342, 1391, 1312, 1373, 1429, 1367, 1373, 1346, 1396, 1355, 1383, 1434, 1366, 1329, 1246, 1434, 1403, 1377, 1263, 1247, 1304, 1293, 1304, 1360, 1414, 1417, 1385, 1544, 1560, 1379, 1443, 1400, 1275, 1436, 1434, 1386, 1382, 1552, 1264, 1385, 1311, 1529, 1286, 1354, 1459, 1535, 1460, 1350, 1318, 1484, 1432, 1311, 1319, 1428, 1434, 1446, 1357, 1412, 1447, 1404, 1380, 1281, 1394, 1319, 1333, 1510, 1311, 1424, 1437, 1356, 1286, 1353, 1316, 1324, 1352, 1423, 1359, 1473, 1511, 1387, 1317, 1451, 1287, 1228, 1366, 1366, 1302, 1410, 1404, 1350, 1324, 1313, 1273, 1395, 1355, 1339, 1330, 1393, 1383, 1477, 1438, 1310, 1415, 1315, 1493, 1264, 1460, 1372, 1341, 1360, 1459, 1413, 1505, 1346, 1321, 1440, 1318, 1372, 1292, 1402, 1396, 1389, 1449, 1353, 1464, 1532, 1351, 1276, 1374, 1243, 1436, 1291, 1466, 1324, 1420, 1228, 1400, 1393, 1380, 1312, 1334, 1361]

[stfn]
  Promedio : 486.2s
  Desvío   : 55.8s
  IC 95%   : [484.7s, 487.8s]
  Mínimo   : 361s
  Máximo   : 717s
  Tiempos  : [619, 451, 466, 650, 563, 423, 493, 431, 542, 462, 461, 416, 441, 476, 408, 403, 448, 573, 515, 446, 435, 466, 419, 441, 456, 470, 464, 543, 498, 517, 486, 565, 522, 446, 440, 517, 498, 505, 564, 582, 472, 574, 465, 478, 462, 556, 425, 409, 525, 549, 545, 394, 574, 459, 493, 521, 437, 507, 437, 460, 506, 493, 451, 485, 466, 435, 530, 432, 560, 586, 611, 470, 458, 429, 436, 564, 420, 424, 457, 476, 485, 543, 598, 440, 564, 392, 532, 524, 471, 481, 473, 442, 451, 489, 547, 586, 473, 466, 548, 498, 376, 455, 613, 489, 420, 579, 440, 484, 503, 601, 403, 533, 413, 474, 423, 492, 514, 508, 594, 576, 498, 527, 430, 473, 552, 439, 486, 421, 550, 717, 533, 492, 444, 497, 391, 379, 519, 389, 491, 395, 465, 500, 437, 439, 509, 428, 537, 472, 582, 451, 445, 577, 403, 475, 507, 506, 580, 431, 485, 534, 485, 524, 501, 591, 401, 527, 497, 396, 443, 613, 436, 516, 653, 440, 437, 536, 460, 534, 378, 410, 447, 480, 454, 609, 458, 528, 547, 470, 475, 474, 472, 551, 502, 476, 409, 500, 506, 518, 478, 546, 545, 459, 412, 526, 440, 580, 452, 479, 450, 427, 440, 575, 508, 479, 487, 674, 422, 490, 461, 520, 606, 550, 452, 541, 615, 517, 452, 482, 511, 455, 489, 423, 448, 482, 373, 501, 491, 467, 619, 409, 469, 488, 502, 467, 480, 495, 446, 599, 475, 431, 431, 459, 513, 575, 496, 546, 524, 483, 443, 510, 497, 509, 448, 525, 491, 375, 387, 551, 415, 451, 489, 536, 557, 472, 488, 453, 533, 469, 495, 555, 473, 407, 545, 402, 580, 417, 523, 405, 489, 471, 535, 476, 520, 541, 570, 563, 383, 431, 524, 434, 405, 504, 435, 585, 535, 503, 479, 576, 518, 445, 564, 478, 455, 494, 441, 514, 484, 540, 517, 458, 468, 426, 472, 438, 508, 577, 507, 558, 476, 528, 399, 501, 435, 441, 424, 545, 618, 475, 562, 461, 416, 599, 462, 541, 428, 478, 593, 486, 499, 466, 462, 391, 486, 477, 449, 414, 548, 474, 426, 502, 507, 539, 462, 588, 445, 555, 623, 513, 487, 645, 518, 476, 484, 534, 425, 408, 497, 417, 475, 553, 595, 571, 371, 478, 431, 460, 441, 491, 520, 471, 461, 423, 480, 520, 571, 443, 430, 457, 432, 486, 488, 427, 477, 507, 528, 487, 470, 479, 556, 473, 480, 499, 439, 529, 457, 515, 490, 456, 581, 492, 506, 487, 411, 402, 518, 425, 432, 571, 435, 510, 638, 476, 462, 420, 538, 406, 477, 441, 448, 425, 517, 584, 518, 523, 494, 566, 489, 452, 424, 501, 492, 470, 486, 550, 475, 453, 461, 497, 438, 532, 510, 460, 608, 642, 584, 512, 468, 468, 533, 603, 489, 515, 488, 490, 405, 466, 451, 460, 463, 399, 624, 467, 516, 446, 454, 507, 494, 377, 531, 490, 415, 504, 426, 510, 430, 441, 478, 397, 504, 601, 420, 467, 546, 473, 474, 569, 437, 439, 519, 396, 470, 529, 438, 493, 457, 453, 456, 435, 393, 441, 450, 558, 528, 453, 478, 531, 531, 502, 506, 443, 486, 533, 405, 494, 481, 429, 439, 401, 484, 408, 554, 427, 563, 496, 542, 602, 437, 552, 426, 468, 627, 525, 499, 485, 475, 453, 445, 461, 579, 495, 520, 499, 528, 433, 437, 468, 591, 407, 567, 410, 643, 419, 461, 476, 499, 421, 433, 460, 502, 377, 461, 566, 549, 457, 528, 499, 457, 388, 520, 501, 487, 608, 547, 505, 510, 474, 623, 431, 416, 501, 513, 423, 518, 401, 445, 451, 439, 431, 521, 535, 568, 535, 428, 405, 540, 540, 455, 386, 470, 526, 568, 481, 458, 662, 513, 505, 436, 576, 488, 449, 427, 606, 512, 406, 467, 444, 563, 410, 450, 483, 438, 468, 453, 541, 564, 413, 458, 526, 466, 446, 440, 407, 576, 451, 572, 428, 442, 499, 517, 479, 409, 497, 466, 496, 486, 467, 427, 420, 474, 483, 455, 493, 473, 376, 512, 507, 464, 386, 481, 514, 465, 515, 473, 605, 470, 462, 461, 484, 501, 573, 418, 531, 528, 532, 478, 474, 547, 516, 462, 424, 457, 416, 497, 433, 512, 432, 451, 593, 443, 408, 486, 490, 483, 470, 583, 524, 553, 418, 578, 484, 427, 589, 575, 424, 442, 491, 430, 434, 490, 475, 457, 481, 498, 541, 401, 486, 476, 488, 454, 409, 370, 577, 456, 506, 452, 495, 459, 458, 542, 424, 512, 551, 579, 415, 528, 473, 478, 449, 588, 459, 517, 471, 381, 509, 499, 518, 482, 534, 509, 534, 494, 443, 445, 466, 591, 463, 425, 490, 484, 609, 506, 413, 491, 427, 520, 450, 557, 469, 435, 556, 497, 389, 529, 558, 529, 506, 461, 551, 450, 417, 494, 615, 467, 497, 425, 414, 444, 527, 642, 510, 565, 399, 539, 515, 522, 559, 567, 467, 446, 554, 515, 443, 493, 526, 582, 392, 418, 490, 485, 512, 456, 450, 481, 441, 496, 480, 576, 428, 501, 567, 553, 485, 622, 456, 518, 457, 546, 420, 527, 483, 527, 515, 499, 430, 436, 463, 508, 471, 563, 539, 502, 438, 459, 489, 500, 415, 392, 387, 536, 450, 542, 434, 373, 507, 432, 465, 527, 560, 463, 456, 571, 461, 564, 442, 492, 498, 458, 517, 425, 473, 454, 485, 514, 517, 412, 481, 478, 430, 478, 492, 534, 484, 572, 576, 521, 544, 430, 543, 548, 462, 504, 445, 477, 508, 468, 457, 498, 395, 487, 479, 527, 476, 444, 442, 436, 423, 433, 513, 508, 605, 448, 477, 579, 399, 496, 488, 526, 502, 413, 484, 498, 505, 515, 515, 441, 411, 458, 449, 518, 616, 526, 436, 573, 431, 598, 397, 430, 393, 457, 586, 459, 435, 425, 490, 544, 507, 417, 478, 516, 382, 466, 443, 580, 562, 462, 478, 477, 430, 482, 532, 476, 551, 531, 465, 506, 443, 498, 531, 458, 484, 478, 468, 489, 417, 477, 458, 495, 603, 474, 445, 467, 461, 511, 484, 476, 495, 514, 431, 466, 545, 503, 461, 548, 554, 532, 418, 541, 446, 452, 455, 442, 551, 552, 473, 487, 482, 456, 532, 471, 564, 440, 410, 549, 517, 436, 517, 487, 561, 584, 518, 479, 637, 581, 418, 500, 423, 407, 501, 499, 508, 413, 555, 469, 494, 473, 505, 470, 535, 425, 478, 527, 571, 417, 531, 417, 494, 477, 408, 595, 431, 460, 464, 438, 503, 520, 493, 537, 475, 491, 458, 548, 408, 443, 435, 472, 449, 468, 557, 509, 468, 541, 488, 574, 422, 566, 479, 465, 524, 489, 443, 511, 412, 537, 496, 447, 491, 523, 648, 511, 471, 483, 449, 388, 423, 453, 432, 502, 509, 475, 598, 475, 480, 450, 438, 487, 543, 545, 514, 536, 520, 480, 450, 442, 521, 455, 494, 470, 510, 428, 582, 374, 507, 480, 373, 422, 396, 484, 516, 456, 427, 489, 590, 550, 468, 540, 572, 517, 468, 382, 436, 434, 486, 479, 459, 493, 529, 551, 478, 527, 435, 505, 479, 454, 437, 460, 522, 504, 478, 495, 421, 449, 504, 472, 490, 444, 498, 454, 468, 435, 434, 459, 460, 496, 431, 591, 594, 454, 509, 447, 449, 619, 452, 513, 601, 549, 531, 504, 437, 436, 467, 551, 407, 400, 464, 491, 525, 520, 535, 421, 524, 441, 507, 462, 498, 533, 520, 462, 463, 460, 647, 542, 458, 479, 516, 467, 458, 533, 491, 433, 525, 482, 495, 495, 520, 450, 465, 527, 518, 495, 458, 457, 549, 490, 481, 587, 443, 556, 478, 424, 379, 538, 428, 410, 443, 468, 644, 577, 474, 597, 454, 628, 458, 457, 531, 402, 497, 421, 401, 442, 368, 531, 454, 449, 491, 570, 491, 451, 463, 472, 531, 473, 392, 535, 526, 555, 423, 468, 527, 495, 475, 440, 557, 521, 505, 499, 473, 437, 419, 485, 414, 493, 459, 474, 502, 471, 518, 579, 600, 499, 396, 500, 440, 414, 437, 569, 686, 463, 475, 466, 488, 520, 407, 462, 470, 500, 419, 618, 401, 446, 541, 541, 560, 561, 415, 447, 483, 532, 451, 440, 562, 513, 509, 598, 507, 486, 383, 581, 635, 431, 467, 442, 430, 636, 442, 430, 520, 452, 428, 567, 458, 523, 541, 464, 493, 505, 408, 501, 402, 439, 485, 481, 498, 613, 441, 454, 566, 548, 492, 489, 428, 473, 424, 437, 573, 487, 541, 442, 572, 483, 401, 478, 564, 493, 610, 439, 623, 451, 491, 466, 490, 464, 468, 470, 364, 518, 545, 497, 487, 422, 392, 540, 567, 460, 541, 416, 525, 503, 511, 473, 454, 505, 448, 418, 556, 486, 503, 527, 515, 526, 505, 426, 470, 595, 465, 572, 404, 572, 434, 545, 471, 669, 476, 519, 469, 385, 521, 505, 506, 537, 526, 447, 440, 415, 537, 407, 473, 476, 473, 460, 545, 435, 413, 535, 475, 601, 537, 382, 526, 478, 519, 627, 508, 509, 523, 409, 499, 505, 469, 442, 489, 510, 471, 502, 595, 460, 501, 524, 530, 511, 494, 453, 422, 437, 455, 432, 521, 405, 411, 447, 508, 451, 405, 585, 485, 479, 487, 603, 400, 454, 483, 492, 448, 500, 424, 532, 542, 526, 430, 410, 484, 582, 619, 384, 445, 545, 553, 538, 518, 498, 484, 486, 534, 549, 555, 471, 416, 492, 495, 481, 384, 463, 482, 547, 554, 419, 480, 478, 394, 571, 463, 552, 458, 427, 481, 554, 379, 377, 524, 402, 504, 469, 515, 449, 400, 547, 513, 472, 491, 426, 399, 472, 435, 523, 488, 383, 545, 505, 409, 436, 444, 400, 477, 463, 516, 430, 533, 446, 477, 446, 472, 539, 423, 446, 536, 464, 530, 546, 459, 539, 515, 478, 533, 440, 581, 410, 528, 521, 509, 488, 527, 467, 510, 584, 462, 435, 404, 497, 435, 511, 552, 503, 512, 488, 385, 503, 507, 441, 525, 475, 420, 498, 552, 451, 556, 469, 466, 416, 445, 452, 592, 454, 509, 422, 584, 424, 490, 460, 490, 448, 482, 525, 433, 406, 454, 507, 561, 432, 534, 384, 524, 395, 477, 437, 538, 615, 432, 404, 519, 536, 502, 534, 422, 488, 536, 440, 461, 504, 539, 534, 404, 454, 479, 505, 494, 476, 573, 411, 404, 428, 444, 412, 580, 505, 476, 602, 423, 443, 460, 460, 551, 593, 445, 493, 559, 493, 613, 541, 448, 461, 449, 477, 532, 540, 589, 422, 507, 527, 515, 490, 517, 521, 569, 492, 459, 505, 499, 574, 466, 422, 410, 581, 513, 539, 502, 492, 442, 399, 471, 661, 492, 523, 516, 541, 497, 403, 393, 492, 404, 517, 478, 484, 440, 421, 395, 464, 499, 482, 528, 487, 572, 389, 443, 445, 505, 527, 437, 453, 479, 479, 453, 589, 426, 417, 465, 521, 554, 503, 576, 482, 401, 497, 384, 529, 413, 493, 590, 453, 482, 500, 455, 420, 545, 400, 558, 421, 399, 447, 507, 559, 487, 515, 564, 461, 460, 468, 419, 439, 403, 482, 504, 431, 583, 534, 479, 550, 462, 473, 542, 516, 483, 447, 505, 518, 431, 432, 622, 499, 544, 487, 491, 499, 443, 566, 543, 411, 388, 520, 508, 497, 543, 466, 444, 448, 462, 495, 481, 485, 422, 493, 518, 508, 551, 486, 469, 510, 510, 508, 428, 412, 501, 452, 426, 503, 444, 546, 596, 385, 492, 382, 443, 412, 501, 459, 496, 481, 438, 506, 439, 399, 507, 411, 543, 560, 461, 554, 480, 446, 474, 451, 529, 505, 440, 427, 531, 464, 542, 385, 586, 459, 469, 448, 447, 410, 451, 474, 454, 412, 496, 488, 507, 451, 545, 463, 517, 563, 391, 452, 555, 458, 565, 433, 586, 567, 394, 473, 544, 409, 524, 515, 446, 467, 439, 468, 516, 458, 421, 494, 534, 435, 517, 477, 562, 469, 441, 467, 566, 530, 484, 532, 459, 473, 452, 435, 546, 390, 538, 431, 528, 482, 607, 572, 513, 383, 493, 421, 527, 544, 545, 521, 458, 426, 538, 439, 525, 407, 504, 535, 538, 485, 435, 535, 422, 451, 467, 402, 462, 465, 588, 551, 450, 415, 487, 474, 554, 464, 449, 456, 399, 432, 517, 404, 609, 372, 528, 444, 526, 652, 485, 478, 530, 446, 539, 399, 430, 575, 471, 530, 490, 426, 439, 503, 542, 517, 430, 515, 493, 645, 441, 505, 539, 484, 476, 524, 490, 498, 444, 507, 537, 451, 519, 495, 555, 482, 425, 381, 568, 479, 480, 435, 498, 594, 524, 582, 519, 558, 507, 473, 477, 468, 556, 470, 419, 557, 453, 432, 517, 477, 507, 455, 511, 435, 473, 417, 510, 406, 478, 456, 482, 460, 585, 390, 539, 521, 516, 489, 500, 439, 446, 439, 508, 530, 420, 499, 410, 386, 401, 501, 537, 537, 417, 520, 461, 447, 472, 507, 486, 434, 479, 463, 622, 451, 597, 432, 542, 471, 482, 474, 462, 445, 571, 426, 501, 569, 535, 460, 595, 488, 561, 508, 477, 457, 601, 475, 470, 452, 609, 452, 473, 488, 554, 414, 429, 408, 462, 451, 546, 640, 457, 418, 463, 539, 531, 442, 501, 487, 449, 558, 614, 422, 665, 439, 477, 513, 424, 474, 554, 477, 426, 492, 399, 466, 486, 534, 512, 464, 463, 435, 450, 573, 440, 465, 498, 553, 574, 443, 469, 495, 495, 467, 455, 626, 552, 415, 420, 507, 453, 459, 484, 414, 526, 440, 471, 469, 468, 496, 438, 504, 490, 433, 501, 443, 438, 410, 405, 520, 439, 435, 389, 477, 517, 492, 447, 466, 516, 432, 449, 468, 476, 431, 508, 536, 452, 496, 577, 394, 678, 425, 499, 390, 422, 533, 443, 554, 500, 478, 465, 380, 533, 466, 523, 435, 575, 458, 458, 436, 465, 430, 472, 491, 467, 453, 566, 472, 500, 479, 558, 433, 512, 557, 484, 455, 506, 465, 540, 512, 505, 407, 458, 484, 463, 521, 508, 461, 419, 543, 448, 435, 418, 467, 517, 480, 400, 469, 427, 474, 511, 539, 515, 491, 505, 499, 391, 513, 533, 440, 468, 456, 580, 551, 530, 516, 473, 498, 551, 455, 503, 444, 457, 416, 486, 475, 408, 480, 414, 503, 613, 463, 485, 428, 474, 499, 493, 489, 614, 431, 483, 542, 426, 415, 467, 464, 499, 560, 423, 539, 540, 624, 431, 534, 461, 427, 445, 529, 422, 425, 427, 509, 533, 522, 462, 535, 499, 480, 406, 499, 497, 523, 448, 624, 542, 497, 391, 436, 491, 489, 585, 479, 497, 497, 512, 500, 462, 463, 396, 462, 478, 541, 422, 539, 413, 483, 421, 536, 444, 480, 656, 395, 454, 484, 456, 541, 470, 471, 498, 526, 469, 470, 534, 533, 478, 440, 449, 469, 418, 411, 471, 479, 504, 425, 593, 504, 436, 443, 430, 468, 426, 543, 631, 535, 556, 419, 467, 428, 579, 497, 423, 431, 529, 429, 509, 442, 421, 531, 535, 511, 518, 549, 394, 531, 466, 563, 429, 494, 528, 562, 460, 557, 464, 507, 484, 511, 546, 450, 490, 484, 437, 502, 502, 419, 634, 455, 455, 558, 409, 528, 466, 447, 441, 426, 494, 561, 443, 454, 476, 476, 452, 450, 445, 465, 434, 413, 438, 435, 482, 460, 584, 517, 435, 414, 486, 461, 480, 473, 451, 477, 460, 577, 470, 487, 466, 537, 462, 536, 432, 457, 532, 417, 467, 552, 432, 502, 438, 494, 483, 439, 421, 469, 502, 506, 483, 455, 578, 512, 512, 510, 425, 428, 538, 429, 460, 480, 452, 523, 456, 625, 509, 447, 421, 614, 514, 441, 395, 463, 430, 441, 634, 467, 446, 409, 544, 425, 440, 456, 427, 543, 629, 564, 499, 571, 458, 443, 625, 481, 443, 478, 532, 474, 512, 421, 435, 540, 429, 401, 552, 427, 442, 464, 555, 397, 516, 514, 504, 447, 504, 449, 451, 687, 453, 474, 502, 473, 442, 464, 528, 440, 498, 440, 519, 414, 422, 574, 479, 466, 436, 521, 627, 463, 508, 419, 537, 592, 502, 603, 574, 535, 580, 465, 535, 452, 506, 397, 409, 467, 466, 543, 424, 575, 477, 474, 499, 468, 434, 451, 452, 457, 385, 537, 400, 494, 500, 452, 452, 531, 415, 477, 500, 460, 454, 515, 499, 490, 406, 528, 415, 408, 413, 426, 566, 465, 496, 460, 459, 439, 424, 549, 404, 541, 386, 555, 615, 517, 408, 552, 429, 512, 443, 504, 511, 630, 514, 480, 458, 473, 543, 427, 418, 449, 517, 544, 556, 406, 664, 510, 505, 474, 495, 441, 471, 576, 433, 583, 499, 478, 424, 542, 530, 456, 468, 609, 459, 631, 399, 482, 406, 454, 460, 420, 517, 458, 506, 423, 509, 591, 482, 530, 478, 531, 513, 503, 522, 412, 409, 427, 477, 509, 430, 572, 493, 502, 409, 507, 476, 490, 382, 545, 469, 521, 429, 415, 371, 510, 465, 528, 410, 439, 434, 419, 468, 475, 445, 536, 524, 494, 499, 493, 480, 467, 446, 537, 501, 540, 447, 503, 535, 500, 557, 549, 480, 526, 455, 477, 555, 442, 462, 555, 463, 425, 478, 449, 539, 411, 634, 449, 578, 420, 545, 587, 462, 509, 497, 546, 478, 525, 389, 413, 526, 560, 483, 393, 524, 403, 414, 462, 562, 452, 505, 436, 458, 449, 429, 465, 495, 474, 414, 544, 475, 491, 470, 408, 425, 563, 503, 546, 470, 520, 397, 541, 450, 487, 572, 450, 433, 440, 448, 375, 487, 554, 446, 398, 544, 466, 420, 373, 444, 464, 435, 572, 467, 490, 498, 592, 419, 482, 454, 420, 457, 532, 545, 440, 406, 479, 493, 436, 444, 592, 399, 467, 461, 492, 602, 508, 443, 530, 415, 419, 615, 427, 429, 412, 537, 400, 456, 428, 470, 429, 511, 447, 462, 475, 455, 497, 476, 404, 642, 504, 473, 547, 444, 595, 511, 527, 547, 504, 492, 573, 454, 470, 620, 433, 477, 522, 481, 530, 395, 548, 418, 441, 548, 516, 456, 463, 497, 401, 388, 626, 520, 559, 564, 459, 503, 439, 487, 385, 484, 549, 458, 511, 520, 548, 539, 503, 533, 486, 451, 442, 473, 521, 479, 387, 452, 559, 508, 534, 483, 415, 493, 458, 384, 527, 430, 454, 493, 535, 411, 485, 558, 471, 474, 579, 465, 440, 415, 494, 674, 423, 436, 472, 550, 478, 506, 419, 447, 522, 390, 638, 602, 462, 518, 435, 532, 502, 485, 471, 416, 495, 444, 500, 480, 417, 559, 567, 500, 475, 561, 479, 431, 467, 515, 399, 511, 528, 434, 492, 407, 485, 539, 640, 557, 484, 507, 421, 439, 475, 595, 436, 476, 494, 534, 391, 375, 518, 443, 394, 579, 619, 515, 417, 515, 473, 488, 490, 472, 521, 492, 472, 504, 527, 440, 474, 494, 415, 545, 552, 514, 420, 446, 475, 464, 520, 425, 426, 519, 504, 492, 544, 492, 439, 438, 473, 454, 483, 384, 513, 493, 537, 461, 454, 463, 555, 434, 478, 460, 576, 537, 429, 427, 489, 405, 542, 501, 499, 505, 450, 505, 413, 470, 511, 482, 430, 542, 445, 442, 556, 466, 414, 444, 517, 450, 508, 508, 420, 539, 578, 478, 494, 471, 377, 590, 581, 527, 582, 446, 534, 451, 447, 495, 490, 607, 578, 515, 434, 423, 399, 553, 516, 544, 567, 455, 429, 503, 526, 570, 481, 463, 451, 454, 410, 493, 512, 434, 413, 440, 655, 426, 436, 466, 483, 448, 519, 572, 483, 504, 489, 463, 465, 521, 474, 384, 508, 440, 458, 432, 425, 494, 481, 498, 483, 591, 454, 626, 485, 565, 455, 510, 408, 476, 420, 411, 449, 440, 446, 418, 440, 477, 416, 496, 544, 636, 498, 492, 555, 459, 498, 519, 423, 536, 545, 497, 513, 449, 438, 488, 557, 500, 485, 448, 616, 526, 410, 474, 512, 488, 451, 496, 472, 417, 538, 455, 428, 525, 406, 504, 436, 504, 427, 461, 571, 550, 457, 626, 458, 501, 561, 551, 467, 635, 478, 446, 491, 397, 496, 546, 585, 555, 572, 573, 536, 450, 454, 572, 608, 486, 443, 529, 422, 514, 590, 560, 549, 612, 510, 498, 457, 476, 438, 484, 573, 500, 405, 497, 385, 480, 522, 551, 545, 512, 415, 508, 399, 555, 530, 506, 478, 527, 452, 510, 490, 577, 499, 475, 434, 438, 565, 436, 508, 387, 459, 413, 443, 490, 429, 491, 439, 549, 479, 422, 480, 491, 466, 500, 515, 484, 468, 501, 483, 479, 448, 665, 439, 462, 439, 647, 454, 440, 512, 486, 530, 366, 555, 421, 489, 487, 587, 464, 657, 460, 478, 610, 486, 449, 545, 440, 373, 615, 542, 509, 555, 454, 399, 508, 542, 454, 483, 422, 470, 453, 455, 432, 414, 474, 470, 487, 420, 492, 490, 413, 460, 461, 446, 478, 536, 460, 398, 539, 435, 497, 475, 436, 456, 402, 497, 447, 570, 425, 478, 432, 446, 515, 557, 570, 438, 460, 586, 560, 461, 433, 532, 447, 460, 468, 506, 556, 460, 402, 403, 384, 648, 470, 544, 468, 555, 516, 548, 502, 507, 533, 417, 588, 532, 503, 412, 506, 434, 526, 637, 513, 490, 458, 475, 492, 452, 510, 467, 428, 478, 464, 465, 370, 413, 483, 612, 382, 498, 435, 585, 475, 510, 361, 432, 476, 470, 402, 439, 540, 484, 430, 423, 439, 574, 604, 444, 425, 494, 489, 395, 450, 511, 499, 501, 461, 516, 496, 486, 506, 538, 509, 471, 518, 548, 596, 454, 486, 556, 532, 570, 475, 388, 368, 512, 464, 453, 430, 422, 509, 464, 448, 493, 451, 429, 554, 504, 481, 478, 539, 511, 421, 423, 514, 584, 519, 521, 532, 456, 583, 500, 410, 447, 573, 439, 530, 447, 478, 601, 466, 609, 441, 550, 559, 501, 463, 514, 488, 488, 436, 469, 405, 578, 469, 431, 451, 429, 397, 494, 524, 481, 513, 439, 510, 459, 461, 551, 582, 431, 483, 526, 523, 491, 448, 475, 416, 500, 464, 450, 660, 400, 513, 410, 440, 469, 468, 478, 524, 487, 498, 603, 397, 461, 507, 534, 541, 427, 530, 571, 420, 422, 502, 584, 552, 451, 596, 500, 477, 535, 513, 505, 401, 437, 461, 482, 424, 517, 485, 508, 643, 466, 399, 511, 454, 435, 413, 468, 528, 550, 558, 488, 445, 433, 542, 499, 573, 478, 507, 470, 560, 483, 524, 374, 435, 452, 448, 462, 464, 612, 478, 437, 431, 461, 475, 540, 548, 496, 506, 479, 550, 463, 668, 462, 480, 667, 459, 449, 485, 401, 634, 543, 428, 539, 559, 474, 443, 480, 434, 630, 502, 487, 474, 518, 434, 530, 433, 496, 460, 469, 440, 532, 509, 421, 504, 648, 500, 501, 469, 383, 445, 421, 487, 501, 451, 435, 486, 482, 505, 500, 390, 441, 495, 418, 494, 527, 612, 556, 550, 566, 426, 563, 551, 489, 462, 396, 408, 615, 454, 434, 485, 456, 471, 512, 512, 497, 526, 462, 448, 484, 483, 439, 504, 501, 558, 502, 447, 513, 512, 477, 491, 471, 464, 397, 490, 485, 543, 452, 495, 637, 520, 525, 417, 500, 610, 504, 540, 463, 428, 563, 488, 431, 454, 495, 481, 394, 444, 462, 617, 520, 443, 544, 435, 449, 445, 413, 517, 413, 485, 525, 476, 504, 370, 513, 477, 419, 555, 438, 467, 538, 513, 418, 406, 520, 470, 494, 417, 546, 560, 450, 572, 431, 504, 466, 525, 450, 508, 564, 506, 380, 464, 501, 487, 434, 449, 435, 449, 512, 430, 427, 544, 508, 472, 443, 491, 534, 436, 452, 463, 519, 480, 492, 469, 485, 564, 502, 432, 403, 532, 472, 435, 477, 481, 502, 375, 497, 488, 545, 429, 524, 529, 565, 394, 472, 521, 477, 496, 513, 642, 480, 455, 503, 394, 429, 564, 418, 509, 483, 408, 390, 422, 497, 482, 568, 484, 435, 491, 464, 550, 564, 493, 384, 512, 576, 440, 442, 466, 471, 557, 469, 545, 439, 437, 512, 438, 425, 431, 452, 403, 510, 461, 446, 553, 455, 527, 449, 442, 529, 529, 466, 615, 547, 422, 407, 467, 479, 533, 444, 483, 430, 514, 540, 378, 539, 429, 598, 519, 436, 403, 499, 441, 456, 416, 475, 473, 470, 439, 488, 551, 465, 526, 462, 518, 576, 415, 585, 636, 528, 514, 468, 598, 582, 477, 430, 566, 427, 464, 392, 538, 471, 403, 511, 519, 466, 442, 469, 490, 455, 420, 471, 452, 589, 500, 576, 440, 420, 429, 485, 440, 493, 545, 538, 564, 502, 481, 488, 640, 460, 488, 451, 556, 399, 453, 588, 434, 679, 493, 443, 609, 622, 466, 549, 406, 426, 455, 516, 524, 424, 498, 553, 444, 425, 493, 393, 389, 491, 476, 492, 451, 449, 480, 478, 442, 462, 485, 437, 585, 536, 528, 450, 472, 496, 513, 490, 485, 587, 521, 539, 601, 417, 462, 448, 398, 458, 459, 425, 497, 426, 468, 439, 537, 464, 442, 413, 465, 427, 418, 443, 427, 442, 408, 411, 447, 440, 519, 449, 396, 531, 531, 465, 400, 515, 451, 635, 569, 439, 430, 549, 429, 492, 490, 411, 513, 497, 437, 491, 414, 438, 470, 394, 421, 532, 635, 535, 437, 446, 586, 452, 456, 499, 463, 588, 447, 622, 410, 476, 464, 514, 565, 463, 442, 603, 511, 480, 404, 480, 411, 449, 549, 441, 480, 444, 537, 556, 501, 400, 507, 566, 505, 538, 433, 445, 484, 521, 448, 387, 431, 399, 634, 476, 446, 524, 438, 467, 410, 547, 425, 522, 485, 634, 459, 421, 556, 448, 552, 540, 492, 437, 487, 557, 472, 461, 577, 393, 453, 565, 464, 531, 433, 569, 593, 496, 548, 494, 440, 441, 420, 502, 457, 545, 552, 424, 530, 557, 496, 518, 453, 517, 563, 441, 520, 424, 504, 592, 523, 414, 377, 504, 549, 459, 456, 460, 413, 482, 534, 511, 592, 580, 517, 422, 627, 522, 442, 416, 480, 476, 538, 460, 469, 567, 503, 488, 469, 520, 400, 399, 429, 440, 477, 525, 516, 502, 419, 566, 427, 511, 517, 424, 489, 404, 493, 431, 482, 443, 530, 450, 548, 468, 497, 484, 496, 597, 555, 595, 495, 446, 544, 469, 533, 423, 407, 426, 518, 525, 638, 395, 491, 521, 420, 423, 498, 534, 486, 508, 552, 449, 481, 486, 565, 575, 489, 548, 500, 526, 447, 470, 523, 497, 451, 478, 530, 426, 418, 565, 458, 457, 375, 520, 493, 487, 467, 375, 493, 507, 427, 595, 507, 539, 476, 464, 544, 603, 503, 592, 486, 538, 443, 510, 529, 453, 388, 507, 577, 445, 459, 450, 501, 451, 369, 566, 475, 451, 466, 473, 555, 503, 436, 456, 513, 620, 464, 533, 391, 476, 475, 545, 389, 517, 550, 473, 429, 514, 447, 599, 452, 444, 406, 419, 461, 495, 490, 511, 430, 452, 492, 441, 525, 465, 416, 457, 414, 504, 564, 431, 514, 492, 559, 543, 485, 531, 440, 468, 462, 476, 516, 452, 550, 604, 417, 481, 527, 468, 529, 467, 466, 553, 478, 533, 606, 529, 415, 555, 505, 507, 448, 429, 512, 471, 481, 492, 476, 474, 429, 589, 527, 443, 490, 495, 564, 442, 475, 409, 414, 498, 596, 527, 505, 472, 390, 596, 516, 421, 548, 534, 471, 593, 504, 409, 460, 489, 495, 464, 407, 637, 594, 474, 494, 426, 473, 473, 502, 550, 478, 446, 523, 486, 481, 400, 472, 501, 579, 467, 465, 438, 501, 559, 514, 543, 422, 549, 538, 452, 462, 458, 431, 515, 479, 649, 392, 441, 571, 581, 476, 448, 593, 509, 440, 461, 557, 460, 496, 431, 567, 473, 484, 463, 532, 410, 486, 536, 458, 385, 486, 462, 475, 423, 519, 391, 514, 425, 532, 473, 414, 495, 626, 457, 480, 531, 494, 441, 453, 447, 481, 526, 540, 421, 561, 509, 393, 514, 444, 469, 522, 442, 437, 502, 461, 535, 535, 576, 446, 456, 547, 484, 453, 527, 410, 556, 425, 399, 491, 505, 516, 479, 539, 504, 546, 540, 494, 428, 484, 520, 470, 418, 574, 552, 456, 568, 584, 388, 440, 498, 478, 551, 485, 416, 448, 498, 418, 440, 610, 519, 489, 407, 441, 490, 516, 636, 554, 548, 392, 568, 564, 440, 449, 444, 494, 456, 430, 399, 435, 495, 427, 579, 474, 511, 543, 479, 480, 520, 429, 461, 410, 532, 536, 509, 546, 445, 461, 567, 487, 437, 452, 514, 530, 460, 434, 472, 480, 487, 497, 469, 502, 521, 400, 637, 552, 391, 408, 493, 496, 488, 444, 465, 494, 493, 555, 567, 468, 409, 519, 586, 414, 537, 393, 436, 439, 450, 581, 511, 515, 530, 497, 538, 588, 483, 505, 447, 465, 457, 479, 469, 457, 460, 536, 530, 465, 429, 569, 452, 512, 612, 448, 451, 418, 467, 561, 562, 477, 539, 499, 497, 431, 585, 521, 476, 546, 503, 569, 446, 487, 429, 498, 549, 423, 414, 578, 432, 402, 450, 542, 434, 395, 458, 563, 459, 479, 422, 423, 568, 558, 446, 504, 474, 580, 508, 499, 581, 549, 474, 439, 397, 409, 452, 489, 561, 561, 548, 435, 530, 478, 450, 543, 594, 482, 497, 521, 431, 621, 426, 486, 495, 538, 459, 445, 483, 441, 517, 501, 415, 375, 495, 441, 416, 436, 361, 477, 411, 461, 386, 490, 511, 514, 452, 402, 535, 447, 496, 511, 416, 441, 599, 509, 515, 459, 477, 556, 395, 474, 474, 433, 478, 497, 450, 480, 549, 507, 523, 494, 461, 561, 488, 556, 396, 396, 527, 573, 554, 517, 442, 424, 491, 579, 498, 458, 438, 491, 444, 437, 475, 481, 481, 458, 504, 376, 464, 570, 469, 482, 474, 597, 528, 539, 574, 457, 452, 433, 454, 449, 443, 522, 481, 543, 405, 421, 530, 529, 398, 542, 507, 484, 533, 468, 481, 497, 493, 495, 470, 464, 546, 533, 440, 443, 387, 398, 386, 419, 495, 456, 508, 522, 561, 419, 474, 559, 548, 414, 538, 473, 421, 421, 504, 520, 478, 533, 465, 474, 640, 556, 477, 452, 475, 421, 547, 446, 427, 469, 542, 456, 420, 481, 519, 472, 528, 446, 393, 444, 542, 516, 441, 462, 571, 461, 446, 582, 389, 499, 444, 453, 470, 584, 457, 454, 530, 422, 428, 495, 463, 488, 491, 526, 474, 437, 562, 414, 441, 619, 500, 507, 486, 473, 496, 451, 446, 503, 463, 520, 393, 399, 419, 528, 431, 521, 517, 520, 536, 434, 443, 510, 460, 395, 432, 453, 423, 511, 484, 478]

