Resultados de simulación — 20260922_180242
Pasajeros: 100 | P(carry-on): 0.2 | Simulaciones por política: 5000
============================================================

[rand]
  Promedio : 728.2s
  Desvío   : 82.9s
  IC 95%   : [725.9s, 730.5s]
  Mínimo   : 423s
  Máximo   : 1025s
  Tiempos  : [666, 701, 758, 699, 694, 716, 643, 722, 616, 649, 822, 699, 657, 824, 786, 722, 741, 807, 655, 639, 586, 797, 659, 773, 708, 761, 707, 860, 798, 945, 537, 798, 684, 764, 711, 742, 682, 727, 886, 774, 677, 740, 540, 656, 638, 816, 727, 726, 753, 572, 836, 714, 737, 735, 711, 788, 762, 618, 855, 733, 593, 638, 714, 729, 742, 725, 698, 542, 669, 810, 822, 655, 705, 816, 803, 743, 768, 781, 766, 820, 747, 593, 711, 809, 785, 691, 580, 832, 745, 869, 747, 706, 625, 935, 887, 796, 776, 607, 750, 741, 642, 728, 577, 736, 846, 813, 626, 561, 691, 698, 776, 664, 649, 963, 750, 838, 577, 606, 795, 827, 618, 694, 710, 752, 677, 612, 641, 812, 655, 774, 819, 669, 767, 739, 798, 826, 737, 711, 755, 697, 671, 655, 670, 704, 652, 736, 778, 750, 772, 608, 669, 751, 681, 735, 640, 806, 806, 661, 622, 643, 611, 655, 852, 768, 643, 709, 877, 817, 864, 698, 725, 830, 701, 576, 869, 796, 596, 517, 723, 816, 720, 652, 676, 706, 801, 689, 774, 795, 622, 917, 789, 580, 807, 632, 672, 808, 689, 752, 630, 689, 676, 786, 661, 712, 654, 760, 625, 778, 679, 734, 612, 701, 744, 674, 615, 677, 706, 623, 865, 738, 881, 772, 838, 741, 735, 756, 760, 673, 843, 762, 700, 710, 808, 772, 791, 588, 837, 777, 655, 674, 711, 601, 767, 837, 678, 709, 682, 753, 823, 815, 690, 794, 877, 739, 672, 745, 771, 836, 773, 773, 555, 734, 659, 734, 758, 528, 581, 775, 693, 839, 667, 719, 568, 865, 870, 747, 642, 784, 675, 769, 642, 679, 767, 748, 691, 780, 960, 942, 733, 677, 666, 833, 690, 708, 675, 736, 735, 648, 642, 898, 762, 876, 667, 699, 819, 740, 903, 656, 833, 737, 808, 684, 790, 675, 619, 730, 668, 648, 615, 740, 662, 675, 648, 584, 707, 722, 745, 750, 711, 630, 770, 671, 692, 619, 661, 722, 684, 697, 724, 774, 769, 853, 734, 775, 680, 757, 732, 775, 770, 803, 758, 889, 716, 790, 691, 764, 680, 829, 661, 642, 675, 791, 633, 599, 780, 683, 709, 729, 708, 664, 722, 699, 723, 857, 690, 704, 735, 674, 741, 775, 681, 696, 729, 599, 790, 728, 763, 805, 921, 673, 857, 705, 701, 721, 794, 713, 613, 847, 778, 826, 599, 768, 747, 625, 649, 683, 772, 908, 873, 712, 793, 722, 760, 748, 738, 647, 671, 726, 697, 672, 784, 781, 786, 838, 825, 691, 701, 776, 779, 602, 673, 696, 701, 707, 753, 753, 810, 618, 780, 681, 718, 708, 813, 973, 768, 695, 648, 644, 794, 681, 786, 753, 766, 635, 719, 691, 802, 654, 774, 803, 671, 700, 883, 751, 770, 630, 777, 727, 521, 774, 792, 602, 710, 808, 874, 639, 680, 688, 785, 813, 827, 814, 698, 722, 685, 650, 724, 644, 913, 736, 887, 783, 737, 866, 622, 761, 622, 692, 714, 843, 792, 727, 719, 754, 630, 785, 770, 541, 884, 815, 690, 751, 885, 691, 684, 747, 630, 582, 712, 703, 856, 638, 751, 691, 749, 885, 692, 731, 681, 711, 702, 737, 757, 805, 807, 929, 803, 710, 701, 776, 763, 685, 646, 649, 703, 585, 832, 701, 850, 792, 773, 777, 798, 709, 929, 760, 668, 808, 707, 666, 646, 630, 637, 564, 546, 739, 663, 772, 725, 805, 765, 946, 782, 945, 838, 761, 736, 540, 537, 806, 858, 782, 811, 741, 759, 725, 776, 795, 677, 605, 604, 686, 833, 734, 754, 775, 684, 816, 757, 876, 693, 827, 567, 650, 711, 595, 727, 691, 822, 835, 806, 728, 728, 818, 714, 807, 738, 644, 742, 743, 738, 652, 807, 762, 601, 730, 843, 666, 799, 727, 876, 712, 678, 738, 700, 673, 740, 605, 753, 790, 793, 680, 768, 781, 677, 734, 798, 675, 737, 845, 657, 674, 811, 786, 732, 720, 707, 791, 654, 700, 709, 880, 528, 830, 755, 713, 726, 797, 750, 716, 626, 717, 538, 527, 830, 620, 838, 680, 794, 649, 722, 734, 692, 685, 757, 941, 781, 816, 763, 616, 763, 657, 775, 762, 688, 639, 645, 728, 853, 714, 867, 939, 672, 772, 689, 714, 840, 676, 790, 788, 733, 848, 791, 662, 581, 679, 717, 745, 707, 700, 862, 728, 739, 717, 841, 733, 695, 793, 668, 640, 825, 662, 726, 821, 962, 819, 674, 703, 750, 633, 706, 742, 837, 761, 971, 701, 729, 667, 781, 826, 737, 790, 734, 846, 872, 771, 847, 721, 736, 804, 631, 630, 784, 784, 681, 746, 866, 687, 607, 611, 809, 724, 691, 709, 624, 713, 630, 753, 824, 929, 708, 841, 835, 757, 696, 654, 712, 678, 914, 734, 827, 782, 857, 807, 658, 830, 605, 567, 725, 750, 790, 578, 630, 842, 735, 661, 797, 697, 684, 548, 706, 683, 574, 688, 712, 745, 611, 575, 679, 820, 803, 726, 626, 833, 723, 792, 693, 751, 658, 723, 652, 531, 792, 602, 880, 830, 750, 740, 749, 666, 642, 508, 713, 730, 625, 701, 865, 715, 891, 637, 582, 591, 680, 606, 704, 639, 757, 821, 731, 580, 639, 750, 738, 810, 727, 716, 748, 635, 696, 670, 681, 852, 756, 681, 575, 653, 743, 717, 670, 767, 677, 658, 597, 664, 720, 643, 694, 771, 693, 682, 598, 640, 706, 836, 868, 896, 797, 638, 872, 778, 737, 652, 766, 604, 790, 684, 895, 704, 716, 874, 654, 781, 609, 719, 746, 791, 509, 678, 711, 809, 685, 600, 784, 794, 510, 692, 746, 565, 669, 716, 753, 761, 789, 655, 702, 626, 709, 815, 741, 813, 606, 726, 657, 732, 666, 559, 725, 751, 710, 772, 836, 682, 504, 635, 623, 565, 711, 758, 811, 763, 734, 676, 729, 682, 828, 582, 821, 725, 667, 753, 708, 805, 714, 680, 747, 648, 763, 554, 696, 780, 720, 709, 712, 679, 762, 645, 724, 719, 792, 744, 695, 644, 814, 804, 635, 668, 797, 681, 620, 777, 673, 750, 699, 616, 708, 783, 835, 683, 664, 666, 824, 574, 720, 735, 581, 680, 751, 840, 641, 717, 942, 665, 722, 719, 648, 759, 697, 627, 649, 849, 759, 687, 582, 772, 518, 612, 806, 514, 653, 820, 630, 779, 606, 891, 738, 675, 630, 640, 768, 827, 772, 651, 732, 777, 819, 776, 838, 701, 801, 786, 763, 758, 684, 764, 808, 763, 825, 828, 598, 639, 845, 515, 673, 690, 760, 671, 899, 722, 906, 678, 746, 691, 681, 608, 778, 739, 768, 637, 672, 742, 764, 671, 941, 776, 645, 634, 681, 834, 829, 752, 668, 733, 883, 684, 783, 606, 850, 672, 768, 839, 652, 701, 692, 602, 920, 736, 666, 679, 689, 750, 859, 639, 740, 684, 680, 794, 762, 754, 698, 641, 793, 579, 594, 710, 736, 668, 760, 768, 722, 787, 833, 564, 810, 787, 653, 788, 865, 683, 639, 641, 827, 797, 726, 782, 745, 744, 725, 829, 792, 737, 622, 677, 717, 749, 690, 697, 606, 693, 659, 711, 725, 617, 684, 805, 620, 782, 708, 542, 734, 707, 651, 739, 718, 575, 634, 770, 716, 707, 738, 815, 694, 660, 551, 755, 786, 713, 657, 685, 634, 596, 687, 851, 618, 680, 792, 648, 709, 790, 682, 727, 694, 758, 670, 832, 748, 796, 554, 464, 626, 763, 799, 724, 739, 743, 689, 716, 794, 800, 839, 898, 1025, 677, 848, 799, 774, 756, 788, 708, 730, 779, 777, 793, 631, 678, 831, 678, 748, 612, 672, 754, 692, 680, 871, 628, 622, 785, 661, 778, 762, 838, 746, 806, 725, 875, 816, 832, 723, 818, 694, 730, 610, 715, 702, 802, 884, 690, 686, 842, 812, 675, 799, 800, 761, 698, 769, 640, 630, 859, 774, 511, 714, 746, 724, 690, 715, 754, 717, 758, 770, 610, 742, 671, 785, 628, 697, 933, 720, 680, 787, 735, 792, 517, 755, 619, 864, 883, 632, 731, 862, 693, 814, 766, 676, 672, 652, 658, 692, 739, 688, 668, 634, 682, 874, 775, 691, 656, 649, 654, 649, 609, 621, 687, 655, 663, 618, 605, 505, 684, 719, 732, 832, 720, 793, 810, 758, 808, 729, 706, 774, 812, 715, 735, 523, 800, 563, 728, 745, 645, 594, 749, 751, 730, 810, 619, 766, 716, 532, 830, 817, 662, 895, 689, 756, 854, 738, 772, 823, 642, 812, 649, 777, 842, 751, 721, 602, 597, 665, 778, 774, 750, 715, 821, 718, 747, 668, 591, 724, 754, 740, 721, 668, 788, 626, 922, 795, 716, 812, 992, 795, 790, 694, 833, 792, 740, 738, 669, 651, 727, 871, 650, 731, 666, 681, 631, 670, 845, 767, 756, 796, 646, 814, 712, 473, 730, 633, 743, 772, 725, 749, 749, 723, 644, 826, 761, 631, 750, 673, 816, 722, 683, 707, 883, 803, 725, 669, 854, 681, 633, 641, 747, 840, 599, 723, 770, 714, 768, 907, 698, 714, 736, 666, 795, 643, 641, 695, 787, 622, 654, 786, 676, 943, 776, 558, 753, 633, 737, 775, 661, 802, 751, 818, 766, 683, 507, 726, 662, 711, 601, 688, 709, 729, 718, 838, 797, 621, 749, 827, 728, 704, 756, 791, 923, 745, 696, 723, 793, 878, 803, 765, 623, 751, 715, 741, 720, 694, 788, 830, 585, 620, 631, 689, 823, 840, 705, 745, 812, 888, 667, 712, 597, 698, 809, 741, 878, 727, 726, 709, 805, 673, 835, 593, 786, 701, 649, 680, 672, 675, 507, 641, 834, 708, 816, 564, 793, 941, 641, 807, 625, 634, 881, 741, 687, 754, 694, 646, 827, 683, 664, 839, 703, 658, 864, 673, 562, 761, 772, 925, 800, 712, 738, 823, 726, 754, 779, 781, 818, 817, 840, 712, 705, 763, 772, 739, 723, 719, 744, 741, 739, 971, 726, 690, 792, 777, 808, 659, 699, 732, 718, 794, 755, 664, 841, 730, 501, 787, 688, 713, 826, 623, 815, 686, 709, 681, 748, 652, 667, 774, 807, 637, 752, 688, 572, 822, 826, 721, 703, 773, 775, 766, 892, 815, 700, 744, 724, 739, 650, 726, 797, 700, 745, 696, 682, 632, 669, 934, 790, 662, 844, 746, 722, 825, 687, 577, 764, 791, 745, 700, 628, 657, 767, 787, 695, 895, 729, 773, 718, 664, 762, 801, 708, 714, 761, 758, 579, 827, 578, 648, 679, 649, 731, 766, 752, 736, 752, 562, 701, 692, 739, 685, 663, 699, 633, 543, 725, 706, 745, 870, 721, 810, 699, 633, 690, 777, 791, 711, 646, 615, 659, 872, 624, 784, 630, 666, 635, 714, 687, 556, 753, 634, 654, 669, 668, 811, 772, 748, 699, 819, 739, 687, 529, 859, 655, 773, 759, 838, 724, 841, 667, 710, 890, 538, 586, 685, 570, 605, 775, 705, 771, 669, 782, 759, 822, 741, 716, 645, 703, 646, 913, 646, 677, 592, 765, 567, 781, 703, 824, 709, 758, 749, 877, 729, 642, 616, 700, 804, 702, 892, 817, 749, 660, 647, 695, 790, 595, 755, 772, 602, 775, 770, 778, 644, 651, 742, 816, 681, 807, 871, 717, 729, 668, 732, 678, 868, 567, 639, 737, 669, 699, 824, 714, 737, 583, 664, 730, 767, 727, 805, 680, 591, 773, 766, 759, 809, 853, 842, 876, 825, 671, 710, 551, 858, 698, 604, 606, 850, 699, 628, 674, 686, 640, 667, 783, 730, 691, 595, 710, 674, 728, 884, 781, 881, 608, 701, 933, 770, 643, 756, 785, 785, 643, 745, 773, 765, 746, 719, 730, 837, 730, 631, 678, 615, 713, 730, 722, 787, 676, 557, 687, 702, 808, 709, 727, 835, 668, 755, 646, 705, 538, 719, 778, 659, 696, 721, 697, 757, 631, 886, 560, 803, 927, 812, 649, 612, 911, 614, 585, 811, 610, 717, 754, 693, 819, 784, 683, 748, 767, 737, 600, 902, 711, 745, 731, 691, 778, 792, 744, 732, 682, 737, 772, 564, 727, 768, 726, 792, 564, 765, 673, 678, 759, 678, 742, 710, 755, 665, 764, 730, 798, 693, 849, 770, 698, 712, 724, 794, 706, 854, 618, 796, 712, 691, 733, 747, 673, 762, 755, 629, 835, 650, 795, 721, 639, 642, 662, 794, 781, 716, 750, 696, 663, 811, 660, 696, 703, 762, 682, 724, 599, 747, 652, 765, 755, 818, 572, 771, 741, 774, 789, 679, 486, 694, 727, 815, 676, 804, 689, 773, 890, 771, 685, 720, 663, 788, 671, 632, 710, 712, 643, 658, 685, 735, 674, 768, 689, 647, 715, 686, 602, 852, 563, 673, 638, 779, 753, 794, 787, 643, 672, 772, 715, 728, 708, 779, 664, 673, 668, 543, 884, 748, 783, 723, 859, 855, 708, 781, 837, 611, 673, 638, 696, 692, 890, 881, 752, 609, 674, 798, 709, 739, 582, 698, 592, 845, 729, 623, 729, 756, 744, 771, 767, 673, 740, 719, 550, 645, 708, 741, 651, 707, 582, 847, 735, 564, 679, 706, 672, 849, 648, 726, 691, 776, 747, 840, 825, 814, 744, 743, 782, 677, 764, 676, 655, 708, 635, 584, 778, 748, 708, 839, 679, 795, 820, 665, 831, 760, 569, 838, 591, 525, 857, 762, 751, 603, 711, 820, 885, 827, 626, 691, 785, 698, 641, 791, 759, 733, 656, 734, 716, 700, 687, 720, 706, 650, 854, 748, 797, 563, 762, 755, 691, 773, 683, 892, 814, 644, 719, 666, 722, 776, 715, 867, 720, 686, 710, 669, 566, 623, 736, 653, 655, 657, 753, 655, 590, 811, 852, 781, 712, 707, 820, 729, 560, 683, 556, 777, 813, 770, 633, 629, 617, 806, 798, 884, 774, 818, 610, 763, 740, 512, 671, 598, 674, 711, 686, 743, 718, 633, 616, 470, 847, 776, 742, 841, 776, 783, 665, 797, 742, 902, 701, 755, 764, 699, 826, 612, 841, 644, 714, 673, 702, 684, 728, 844, 689, 832, 646, 724, 660, 700, 761, 779, 773, 670, 691, 807, 747, 713, 886, 778, 839, 742, 893, 764, 693, 696, 800, 810, 707, 600, 739, 768, 729, 801, 673, 770, 786, 720, 788, 780, 758, 739, 837, 619, 709, 798, 701, 689, 611, 692, 668, 671, 773, 738, 617, 736, 674, 767, 871, 786, 892, 753, 687, 725, 731, 772, 747, 726, 632, 784, 846, 816, 672, 515, 853, 641, 702, 645, 669, 646, 656, 630, 757, 750, 785, 919, 556, 734, 789, 743, 699, 788, 608, 779, 634, 767, 695, 691, 657, 762, 773, 589, 694, 676, 747, 700, 674, 776, 697, 667, 773, 950, 667, 797, 798, 794, 764, 788, 667, 775, 608, 689, 657, 878, 772, 771, 637, 794, 691, 662, 550, 767, 644, 775, 597, 807, 865, 698, 776, 661, 774, 782, 751, 770, 838, 652, 809, 871, 769, 745, 789, 762, 847, 903, 785, 628, 712, 693, 855, 748, 713, 654, 750, 705, 721, 762, 763, 632, 834, 900, 569, 682, 728, 734, 860, 726, 762, 671, 699, 705, 720, 566, 640, 528, 714, 724, 666, 705, 697, 697, 861, 684, 591, 760, 689, 754, 671, 579, 673, 639, 846, 725, 760, 736, 774, 791, 801, 740, 723, 807, 599, 741, 670, 827, 596, 867, 641, 596, 742, 728, 818, 693, 754, 774, 757, 761, 748, 677, 594, 649, 834, 654, 750, 683, 663, 596, 648, 691, 663, 747, 807, 732, 607, 842, 597, 638, 703, 702, 706, 665, 718, 677, 665, 794, 680, 753, 779, 816, 703, 544, 545, 825, 562, 870, 618, 631, 770, 728, 772, 831, 567, 854, 615, 819, 724, 666, 845, 689, 706, 654, 709, 556, 661, 796, 849, 649, 725, 752, 812, 765, 861, 796, 713, 646, 701, 700, 777, 826, 712, 668, 726, 720, 667, 611, 835, 768, 611, 629, 781, 602, 626, 728, 663, 848, 784, 833, 798, 801, 833, 716, 790, 758, 729, 715, 423, 708, 735, 682, 700, 773, 645, 859, 735, 773, 790, 662, 754, 724, 694, 676, 695, 668, 701, 653, 670, 700, 783, 780, 697, 796, 683, 622, 691, 733, 716, 711, 750, 723, 807, 710, 771, 780, 652, 666, 774, 713, 577, 770, 719, 688, 582, 754, 619, 893, 710, 677, 703, 927, 816, 812, 694, 704, 753, 742, 804, 755, 780, 681, 713, 810, 719, 797, 785, 690, 755, 870, 594, 685, 822, 828, 796, 824, 634, 527, 714, 659, 643, 734, 696, 702, 528, 748, 801, 746, 687, 754, 548, 734, 653, 609, 646, 914, 780, 794, 774, 658, 794, 865, 666, 600, 794, 792, 792, 686, 805, 667, 773, 635, 722, 718, 739, 892, 731, 785, 869, 764, 911, 865, 718, 817, 825, 688, 828, 755, 748, 699, 641, 870, 779, 689, 803, 609, 657, 723, 698, 773, 675, 685, 620, 690, 764, 664, 781, 713, 690, 823, 708, 705, 722, 677, 919, 783, 577, 697, 837, 882, 903, 621, 753, 639, 720, 613, 565, 752, 747, 757, 788, 884, 703, 692, 696, 728, 561, 822, 776, 857, 784, 623, 753, 825, 872, 765, 665, 917, 826, 769, 582, 710, 839, 729, 853, 738, 710, 685, 707, 719, 675, 676, 753, 724, 610, 742, 902, 610, 803, 661, 752, 606, 632, 726, 706, 673, 744, 761, 841, 622, 773, 794, 808, 654, 702, 654, 648, 683, 806, 767, 776, 751, 801, 522, 788, 617, 536, 729, 612, 686, 800, 748, 842, 749, 765, 738, 778, 520, 730, 601, 647, 712, 805, 742, 682, 772, 777, 779, 763, 802, 675, 597, 697, 681, 767, 578, 794, 819, 697, 688, 615, 772, 779, 727, 657, 795, 771, 870, 718, 666, 685, 687, 718, 820, 818, 794, 714, 765, 721, 702, 745, 783, 853, 785, 744, 741, 631, 791, 800, 881, 772, 664, 718, 654, 650, 887, 641, 631, 699, 608, 655, 694, 742, 766, 608, 758, 711, 727, 733, 721, 712, 788, 639, 772, 775, 908, 586, 732, 732, 758, 865, 699, 743, 748, 714, 735, 786, 657, 894, 679, 645, 880, 753, 675, 886, 755, 820, 885, 599, 820, 743, 633, 674, 677, 683, 699, 578, 721, 698, 880, 789, 753, 665, 778, 873, 717, 740, 789, 803, 649, 666, 869, 700, 704, 800, 907, 596, 720, 808, 597, 772, 645, 786, 760, 727, 788, 767, 756, 896, 658, 751, 787, 594, 738, 629, 709, 767, 718, 869, 673, 838, 716, 771, 880, 788, 658, 872, 748, 781, 792, 644, 696, 597, 756, 902, 724, 996, 612, 611, 669, 641, 678, 693, 715, 690, 811, 666, 713, 625, 790, 671, 697, 674, 696, 835, 755, 889, 776, 869, 673, 783, 748, 664, 873, 662, 703, 634, 709, 645, 703, 645, 863, 711, 785, 821, 679, 716, 647, 796, 763, 684, 637, 783, 730, 759, 639, 641, 588, 701, 723, 677, 742, 600, 604, 809, 693, 666, 753, 637, 800, 763, 754, 795, 632, 730, 658, 708, 832, 747, 724, 727, 858, 799, 737, 926, 653, 655, 859, 650, 767, 768, 715, 790, 723, 674, 686, 851, 608, 822, 772, 711, 644, 838, 761, 663, 792, 815, 884, 646, 755, 680, 773, 715, 730, 745, 775, 636, 673, 808, 791, 771, 792, 833, 694, 610, 652, 751, 746, 745, 811, 733, 657, 716, 861, 707, 791, 762, 601, 917, 598, 726, 670, 616, 663, 852, 653, 785, 756, 625, 763, 694, 703, 853, 651, 719, 755, 617, 706, 675, 643, 733, 669, 627, 653, 697, 579, 722, 672, 709, 741, 981, 688, 642, 636, 829, 779, 649, 762, 866, 716, 636, 773, 779, 634, 747, 625, 780, 729, 525, 774, 786, 639, 688, 727, 726, 841, 671, 673, 851, 818, 832, 805, 828, 837, 667, 634, 723, 793, 751, 752, 783, 694, 817, 819, 750, 820, 764, 649, 890, 917, 747, 772, 782, 650, 633, 545, 766, 886, 784, 648, 565, 777, 847, 733, 727, 607, 629, 763, 763, 884, 768, 721, 658, 823, 748, 820, 744, 878, 721, 704, 653, 806, 831, 739, 601, 738, 736, 803, 673, 772, 718, 643, 707, 882, 896, 795, 578, 668, 751, 598, 761, 757, 769, 714, 779, 711, 573, 775, 764, 832, 662, 617, 835, 714, 839, 799, 624, 691, 727, 754, 875, 658, 756, 864, 760, 756, 684, 756, 834, 700, 756, 728, 706, 844, 681, 766, 625, 699, 759, 804, 736, 939, 760, 717, 826, 815, 687, 763, 574, 757, 759, 727, 904, 704, 673, 693, 745, 794, 795, 525, 802, 783, 606, 600, 862, 990, 789, 727, 759, 671, 743, 643, 659, 619, 708, 834, 891, 853, 691, 680, 548, 556, 839, 768, 878, 691, 658, 715, 765, 738, 654, 728, 847, 727, 748, 795, 833, 602, 745, 791, 641, 692, 733, 644, 821, 764, 713, 434, 675, 714, 717, 750, 827, 668, 672, 786, 682, 626, 787, 798, 715, 738, 881, 736, 929, 677, 524, 785, 822, 769, 863, 725, 605, 660, 803, 861, 751, 861, 796, 680, 688, 747, 745, 798, 573, 668, 651, 663, 712, 651, 719, 643, 863, 669, 730, 845, 720, 736, 784, 689, 704, 652, 803, 761, 753, 723, 653, 682, 759, 840, 700, 809, 711, 757, 765, 775, 866, 666, 785, 684, 728, 676, 733, 769, 733, 745, 614, 793, 790, 770, 761, 756, 800, 815, 699, 604, 586, 678, 869, 691, 708, 921, 682, 671, 625, 725, 832, 682, 798, 864, 695, 768, 657, 680, 596, 694, 818, 731, 684, 683, 699, 833, 670, 709, 764, 713, 823, 803, 649, 779, 767, 744, 833, 846, 845, 580, 765, 713, 638, 684, 707, 642, 754, 633, 587, 784, 700, 666, 663, 878, 693, 454, 831, 618, 714, 618, 918, 668, 759, 589, 752, 794, 665, 583, 720, 708, 935, 912, 707, 733, 553, 823, 684, 836, 663, 591, 622, 827, 853, 798, 577, 679, 794, 691, 755, 687, 790, 801, 637, 660, 799, 759, 806, 978, 826, 791, 731, 702, 788, 780, 763, 555, 902, 703, 715, 710, 600, 688, 680, 577, 720, 670, 888, 583, 826, 689, 699, 739, 995, 869, 683, 702, 865, 792, 752, 694, 721, 772, 787, 801, 667, 766, 811, 853, 754, 636, 731, 894, 726, 563, 718, 652, 708, 795, 724, 785, 610, 989, 701, 680, 728, 698, 871, 601, 660, 645, 749, 875, 818, 875, 713, 893, 792, 620, 614, 723, 826, 735, 627, 691, 737, 702, 591, 707, 739, 665, 654, 671, 739, 728, 725, 736, 695, 709, 703, 815, 816, 648, 765, 773, 836, 901, 644, 609, 681, 828, 762, 685, 744, 734, 774, 738, 820, 594, 760, 684, 724, 710, 751, 679, 809, 700, 627, 651, 769, 773, 812, 540, 793, 852, 747, 645, 645, 807, 773, 812, 800, 822, 834, 717, 746, 676, 760, 687, 734, 827, 756, 714, 788, 701, 677, 592, 716, 745, 655, 793, 735, 877, 649, 650, 657, 716, 791, 640, 768, 685, 721, 694, 789, 691, 874, 759, 658, 652, 841, 747, 688, 689, 777, 708, 853, 753, 708, 708, 815, 783, 713, 589, 683, 648, 750, 736, 606, 851, 687, 795, 573, 857, 732, 736, 786, 826, 717, 701, 839, 723, 877, 640, 766, 650, 597, 838, 684, 538, 899, 727, 768, 630, 804, 632, 734, 745, 726, 522, 765, 652, 690, 773, 820, 745, 774, 776, 764, 798, 781, 680, 719, 636, 793, 675, 814, 754, 688, 689, 762, 731, 710, 804, 709, 769, 774, 726, 872, 870, 754, 715, 886, 632, 691, 875, 660, 741, 882, 772, 790, 683, 851, 600, 788, 739, 780, 805, 918, 809, 731, 737, 752, 760, 804, 783, 687, 781, 631, 734, 775, 728, 695, 775, 822, 697, 816, 713, 840, 846, 782, 651, 958, 739, 678, 785, 839, 808, 634, 684, 773, 786, 784, 699, 721, 796, 858, 578, 678, 674, 828, 681, 755, 770, 590, 676, 704, 667, 732, 692, 773, 812, 799, 696, 752, 693, 613, 640, 693, 789, 742, 719, 728, 773, 881, 557, 746, 778, 703, 728, 722, 674, 747, 681, 738, 841, 784, 761, 593, 602, 733, 750, 833, 859, 710, 657, 715, 780, 945, 684, 733, 761, 900, 624, 686, 684, 680, 691, 649, 796, 763, 677, 684, 747, 817, 836, 603, 631, 717, 747, 522, 917, 764, 840, 666, 749, 660, 581, 793, 640, 729, 696, 717, 783, 722, 629, 764, 722, 693, 602, 813, 831, 786, 736, 737, 618, 771, 750, 645, 846, 624, 522, 711, 692, 754, 668, 694, 695, 624, 745, 788, 908, 741, 746, 738, 776, 564, 914, 668, 670, 618, 668, 628, 699, 591, 742, 667, 663, 849, 684, 647, 592, 621, 655, 748, 714, 847, 794, 806, 770, 763, 749, 713, 797, 745, 893, 785, 869, 772, 789, 677, 800, 857, 742, 684, 734, 774, 743, 850, 673, 792, 692, 803, 754, 622, 739, 926, 734, 711, 870, 710, 929, 777, 734, 676, 815, 839, 738, 750, 782, 512, 726, 671, 646, 620, 665, 791, 666, 841, 679, 816, 737, 718, 746, 736, 890, 814, 605, 728, 791, 796, 736, 688, 717, 738, 530, 644, 739, 796, 848, 639, 861, 877, 586, 819, 745, 629, 744, 607, 735, 692, 741, 637, 763, 778, 569, 597, 476, 658, 723, 708, 541, 630, 719, 873, 570, 724, 699, 703, 568, 651, 692, 845, 694, 536, 829, 667, 828, 671, 826, 752, 723, 507, 907, 744, 786, 739, 731, 777, 861, 642, 583, 762, 735, 800, 835, 764, 733, 672, 749, 693, 819, 733, 694, 786, 581, 750, 729, 700, 704, 648, 656, 658, 663, 640, 702, 884, 719, 807, 724, 665, 712, 634, 730, 755, 765, 839, 795, 675, 646, 821, 653, 850, 752, 730, 705, 690, 683, 801, 707, 663, 700, 718, 895, 800, 588, 674, 686, 749, 539, 648, 750, 588, 692, 680, 772, 707, 684, 957, 665, 649, 673, 741, 716, 920, 583, 511, 710, 725, 760, 852, 740, 802, 744, 762, 789, 768, 742, 767, 619, 848, 774, 810, 718, 722, 597, 855, 742, 648, 645, 833, 750, 856, 757, 916, 702, 760, 841, 563, 711, 817, 786, 667, 789, 782, 738, 778, 701, 743, 753, 701, 802, 679, 707, 759, 550, 686, 741, 797, 875, 748, 716, 635, 756, 880, 770, 755, 769, 798, 757, 908, 729, 651, 756, 694, 664, 772, 535, 623, 633, 688, 818, 819, 625, 857, 637, 808, 737, 678, 915, 764, 631, 702, 660, 774, 710, 874, 684, 552, 693, 542, 613, 661, 633, 721, 734, 981, 736, 854, 693, 722, 820, 681, 723, 856, 733, 834, 743, 727, 700, 828, 700, 772, 629, 610, 818, 860, 661, 616, 646, 778, 543, 839, 765, 655, 824, 684, 756, 691, 758, 799, 896, 692, 566, 763, 773, 852, 789, 752, 754, 737, 719, 694, 666, 783, 731, 739, 805, 798, 737, 754, 544, 726, 639, 720, 674, 626, 695, 652, 724, 699, 724, 762, 680, 779, 762, 616, 774, 812, 670, 542, 624, 642, 720, 676, 745, 894, 874, 612, 743, 838, 798, 641, 740, 836, 675, 722, 760, 667, 817, 690, 771, 811, 743, 705, 779, 704, 598, 593, 706, 585, 743, 845, 618, 707, 750, 801, 666, 610, 690, 665, 740, 703, 659, 733, 770, 753, 697, 725, 758, 787, 703, 817, 673, 623, 776, 764, 762, 664, 836, 652, 739, 838, 887, 664, 690, 684, 699, 752, 852, 693, 774, 774, 614, 781, 775, 662, 615, 705, 930, 651, 574, 539, 828, 721, 751, 761, 774, 702, 796, 604, 850, 793, 798, 661, 653, 736, 737, 850, 749, 775, 709, 720, 715, 675, 863, 803, 767, 715, 620, 856, 884, 621, 740, 705, 746, 783, 676, 708, 849, 757, 642, 625, 760, 663, 698, 705, 771, 772, 632, 738, 706, 855, 808, 678, 853, 788, 807, 717, 732, 721, 725, 765, 571, 584, 676, 642, 727, 777, 753, 770, 552, 914, 747, 839, 731, 713, 645, 806, 692, 726, 682, 785, 791, 761, 857, 644, 891, 770, 757, 645, 738, 676, 763, 700, 894, 743, 788, 576, 718, 678, 734, 528, 727, 685, 563, 736, 567, 650, 708, 612, 696, 613, 681, 692, 816, 787, 730, 815, 725, 598, 932, 774, 642, 800, 745, 962, 727, 849, 670, 806, 702, 657, 645, 761, 538, 755, 779, 871, 698, 623, 708, 752, 642, 735, 944, 655, 715, 808, 748, 753, 744, 605, 804, 765, 650, 842, 703, 775, 718, 767, 731, 768, 756, 684, 767, 732, 630, 729, 835, 734, 721, 735, 703, 675, 731, 612, 568, 672, 613, 705, 600, 616, 738, 770, 817, 556, 837, 746, 698, 763, 653, 678, 843, 894, 623, 748, 705, 864, 826, 678, 667, 755, 773, 710, 690, 766, 786, 662, 708, 605, 743, 676, 768, 736, 803, 781, 734, 665, 597, 821, 776, 687, 783, 759, 645, 662, 682, 632, 772, 713, 772, 719, 756, 638, 746, 685, 743, 695, 747, 783, 786, 652, 718, 818, 763, 774, 694, 680, 651, 558, 783, 664, 571, 751, 703, 727, 676, 792, 669, 597, 814, 706, 770, 800, 638, 786, 664, 589, 637, 680, 658, 820, 722, 622, 699, 763, 728, 621, 837, 784, 769, 801, 582, 629, 728, 699, 677, 783, 766, 623, 684, 796, 639, 674, 801, 701, 750, 882, 757, 650, 717, 745, 669, 804, 756, 685, 803, 652, 884, 691, 775, 816, 645, 860, 588, 697, 752, 709, 573, 867, 843, 683, 717, 629, 734, 629, 648, 592, 621, 679, 575, 624, 596, 671, 791, 712, 815, 768, 736, 776, 591, 700, 571, 771, 662, 712, 693, 731, 762, 750, 625, 815, 694, 811, 892, 798, 767, 695, 801, 899, 663, 607, 674, 741, 638, 740, 820, 723, 741, 675, 848, 765, 818, 673, 775, 764, 933, 691, 659, 701, 852, 693, 786, 912, 915, 648, 740, 723, 856, 740, 739, 820, 792, 874, 643, 809, 721, 716, 773, 574, 752, 837, 881, 802, 857, 824, 862, 806, 822, 661, 584, 555, 833, 765, 681, 754, 679, 751, 725, 804, 741, 719, 794, 752, 829, 694, 666, 615, 709, 539, 558, 626, 671, 787, 642, 648, 702, 852, 638, 700, 717, 827, 825, 646, 736, 837, 776, 773, 708, 785, 771, 776, 638, 732, 722, 743, 806, 634, 870, 795, 659, 867, 761, 675, 755, 584, 628, 723, 739, 863, 822, 752, 648, 631, 878, 688, 691, 913, 753, 755, 587, 778, 576, 795, 773, 719, 742, 826, 784, 805, 914, 711, 649, 578, 626, 617, 576, 731, 704, 760, 592, 713, 708, 806, 768, 749, 659, 650, 572, 844, 781, 695, 729, 758, 726, 634, 861, 672, 660, 807, 812, 706, 792, 709, 709, 928, 700, 731, 689, 611]

[btf]
  Promedio : 1050.2s
  Desvío   : 111.3s
  IC 95%   : [1047.1s, 1053.3s]
  Mínimo   : 635s
  Máximo   : 1433s
  Tiempos  : [1109, 1090, 974, 936, 893, 909, 1066, 1171, 1004, 1083, 1030, 986, 1134, 1040, 1043, 1031, 1086, 1078, 1160, 871, 1104, 1125, 1066, 1052, 1006, 1010, 1007, 1065, 875, 922, 986, 1117, 1187, 1005, 1013, 1160, 949, 1085, 1106, 957, 1097, 1161, 1138, 1103, 1040, 1056, 1122, 897, 1028, 1161, 1232, 1128, 1112, 874, 840, 1307, 1084, 842, 790, 1137, 1173, 1084, 997, 1013, 1094, 969, 1040, 878, 1113, 948, 1172, 1148, 1196, 1127, 1033, 848, 932, 893, 874, 1063, 1008, 1082, 837, 1050, 1004, 947, 941, 1028, 1030, 1070, 1179, 1130, 1014, 1248, 1102, 950, 1247, 1324, 1082, 1072, 1053, 1059, 1260, 1204, 1097, 1433, 1164, 1032, 1029, 909, 1064, 1002, 962, 1131, 957, 1089, 1204, 1115, 1088, 1200, 1018, 859, 1219, 1182, 1071, 798, 1082, 956, 1083, 1097, 1014, 1231, 1033, 1143, 1223, 1089, 1011, 1301, 1081, 968, 1156, 1171, 934, 893, 859, 1093, 1026, 1191, 1150, 967, 1178, 863, 1232, 891, 1049, 874, 1018, 993, 1071, 1146, 1275, 1110, 1220, 1027, 1133, 1092, 1067, 949, 1097, 1134, 958, 770, 1092, 1100, 934, 993, 1083, 1328, 1152, 1096, 1132, 1164, 953, 1055, 1029, 937, 1045, 1064, 1342, 988, 1125, 1058, 1106, 1170, 1132, 1088, 1143, 1117, 1110, 1123, 1071, 1119, 1010, 1044, 991, 952, 1082, 1296, 1033, 1047, 1048, 969, 925, 1169, 970, 1017, 1019, 929, 1077, 1274, 893, 995, 1081, 1165, 977, 955, 1203, 1256, 1075, 955, 1281, 1205, 927, 1098, 1039, 1125, 984, 846, 1188, 1177, 953, 994, 971, 1030, 1193, 1071, 1022, 1135, 1155, 984, 1167, 918, 1116, 1039, 1014, 1032, 982, 1103, 998, 959, 1055, 852, 938, 1104, 1056, 1169, 1110, 979, 1020, 1039, 1047, 1214, 1124, 921, 1291, 1208, 966, 1000, 1077, 767, 1015, 1098, 1110, 1222, 1126, 902, 775, 1157, 1089, 1082, 1010, 963, 971, 980, 901, 1141, 1138, 1240, 1083, 1123, 1203, 960, 895, 1004, 876, 1013, 1122, 997, 1137, 842, 1002, 1032, 1116, 1003, 1020, 955, 1258, 1056, 1119, 1006, 1068, 892, 1074, 1205, 1206, 1071, 1126, 1251, 989, 1229, 1130, 959, 1096, 1161, 1081, 1020, 1171, 1092, 981, 905, 1040, 1008, 1126, 1083, 969, 1120, 1155, 933, 1072, 1039, 937, 901, 1196, 842, 1138, 1013, 1050, 1160, 965, 1106, 1123, 1268, 1065, 1022, 854, 1007, 1089, 1010, 1164, 1270, 1123, 1080, 1176, 1044, 966, 1108, 1116, 1109, 1049, 1154, 934, 909, 1012, 1058, 972, 986, 838, 1153, 1176, 1033, 1080, 1102, 1038, 1058, 1105, 1147, 1274, 1027, 1081, 1133, 792, 1040, 928, 1085, 1150, 973, 907, 1025, 1104, 1221, 1144, 1034, 976, 953, 966, 894, 1073, 1159, 920, 1162, 815, 1078, 1014, 870, 901, 907, 1034, 1105, 971, 982, 1066, 1106, 1095, 1049, 967, 1154, 884, 1107, 1086, 1007, 934, 1035, 933, 1167, 1079, 1246, 1101, 1052, 972, 880, 986, 901, 1013, 969, 1107, 1153, 910, 903, 1132, 1122, 868, 856, 1079, 1109, 1154, 983, 971, 1110, 1046, 1038, 951, 972, 1059, 1083, 1129, 1076, 987, 985, 1164, 991, 1404, 887, 1052, 1231, 1060, 769, 883, 1101, 1155, 1135, 1037, 1226, 994, 1079, 1124, 1222, 1157, 1020, 1053, 985, 932, 810, 1202, 1025, 1035, 958, 1007, 1085, 1144, 1051, 988, 863, 944, 873, 1050, 968, 1061, 911, 1075, 991, 934, 968, 1142, 1126, 1177, 970, 1138, 1048, 1060, 1165, 1012, 1096, 990, 1229, 1083, 945, 1227, 922, 1083, 946, 986, 1078, 1092, 1095, 924, 885, 1038, 1011, 1093, 1043, 1282, 1084, 1173, 1031, 1120, 946, 973, 958, 989, 995, 1073, 1253, 924, 971, 936, 992, 1012, 846, 1172, 1003, 1157, 982, 970, 1109, 1319, 1006, 852, 1114, 1105, 1164, 1079, 1030, 1051, 1201, 848, 1077, 1100, 1107, 1187, 1059, 1063, 1357, 1038, 996, 1051, 1172, 1061, 1086, 945, 867, 1112, 1214, 1131, 1094, 1334, 1126, 1000, 1023, 982, 927, 1171, 1020, 1100, 1024, 1221, 1148, 1020, 991, 1151, 1106, 1123, 888, 1074, 933, 1051, 956, 917, 882, 1081, 1081, 1054, 990, 959, 1005, 1015, 1060, 1105, 915, 873, 1061, 899, 1152, 921, 1042, 1032, 1070, 1085, 1038, 1134, 968, 1056, 1052, 1201, 1308, 909, 1095, 842, 1110, 1070, 834, 1024, 1162, 1016, 954, 1017, 1088, 1060, 979, 894, 937, 1215, 1100, 1239, 1261, 1114, 1088, 941, 1343, 909, 1171, 1275, 1080, 1120, 1175, 1061, 1305, 941, 1161, 1114, 987, 1007, 932, 1057, 1173, 871, 1197, 1190, 993, 916, 1104, 1072, 1010, 974, 1099, 1193, 847, 1064, 1096, 994, 1144, 1096, 1189, 870, 1035, 1098, 1165, 996, 1016, 1084, 1138, 978, 1221, 1070, 1094, 1036, 1156, 911, 938, 1051, 1213, 1043, 1121, 868, 1023, 1114, 1043, 932, 1023, 1250, 982, 1044, 937, 950, 1082, 879, 1074, 1020, 1215, 942, 1044, 912, 1144, 899, 989, 1059, 1100, 1139, 919, 967, 1171, 879, 926, 1182, 970, 925, 1115, 904, 1009, 970, 1162, 1156, 980, 852, 861, 1171, 982, 1243, 877, 1171, 1128, 1154, 1081, 989, 921, 1102, 1009, 911, 1018, 1230, 1254, 1307, 943, 1113, 1134, 1098, 1088, 1042, 1182, 1158, 926, 1027, 1180, 779, 1239, 1054, 1020, 914, 1018, 1064, 943, 1017, 1258, 1009, 929, 1152, 1102, 945, 923, 1125, 1037, 989, 1021, 943, 1005, 1155, 960, 1172, 957, 945, 1118, 1096, 1172, 1157, 1100, 875, 1095, 1152, 968, 1042, 1069, 881, 1097, 1075, 1155, 1190, 1049, 1013, 1008, 985, 1122, 1063, 936, 953, 1038, 1048, 1065, 1062, 1170, 908, 1025, 961, 916, 930, 1071, 1136, 1290, 902, 1181, 1107, 861, 1026, 1060, 934, 1033, 1032, 1070, 1001, 1088, 1156, 1152, 1066, 965, 1152, 903, 1050, 953, 1120, 1108, 934, 1064, 970, 1261, 932, 1029, 1077, 1088, 1243, 1090, 1136, 923, 982, 914, 1156, 930, 1058, 924, 992, 1002, 950, 1119, 1128, 1125, 847, 970, 1051, 1052, 1209, 935, 1139, 1035, 1137, 1139, 975, 1087, 1113, 1053, 1022, 884, 1186, 1153, 1114, 845, 1069, 1113, 1090, 973, 1186, 939, 940, 922, 1050, 981, 1151, 1003, 1100, 1274, 1217, 1172, 942, 1045, 1015, 911, 1172, 1072, 926, 937, 1069, 1084, 1142, 1225, 1097, 881, 1154, 1140, 1096, 1097, 973, 1178, 924, 1155, 888, 1122, 1123, 1087, 980, 1141, 950, 1014, 1135, 1193, 958, 1019, 1140, 1168, 952, 856, 1040, 1066, 1020, 963, 910, 989, 707, 981, 859, 1244, 1058, 1048, 950, 973, 726, 1076, 1203, 820, 1131, 1069, 1030, 1084, 1090, 860, 1012, 971, 1038, 1142, 1002, 1063, 893, 1168, 1181, 1027, 1175, 1185, 861, 953, 989, 964, 1169, 1121, 1053, 1131, 947, 1191, 1076, 907, 987, 1010, 972, 814, 921, 941, 1243, 895, 1293, 1021, 1072, 1118, 971, 1085, 872, 1163, 1104, 913, 1142, 1036, 966, 1148, 1044, 1070, 898, 1044, 920, 928, 1014, 1271, 1149, 968, 1006, 1135, 1085, 1182, 1104, 950, 1059, 994, 1037, 874, 1151, 1176, 1123, 1102, 766, 859, 1032, 1157, 906, 1172, 1098, 896, 1102, 1036, 1122, 1122, 944, 914, 1146, 1119, 1053, 977, 1025, 1187, 1067, 922, 1095, 1150, 1169, 1005, 990, 1374, 1030, 892, 1211, 1062, 1121, 1028, 1029, 971, 1282, 1029, 872, 1249, 978, 1139, 1079, 1047, 1245, 948, 908, 1164, 1165, 1165, 998, 1072, 931, 1145, 1088, 1099, 970, 1068, 1091, 1051, 1076, 960, 1065, 1035, 1075, 1106, 845, 991, 1249, 883, 1211, 1022, 1025, 952, 1087, 1038, 1073, 1090, 1038, 1044, 1137, 1085, 1162, 1134, 1058, 902, 1126, 932, 1079, 871, 1010, 1152, 943, 1061, 1061, 842, 930, 1010, 1060, 1086, 888, 1067, 1192, 1077, 1246, 923, 960, 869, 945, 973, 1076, 1099, 1078, 1059, 1209, 1327, 1002, 883, 1099, 1150, 1008, 926, 1050, 1074, 1176, 847, 1051, 1165, 1074, 962, 972, 1025, 1144, 1070, 1038, 930, 1061, 1095, 1026, 964, 907, 1148, 1116, 1056, 1165, 1179, 1069, 897, 1119, 1035, 900, 1058, 1166, 1107, 1122, 1041, 839, 1351, 1073, 999, 1149, 1113, 1122, 1045, 1117, 1186, 1082, 1015, 965, 963, 913, 1060, 975, 980, 1097, 1064, 1093, 947, 1093, 1017, 1154, 1173, 1163, 920, 907, 1060, 1075, 875, 1025, 955, 1042, 1078, 1058, 1065, 1140, 1127, 1002, 1171, 1168, 1083, 1039, 1003, 1024, 1077, 1044, 973, 1098, 955, 849, 968, 1035, 801, 1107, 936, 957, 852, 1211, 1068, 1093, 947, 852, 1149, 1024, 1053, 1040, 833, 1250, 991, 1010, 1094, 1074, 1204, 930, 1048, 1089, 937, 1137, 899, 1166, 1248, 1156, 1121, 1109, 1064, 937, 998, 1011, 1004, 925, 1165, 926, 1139, 1035, 957, 1145, 1137, 1146, 1291, 1185, 1048, 1020, 1052, 1089, 1129, 1070, 1002, 1164, 1119, 897, 997, 758, 1246, 1296, 1171, 1059, 935, 1268, 969, 875, 1129, 1017, 1201, 1077, 937, 1008, 942, 1094, 1090, 868, 1066, 1064, 1211, 1056, 964, 996, 1170, 1093, 829, 1127, 842, 1068, 1010, 1120, 1153, 1137, 1074, 1129, 1221, 1173, 1055, 1055, 1024, 1027, 1023, 1130, 1010, 1276, 975, 1178, 1080, 1071, 1033, 1030, 885, 929, 1097, 992, 1076, 1043, 968, 897, 1095, 996, 1091, 1106, 1016, 1086, 969, 1029, 1147, 1011, 1027, 1118, 963, 891, 1062, 1045, 999, 1102, 1087, 1000, 1090, 1086, 1261, 934, 1129, 1100, 1010, 1167, 1168, 1015, 985, 1013, 930, 1197, 655, 1122, 1037, 1053, 1149, 1019, 1087, 804, 868, 1077, 1035, 1154, 1094, 894, 983, 1020, 1067, 1103, 1089, 1084, 1109, 1037, 974, 988, 1244, 1055, 815, 1028, 1051, 926, 1153, 1122, 1109, 1362, 1246, 1165, 1055, 942, 1005, 1263, 1070, 1093, 1208, 1088, 960, 988, 1152, 1010, 1111, 1201, 1100, 926, 984, 1215, 1203, 924, 1073, 1008, 1000, 1184, 1194, 980, 1210, 1046, 1083, 1021, 1184, 925, 1251, 884, 1260, 1168, 1179, 1061, 1125, 1184, 858, 953, 1050, 1054, 1114, 1044, 1189, 1123, 943, 932, 1018, 1257, 967, 922, 1105, 992, 1116, 753, 957, 1083, 907, 998, 982, 1118, 1191, 982, 830, 967, 977, 1017, 1122, 1182, 1031, 1004, 1114, 1177, 986, 1187, 1054, 1099, 1138, 1202, 1040, 1081, 966, 1089, 913, 923, 985, 1106, 1192, 1083, 1005, 947, 1133, 1194, 1057, 1162, 1068, 1066, 963, 1054, 1025, 1098, 868, 892, 911, 920, 990, 1154, 1191, 860, 983, 1126, 1135, 1003, 1080, 1230, 993, 841, 1025, 1111, 1000, 983, 986, 1054, 835, 1033, 1186, 1105, 1022, 1156, 1231, 782, 1017, 1021, 1379, 978, 950, 956, 1077, 836, 960, 1062, 972, 977, 836, 1174, 1007, 991, 923, 963, 1158, 1017, 804, 979, 1168, 1025, 1023, 940, 1089, 954, 1045, 977, 1195, 985, 1035, 1051, 1232, 1103, 1058, 1046, 920, 880, 1157, 902, 1003, 1193, 976, 962, 1051, 1030, 978, 878, 1020, 979, 962, 922, 954, 997, 901, 1204, 963, 1159, 1132, 998, 1119, 982, 1049, 942, 990, 852, 1176, 1014, 1029, 737, 1084, 1099, 1017, 1113, 1169, 1125, 949, 1071, 1130, 986, 1197, 1079, 947, 1275, 1099, 1055, 1139, 1018, 1144, 863, 1052, 969, 1012, 1010, 1146, 1020, 1123, 932, 962, 1168, 1054, 947, 949, 963, 1037, 979, 864, 1062, 829, 1316, 961, 1144, 1109, 1045, 1066, 1002, 1066, 1113, 1160, 952, 1012, 933, 1026, 1260, 1147, 790, 977, 974, 960, 1026, 1178, 951, 1017, 1089, 1000, 811, 1190, 1068, 1017, 1160, 1220, 910, 1126, 1055, 1039, 1118, 1160, 1053, 993, 1040, 1052, 1134, 1146, 1109, 1006, 986, 1241, 909, 1122, 1068, 1125, 1038, 957, 1168, 1130, 942, 1165, 1052, 1063, 1061, 1121, 1099, 1256, 1140, 927, 952, 935, 1190, 895, 1333, 938, 1036, 1173, 1023, 1095, 998, 1058, 1084, 1148, 958, 1118, 967, 963, 1093, 983, 990, 999, 1138, 932, 952, 1154, 965, 1101, 1070, 938, 948, 1188, 1101, 1082, 1253, 936, 1059, 909, 1090, 1000, 1017, 1132, 1088, 1206, 991, 1054, 1115, 1291, 892, 1015, 1026, 871, 973, 1020, 1157, 1264, 1089, 969, 1186, 1239, 1304, 1152, 942, 1192, 1245, 1166, 834, 994, 1151, 1026, 1021, 1031, 976, 1231, 1102, 1218, 1028, 1241, 1174, 1209, 1340, 978, 1024, 1103, 1067, 1045, 1071, 1110, 922, 1134, 1107, 936, 1137, 1357, 1172, 1032, 979, 941, 864, 1051, 1035, 822, 1026, 1355, 1060, 1088, 958, 976, 1081, 1038, 733, 1057, 1052, 992, 1116, 1084, 1229, 1022, 1128, 1028, 1130, 933, 1035, 984, 1155, 918, 836, 1013, 1056, 1069, 898, 1264, 1033, 895, 1027, 967, 1239, 1026, 1225, 960, 1126, 1031, 1005, 1227, 1062, 1074, 1056, 1061, 1352, 1001, 1057, 889, 1140, 1162, 1042, 1182, 1029, 1232, 1246, 888, 869, 1102, 1099, 945, 1117, 1070, 1151, 995, 1008, 1187, 958, 976, 1179, 1083, 1188, 970, 1148, 885, 1088, 1037, 981, 1167, 1155, 1114, 1009, 998, 1070, 1167, 935, 1181, 922, 943, 1062, 974, 1144, 917, 1081, 1170, 1042, 1061, 1003, 982, 1170, 998, 1027, 912, 924, 1223, 1085, 848, 1157, 1130, 904, 1043, 1014, 995, 908, 897, 941, 984, 881, 1043, 1119, 1213, 1019, 1144, 933, 1052, 904, 998, 902, 1119, 1032, 896, 991, 969, 1070, 1276, 1175, 909, 1079, 1186, 1053, 949, 1097, 1069, 858, 1032, 954, 1123, 1098, 1188, 1104, 1154, 1217, 1099, 932, 1028, 1248, 1092, 1121, 1149, 1253, 1061, 1126, 1087, 935, 1042, 1068, 912, 996, 1032, 1090, 1081, 1127, 895, 1120, 1008, 926, 973, 1170, 1186, 1161, 904, 890, 1107, 1088, 902, 968, 1149, 1111, 1148, 1292, 1050, 1106, 984, 1049, 980, 1133, 845, 1015, 1200, 1152, 1053, 1043, 1173, 908, 1010, 888, 1231, 1001, 1113, 1033, 942, 1078, 1101, 869, 1057, 1166, 1050, 1144, 1328, 1102, 917, 1011, 921, 1081, 1154, 952, 1149, 1047, 1036, 1247, 1107, 1236, 969, 959, 1003, 1148, 1219, 1139, 861, 1143, 1062, 1307, 1088, 969, 997, 1176, 1180, 1257, 1017, 1087, 1100, 896, 1133, 1167, 1124, 939, 867, 984, 1010, 1025, 1256, 996, 904, 1200, 864, 1086, 903, 995, 971, 1120, 979, 971, 1150, 1036, 872, 980, 1119, 1094, 1234, 1041, 1168, 900, 1159, 1387, 920, 1049, 1221, 1021, 1033, 925, 1070, 1102, 1172, 984, 1223, 1118, 891, 1074, 947, 1029, 1101, 1121, 1175, 968, 1134, 1204, 962, 1166, 1031, 1346, 1300, 990, 973, 1161, 1191, 1086, 1054, 1021, 1249, 878, 949, 1078, 1001, 1019, 955, 905, 880, 1086, 1091, 859, 988, 990, 932, 1097, 1185, 1086, 1133, 961, 1025, 1015, 1109, 1039, 1056, 1012, 1011, 1090, 1037, 982, 1010, 1043, 890, 1124, 729, 1192, 952, 1007, 1142, 1059, 1206, 1241, 1134, 965, 1110, 1074, 1095, 1052, 1095, 1179, 1025, 1100, 817, 1333, 986, 935, 987, 1215, 1179, 1182, 1107, 1070, 1019, 995, 1114, 1054, 993, 1030, 886, 1106, 968, 1061, 998, 1141, 1041, 1038, 1202, 916, 1166, 1157, 1058, 1006, 1095, 1031, 1240, 865, 973, 1196, 1195, 1104, 1163, 1070, 965, 1033, 1153, 1008, 1065, 1240, 899, 888, 1227, 966, 957, 1171, 1080, 964, 1033, 1140, 989, 1103, 1227, 1124, 1238, 1074, 719, 926, 1075, 997, 1005, 1230, 1214, 1063, 889, 941, 859, 871, 1421, 1047, 1008, 1184, 1109, 850, 1094, 1151, 904, 1094, 967, 1070, 1203, 1086, 950, 1098, 958, 1112, 1088, 997, 1086, 917, 948, 1114, 1244, 1081, 1241, 1024, 1034, 1114, 944, 1111, 1170, 1014, 692, 952, 920, 944, 973, 1129, 870, 996, 1131, 942, 1239, 968, 1022, 1204, 1146, 1056, 1017, 893, 916, 1156, 1132, 1059, 1081, 1029, 1246, 933, 1171, 1108, 1144, 1103, 1070, 1066, 965, 938, 1153, 947, 971, 1114, 1054, 1101, 1066, 1170, 970, 1033, 1301, 1033, 1259, 1036, 990, 1162, 1305, 979, 1257, 1186, 941, 1020, 1104, 1002, 1115, 1071, 909, 1033, 1371, 1096, 1173, 833, 1124, 861, 873, 1133, 1119, 1038, 958, 1292, 1073, 1115, 1194, 955, 983, 1020, 1088, 1199, 1154, 1123, 1259, 1091, 1291, 1003, 1173, 1004, 1114, 1012, 1038, 1054, 1228, 968, 1271, 1138, 1165, 903, 1223, 1166, 1045, 1155, 1232, 1180, 948, 908, 907, 843, 1112, 1026, 1169, 897, 978, 941, 1318, 1133, 982, 1145, 969, 1016, 862, 1117, 1167, 1038, 1129, 1070, 1099, 1045, 781, 1134, 884, 1084, 1007, 1115, 1150, 1132, 911, 1097, 1007, 1055, 914, 1258, 998, 970, 1185, 1037, 1099, 1096, 921, 1153, 1129, 1152, 806, 1267, 1046, 1193, 1147, 1246, 1021, 1066, 968, 953, 1106, 928, 952, 977, 1059, 1095, 1070, 937, 1053, 1129, 1124, 1053, 1042, 1103, 909, 990, 991, 1054, 1322, 876, 1064, 1045, 1038, 1092, 1061, 1079, 989, 1043, 1186, 900, 1084, 938, 1148, 991, 1057, 1072, 1084, 1085, 1252, 880, 943, 1122, 1127, 1136, 991, 1277, 1134, 1017, 921, 1093, 1197, 1020, 877, 1092, 967, 1009, 969, 969, 1156, 1068, 903, 1091, 987, 1074, 998, 921, 1077, 1106, 904, 915, 936, 967, 1037, 1120, 804, 1223, 1115, 1033, 1094, 1068, 1104, 1003, 1038, 1041, 1126, 1102, 1092, 1174, 1099, 1107, 1023, 1070, 948, 1130, 1071, 1022, 1325, 1115, 974, 1074, 906, 1032, 1046, 951, 957, 1000, 1108, 989, 826, 980, 926, 1049, 1109, 1036, 1092, 889, 1026, 1177, 1104, 963, 973, 1223, 1142, 931, 1018, 849, 1046, 1237, 1215, 1043, 1154, 1007, 1112, 1178, 1105, 1182, 895, 1021, 959, 961, 1059, 1026, 1042, 820, 1202, 938, 1202, 1049, 1320, 1039, 1074, 1168, 820, 991, 982, 847, 1051, 1040, 1206, 1033, 1087, 1021, 976, 1089, 1014, 1045, 1269, 1048, 1076, 850, 1108, 1147, 1136, 1070, 1099, 809, 1025, 973, 966, 1032, 969, 1024, 993, 1082, 1138, 964, 1018, 998, 1095, 1066, 1025, 1233, 1086, 993, 1050, 1011, 1085, 1089, 981, 1194, 1013, 1118, 1134, 1171, 1128, 951, 837, 1051, 799, 1143, 1048, 859, 1125, 986, 1125, 1115, 958, 1155, 1088, 1112, 1175, 1009, 1102, 1102, 1007, 1133, 935, 1044, 1030, 1014, 1182, 956, 965, 1156, 1059, 981, 1180, 934, 1182, 1003, 957, 1101, 1098, 1030, 1056, 1051, 1061, 966, 1092, 1183, 997, 1258, 944, 1180, 1043, 1299, 1279, 997, 1216, 1039, 935, 1062, 1149, 1120, 1095, 1185, 916, 823, 874, 1080, 1052, 1071, 993, 1092, 927, 1075, 1026, 986, 901, 1102, 1182, 993, 1249, 1006, 971, 965, 1062, 1007, 968, 957, 902, 1314, 830, 1194, 1002, 1069, 1071, 958, 1178, 1077, 1221, 1067, 1055, 1033, 770, 1099, 986, 955, 1030, 961, 1163, 1099, 1219, 1074, 1116, 1229, 1019, 983, 830, 1097, 982, 873, 1137, 933, 1016, 935, 850, 942, 1017, 1143, 1054, 1304, 1214, 1009, 1232, 1092, 976, 867, 874, 907, 858, 1095, 1168, 1139, 846, 1031, 1146, 998, 1099, 889, 944, 1182, 995, 1211, 931, 1124, 1155, 1085, 1057, 1107, 1028, 1180, 1013, 1111, 943, 1349, 1156, 945, 929, 1000, 832, 1053, 1170, 808, 1174, 1183, 1077, 1012, 1137, 1082, 1121, 1083, 983, 850, 901, 1205, 1202, 905, 1082, 1018, 861, 983, 830, 1026, 1148, 958, 931, 991, 1046, 1182, 1079, 1003, 1081, 949, 1064, 952, 843, 1302, 1333, 800, 1123, 1032, 1015, 1026, 1202, 885, 1024, 1177, 902, 1239, 1050, 1358, 987, 1247, 1037, 1094, 1077, 1250, 1180, 1152, 1055, 1089, 1088, 896, 995, 1066, 1101, 1085, 833, 1059, 886, 1094, 1126, 1020, 944, 900, 1005, 953, 998, 1045, 696, 917, 956, 1065, 1405, 1093, 926, 1052, 1097, 1053, 1323, 1199, 1059, 1251, 910, 1017, 798, 1211, 1063, 1167, 988, 930, 1128, 1274, 1039, 1110, 804, 1002, 1237, 1094, 1162, 1091, 1238, 934, 1005, 1004, 985, 1138, 1025, 1076, 1067, 1194, 1130, 917, 1100, 1277, 1023, 990, 1049, 1046, 1022, 1196, 908, 1059, 952, 967, 1044, 1210, 1120, 890, 1080, 1033, 933, 1174, 1058, 962, 1172, 950, 947, 1122, 1059, 1100, 1196, 930, 1239, 1019, 1087, 990, 1156, 969, 961, 967, 1187, 975, 998, 1052, 1058, 1191, 1067, 1194, 1121, 1092, 1036, 994, 961, 982, 1057, 1086, 966, 994, 766, 1080, 824, 798, 1047, 986, 1387, 967, 778, 990, 1154, 1020, 1339, 902, 887, 1023, 1105, 963, 1152, 1357, 1061, 1142, 886, 1005, 893, 1122, 1065, 1113, 1070, 1149, 1152, 958, 1015, 1065, 854, 1132, 1229, 1010, 1162, 948, 1250, 1322, 1089, 1097, 1024, 1009, 913, 1171, 1206, 953, 1080, 1125, 803, 1100, 1012, 1228, 949, 902, 1017, 898, 1050, 957, 1058, 1118, 1089, 1240, 1119, 1089, 1026, 886, 911, 1054, 874, 1028, 1003, 906, 1023, 1269, 939, 1049, 1098, 1063, 1098, 929, 836, 1179, 1113, 1187, 1102, 1053, 1121, 1110, 943, 1025, 1002, 1049, 1175, 1082, 1026, 1115, 997, 1168, 977, 1012, 950, 1227, 1080, 1083, 1004, 918, 1064, 1154, 987, 1088, 898, 1048, 1001, 1090, 1001, 950, 986, 1154, 1073, 1099, 1029, 1083, 1184, 1041, 1174, 1128, 1164, 900, 1138, 1092, 1016, 1053, 1093, 975, 1213, 1181, 946, 903, 1077, 1078, 1158, 1106, 1160, 862, 899, 798, 1110, 956, 1051, 922, 1015, 785, 1106, 859, 1089, 958, 974, 1105, 936, 968, 1077, 1055, 1114, 835, 985, 1079, 1044, 1181, 1112, 1013, 1067, 1200, 1055, 1197, 1090, 1064, 1011, 1019, 1234, 987, 1211, 881, 1257, 1005, 1101, 1098, 879, 827, 1077, 998, 1168, 1222, 976, 969, 1100, 932, 883, 999, 1057, 964, 1040, 1107, 942, 879, 1141, 1050, 897, 855, 822, 1132, 1034, 1024, 1034, 1099, 1251, 1209, 1006, 1054, 980, 987, 815, 1166, 1117, 1078, 1033, 964, 1221, 972, 951, 1034, 1059, 861, 1009, 1118, 1045, 860, 1239, 956, 883, 1317, 1031, 1042, 1082, 900, 885, 1110, 1084, 1026, 896, 915, 983, 1066, 1068, 1045, 1106, 1035, 1037, 1147, 1005, 1413, 1078, 1240, 975, 1076, 1120, 949, 987, 977, 1072, 1203, 935, 1052, 941, 938, 969, 911, 1091, 1053, 805, 1161, 1105, 990, 1052, 1075, 1189, 1061, 1100, 1211, 1022, 1030, 962, 731, 1005, 1139, 970, 917, 1026, 951, 1166, 1250, 855, 1132, 1113, 1110, 1062, 1153, 1091, 1010, 1204, 1255, 904, 1030, 1132, 1117, 1099, 1028, 1093, 950, 989, 1012, 870, 1014, 1138, 966, 1062, 1071, 1200, 1031, 742, 1105, 875, 1345, 1214, 1213, 999, 982, 1009, 1084, 964, 1147, 1015, 947, 1127, 1124, 891, 1046, 1093, 918, 1134, 933, 1022, 1121, 1169, 1105, 988, 1265, 980, 981, 951, 1159, 1041, 907, 1238, 1016, 895, 1016, 998, 1008, 1033, 1218, 951, 1040, 1091, 1068, 1296, 1222, 1029, 945, 967, 1080, 1023, 926, 953, 976, 1026, 946, 960, 1073, 1088, 774, 909, 1046, 1224, 1025, 955, 955, 1094, 1062, 941, 1137, 980, 1186, 1080, 1088, 1209, 1038, 1052, 996, 1068, 1111, 1054, 1171, 863, 1202, 1059, 1184, 986, 1145, 1067, 880, 897, 1244, 1214, 1050, 1041, 909, 1056, 1038, 1072, 1119, 1143, 1063, 1117, 1078, 1129, 1060, 1207, 953, 1037, 854, 794, 996, 966, 1188, 1124, 1006, 1098, 1079, 1137, 1094, 962, 1214, 905, 1143, 1013, 1096, 939, 1082, 972, 1005, 1060, 1089, 997, 854, 1026, 1114, 1054, 1016, 1095, 1218, 1213, 1090, 805, 1122, 975, 1134, 1250, 915, 1118, 1003, 1004, 960, 918, 1083, 1133, 999, 972, 1160, 1059, 1088, 1146, 1037, 1083, 883, 1275, 1122, 970, 964, 991, 895, 915, 993, 1021, 1297, 1186, 1217, 903, 1194, 1048, 906, 1092, 963, 1129, 1135, 1119, 1098, 1230, 1073, 1056, 1128, 969, 879, 986, 1094, 968, 1100, 1016, 1132, 1148, 1169, 998, 1104, 1004, 1167, 1039, 1132, 1031, 953, 950, 1245, 816, 1232, 1166, 878, 966, 1144, 1259, 890, 1016, 972, 1220, 933, 1071, 1109, 1021, 1076, 1036, 1145, 989, 1126, 1199, 991, 853, 960, 968, 840, 1133, 1232, 1198, 1120, 1044, 888, 1016, 1145, 1085, 1080, 1122, 1207, 1090, 919, 1047, 1116, 908, 1219, 954, 983, 1289, 1153, 1267, 1070, 1135, 1109, 1120, 930, 956, 1126, 1137, 1009, 923, 1169, 1105, 1098, 897, 1043, 877, 1033, 1007, 1106, 1124, 988, 964, 939, 1019, 1330, 990, 950, 1032, 937, 1030, 1157, 1066, 1086, 1148, 1180, 1102, 1005, 991, 1087, 1070, 1000, 1267, 1035, 997, 1002, 1182, 1008, 1338, 1059, 1022, 1165, 1190, 1086, 1116, 1300, 960, 997, 1000, 912, 1091, 1048, 867, 1051, 1091, 983, 1122, 1190, 976, 1096, 1106, 1123, 738, 1025, 1069, 824, 1139, 1086, 1044, 994, 1059, 888, 1068, 872, 974, 1075, 1311, 1074, 854, 916, 1251, 1258, 1019, 1108, 1018, 995, 922, 1147, 847, 960, 1028, 1150, 877, 1127, 1090, 948, 1098, 1176, 1068, 1128, 1057, 923, 1104, 1248, 1125, 787, 1036, 955, 1079, 1159, 1151, 1133, 957, 933, 708, 1139, 1285, 1141, 1230, 785, 967, 841, 1016, 1092, 1049, 1053, 1182, 1094, 1049, 1157, 873, 1211, 772, 1041, 1087, 1040, 959, 1040, 939, 1122, 981, 732, 1079, 1059, 1169, 1073, 1032, 1138, 969, 1202, 1039, 944, 1039, 893, 977, 991, 1201, 1206, 1104, 1030, 1117, 1067, 1043, 1067, 1234, 1046, 922, 755, 1344, 1214, 1055, 997, 994, 1012, 1129, 972, 1043, 1091, 1217, 839, 1044, 1081, 1010, 1143, 1179, 937, 1129, 1154, 1180, 1092, 1072, 1115, 1104, 1045, 845, 1035, 1083, 1177, 776, 1069, 986, 1167, 847, 1108, 1092, 1088, 917, 980, 1014, 1031, 995, 1008, 928, 937, 978, 1112, 1045, 1062, 989, 1147, 1172, 859, 1123, 1096, 1129, 1075, 905, 1104, 790, 1408, 1095, 849, 1060, 1035, 943, 1278, 1192, 1261, 873, 1088, 1063, 1180, 935, 818, 1051, 902, 1053, 921, 1028, 708, 965, 920, 1036, 1025, 1152, 1053, 1226, 1148, 903, 952, 953, 1163, 1197, 1226, 846, 1152, 781, 1003, 1124, 1169, 1064, 1125, 982, 981, 1143, 1043, 1122, 1092, 855, 1046, 1023, 872, 1072, 1033, 1004, 1077, 985, 970, 1078, 1218, 1083, 1026, 882, 1132, 1139, 1081, 1108, 1335, 997, 885, 1000, 1092, 1090, 930, 1039, 1017, 823, 931, 1097, 1122, 934, 1047, 973, 1006, 1185, 986, 1135, 1001, 1087, 1175, 1003, 1153, 1080, 1287, 1036, 1049, 1253, 1195, 1142, 982, 1139, 1008, 1142, 986, 1077, 1061, 955, 1063, 773, 945, 743, 1044, 897, 1284, 1219, 1164, 982, 1071, 1060, 1076, 1096, 1015, 990, 1342, 866, 996, 961, 1019, 1230, 1076, 1021, 1056, 946, 1026, 1093, 1235, 1056, 949, 1118, 998, 1171, 926, 1003, 1055, 888, 1252, 1200, 981, 941, 1052, 1011, 1080, 1218, 987, 1070, 907, 956, 1035, 1054, 1089, 941, 952, 872, 1011, 992, 1096, 1147, 858, 1112, 1056, 1318, 949, 907, 804, 1048, 853, 956, 1172, 1092, 1266, 1082, 1044, 923, 1128, 1093, 996, 982, 968, 996, 1239, 982, 954, 1034, 1048, 917, 1012, 1034, 1041, 1097, 1045, 1034, 1272, 1335, 1026, 1094, 1145, 1005, 1241, 1021, 1103, 997, 824, 1023, 976, 940, 1104, 1046, 1219, 1003, 846, 1038, 1063, 926, 956, 961, 1044, 1058, 1033, 1238, 982, 1078, 1203, 986, 876, 886, 1056, 1144, 972, 1235, 1194, 936, 1082, 1084, 1036, 1099, 1058, 1022, 1050, 1244, 915, 880, 1009, 1055, 1151, 1040, 945, 979, 1266, 1072, 937, 1271, 897, 1020, 1139, 1112, 1137, 1186, 1066, 948, 981, 1237, 1114, 876, 1243, 973, 929, 971, 1067, 1029, 890, 1029, 1025, 1297, 1065, 948, 1017, 1131, 1101, 916, 986, 1073, 1086, 927, 1007, 1257, 1308, 1024, 1173, 1200, 1169, 1054, 930, 1030, 1055, 1171, 1066, 1011, 1032, 1260, 1052, 1078, 1068, 1431, 929, 1015, 1079, 958, 1148, 1051, 934, 1005, 898, 1127, 1076, 1017, 998, 1091, 969, 985, 1004, 896, 895, 1138, 1211, 964, 1247, 971, 1201, 1056, 1010, 1084, 1126, 983, 926, 1056, 830, 1047, 1062, 920, 1023, 1022, 1260, 975, 991, 836, 974, 931, 898, 915, 1141, 1114, 956, 1295, 1137, 1109, 975, 1008, 1223, 830, 1104, 898, 917, 1029, 886, 1094, 1072, 933, 938, 848, 1095, 966, 1285, 1037, 1041, 1075, 1057, 914, 1071, 1221, 1074, 1275, 1128, 1075, 1018, 1238, 973, 1026, 828, 1218, 983, 1112, 1102, 1146, 963, 911, 955, 1001, 982, 1032, 1237, 898, 999, 1127, 899, 935, 1111, 1119, 878, 946, 951, 1069, 862, 995, 1268, 912, 1048, 1166, 919, 1218, 1087, 1000, 995, 1104, 748, 1020, 867, 1119, 943, 1108, 956, 995, 1080, 1046, 935, 1080, 1148, 870, 1054, 961, 1024, 764, 992, 997, 983, 934, 1115, 1044, 905, 1070, 1127, 1133, 1045, 815, 1075, 1093, 879, 955, 858, 1089, 1112, 1177, 1012, 960, 809, 987, 1128, 1047, 1025, 1092, 1189, 635, 866, 918, 1060, 938, 1119, 988, 991, 1100, 988, 1180, 972, 1146, 1156, 957, 934, 967, 944, 1107, 1043, 1042, 1136, 886, 1224, 988, 926, 1128, 1162, 1172, 965, 1059, 869, 1184, 952, 1026, 870, 1132, 1114, 1054, 1129, 1032, 1273, 1177, 1101, 938, 1025, 916, 1131, 1039, 1114, 1055, 1074, 926, 1012, 1001, 815, 1082, 1097, 944, 905, 1050, 929, 996, 894, 1213, 1004, 1194, 1089, 1245, 1031, 1047, 1075, 1206, 849, 1074, 1013, 1155, 1054, 1128, 1149, 1079, 837, 916, 879, 1154, 929, 1047, 971, 1116, 1219, 867, 1141, 987, 983, 1157, 997, 871, 812, 1014, 1113, 1175, 1115, 1255, 972, 1068, 1108, 1094, 1007, 1121, 1230, 672, 981, 928, 1101, 1020, 1005, 1150, 1078, 1045, 951, 945, 978, 962, 1119, 974, 1032, 1252, 1160, 1123, 986, 1001, 1073, 1108, 1122, 981, 1134, 1231, 1209, 1043, 1052, 976, 930, 1311, 1015, 733, 977, 1263, 913, 1000, 1056, 1051, 935, 917, 1088, 1016, 1001, 887, 1083, 1033, 907, 996, 1061, 901, 1052, 1021, 1126, 915, 894, 946, 999, 1003, 1136, 1052, 929, 1068, 1166, 1111, 983, 906, 877, 1231, 1093, 1147, 939, 1103, 999, 903, 1024, 1034, 1020, 1157, 1067, 1220, 955, 939, 1007, 1179, 1098, 1098, 1045, 1141, 1040, 1146, 986, 1131, 910, 1185, 959, 879, 1043, 983, 1062, 1097, 1082, 1060, 1006, 1177, 1046, 1053, 995, 821, 817, 925, 1219, 985, 1220, 1130, 829, 952, 1044, 986, 1246, 1017, 1035, 1021, 1009, 1050, 1036, 1110, 956, 1235, 869, 1101, 1043, 1044, 1048, 1117, 1079, 935, 957, 1121, 1042, 997, 984, 1042, 1070, 1054, 941, 936, 1156, 1272, 853, 984, 1027, 995, 1016, 1140, 1035, 1038, 1053, 1124, 1024, 1072, 896, 992, 1070, 1197, 1011, 1039, 984, 1007, 821, 1187, 1065, 1174, 1033, 1146, 940, 1204, 1007, 1008, 924, 960, 1391, 1154, 1046, 1065, 1094, 1062, 1130, 1226, 957, 839, 1211, 990, 1223, 844, 1138, 1057, 1121, 1127, 1052, 1104, 1161, 1126, 1113, 1105, 1019, 1038, 1160, 1202, 1006, 1168, 1097, 1004, 1183, 954, 1068, 1163, 1163, 1073, 1157, 1012, 944, 1140, 1058, 1231, 1020, 1202, 1004, 1027, 942, 1108, 1034, 1126, 1262, 1232, 1126, 986, 1094, 1151, 951, 977, 837, 1040, 1016, 868, 952, 1043, 1099, 905, 1154, 1151, 1131, 1155, 805, 1010, 937, 1164, 1127, 929, 971, 1099, 937, 999, 1057, 1066, 1015, 1001, 1156, 1112, 1149, 1208, 1074, 1015, 1103, 871, 1019, 1168, 1201, 1087, 1108, 1226, 1074, 923, 1250, 1228, 1010, 1101, 1380, 1155, 1181, 1128, 1040, 1045, 995, 993, 1036, 1135, 725, 1184, 1195, 1089, 994, 1138, 1098, 1009, 1129, 1153, 1145, 980, 914, 1109, 1276, 985, 913, 1322, 913, 1213, 930, 1062, 1010, 1084, 1070, 948, 930, 1308, 1068, 919, 991, 863, 1022, 1192, 1039, 1077, 1245, 880, 1032, 970, 1040, 754, 1086, 1120, 1050, 1041, 826, 996, 1001, 1025, 1092, 968, 1198, 1139, 1132, 1083, 912, 1016, 994, 944, 939, 1029, 760, 1283, 995, 1072, 950, 921, 1235, 1097, 1014, 1027, 1096, 1126, 1064, 997, 1095, 1055, 1167, 949, 1157, 1023, 1077, 975, 1043, 975, 1236, 1085, 1248, 931, 1092, 889, 1067, 1095, 1138, 1185, 979, 1157, 1126, 1011, 1176, 1056, 1145, 912, 1009, 948, 973, 1186, 1076, 1399, 1062, 1170, 1239, 1035, 988, 1152, 976, 1191, 1152, 1184, 1150, 1155, 1136, 1087, 1031, 1056, 1197, 1117, 1212, 1169, 1122, 1269, 1158, 942, 1357, 984, 1048, 1113, 1114, 1051, 958, 1024, 1036, 957, 1061, 1150, 1205, 1165, 1081, 999, 1280, 1071, 1022, 987, 1090, 1133, 982, 943, 1056, 1061, 1364, 1228, 866, 756, 1053, 1026, 996, 872, 860, 920, 860, 1037, 956, 857, 1047, 1083, 1083, 1149, 1021, 974, 1095, 966, 1085, 1035, 989, 811, 1034, 1050, 1068, 1001, 1032, 1331]

[wilma]
  Promedio : 661.2s
  Desvío   : 93.1s
  IC 95%   : [658.6s, 663.8s]
  Mínimo   : 314s
  Máximo   : 969s
  Tiempos  : [693, 781, 543, 654, 580, 624, 542, 554, 746, 738, 689, 427, 611, 737, 655, 754, 771, 728, 649, 752, 654, 792, 490, 683, 591, 677, 640, 580, 688, 792, 757, 561, 624, 816, 755, 743, 719, 699, 708, 765, 729, 706, 618, 750, 751, 605, 663, 722, 646, 606, 643, 774, 594, 714, 667, 560, 607, 746, 723, 820, 755, 532, 759, 685, 607, 799, 658, 617, 695, 747, 539, 529, 722, 804, 655, 649, 627, 780, 583, 757, 651, 573, 626, 767, 468, 678, 746, 783, 601, 695, 682, 816, 525, 722, 602, 725, 782, 654, 642, 667, 732, 625, 715, 745, 699, 476, 753, 820, 635, 661, 568, 314, 574, 607, 483, 742, 722, 599, 582, 720, 888, 651, 658, 593, 613, 762, 588, 575, 585, 607, 785, 572, 721, 720, 585, 635, 717, 711, 508, 617, 746, 586, 574, 717, 731, 716, 532, 649, 610, 491, 549, 616, 585, 675, 545, 688, 838, 659, 642, 665, 685, 748, 591, 670, 673, 620, 719, 720, 532, 608, 552, 652, 706, 671, 652, 678, 650, 915, 529, 671, 638, 875, 684, 506, 653, 668, 622, 821, 659, 723, 754, 621, 441, 561, 698, 545, 737, 506, 826, 638, 716, 556, 745, 576, 774, 883, 706, 800, 508, 742, 543, 487, 673, 588, 698, 737, 552, 659, 810, 612, 617, 774, 709, 708, 556, 745, 656, 578, 568, 566, 616, 724, 728, 523, 632, 747, 594, 461, 760, 747, 598, 813, 701, 660, 670, 519, 626, 599, 686, 757, 591, 704, 817, 600, 510, 556, 607, 527, 628, 647, 682, 595, 570, 716, 826, 632, 868, 548, 675, 509, 617, 729, 534, 600, 750, 587, 897, 681, 742, 576, 689, 684, 516, 802, 589, 663, 829, 670, 783, 572, 790, 615, 735, 556, 508, 598, 702, 648, 733, 556, 576, 542, 764, 600, 639, 506, 703, 794, 528, 491, 710, 668, 566, 622, 722, 435, 609, 663, 574, 598, 624, 773, 537, 570, 589, 653, 615, 787, 833, 606, 860, 659, 575, 738, 637, 794, 662, 718, 615, 598, 762, 620, 525, 766, 837, 559, 624, 621, 711, 553, 594, 746, 894, 779, 632, 635, 484, 672, 569, 747, 609, 544, 680, 585, 777, 664, 580, 721, 773, 660, 598, 744, 830, 505, 652, 763, 443, 801, 596, 750, 716, 530, 709, 825, 712, 794, 615, 707, 750, 623, 703, 627, 585, 692, 651, 632, 636, 578, 747, 557, 578, 802, 828, 687, 536, 717, 592, 635, 692, 546, 589, 590, 582, 589, 853, 656, 688, 688, 653, 717, 662, 508, 805, 773, 836, 484, 705, 513, 547, 603, 668, 697, 571, 671, 571, 708, 678, 557, 667, 513, 685, 871, 735, 738, 837, 597, 507, 697, 715, 734, 767, 600, 620, 504, 649, 636, 704, 593, 716, 701, 548, 798, 563, 605, 494, 742, 705, 604, 632, 676, 666, 871, 391, 661, 622, 639, 738, 733, 779, 578, 501, 794, 695, 748, 635, 599, 698, 665, 614, 679, 658, 692, 626, 866, 705, 707, 601, 526, 577, 660, 606, 527, 650, 549, 690, 693, 894, 809, 715, 569, 707, 935, 658, 619, 712, 548, 694, 641, 561, 613, 574, 492, 808, 676, 695, 688, 701, 611, 709, 681, 587, 762, 583, 696, 688, 699, 798, 552, 780, 709, 774, 705, 650, 570, 624, 597, 774, 688, 697, 788, 739, 476, 607, 618, 604, 636, 823, 575, 561, 736, 643, 497, 676, 483, 521, 713, 766, 763, 713, 504, 726, 709, 560, 749, 665, 702, 661, 609, 662, 633, 613, 440, 643, 860, 481, 694, 866, 663, 818, 623, 548, 832, 774, 740, 679, 670, 746, 505, 578, 624, 599, 749, 679, 683, 638, 811, 524, 639, 580, 642, 597, 711, 557, 795, 690, 645, 718, 675, 700, 562, 645, 666, 651, 526, 390, 432, 602, 936, 546, 658, 690, 633, 682, 621, 649, 667, 641, 783, 694, 621, 731, 588, 759, 525, 664, 782, 506, 791, 533, 605, 651, 513, 713, 440, 586, 570, 789, 593, 689, 643, 582, 706, 574, 676, 626, 656, 425, 695, 511, 616, 609, 723, 585, 700, 478, 675, 622, 648, 501, 489, 596, 727, 568, 549, 796, 489, 733, 679, 656, 669, 601, 543, 737, 691, 730, 617, 708, 710, 724, 794, 680, 702, 619, 669, 530, 757, 806, 573, 773, 712, 698, 855, 739, 641, 481, 622, 584, 648, 620, 771, 644, 652, 567, 624, 550, 561, 624, 543, 694, 721, 640, 609, 866, 697, 673, 694, 539, 573, 653, 695, 827, 692, 778, 583, 490, 785, 702, 707, 687, 746, 688, 558, 684, 768, 692, 615, 490, 876, 668, 624, 643, 476, 591, 641, 767, 489, 757, 706, 757, 638, 745, 610, 667, 535, 591, 744, 673, 639, 568, 579, 544, 677, 461, 808, 718, 682, 540, 665, 645, 598, 685, 707, 571, 600, 535, 689, 631, 837, 707, 669, 542, 574, 614, 716, 786, 699, 713, 642, 872, 547, 629, 773, 704, 559, 704, 539, 704, 635, 596, 776, 562, 730, 512, 517, 623, 615, 613, 867, 720, 842, 554, 683, 689, 626, 679, 761, 692, 933, 641, 736, 707, 710, 634, 694, 830, 785, 703, 619, 661, 801, 655, 659, 543, 524, 537, 639, 574, 611, 753, 357, 731, 704, 855, 644, 745, 531, 628, 708, 642, 753, 536, 554, 774, 638, 677, 704, 710, 601, 667, 722, 596, 710, 602, 790, 813, 665, 705, 730, 493, 607, 568, 606, 615, 690, 687, 721, 705, 695, 875, 539, 563, 640, 750, 617, 755, 671, 593, 613, 731, 598, 721, 576, 618, 581, 619, 782, 898, 744, 699, 536, 625, 715, 709, 625, 773, 599, 551, 582, 484, 662, 654, 656, 709, 656, 855, 684, 672, 535, 809, 650, 688, 754, 913, 832, 584, 632, 715, 673, 557, 724, 482, 767, 630, 673, 601, 572, 720, 654, 654, 924, 753, 723, 620, 729, 533, 603, 725, 710, 780, 572, 720, 666, 616, 707, 558, 708, 663, 554, 755, 744, 546, 677, 568, 670, 538, 724, 592, 643, 714, 626, 592, 517, 603, 678, 685, 612, 620, 526, 772, 749, 666, 490, 564, 485, 583, 801, 787, 435, 757, 460, 786, 675, 530, 675, 733, 670, 780, 635, 657, 659, 701, 907, 578, 827, 631, 659, 565, 801, 819, 490, 611, 821, 730, 624, 621, 671, 734, 777, 686, 754, 644, 737, 658, 602, 511, 578, 695, 665, 483, 596, 692, 626, 688, 672, 641, 662, 787, 773, 681, 492, 654, 796, 620, 720, 619, 837, 682, 509, 740, 587, 553, 565, 711, 557, 582, 727, 562, 646, 757, 483, 634, 850, 617, 748, 719, 557, 589, 883, 646, 687, 721, 444, 685, 495, 636, 709, 653, 708, 548, 616, 685, 653, 838, 687, 657, 675, 682, 638, 754, 775, 492, 620, 592, 604, 644, 761, 569, 551, 486, 608, 573, 632, 610, 748, 534, 687, 505, 844, 510, 574, 657, 658, 688, 562, 740, 597, 755, 623, 715, 709, 635, 699, 664, 734, 577, 751, 596, 708, 630, 692, 751, 703, 785, 626, 695, 838, 542, 700, 668, 565, 674, 618, 705, 742, 705, 683, 688, 499, 712, 578, 786, 688, 651, 668, 666, 507, 501, 790, 639, 648, 589, 549, 545, 808, 546, 850, 705, 795, 556, 553, 516, 681, 768, 644, 578, 804, 620, 737, 773, 726, 578, 636, 734, 895, 663, 693, 708, 682, 534, 616, 674, 670, 615, 421, 708, 733, 638, 624, 759, 723, 621, 765, 643, 692, 695, 626, 651, 588, 719, 667, 624, 685, 633, 674, 705, 706, 682, 807, 620, 542, 611, 689, 481, 829, 604, 781, 515, 785, 530, 490, 758, 579, 828, 696, 625, 646, 698, 698, 586, 596, 605, 588, 788, 658, 552, 735, 500, 541, 781, 814, 632, 419, 567, 789, 665, 591, 618, 638, 573, 630, 505, 670, 553, 659, 557, 527, 675, 668, 744, 610, 603, 685, 664, 645, 731, 555, 762, 679, 773, 831, 647, 632, 725, 718, 646, 670, 744, 693, 799, 750, 617, 722, 754, 694, 752, 611, 560, 646, 687, 619, 665, 586, 615, 551, 707, 646, 614, 785, 740, 667, 860, 557, 654, 572, 712, 603, 704, 858, 769, 841, 631, 826, 525, 435, 626, 646, 528, 672, 780, 642, 697, 660, 703, 598, 761, 711, 497, 645, 652, 462, 671, 565, 721, 739, 570, 761, 655, 611, 584, 476, 589, 576, 794, 636, 627, 641, 656, 836, 752, 708, 599, 820, 750, 773, 428, 702, 767, 725, 637, 730, 786, 709, 707, 674, 712, 669, 740, 561, 711, 685, 701, 659, 610, 691, 537, 663, 673, 778, 727, 640, 765, 550, 684, 672, 647, 483, 638, 537, 606, 583, 557, 562, 496, 717, 710, 625, 620, 635, 632, 553, 771, 619, 598, 786, 667, 714, 832, 518, 657, 783, 868, 622, 727, 539, 641, 589, 455, 653, 756, 669, 544, 693, 724, 655, 781, 656, 622, 741, 734, 648, 568, 603, 703, 545, 552, 704, 726, 782, 736, 635, 672, 687, 691, 939, 765, 589, 759, 529, 620, 738, 578, 758, 613, 516, 595, 725, 729, 597, 954, 799, 512, 727, 695, 653, 509, 722, 578, 744, 621, 729, 706, 628, 503, 606, 674, 636, 610, 583, 535, 831, 733, 632, 629, 637, 650, 732, 617, 587, 533, 725, 742, 537, 539, 764, 769, 680, 704, 729, 721, 529, 701, 819, 570, 511, 661, 684, 611, 612, 541, 629, 660, 636, 535, 684, 812, 727, 705, 627, 720, 738, 851, 443, 623, 640, 531, 595, 558, 579, 823, 672, 548, 544, 544, 655, 548, 624, 702, 714, 568, 804, 578, 698, 713, 605, 669, 601, 621, 789, 649, 728, 760, 674, 617, 808, 611, 610, 623, 892, 665, 756, 790, 678, 708, 808, 692, 682, 629, 589, 677, 774, 790, 735, 662, 518, 609, 581, 612, 708, 666, 643, 688, 667, 707, 603, 632, 614, 472, 828, 463, 708, 621, 708, 807, 617, 648, 502, 772, 699, 641, 706, 595, 742, 709, 598, 598, 710, 577, 705, 697, 843, 826, 705, 708, 437, 695, 764, 613, 672, 650, 638, 510, 719, 684, 786, 690, 847, 578, 765, 771, 641, 446, 714, 644, 510, 714, 583, 716, 670, 665, 702, 545, 585, 680, 661, 760, 703, 518, 591, 597, 603, 580, 720, 659, 532, 802, 705, 616, 630, 656, 654, 681, 677, 766, 719, 463, 671, 746, 611, 825, 552, 482, 640, 615, 766, 570, 671, 480, 624, 519, 486, 539, 596, 561, 710, 590, 676, 665, 709, 546, 689, 642, 552, 494, 631, 603, 674, 791, 536, 764, 781, 838, 504, 585, 740, 590, 823, 525, 570, 578, 776, 741, 553, 505, 686, 740, 522, 742, 672, 738, 551, 606, 619, 541, 512, 756, 590, 711, 621, 835, 736, 587, 790, 704, 499, 649, 472, 825, 621, 503, 591, 606, 607, 693, 617, 766, 602, 610, 608, 692, 909, 703, 828, 624, 605, 522, 716, 728, 718, 599, 617, 679, 702, 639, 534, 733, 609, 767, 637, 670, 696, 683, 777, 777, 643, 608, 899, 742, 805, 512, 719, 533, 569, 606, 753, 587, 650, 779, 691, 691, 452, 500, 838, 754, 489, 507, 598, 588, 776, 778, 690, 682, 666, 710, 590, 673, 762, 545, 665, 454, 601, 776, 613, 599, 762, 599, 848, 703, 669, 779, 767, 884, 655, 649, 675, 592, 630, 593, 674, 763, 602, 545, 702, 636, 753, 612, 664, 617, 728, 779, 662, 672, 643, 769, 804, 683, 806, 444, 729, 663, 531, 607, 588, 763, 757, 655, 852, 608, 710, 523, 644, 638, 509, 656, 636, 724, 751, 559, 557, 675, 637, 741, 537, 594, 641, 527, 657, 579, 575, 681, 505, 452, 646, 732, 569, 652, 796, 630, 642, 666, 393, 475, 673, 804, 646, 665, 672, 439, 549, 690, 625, 659, 702, 645, 717, 735, 677, 798, 778, 630, 669, 717, 674, 745, 721, 707, 695, 545, 687, 743, 682, 593, 548, 645, 816, 649, 594, 781, 644, 702, 575, 650, 709, 725, 600, 530, 665, 766, 787, 710, 560, 713, 649, 545, 827, 636, 608, 605, 708, 942, 648, 721, 489, 769, 652, 663, 679, 654, 751, 482, 661, 855, 639, 456, 666, 644, 779, 824, 643, 724, 612, 537, 642, 743, 768, 782, 623, 571, 618, 640, 628, 654, 656, 493, 760, 680, 416, 536, 504, 697, 722, 710, 504, 603, 791, 720, 663, 761, 690, 807, 584, 547, 560, 673, 503, 620, 642, 704, 729, 597, 686, 639, 711, 619, 538, 676, 798, 536, 737, 631, 736, 654, 622, 808, 623, 576, 709, 654, 502, 785, 886, 806, 661, 672, 625, 643, 839, 739, 658, 625, 670, 663, 789, 746, 713, 594, 791, 699, 771, 566, 607, 587, 622, 740, 693, 736, 599, 674, 743, 648, 812, 593, 558, 659, 622, 772, 693, 605, 641, 631, 667, 731, 530, 739, 690, 766, 508, 695, 685, 729, 892, 541, 816, 645, 752, 709, 732, 878, 562, 701, 699, 621, 731, 614, 694, 818, 726, 703, 581, 666, 556, 506, 667, 619, 781, 745, 703, 628, 742, 534, 739, 549, 776, 742, 647, 829, 652, 699, 746, 752, 625, 818, 630, 517, 469, 541, 620, 807, 637, 562, 580, 596, 585, 603, 558, 804, 560, 722, 735, 612, 763, 412, 862, 648, 783, 843, 638, 620, 677, 606, 773, 761, 634, 736, 763, 604, 739, 671, 733, 632, 575, 790, 767, 704, 719, 623, 579, 884, 917, 724, 734, 767, 562, 875, 749, 614, 704, 747, 772, 620, 640, 729, 552, 723, 646, 590, 773, 744, 688, 609, 707, 726, 721, 808, 689, 702, 677, 630, 671, 798, 807, 674, 827, 485, 642, 536, 633, 656, 629, 717, 628, 591, 678, 664, 707, 629, 769, 549, 550, 762, 730, 611, 581, 606, 597, 712, 497, 636, 503, 595, 632, 657, 695, 665, 772, 676, 670, 726, 720, 642, 713, 762, 773, 707, 687, 559, 586, 609, 641, 710, 641, 737, 532, 650, 697, 630, 665, 796, 740, 713, 525, 741, 719, 734, 605, 558, 691, 602, 748, 651, 591, 658, 622, 691, 599, 846, 684, 551, 468, 889, 884, 624, 827, 521, 715, 599, 654, 609, 711, 841, 605, 532, 654, 820, 731, 617, 639, 706, 617, 868, 702, 414, 836, 562, 648, 677, 533, 775, 767, 540, 524, 677, 514, 589, 620, 583, 779, 464, 644, 720, 862, 626, 651, 696, 662, 632, 816, 709, 568, 737, 656, 607, 628, 614, 695, 704, 501, 594, 654, 558, 688, 669, 630, 530, 569, 599, 732, 712, 601, 576, 786, 787, 712, 634, 735, 731, 865, 379, 727, 668, 557, 792, 733, 609, 587, 635, 604, 840, 593, 705, 664, 586, 640, 635, 896, 584, 740, 747, 540, 767, 650, 756, 734, 671, 578, 746, 613, 615, 580, 756, 627, 588, 634, 652, 758, 626, 756, 657, 487, 667, 493, 779, 524, 508, 691, 707, 744, 601, 686, 654, 653, 701, 808, 647, 674, 693, 642, 571, 677, 676, 720, 681, 663, 723, 580, 464, 675, 565, 709, 677, 688, 685, 665, 580, 790, 591, 589, 605, 821, 628, 527, 687, 578, 578, 796, 744, 609, 781, 688, 507, 614, 795, 703, 495, 725, 585, 519, 766, 683, 787, 618, 838, 586, 680, 756, 655, 642, 589, 653, 603, 645, 699, 638, 781, 588, 458, 693, 675, 699, 637, 563, 676, 797, 694, 539, 737, 606, 702, 778, 700, 753, 608, 604, 745, 652, 816, 568, 885, 652, 693, 736, 739, 473, 637, 841, 644, 429, 714, 638, 802, 547, 617, 518, 665, 630, 512, 728, 592, 704, 778, 745, 631, 671, 807, 746, 734, 554, 645, 797, 571, 485, 623, 634, 563, 707, 701, 600, 676, 539, 596, 649, 623, 623, 654, 764, 760, 610, 688, 630, 571, 627, 714, 559, 586, 496, 692, 668, 570, 749, 713, 660, 795, 667, 766, 570, 534, 641, 666, 557, 702, 693, 432, 509, 854, 524, 404, 596, 677, 856, 760, 646, 728, 735, 706, 617, 660, 703, 732, 760, 798, 572, 780, 637, 717, 645, 714, 733, 691, 568, 645, 680, 736, 748, 678, 535, 583, 661, 377, 569, 604, 536, 838, 532, 656, 575, 744, 822, 595, 512, 559, 563, 626, 700, 690, 619, 653, 682, 622, 691, 646, 581, 634, 699, 603, 691, 689, 490, 592, 693, 770, 649, 673, 789, 746, 688, 640, 814, 652, 711, 477, 552, 758, 795, 584, 871, 665, 669, 881, 753, 658, 746, 582, 661, 790, 750, 711, 699, 853, 575, 747, 574, 740, 689, 732, 677, 566, 677, 634, 605, 517, 609, 518, 664, 722, 662, 550, 794, 779, 647, 549, 643, 485, 703, 749, 608, 746, 744, 725, 588, 665, 656, 779, 747, 397, 612, 705, 474, 675, 815, 739, 751, 690, 707, 592, 661, 630, 627, 710, 766, 650, 658, 701, 593, 654, 739, 726, 537, 763, 820, 676, 714, 622, 693, 626, 774, 724, 747, 693, 535, 702, 829, 686, 565, 679, 454, 727, 699, 563, 847, 875, 609, 649, 794, 715, 529, 673, 728, 709, 656, 665, 841, 636, 521, 621, 743, 612, 532, 417, 545, 658, 918, 637, 657, 610, 753, 763, 715, 806, 590, 728, 645, 629, 715, 689, 618, 556, 572, 628, 679, 734, 689, 594, 625, 640, 693, 724, 730, 808, 757, 711, 608, 461, 551, 703, 688, 599, 535, 550, 582, 564, 741, 547, 558, 645, 502, 646, 752, 735, 606, 708, 734, 746, 579, 582, 577, 620, 711, 773, 493, 604, 544, 515, 668, 582, 605, 652, 575, 728, 638, 598, 593, 654, 807, 745, 598, 583, 685, 585, 777, 839, 656, 795, 643, 644, 623, 797, 690, 795, 598, 563, 722, 731, 589, 727, 718, 578, 721, 731, 593, 522, 593, 724, 739, 870, 738, 705, 756, 618, 581, 692, 765, 648, 690, 553, 861, 693, 819, 648, 568, 685, 683, 585, 711, 712, 728, 616, 640, 636, 784, 735, 643, 664, 772, 739, 699, 594, 609, 636, 698, 484, 679, 549, 697, 583, 591, 510, 810, 571, 690, 617, 502, 569, 578, 554, 662, 718, 654, 715, 650, 695, 846, 537, 621, 751, 699, 632, 672, 564, 695, 726, 614, 667, 684, 713, 581, 762, 678, 604, 638, 642, 732, 765, 581, 711, 629, 694, 585, 592, 741, 585, 577, 714, 758, 724, 626, 500, 765, 561, 584, 721, 607, 508, 624, 463, 620, 519, 588, 723, 585, 521, 624, 686, 568, 558, 645, 740, 662, 537, 659, 780, 550, 649, 715, 624, 718, 469, 927, 585, 670, 433, 735, 737, 781, 695, 625, 817, 593, 568, 740, 639, 618, 719, 708, 790, 629, 517, 856, 747, 603, 765, 867, 645, 632, 742, 600, 699, 846, 529, 811, 664, 697, 786, 572, 645, 583, 556, 579, 654, 673, 656, 666, 665, 641, 708, 748, 774, 811, 710, 586, 756, 673, 767, 729, 635, 645, 770, 592, 662, 865, 711, 706, 809, 711, 676, 551, 748, 421, 596, 656, 772, 519, 655, 446, 626, 736, 790, 721, 743, 597, 616, 725, 553, 804, 603, 609, 517, 772, 707, 649, 752, 832, 725, 809, 455, 684, 605, 577, 593, 645, 736, 666, 471, 788, 581, 570, 603, 525, 712, 622, 625, 670, 492, 664, 670, 725, 685, 558, 627, 839, 611, 608, 538, 724, 554, 512, 512, 772, 589, 571, 695, 784, 626, 600, 643, 509, 682, 641, 702, 518, 700, 685, 645, 663, 751, 672, 674, 729, 832, 853, 734, 686, 533, 594, 622, 788, 679, 633, 810, 421, 586, 698, 716, 653, 542, 716, 589, 654, 670, 779, 689, 511, 720, 645, 637, 739, 562, 789, 668, 519, 631, 466, 705, 536, 739, 679, 636, 712, 535, 614, 647, 586, 633, 713, 669, 661, 723, 690, 526, 703, 778, 688, 671, 804, 593, 698, 694, 736, 548, 579, 626, 684, 715, 495, 712, 754, 669, 810, 599, 669, 587, 526, 701, 637, 650, 700, 526, 614, 619, 571, 624, 654, 632, 788, 817, 623, 549, 606, 732, 656, 754, 620, 660, 635, 641, 603, 492, 741, 720, 655, 669, 769, 720, 675, 678, 550, 585, 735, 716, 691, 511, 643, 746, 645, 660, 832, 519, 633, 615, 794, 623, 628, 741, 593, 531, 666, 614, 743, 612, 792, 544, 745, 766, 772, 552, 646, 680, 737, 727, 591, 686, 558, 629, 662, 728, 773, 753, 688, 480, 690, 639, 635, 660, 689, 529, 712, 560, 481, 498, 666, 579, 772, 851, 692, 633, 618, 828, 631, 606, 711, 644, 612, 677, 656, 648, 704, 583, 638, 736, 676, 616, 837, 602, 577, 740, 756, 486, 659, 645, 531, 594, 595, 703, 511, 635, 707, 630, 646, 595, 485, 687, 635, 779, 550, 641, 662, 726, 758, 714, 859, 635, 729, 731, 650, 698, 732, 724, 637, 613, 718, 602, 595, 480, 650, 729, 569, 624, 591, 472, 611, 603, 636, 612, 532, 723, 824, 635, 752, 585, 770, 631, 490, 676, 704, 752, 498, 678, 681, 872, 531, 509, 650, 686, 780, 657, 629, 682, 638, 658, 693, 643, 661, 819, 647, 542, 603, 763, 605, 639, 698, 567, 845, 536, 612, 708, 797, 700, 651, 931, 685, 659, 607, 533, 667, 902, 643, 611, 520, 737, 427, 676, 653, 654, 701, 794, 672, 634, 679, 662, 686, 606, 754, 768, 575, 748, 680, 697, 494, 904, 623, 682, 544, 475, 672, 655, 660, 701, 822, 762, 642, 794, 633, 832, 707, 701, 934, 578, 642, 546, 794, 675, 719, 734, 658, 759, 765, 647, 663, 666, 571, 787, 669, 701, 567, 686, 452, 567, 843, 571, 717, 607, 613, 665, 439, 730, 658, 838, 631, 757, 698, 678, 685, 487, 750, 710, 524, 713, 617, 744, 670, 577, 560, 620, 503, 685, 543, 569, 774, 757, 780, 652, 556, 544, 677, 742, 743, 688, 577, 583, 625, 529, 567, 575, 713, 654, 736, 672, 530, 574, 770, 477, 602, 529, 663, 552, 549, 504, 609, 687, 628, 679, 744, 729, 626, 804, 620, 494, 688, 623, 635, 701, 746, 695, 663, 713, 529, 562, 759, 555, 716, 716, 738, 633, 773, 725, 577, 762, 831, 672, 598, 721, 606, 818, 529, 556, 821, 525, 797, 572, 670, 630, 657, 703, 585, 625, 754, 830, 733, 614, 493, 788, 713, 794, 692, 745, 736, 760, 776, 750, 741, 729, 666, 684, 668, 577, 775, 530, 721, 669, 640, 520, 598, 730, 645, 731, 617, 697, 772, 573, 586, 594, 633, 678, 698, 531, 592, 697, 649, 712, 578, 680, 492, 636, 484, 561, 663, 733, 690, 708, 471, 619, 686, 636, 696, 771, 569, 584, 677, 631, 455, 587, 610, 549, 642, 706, 568, 761, 644, 627, 719, 613, 612, 650, 611, 822, 616, 702, 621, 609, 707, 605, 568, 642, 570, 656, 632, 709, 682, 554, 655, 625, 538, 603, 723, 551, 656, 563, 647, 586, 643, 758, 562, 772, 672, 704, 501, 600, 649, 725, 634, 664, 770, 725, 694, 687, 460, 448, 751, 897, 682, 374, 677, 536, 678, 730, 656, 527, 578, 557, 555, 658, 667, 790, 664, 851, 752, 740, 590, 631, 655, 544, 611, 701, 738, 676, 701, 631, 706, 467, 596, 676, 602, 672, 758, 634, 745, 570, 640, 603, 728, 713, 725, 629, 696, 587, 656, 731, 618, 559, 625, 687, 659, 742, 773, 506, 611, 616, 765, 547, 729, 734, 523, 569, 625, 597, 624, 597, 682, 851, 638, 675, 498, 576, 466, 635, 524, 535, 761, 642, 797, 576, 671, 597, 722, 794, 794, 720, 656, 717, 675, 701, 564, 799, 728, 778, 683, 600, 681, 576, 820, 667, 572, 723, 577, 688, 680, 407, 763, 722, 549, 739, 690, 638, 577, 651, 739, 603, 567, 564, 770, 844, 664, 602, 753, 427, 681, 642, 582, 682, 720, 743, 730, 709, 647, 737, 853, 478, 714, 668, 727, 701, 697, 630, 683, 702, 811, 591, 745, 427, 643, 465, 708, 790, 608, 765, 655, 714, 757, 597, 387, 969, 693, 797, 662, 469, 571, 661, 694, 616, 660, 421, 722, 656, 611, 666, 706, 475, 807, 641, 732, 644, 731, 575, 532, 681, 686, 550, 552, 672, 560, 570, 574, 634, 667, 705, 746, 638, 669, 671, 569, 629, 788, 697, 615, 728, 548, 448, 709, 564, 545, 679, 662, 600, 754, 732, 569, 711, 344, 769, 680, 620, 614, 571, 644, 792, 639, 753, 680, 539, 785, 741, 755, 725, 658, 727, 674, 509, 730, 795, 762, 647, 791, 621, 670, 619, 724, 525, 674, 764, 631, 638, 587, 578, 467, 796, 613, 622, 502, 567, 670, 629, 660, 580, 620, 671, 685, 685, 780, 806, 599, 487, 551, 642, 664, 486, 922, 764, 757, 612, 657, 849, 784, 646, 749, 613, 704, 697, 589, 666, 697, 626, 782, 770, 576, 510, 584, 793, 563, 758, 641, 593, 786, 764, 551, 624, 627, 563, 682, 760, 785, 626, 631, 661, 534, 514, 754, 778, 765, 651, 661, 712, 722, 481, 729, 786, 669, 704, 579, 543, 793, 607, 518, 630, 933, 640, 765, 638, 721, 736, 676, 584, 772, 544, 684, 733, 608, 578, 755, 820, 833, 768, 692, 598, 515, 661, 757, 702, 758, 748, 741, 707, 548, 437, 575, 727, 652, 758, 707, 705, 668, 791, 669, 707, 756, 690, 679, 679, 551, 623, 675, 816, 962, 777, 617, 595, 634, 689, 607, 518, 693, 614, 368, 544, 764, 602, 689, 615, 631, 376, 667, 529, 677, 610, 646, 603, 711, 557, 718, 662, 613, 636, 557, 577, 607, 707, 615, 792, 680, 575, 661, 545, 645, 687, 748, 589, 779, 713, 731, 658, 817, 799, 521, 686, 682, 648, 761, 492, 680, 645, 844, 511, 682, 723, 673, 692, 790, 627, 716, 774, 476, 715, 778, 771, 770, 702, 703, 862, 641, 662, 799, 625, 854, 750, 603, 493, 688, 587, 563, 741, 614, 681, 576, 794, 778, 622, 614, 764, 643, 502, 779, 542, 833, 651, 644, 639, 720, 601, 690, 774, 568, 660, 808, 668, 544, 654, 680, 649, 721, 573, 628, 760, 863, 837, 654, 515, 694, 823, 598, 407, 877, 555, 752, 618, 706, 505, 505, 696, 665, 584, 797, 776, 878, 659, 513, 634, 692, 858, 672, 681, 682, 540, 664, 675, 534, 604, 897, 669, 848, 747, 780, 573, 642, 636, 573, 475, 637, 786, 656, 710, 692, 488, 645, 790, 823, 803, 838, 587, 688, 589, 633, 627, 606, 692, 716, 648, 747, 599, 649, 694, 559, 587, 596, 609, 829, 722, 753, 592, 667, 719, 797, 660, 547, 843, 733, 655, 544, 628, 696, 528, 826, 611, 632, 564, 596, 714, 686, 527, 702, 574, 683, 781, 505, 666, 719, 735, 709, 748, 550, 710, 789, 734, 696, 647, 588, 755, 636, 615, 563, 715, 492, 738, 607, 659, 612, 634, 699, 786, 598, 604, 733, 646, 664, 603, 649, 780, 688, 646, 651, 722, 643, 792, 710, 714, 636, 517, 633, 710, 745, 654, 637, 729, 528, 584, 668, 677, 623, 820, 829, 793, 518, 658, 632, 682, 719, 641, 607, 658, 767, 681, 659, 536, 628, 830, 572, 653, 644, 588, 737, 535, 695, 674, 552, 779, 680, 658, 553, 663, 732, 600, 574, 685, 637, 716, 465, 681, 459, 651, 703, 560, 818, 676, 637, 757, 595, 730, 607, 618, 581, 674, 708, 574, 694, 589, 795, 632, 767, 614, 660, 832, 841, 558, 657, 611, 564, 607, 776, 659, 705, 654, 755, 637, 854, 603, 750, 616, 539, 858, 572, 649, 672, 739, 541, 666, 499, 644, 729, 672, 737, 572, 733, 647, 689, 675, 744, 806, 696, 685, 553, 550, 508, 492, 565, 711, 592, 794, 608, 761, 807, 535, 532, 881, 677, 520, 724, 658, 786, 688, 569, 601, 531, 804, 678, 699, 465, 649, 563, 757, 690, 645, 760, 679, 706, 706, 475, 702, 696, 678, 504, 751, 786, 680, 765, 492, 763, 553, 799, 681, 698, 692, 840, 740, 546, 684, 747, 670, 735, 831, 676, 549, 577, 819, 589, 626, 562, 667, 626, 656, 546, 673, 671, 803, 676, 593, 619, 622, 585, 611, 609, 722, 681, 802, 718, 611, 598, 630, 878, 822, 781, 567, 766, 574, 706, 645, 719, 514, 728, 545, 619, 539, 526, 742, 532, 788, 646, 708, 695, 506, 619, 692, 700, 631, 629, 909, 514, 740, 801, 612, 604, 624, 739, 690, 557, 729, 760, 688, 689, 694, 953, 621, 749, 569, 591, 697, 819, 600, 610, 603, 737, 682, 615, 561, 815, 603, 755, 626, 733, 702, 616, 823, 741, 691, 829, 636, 649, 616, 617, 788, 822, 793, 667, 772, 734, 616, 635, 690, 677, 701, 520, 868, 598, 597, 642, 590, 653, 575, 625, 603, 614, 676, 746, 785, 693, 627, 678, 683, 606, 631, 650, 598, 596, 682, 796, 694, 493, 661, 596, 645, 498, 676, 727, 689, 634, 727, 567, 771, 719, 727, 749, 564, 743, 656, 711, 882, 647, 648, 593, 590, 870, 641, 799, 570, 572, 645, 768, 705, 607, 570, 659, 613, 659, 733, 599, 662, 717, 729, 543, 617, 691, 717, 604, 587, 712, 758, 624, 606, 531, 764, 792, 625, 652, 661, 690, 727, 560, 583, 724, 633, 561, 634, 697, 510, 795, 678, 696, 656, 458, 673, 670, 606, 566, 718, 641, 654, 765, 592, 703, 577, 589, 708, 746, 610, 703, 660, 747, 555, 516, 617, 688, 469, 666, 520, 614, 710, 705, 540, 729, 833, 655, 631, 662, 650, 766, 687, 545, 703, 718, 605, 632, 636, 596, 807, 569, 647, 700, 735, 598, 610, 797, 462, 765, 635, 712, 605, 599, 849, 741, 634, 778, 802, 518, 832, 572, 647, 711, 679, 595, 708, 670, 500, 591, 756, 582, 654, 624, 923, 757, 566, 651, 686, 719, 775, 689, 619, 780, 814, 705, 651, 606, 681, 609, 765, 729, 684, 711, 713, 624, 700, 511, 503, 761, 604, 482, 739, 724, 663, 733, 800, 629, 621, 679, 841, 671, 594, 823, 682, 749, 688, 553, 508, 635, 653, 609, 616, 458, 520, 765, 660, 807, 485, 655, 560, 602, 682, 680, 663, 674, 567, 732, 645, 673, 743, 745, 648, 788, 711, 679, 741, 811, 608, 565, 686, 509, 713, 666, 585, 793, 562, 816, 595, 784, 741, 651, 867, 504, 612, 649, 667, 550, 620, 555, 672, 460, 719, 562, 630, 602, 742, 689, 534, 631, 780, 701, 697, 704, 801, 702, 706, 766, 636, 626, 538, 656, 604, 593, 694, 430, 781, 585, 683, 768, 518, 605, 642, 700, 739, 747, 568, 613, 673, 744, 585, 578]

[stfn]
  Promedio : 480.0s
  Desvío   : 59.3s
  IC 95%   : [478.4s, 481.7s]
  Mínimo   : 242s
  Máximo   : 682s
  Tiempos  : [495, 325, 469, 538, 445, 527, 479, 473, 537, 445, 443, 377, 565, 299, 483, 429, 474, 464, 491, 400, 499, 436, 421, 566, 415, 535, 453, 507, 457, 549, 381, 462, 459, 589, 466, 542, 445, 521, 446, 507, 532, 485, 416, 503, 354, 463, 502, 454, 430, 431, 436, 289, 532, 470, 575, 500, 541, 401, 492, 484, 491, 564, 509, 542, 427, 463, 573, 485, 512, 423, 413, 363, 448, 486, 448, 542, 434, 551, 483, 505, 507, 513, 504, 574, 462, 344, 368, 488, 354, 390, 424, 459, 420, 451, 495, 513, 473, 592, 503, 383, 510, 478, 499, 529, 510, 507, 547, 543, 393, 330, 504, 531, 536, 475, 533, 525, 487, 485, 484, 394, 415, 477, 521, 501, 433, 567, 458, 419, 481, 458, 481, 517, 385, 428, 526, 544, 513, 427, 510, 310, 444, 397, 538, 407, 463, 555, 454, 436, 399, 486, 540, 506, 426, 541, 491, 422, 460, 370, 498, 520, 443, 487, 556, 504, 537, 506, 568, 503, 486, 528, 418, 412, 509, 463, 579, 501, 428, 475, 542, 424, 467, 431, 514, 476, 519, 464, 550, 497, 454, 535, 566, 577, 503, 380, 473, 419, 588, 506, 450, 531, 595, 545, 486, 524, 454, 485, 463, 601, 495, 405, 458, 526, 450, 376, 533, 565, 484, 561, 496, 498, 382, 525, 432, 543, 493, 468, 413, 400, 580, 420, 443, 448, 451, 500, 438, 441, 432, 509, 453, 487, 494, 486, 536, 409, 562, 514, 548, 450, 516, 355, 500, 531, 527, 497, 463, 411, 465, 393, 516, 531, 499, 419, 488, 447, 464, 475, 548, 587, 482, 497, 576, 434, 533, 567, 456, 551, 465, 407, 515, 437, 507, 494, 544, 398, 475, 573, 455, 582, 476, 657, 474, 484, 471, 524, 589, 478, 492, 332, 444, 425, 402, 479, 473, 512, 379, 455, 452, 419, 412, 498, 479, 440, 426, 441, 434, 445, 519, 474, 428, 517, 483, 536, 485, 448, 601, 556, 392, 490, 523, 511, 560, 550, 494, 552, 479, 387, 378, 508, 534, 503, 498, 532, 456, 535, 417, 497, 501, 462, 460, 457, 520, 392, 454, 480, 484, 581, 497, 417, 499, 449, 443, 478, 540, 432, 461, 555, 558, 471, 477, 471, 519, 538, 551, 499, 535, 428, 558, 461, 523, 468, 449, 617, 421, 449, 527, 447, 514, 381, 520, 520, 491, 448, 421, 542, 461, 478, 466, 507, 391, 451, 507, 565, 503, 435, 562, 464, 492, 458, 367, 514, 515, 543, 468, 416, 477, 596, 559, 493, 449, 576, 535, 459, 520, 435, 433, 388, 419, 552, 522, 427, 561, 430, 481, 498, 507, 465, 498, 421, 555, 427, 482, 534, 510, 351, 417, 538, 513, 420, 427, 447, 531, 458, 468, 396, 391, 535, 579, 425, 393, 481, 521, 365, 421, 551, 555, 410, 452, 450, 397, 418, 487, 475, 545, 466, 483, 522, 462, 599, 488, 389, 325, 534, 410, 538, 556, 419, 439, 493, 446, 457, 535, 466, 428, 553, 439, 433, 588, 499, 426, 489, 426, 467, 508, 442, 470, 389, 394, 505, 375, 496, 388, 543, 536, 478, 444, 469, 375, 370, 440, 591, 457, 557, 492, 374, 380, 424, 543, 428, 424, 391, 467, 418, 439, 563, 346, 497, 461, 529, 453, 496, 455, 510, 404, 543, 480, 513, 368, 500, 513, 523, 445, 555, 515, 543, 457, 517, 450, 528, 533, 487, 419, 499, 509, 525, 473, 451, 480, 578, 404, 390, 565, 393, 440, 510, 511, 355, 496, 462, 389, 538, 402, 433, 492, 492, 559, 346, 322, 486, 497, 310, 571, 504, 477, 448, 522, 439, 443, 396, 530, 405, 485, 505, 470, 454, 431, 517, 421, 392, 477, 465, 391, 438, 513, 516, 503, 504, 487, 450, 493, 578, 408, 527, 516, 477, 499, 567, 439, 430, 482, 371, 477, 360, 387, 382, 486, 511, 497, 506, 454, 525, 425, 528, 456, 467, 462, 480, 442, 525, 420, 504, 468, 505, 523, 448, 502, 487, 462, 522, 503, 587, 479, 467, 429, 552, 596, 544, 506, 416, 457, 442, 489, 472, 574, 486, 510, 467, 377, 588, 370, 485, 445, 448, 528, 413, 494, 412, 545, 477, 486, 566, 481, 457, 443, 434, 472, 506, 305, 520, 463, 444, 397, 432, 550, 435, 391, 438, 515, 499, 579, 501, 538, 411, 548, 385, 374, 416, 524, 575, 581, 506, 423, 405, 580, 506, 443, 395, 501, 493, 540, 424, 490, 586, 541, 459, 489, 400, 552, 489, 462, 438, 433, 299, 538, 493, 370, 549, 482, 472, 461, 463, 468, 497, 463, 393, 457, 458, 425, 431, 471, 546, 494, 517, 547, 480, 415, 526, 426, 533, 434, 416, 518, 432, 596, 426, 356, 467, 494, 507, 536, 517, 398, 465, 471, 418, 544, 548, 483, 334, 482, 532, 521, 481, 369, 457, 503, 478, 401, 432, 568, 438, 431, 411, 350, 483, 405, 541, 354, 379, 409, 551, 505, 493, 569, 411, 566, 517, 485, 482, 415, 494, 468, 525, 325, 429, 439, 513, 503, 407, 522, 516, 491, 456, 432, 432, 550, 359, 422, 461, 495, 507, 478, 431, 380, 535, 531, 473, 447, 580, 456, 390, 510, 538, 537, 433, 522, 563, 526, 585, 434, 561, 472, 459, 615, 501, 314, 515, 479, 457, 454, 427, 487, 571, 430, 477, 535, 481, 518, 543, 324, 476, 502, 532, 434, 439, 324, 517, 463, 434, 455, 465, 520, 572, 473, 365, 494, 523, 430, 558, 478, 514, 518, 503, 482, 503, 588, 493, 473, 532, 567, 378, 432, 489, 510, 492, 527, 491, 494, 404, 497, 472, 514, 434, 514, 532, 457, 444, 442, 569, 480, 482, 394, 461, 439, 417, 512, 454, 407, 472, 333, 482, 391, 483, 505, 467, 414, 463, 528, 466, 395, 613, 529, 404, 500, 569, 557, 446, 415, 419, 492, 478, 531, 488, 408, 449, 482, 465, 407, 482, 393, 574, 503, 405, 437, 430, 444, 480, 413, 412, 454, 482, 510, 484, 489, 454, 512, 529, 412, 387, 363, 508, 521, 478, 510, 485, 440, 523, 445, 532, 322, 417, 468, 491, 528, 388, 422, 622, 416, 447, 541, 479, 541, 551, 509, 474, 489, 447, 423, 521, 506, 586, 453, 566, 482, 474, 597, 374, 478, 453, 416, 502, 526, 524, 511, 490, 532, 459, 436, 403, 529, 537, 553, 521, 464, 441, 461, 574, 536, 460, 476, 526, 419, 465, 466, 480, 394, 445, 517, 493, 554, 502, 562, 437, 487, 470, 454, 570, 441, 319, 438, 436, 531, 556, 478, 569, 475, 376, 405, 437, 484, 480, 446, 500, 385, 525, 431, 486, 493, 487, 544, 529, 370, 448, 400, 587, 422, 522, 445, 588, 461, 599, 545, 462, 494, 348, 496, 382, 521, 432, 533, 485, 460, 547, 534, 585, 411, 499, 415, 501, 366, 512, 484, 520, 580, 438, 583, 410, 489, 602, 484, 448, 558, 407, 437, 487, 490, 551, 539, 410, 491, 494, 468, 521, 468, 366, 393, 474, 478, 436, 621, 400, 438, 448, 532, 378, 543, 486, 386, 484, 449, 538, 416, 550, 470, 438, 531, 501, 543, 462, 471, 464, 550, 464, 564, 420, 464, 546, 472, 464, 493, 542, 473, 531, 441, 472, 418, 523, 501, 506, 566, 445, 472, 546, 389, 517, 420, 463, 462, 406, 431, 492, 525, 503, 547, 487, 525, 478, 547, 507, 481, 393, 489, 529, 420, 465, 464, 344, 392, 459, 482, 581, 479, 501, 525, 481, 419, 481, 491, 409, 505, 573, 401, 370, 412, 443, 564, 420, 485, 510, 545, 547, 527, 415, 577, 486, 485, 414, 506, 467, 404, 452, 561, 416, 510, 428, 459, 391, 363, 395, 386, 513, 460, 502, 458, 422, 576, 482, 503, 366, 447, 477, 391, 388, 418, 445, 449, 442, 421, 520, 402, 405, 577, 546, 482, 363, 369, 604, 562, 497, 384, 388, 525, 428, 429, 411, 442, 469, 454, 532, 394, 549, 568, 529, 457, 515, 372, 513, 369, 404, 458, 407, 507, 570, 594, 456, 434, 562, 492, 622, 573, 507, 562, 411, 492, 340, 553, 504, 426, 475, 440, 507, 466, 484, 492, 457, 510, 403, 586, 466, 441, 477, 461, 493, 384, 424, 402, 509, 415, 550, 439, 452, 389, 415, 527, 511, 442, 544, 474, 540, 422, 532, 430, 466, 481, 414, 555, 396, 593, 456, 522, 397, 497, 510, 518, 445, 517, 476, 592, 456, 472, 500, 535, 526, 505, 539, 545, 491, 529, 473, 316, 496, 527, 456, 537, 516, 500, 508, 472, 383, 528, 562, 475, 391, 550, 430, 471, 464, 524, 483, 469, 363, 445, 451, 526, 408, 424, 477, 409, 451, 502, 502, 559, 485, 475, 440, 386, 507, 386, 528, 558, 573, 548, 556, 524, 529, 516, 433, 552, 446, 389, 580, 400, 425, 479, 434, 470, 486, 575, 575, 582, 432, 494, 511, 490, 473, 529, 486, 446, 489, 494, 474, 434, 460, 398, 425, 559, 371, 474, 402, 417, 455, 564, 497, 532, 514, 482, 556, 563, 498, 487, 444, 461, 537, 494, 543, 518, 418, 574, 464, 538, 442, 429, 445, 495, 471, 414, 426, 437, 511, 467, 516, 382, 512, 489, 520, 511, 359, 555, 373, 524, 532, 386, 447, 490, 493, 337, 489, 567, 512, 416, 515, 435, 444, 440, 558, 574, 440, 433, 423, 502, 559, 465, 451, 496, 583, 456, 550, 494, 445, 566, 487, 500, 515, 472, 490, 504, 424, 538, 480, 442, 390, 474, 430, 464, 540, 557, 428, 415, 479, 500, 450, 481, 419, 493, 462, 476, 535, 528, 540, 452, 482, 440, 619, 568, 629, 482, 537, 420, 573, 515, 500, 412, 516, 451, 455, 508, 610, 562, 420, 469, 437, 498, 538, 505, 458, 485, 377, 482, 593, 551, 516, 428, 526, 501, 556, 450, 497, 483, 399, 529, 585, 492, 490, 475, 447, 440, 424, 544, 368, 520, 494, 423, 497, 483, 496, 530, 393, 569, 427, 475, 587, 674, 484, 515, 579, 394, 456, 490, 422, 555, 485, 505, 351, 488, 393, 441, 556, 510, 421, 486, 551, 537, 409, 385, 431, 466, 404, 524, 518, 488, 535, 522, 390, 527, 470, 523, 503, 450, 458, 511, 457, 528, 581, 511, 285, 449, 520, 533, 494, 444, 525, 466, 459, 373, 471, 566, 510, 523, 435, 502, 575, 535, 451, 564, 513, 513, 449, 461, 448, 505, 487, 494, 301, 530, 441, 493, 505, 436, 571, 449, 485, 466, 502, 445, 564, 534, 443, 489, 541, 506, 573, 559, 549, 514, 532, 418, 510, 366, 406, 497, 540, 518, 543, 504, 451, 443, 480, 423, 472, 506, 520, 496, 507, 363, 420, 622, 521, 525, 472, 371, 523, 490, 544, 528, 453, 485, 578, 559, 502, 514, 526, 548, 491, 482, 493, 437, 346, 437, 540, 477, 475, 527, 432, 409, 531, 570, 590, 434, 445, 486, 485, 506, 589, 560, 519, 460, 490, 410, 555, 480, 498, 387, 378, 442, 484, 305, 445, 426, 407, 466, 482, 436, 487, 394, 504, 518, 475, 516, 558, 478, 415, 607, 526, 442, 540, 470, 488, 480, 528, 512, 432, 403, 531, 429, 516, 526, 440, 526, 423, 502, 440, 392, 502, 464, 501, 542, 482, 498, 455, 539, 460, 542, 469, 552, 478, 446, 543, 528, 526, 403, 413, 497, 467, 455, 349, 551, 439, 529, 516, 482, 449, 467, 501, 545, 414, 578, 480, 490, 547, 414, 484, 487, 421, 595, 412, 567, 426, 434, 492, 493, 441, 371, 605, 527, 399, 460, 447, 491, 427, 470, 428, 448, 472, 475, 523, 440, 488, 473, 510, 490, 376, 498, 491, 371, 569, 612, 484, 407, 471, 443, 483, 506, 444, 504, 518, 482, 478, 483, 602, 423, 420, 484, 481, 498, 479, 469, 477, 460, 502, 466, 397, 436, 477, 502, 466, 477, 525, 396, 442, 531, 510, 485, 534, 496, 508, 479, 425, 586, 429, 318, 498, 483, 491, 533, 512, 470, 380, 578, 487, 504, 478, 608, 468, 553, 460, 548, 465, 464, 452, 521, 548, 442, 540, 540, 531, 472, 457, 488, 565, 556, 486, 544, 512, 435, 526, 395, 412, 399, 505, 428, 525, 474, 555, 477, 409, 414, 447, 502, 388, 434, 457, 525, 430, 529, 546, 450, 448, 366, 519, 439, 474, 496, 433, 513, 576, 460, 452, 530, 548, 576, 595, 542, 364, 476, 492, 333, 540, 476, 371, 524, 480, 409, 562, 420, 534, 444, 490, 510, 482, 524, 422, 490, 378, 563, 496, 492, 507, 516, 584, 437, 477, 448, 477, 514, 479, 452, 518, 327, 491, 445, 586, 448, 524, 500, 383, 542, 418, 493, 463, 506, 558, 438, 539, 422, 476, 523, 445, 544, 424, 485, 450, 519, 495, 554, 502, 528, 516, 486, 460, 455, 521, 469, 592, 418, 407, 510, 344, 473, 564, 528, 506, 437, 492, 484, 541, 557, 429, 537, 521, 606, 456, 594, 440, 447, 564, 539, 467, 486, 435, 456, 493, 522, 536, 475, 495, 523, 595, 540, 568, 422, 550, 483, 503, 449, 521, 523, 499, 498, 489, 438, 517, 511, 466, 511, 413, 444, 426, 448, 599, 470, 453, 519, 523, 566, 434, 491, 488, 564, 552, 518, 608, 537, 406, 423, 489, 461, 539, 536, 534, 428, 396, 502, 345, 338, 521, 381, 548, 527, 426, 474, 492, 411, 467, 562, 486, 456, 545, 454, 405, 431, 553, 413, 479, 548, 440, 555, 560, 407, 433, 415, 410, 376, 376, 450, 404, 475, 543, 524, 512, 471, 420, 387, 540, 505, 409, 526, 523, 446, 502, 505, 425, 439, 500, 518, 392, 512, 513, 411, 456, 346, 461, 449, 519, 574, 441, 549, 488, 644, 552, 487, 390, 535, 486, 550, 439, 476, 546, 538, 485, 536, 560, 542, 407, 465, 468, 508, 528, 527, 429, 479, 369, 507, 528, 594, 445, 481, 369, 548, 483, 461, 472, 530, 456, 533, 461, 479, 519, 476, 413, 361, 428, 450, 474, 432, 498, 415, 421, 478, 469, 445, 439, 545, 506, 577, 509, 550, 478, 424, 412, 555, 619, 504, 423, 597, 490, 529, 540, 448, 441, 536, 513, 485, 454, 507, 497, 483, 526, 436, 437, 503, 392, 458, 459, 590, 443, 272, 405, 486, 434, 430, 414, 459, 574, 457, 607, 487, 497, 555, 583, 505, 412, 504, 502, 524, 411, 503, 465, 552, 516, 374, 467, 488, 427, 507, 497, 508, 507, 386, 609, 508, 505, 419, 453, 438, 483, 459, 577, 461, 513, 452, 334, 567, 470, 457, 505, 501, 522, 502, 440, 483, 508, 400, 464, 510, 603, 491, 443, 425, 481, 498, 515, 427, 457, 527, 427, 335, 390, 501, 454, 494, 435, 581, 418, 566, 523, 526, 451, 416, 500, 413, 507, 379, 435, 463, 475, 484, 477, 509, 550, 520, 489, 561, 467, 412, 521, 445, 387, 509, 506, 562, 552, 446, 588, 474, 511, 431, 555, 493, 431, 447, 485, 541, 420, 465, 451, 464, 368, 516, 529, 506, 515, 447, 323, 503, 432, 460, 498, 571, 485, 539, 428, 542, 413, 475, 495, 374, 364, 414, 512, 525, 444, 354, 598, 538, 558, 532, 456, 486, 502, 423, 439, 457, 495, 420, 547, 552, 510, 473, 462, 534, 475, 472, 569, 456, 375, 480, 468, 477, 493, 479, 457, 426, 491, 448, 531, 446, 378, 572, 355, 488, 443, 403, 420, 450, 591, 572, 544, 417, 482, 593, 566, 568, 480, 604, 466, 483, 399, 441, 524, 541, 535, 535, 564, 496, 510, 414, 515, 316, 338, 504, 344, 485, 543, 430, 517, 499, 421, 476, 574, 478, 445, 438, 485, 481, 450, 432, 279, 396, 484, 482, 561, 473, 580, 404, 450, 445, 459, 504, 487, 482, 507, 535, 463, 408, 424, 492, 564, 490, 420, 495, 596, 456, 441, 470, 553, 614, 451, 501, 514, 426, 397, 516, 472, 547, 662, 407, 539, 548, 497, 497, 545, 471, 386, 420, 558, 534, 448, 449, 389, 464, 471, 480, 528, 580, 445, 564, 400, 387, 443, 565, 478, 409, 474, 500, 485, 540, 390, 524, 470, 545, 498, 474, 505, 422, 518, 480, 422, 481, 614, 513, 467, 414, 464, 475, 505, 512, 538, 488, 428, 409, 460, 493, 545, 390, 454, 449, 562, 492, 553, 630, 445, 345, 496, 381, 474, 360, 411, 374, 398, 562, 490, 508, 506, 482, 397, 426, 477, 472, 483, 416, 491, 381, 455, 425, 483, 407, 434, 472, 428, 471, 471, 585, 388, 466, 409, 482, 498, 431, 429, 523, 538, 413, 623, 548, 511, 448, 462, 485, 524, 531, 571, 595, 378, 414, 423, 548, 558, 488, 468, 457, 412, 443, 369, 493, 556, 500, 461, 489, 529, 527, 453, 463, 371, 517, 454, 515, 525, 471, 413, 480, 538, 481, 451, 553, 530, 444, 531, 481, 502, 559, 468, 487, 482, 455, 395, 425, 471, 495, 405, 473, 385, 524, 537, 480, 601, 524, 439, 510, 484, 429, 404, 525, 484, 469, 483, 567, 395, 529, 516, 409, 337, 424, 487, 568, 419, 491, 408, 522, 577, 538, 514, 535, 432, 409, 548, 397, 491, 656, 449, 524, 453, 362, 510, 454, 445, 489, 607, 451, 551, 440, 459, 489, 529, 442, 497, 412, 631, 511, 465, 392, 584, 441, 599, 322, 591, 454, 391, 513, 520, 412, 451, 507, 491, 398, 460, 469, 450, 644, 554, 398, 381, 499, 508, 435, 499, 552, 508, 495, 463, 529, 430, 463, 388, 441, 526, 478, 521, 501, 415, 449, 518, 512, 470, 489, 529, 486, 437, 460, 510, 418, 400, 476, 621, 469, 573, 505, 555, 557, 402, 460, 475, 478, 477, 423, 488, 486, 556, 401, 529, 487, 542, 506, 448, 431, 577, 493, 455, 535, 407, 481, 467, 443, 474, 508, 484, 473, 454, 549, 407, 583, 535, 377, 400, 542, 378, 567, 537, 546, 360, 463, 429, 470, 474, 448, 620, 386, 424, 484, 561, 554, 514, 526, 487, 413, 508, 458, 486, 494, 616, 455, 508, 419, 527, 380, 576, 453, 451, 475, 518, 459, 504, 381, 391, 474, 514, 490, 507, 422, 495, 537, 505, 471, 492, 429, 415, 464, 541, 433, 394, 389, 373, 480, 413, 424, 325, 488, 391, 489, 463, 462, 451, 524, 550, 348, 533, 515, 470, 545, 394, 419, 538, 500, 464, 438, 460, 581, 435, 594, 445, 496, 536, 494, 402, 506, 421, 571, 494, 570, 418, 543, 514, 622, 494, 495, 398, 459, 471, 510, 443, 461, 443, 435, 424, 534, 481, 518, 573, 528, 417, 579, 440, 532, 573, 556, 488, 494, 552, 446, 439, 510, 465, 435, 365, 480, 435, 397, 582, 550, 540, 548, 456, 545, 551, 538, 485, 447, 457, 491, 465, 467, 534, 503, 483, 363, 454, 444, 551, 424, 374, 403, 402, 377, 410, 522, 522, 371, 537, 397, 436, 490, 452, 440, 538, 479, 382, 406, 512, 547, 453, 448, 410, 432, 503, 389, 436, 561, 536, 491, 402, 498, 530, 442, 515, 394, 423, 574, 536, 387, 437, 505, 447, 363, 582, 515, 471, 529, 429, 455, 449, 525, 438, 478, 537, 567, 414, 443, 530, 455, 501, 431, 449, 500, 516, 428, 547, 361, 517, 476, 427, 415, 567, 313, 615, 302, 451, 486, 490, 485, 496, 346, 506, 496, 381, 499, 459, 504, 472, 550, 453, 557, 418, 392, 514, 425, 472, 527, 520, 397, 451, 394, 441, 452, 429, 406, 467, 556, 436, 506, 531, 628, 562, 496, 404, 477, 527, 501, 416, 477, 494, 533, 465, 563, 476, 368, 462, 480, 516, 450, 483, 481, 446, 443, 519, 411, 546, 552, 426, 588, 559, 522, 465, 555, 435, 469, 434, 480, 496, 478, 523, 538, 452, 486, 482, 514, 515, 541, 502, 452, 571, 515, 397, 463, 504, 524, 445, 459, 440, 431, 495, 537, 518, 437, 548, 565, 461, 466, 442, 502, 491, 449, 402, 446, 483, 533, 591, 448, 506, 495, 410, 465, 527, 400, 558, 339, 480, 484, 468, 478, 347, 498, 512, 439, 396, 475, 570, 397, 422, 557, 506, 544, 481, 421, 442, 350, 554, 339, 506, 490, 478, 475, 573, 544, 499, 530, 682, 482, 523, 530, 390, 534, 484, 482, 473, 431, 490, 541, 399, 444, 397, 527, 585, 515, 472, 513, 584, 504, 584, 563, 506, 376, 405, 424, 511, 538, 433, 570, 506, 582, 418, 364, 491, 432, 476, 514, 493, 479, 459, 550, 515, 433, 567, 492, 488, 563, 518, 312, 470, 409, 441, 436, 456, 555, 383, 621, 506, 470, 400, 526, 582, 537, 484, 576, 534, 427, 479, 472, 506, 550, 516, 444, 621, 348, 442, 524, 536, 453, 526, 470, 512, 465, 294, 583, 532, 483, 436, 452, 557, 469, 464, 448, 548, 559, 403, 488, 560, 541, 561, 479, 432, 543, 443, 540, 446, 508, 465, 528, 469, 514, 448, 411, 443, 391, 528, 468, 503, 384, 545, 562, 562, 533, 487, 482, 524, 531, 417, 461, 541, 418, 547, 451, 415, 403, 603, 454, 430, 388, 405, 456, 522, 423, 439, 482, 465, 498, 515, 469, 603, 483, 415, 439, 461, 390, 439, 506, 467, 549, 454, 480, 561, 508, 426, 450, 408, 433, 486, 418, 459, 440, 522, 421, 566, 469, 477, 570, 530, 491, 473, 429, 401, 462, 519, 440, 492, 436, 559, 504, 351, 452, 516, 441, 484, 547, 455, 411, 402, 495, 566, 519, 371, 515, 491, 361, 450, 511, 525, 558, 511, 507, 501, 396, 426, 455, 577, 544, 388, 526, 468, 436, 422, 492, 401, 472, 531, 491, 502, 515, 413, 560, 486, 416, 498, 486, 494, 560, 541, 403, 554, 467, 517, 485, 464, 491, 474, 373, 530, 495, 606, 548, 572, 547, 468, 452, 397, 505, 602, 510, 481, 423, 483, 339, 468, 417, 478, 582, 517, 524, 438, 416, 442, 452, 462, 498, 431, 479, 492, 497, 520, 476, 510, 414, 546, 573, 386, 546, 528, 574, 522, 520, 545, 463, 476, 416, 520, 410, 556, 435, 451, 498, 427, 406, 414, 428, 435, 431, 396, 441, 414, 416, 475, 545, 444, 523, 512, 429, 403, 430, 482, 390, 384, 454, 435, 591, 414, 460, 510, 536, 541, 494, 350, 496, 457, 515, 503, 545, 366, 400, 519, 366, 425, 481, 524, 561, 416, 482, 571, 495, 532, 449, 475, 500, 499, 509, 484, 416, 501, 474, 490, 481, 453, 532, 420, 488, 498, 472, 451, 536, 445, 474, 458, 525, 554, 343, 444, 399, 483, 515, 414, 504, 455, 337, 444, 544, 562, 496, 463, 458, 454, 512, 550, 431, 438, 410, 538, 517, 527, 524, 417, 466, 462, 548, 493, 511, 479, 362, 464, 623, 502, 435, 529, 522, 414, 392, 520, 498, 484, 443, 475, 525, 400, 508, 560, 500, 414, 571, 511, 424, 542, 552, 449, 497, 413, 491, 434, 510, 618, 407, 504, 385, 469, 475, 524, 399, 444, 415, 513, 335, 466, 603, 541, 547, 487, 423, 530, 510, 541, 489, 502, 502, 440, 455, 394, 560, 434, 493, 508, 537, 545, 591, 499, 407, 482, 437, 509, 494, 586, 526, 590, 552, 389, 488, 398, 465, 451, 474, 566, 459, 540, 373, 513, 560, 399, 562, 466, 524, 523, 425, 502, 464, 458, 492, 496, 567, 392, 489, 410, 459, 432, 515, 528, 384, 591, 419, 488, 477, 430, 418, 478, 345, 421, 477, 355, 450, 496, 399, 550, 438, 488, 481, 447, 484, 552, 547, 406, 510, 520, 500, 576, 442, 440, 435, 424, 424, 561, 343, 456, 545, 461, 520, 501, 539, 463, 502, 391, 423, 459, 482, 385, 563, 583, 386, 491, 502, 488, 471, 548, 534, 435, 559, 470, 468, 528, 514, 380, 426, 396, 549, 485, 494, 528, 367, 485, 576, 491, 447, 494, 502, 346, 568, 406, 478, 629, 479, 482, 529, 455, 541, 482, 476, 438, 465, 494, 457, 452, 483, 569, 547, 585, 613, 491, 442, 436, 538, 434, 472, 444, 455, 437, 496, 434, 458, 445, 500, 449, 568, 545, 425, 512, 407, 639, 517, 458, 451, 517, 406, 461, 378, 468, 434, 501, 443, 410, 586, 557, 483, 521, 533, 510, 392, 545, 508, 503, 543, 413, 459, 488, 445, 487, 442, 588, 566, 466, 522, 464, 479, 500, 468, 503, 569, 480, 562, 510, 435, 496, 318, 520, 535, 452, 462, 454, 465, 556, 543, 465, 520, 515, 462, 602, 481, 479, 376, 581, 474, 440, 541, 486, 503, 369, 553, 495, 600, 482, 557, 497, 486, 537, 472, 380, 541, 460, 550, 454, 545, 444, 458, 492, 578, 391, 455, 441, 438, 547, 429, 445, 467, 330, 502, 486, 463, 447, 585, 595, 518, 425, 387, 578, 464, 431, 500, 563, 474, 542, 504, 477, 539, 563, 558, 560, 442, 549, 480, 507, 382, 456, 583, 507, 588, 552, 498, 368, 377, 445, 484, 416, 398, 492, 472, 500, 486, 504, 436, 491, 448, 457, 416, 475, 552, 512, 516, 391, 480, 567, 542, 410, 562, 421, 497, 509, 451, 532, 569, 538, 495, 412, 529, 498, 534, 503, 464, 518, 573, 419, 461, 529, 463, 535, 496, 452, 459, 319, 432, 317, 482, 483, 421, 511, 363, 512, 496, 589, 490, 340, 428, 376, 445, 499, 412, 398, 562, 575, 369, 402, 392, 549, 517, 472, 522, 517, 576, 466, 415, 513, 477, 574, 427, 421, 493, 530, 590, 416, 501, 454, 486, 443, 542, 484, 388, 506, 484, 532, 390, 400, 439, 553, 468, 473, 353, 479, 448, 609, 377, 465, 503, 374, 458, 446, 529, 545, 471, 429, 482, 471, 496, 514, 410, 431, 485, 409, 540, 417, 494, 514, 417, 464, 619, 452, 474, 469, 482, 432, 578, 572, 509, 448, 558, 431, 553, 389, 440, 470, 530, 534, 554, 439, 486, 425, 479, 385, 499, 583, 500, 464, 530, 423, 476, 484, 469, 363, 461, 518, 480, 570, 418, 446, 457, 433, 516, 471, 542, 330, 542, 584, 558, 354, 556, 425, 457, 575, 501, 510, 498, 512, 538, 570, 542, 504, 553, 516, 503, 405, 371, 460, 571, 444, 467, 511, 495, 361, 496, 464, 509, 476, 456, 351, 529, 498, 490, 449, 505, 480, 402, 616, 498, 491, 490, 451, 411, 426, 478, 531, 437, 426, 569, 472, 458, 488, 432, 370, 607, 535, 471, 519, 548, 514, 533, 414, 511, 393, 467, 437, 441, 556, 551, 433, 492, 427, 523, 401, 411, 397, 499, 491, 441, 514, 439, 443, 462, 553, 381, 490, 553, 412, 430, 505, 511, 648, 519, 443, 506, 454, 462, 569, 370, 507, 434, 242, 570, 550, 422, 512, 532, 553, 519, 491, 486, 464, 477, 434, 431, 482, 490, 599, 593, 474, 392, 442, 403, 500, 381, 515, 538, 533, 412, 504, 469, 536, 425, 432, 464, 541, 447, 450, 485, 461, 485, 537, 511, 510, 448, 521, 479, 494, 542, 395, 413, 591, 551, 494, 475, 516, 508, 474, 538, 492, 504, 486, 470, 490, 532, 406, 509, 488, 408, 464, 416, 554, 425, 519, 478, 413, 482, 471, 541, 625, 476, 451, 456, 568, 443, 463, 450, 538, 352, 523, 472, 382, 528, 434, 556, 557, 395, 496, 432, 385, 386, 490, 456, 461, 389, 537, 419, 449, 471, 346, 438, 440, 469, 410, 557, 455, 435, 469, 371, 545, 396, 437, 513, 451, 510, 442, 585, 533, 427, 487, 521, 369, 434, 493, 562, 481, 496, 551, 557, 404, 530, 522, 415, 474, 484, 542, 583, 500, 393, 384, 449, 543, 498, 526, 458, 488, 512, 526, 494, 569, 460, 486, 487, 508, 466, 450, 529, 375, 306, 601, 448, 529, 499, 527, 465, 529, 414, 445, 567, 418, 440, 511, 521, 425, 493, 451, 503, 468, 436, 451, 603, 433, 406, 522, 541, 512, 506, 521, 509, 467, 530, 393, 455, 534, 515, 454, 474, 455, 498, 515, 549, 456, 530, 580, 412, 477, 520, 445, 446, 458, 557, 413, 468, 407, 545, 392, 474, 418, 524, 591, 422, 420, 471, 476, 485, 521, 462, 453, 510, 532, 372, 379, 491, 535, 418, 527, 573, 426, 450, 550, 519, 449, 524, 397, 489, 522, 404, 444, 436, 424, 481, 497, 530, 578, 629, 557, 519, 424, 532, 499, 551, 477, 496, 368, 441, 614, 568, 513, 400, 556, 430, 454, 527, 496, 556, 371, 404, 589, 411, 564, 534, 523, 531, 448, 460, 519, 557, 583, 474, 551, 497, 525, 489, 427, 422, 469, 432, 502, 386, 529, 494, 333, 604, 434, 451, 504, 458, 390, 372, 466, 559, 501, 516, 441, 463, 466, 418, 410, 523, 577, 464, 451, 445, 558, 504, 486, 577, 468, 470, 498, 498, 461, 474, 468, 553, 401, 481, 479, 536, 512, 494, 570, 413, 453, 465, 468, 527, 467, 441, 451, 502, 579, 429, 452, 395, 466, 415, 503, 509, 495, 357, 479, 486, 564, 469, 473, 487, 499, 438, 491, 500, 484, 474, 442, 498, 553, 568, 399, 429, 501, 521, 422, 520, 527, 448, 544, 486, 473, 462, 469, 487, 570, 479, 451, 572, 551, 592, 357, 535, 407, 492, 462, 483, 406, 518, 567, 604, 580, 528, 495, 345, 508, 484, 388, 431, 466, 464, 558, 497, 545, 592, 568, 387, 589, 383, 590, 410, 542, 425, 515, 522, 428, 581, 445, 367, 459, 417, 575, 507, 437, 532, 550, 549, 514, 448, 449, 520, 563, 489, 559, 468, 533, 510, 554, 359, 607, 545, 449, 546, 474, 390, 399, 506, 428, 573, 347, 541, 443, 522, 530, 468, 467, 502, 472, 450, 443, 568, 502, 398, 389, 450, 559, 419, 482, 536, 517, 491, 512, 529, 466, 538, 362, 631, 520, 446, 476, 334, 495, 423, 431, 527, 434, 433, 493, 506, 573, 441, 535, 379, 522, 365, 482, 467, 433, 500, 443, 436, 437, 456, 542, 440, 396, 478, 479, 423, 625, 464, 531, 391, 433, 650, 343, 522, 500, 441, 473, 517, 581, 465, 458, 517, 459, 453, 508, 362, 572, 577, 454, 540, 497, 464, 478, 528, 424, 533, 544, 468, 491, 433, 376, 491, 410, 500, 499, 506, 523, 593, 534, 610, 406, 537, 518, 456, 464, 525, 486, 490, 517, 426, 521, 429, 419, 489, 399, 479, 493, 567, 469, 569, 417, 480, 521, 537, 518, 425, 541, 357, 520, 343, 460, 512, 450, 545, 392, 595, 475, 556, 545, 455, 447, 453, 477, 406, 500, 408, 538, 523, 491, 444, 392, 425, 380, 505, 538, 518, 368, 405, 558, 489, 613, 591, 477, 518, 516, 580, 426, 435, 487, 435, 579, 463, 557, 548, 437, 507, 481, 414, 426]

