Resultados de simulación — 20260922_192855
Pasajeros: 100 | P(carry-on): 1.0 | Simulaciones por política: 5000
============================================================

[rand]
  Promedio : 1510.6s
  Desvío   : 74.6s
  IC 95%   : [1508.6s, 1512.7s]
  Mínimo   : 1250s
  Máximo   : 1801s
  Tiempos  : [1509, 1522, 1599, 1366, 1469, 1565, 1582, 1569, 1583, 1536, 1455, 1469, 1352, 1525, 1414, 1504, 1492, 1506, 1569, 1483, 1436, 1552, 1532, 1604, 1531, 1559, 1414, 1597, 1602, 1500, 1666, 1540, 1452, 1352, 1369, 1505, 1708, 1540, 1549, 1663, 1504, 1474, 1501, 1468, 1581, 1469, 1435, 1598, 1609, 1622, 1646, 1404, 1484, 1512, 1488, 1583, 1439, 1511, 1398, 1593, 1512, 1466, 1504, 1554, 1657, 1484, 1459, 1447, 1527, 1477, 1476, 1574, 1561, 1509, 1425, 1452, 1543, 1507, 1425, 1498, 1367, 1511, 1443, 1627, 1546, 1485, 1617, 1495, 1437, 1542, 1458, 1539, 1622, 1540, 1502, 1448, 1351, 1499, 1450, 1486, 1551, 1510, 1664, 1493, 1426, 1462, 1470, 1624, 1567, 1597, 1500, 1578, 1504, 1386, 1489, 1457, 1420, 1532, 1389, 1526, 1620, 1441, 1553, 1596, 1513, 1494, 1536, 1460, 1549, 1562, 1552, 1487, 1545, 1384, 1541, 1534, 1405, 1420, 1335, 1602, 1476, 1463, 1619, 1554, 1462, 1391, 1399, 1454, 1512, 1483, 1508, 1477, 1415, 1478, 1427, 1359, 1550, 1423, 1425, 1496, 1450, 1489, 1548, 1555, 1509, 1454, 1554, 1434, 1526, 1458, 1535, 1564, 1561, 1511, 1426, 1599, 1624, 1687, 1429, 1541, 1680, 1586, 1449, 1571, 1493, 1378, 1416, 1453, 1516, 1473, 1492, 1408, 1472, 1488, 1547, 1552, 1514, 1570, 1622, 1408, 1514, 1673, 1533, 1542, 1467, 1425, 1450, 1420, 1482, 1699, 1490, 1469, 1564, 1463, 1546, 1429, 1577, 1351, 1549, 1503, 1534, 1462, 1534, 1457, 1589, 1511, 1623, 1488, 1544, 1515, 1383, 1606, 1622, 1447, 1422, 1569, 1497, 1458, 1538, 1571, 1503, 1581, 1408, 1415, 1497, 1667, 1523, 1491, 1572, 1427, 1484, 1438, 1448, 1504, 1518, 1507, 1386, 1515, 1523, 1541, 1469, 1582, 1416, 1486, 1624, 1606, 1483, 1564, 1512, 1625, 1459, 1574, 1533, 1511, 1382, 1646, 1623, 1486, 1500, 1614, 1399, 1538, 1344, 1514, 1361, 1619, 1439, 1563, 1424, 1564, 1596, 1474, 1535, 1648, 1573, 1423, 1592, 1443, 1533, 1498, 1589, 1581, 1620, 1403, 1647, 1520, 1501, 1457, 1602, 1485, 1442, 1509, 1476, 1546, 1471, 1600, 1454, 1558, 1477, 1515, 1268, 1725, 1436, 1524, 1473, 1641, 1501, 1622, 1557, 1530, 1410, 1462, 1534, 1406, 1470, 1456, 1445, 1472, 1454, 1489, 1623, 1503, 1372, 1493, 1461, 1445, 1360, 1432, 1536, 1433, 1551, 1489, 1496, 1550, 1590, 1457, 1671, 1405, 1594, 1348, 1476, 1500, 1586, 1493, 1661, 1379, 1528, 1428, 1480, 1577, 1516, 1482, 1478, 1507, 1482, 1486, 1467, 1514, 1380, 1491, 1646, 1457, 1499, 1485, 1619, 1647, 1556, 1511, 1521, 1560, 1355, 1520, 1467, 1526, 1481, 1488, 1437, 1486, 1529, 1506, 1494, 1473, 1446, 1484, 1502, 1538, 1615, 1428, 1561, 1456, 1495, 1449, 1460, 1545, 1641, 1496, 1584, 1500, 1451, 1575, 1417, 1434, 1415, 1529, 1488, 1521, 1491, 1546, 1478, 1504, 1478, 1492, 1619, 1366, 1502, 1405, 1545, 1499, 1408, 1541, 1562, 1491, 1612, 1549, 1387, 1479, 1511, 1643, 1459, 1749, 1444, 1609, 1417, 1509, 1534, 1590, 1574, 1417, 1481, 1537, 1509, 1514, 1393, 1597, 1551, 1454, 1358, 1453, 1488, 1505, 1603, 1665, 1419, 1464, 1463, 1546, 1509, 1514, 1569, 1564, 1612, 1398, 1508, 1521, 1594, 1523, 1383, 1482, 1575, 1541, 1491, 1552, 1432, 1533, 1560, 1425, 1483, 1506, 1473, 1421, 1533, 1403, 1573, 1537, 1402, 1610, 1589, 1619, 1510, 1403, 1569, 1433, 1645, 1563, 1668, 1586, 1590, 1490, 1507, 1546, 1501, 1555, 1458, 1441, 1657, 1493, 1491, 1522, 1467, 1421, 1644, 1513, 1639, 1568, 1439, 1596, 1533, 1541, 1589, 1452, 1497, 1502, 1514, 1459, 1560, 1521, 1495, 1484, 1544, 1471, 1419, 1574, 1486, 1524, 1555, 1467, 1436, 1562, 1471, 1516, 1494, 1574, 1480, 1482, 1505, 1634, 1368, 1419, 1483, 1466, 1572, 1428, 1417, 1700, 1443, 1472, 1598, 1563, 1498, 1472, 1416, 1433, 1601, 1431, 1571, 1478, 1538, 1530, 1425, 1319, 1529, 1491, 1510, 1507, 1496, 1590, 1557, 1502, 1508, 1514, 1578, 1512, 1445, 1432, 1406, 1479, 1568, 1615, 1558, 1387, 1458, 1526, 1536, 1497, 1547, 1480, 1541, 1545, 1419, 1464, 1457, 1472, 1434, 1521, 1469, 1372, 1379, 1526, 1585, 1483, 1626, 1582, 1632, 1552, 1560, 1562, 1569, 1344, 1391, 1468, 1579, 1528, 1522, 1514, 1600, 1535, 1499, 1506, 1653, 1416, 1409, 1412, 1630, 1532, 1545, 1542, 1465, 1549, 1556, 1497, 1478, 1556, 1502, 1540, 1679, 1578, 1491, 1577, 1613, 1465, 1404, 1437, 1406, 1509, 1438, 1579, 1566, 1405, 1472, 1619, 1539, 1623, 1575, 1480, 1503, 1654, 1622, 1525, 1529, 1454, 1462, 1562, 1352, 1632, 1563, 1400, 1659, 1576, 1590, 1517, 1489, 1526, 1494, 1556, 1404, 1446, 1466, 1538, 1577, 1457, 1250, 1419, 1540, 1494, 1489, 1412, 1511, 1491, 1567, 1411, 1594, 1549, 1382, 1521, 1462, 1506, 1621, 1546, 1516, 1497, 1456, 1568, 1571, 1508, 1586, 1533, 1497, 1551, 1507, 1308, 1608, 1483, 1506, 1488, 1403, 1454, 1458, 1595, 1478, 1506, 1490, 1486, 1494, 1449, 1487, 1463, 1465, 1521, 1584, 1514, 1427, 1566, 1513, 1586, 1523, 1530, 1387, 1412, 1447, 1544, 1513, 1398, 1541, 1430, 1438, 1492, 1490, 1448, 1513, 1288, 1461, 1560, 1572, 1658, 1447, 1575, 1630, 1652, 1402, 1672, 1660, 1471, 1438, 1426, 1497, 1509, 1478, 1551, 1492, 1393, 1525, 1486, 1402, 1718, 1569, 1482, 1566, 1551, 1511, 1563, 1695, 1437, 1571, 1504, 1582, 1375, 1515, 1565, 1537, 1551, 1579, 1519, 1468, 1341, 1588, 1723, 1670, 1414, 1497, 1408, 1599, 1466, 1331, 1486, 1527, 1460, 1557, 1459, 1576, 1577, 1616, 1449, 1469, 1386, 1463, 1660, 1500, 1516, 1579, 1587, 1585, 1495, 1481, 1523, 1556, 1497, 1467, 1543, 1477, 1529, 1506, 1531, 1533, 1410, 1417, 1521, 1445, 1466, 1518, 1474, 1630, 1399, 1377, 1494, 1594, 1468, 1357, 1470, 1434, 1455, 1444, 1491, 1639, 1480, 1473, 1606, 1513, 1474, 1473, 1427, 1461, 1547, 1393, 1649, 1465, 1591, 1507, 1352, 1647, 1539, 1415, 1474, 1548, 1537, 1390, 1449, 1575, 1533, 1433, 1557, 1631, 1436, 1391, 1552, 1604, 1506, 1471, 1583, 1554, 1468, 1586, 1535, 1487, 1467, 1509, 1594, 1647, 1517, 1521, 1479, 1510, 1519, 1531, 1403, 1417, 1576, 1533, 1462, 1625, 1558, 1555, 1424, 1631, 1538, 1487, 1622, 1640, 1390, 1499, 1519, 1405, 1618, 1567, 1441, 1489, 1570, 1428, 1362, 1510, 1581, 1700, 1353, 1453, 1482, 1413, 1500, 1595, 1496, 1492, 1516, 1553, 1510, 1488, 1579, 1400, 1497, 1586, 1398, 1532, 1488, 1584, 1415, 1591, 1588, 1693, 1453, 1428, 1559, 1451, 1508, 1510, 1541, 1396, 1458, 1519, 1415, 1617, 1552, 1471, 1406, 1482, 1394, 1492, 1565, 1631, 1302, 1541, 1645, 1487, 1522, 1485, 1619, 1449, 1443, 1546, 1373, 1576, 1562, 1478, 1534, 1531, 1517, 1670, 1538, 1491, 1460, 1452, 1538, 1516, 1436, 1650, 1443, 1554, 1622, 1593, 1313, 1517, 1680, 1625, 1640, 1482, 1568, 1481, 1538, 1640, 1498, 1501, 1639, 1497, 1611, 1536, 1523, 1437, 1524, 1523, 1463, 1414, 1525, 1582, 1437, 1529, 1449, 1627, 1577, 1547, 1465, 1551, 1463, 1429, 1557, 1610, 1492, 1499, 1468, 1610, 1626, 1596, 1464, 1512, 1542, 1482, 1552, 1628, 1431, 1458, 1540, 1513, 1494, 1517, 1552, 1546, 1418, 1447, 1491, 1703, 1426, 1649, 1516, 1397, 1368, 1477, 1615, 1479, 1377, 1473, 1455, 1577, 1537, 1491, 1484, 1468, 1421, 1449, 1684, 1611, 1546, 1551, 1531, 1510, 1577, 1551, 1489, 1569, 1576, 1621, 1495, 1429, 1521, 1629, 1656, 1582, 1536, 1449, 1549, 1567, 1549, 1498, 1598, 1536, 1503, 1592, 1567, 1564, 1387, 1556, 1458, 1730, 1399, 1520, 1507, 1429, 1412, 1481, 1523, 1576, 1559, 1528, 1492, 1486, 1487, 1473, 1521, 1458, 1446, 1487, 1541, 1566, 1425, 1457, 1548, 1466, 1532, 1525, 1499, 1497, 1617, 1429, 1467, 1475, 1571, 1449, 1464, 1567, 1462, 1392, 1482, 1598, 1369, 1671, 1449, 1450, 1566, 1567, 1550, 1488, 1464, 1481, 1522, 1622, 1510, 1462, 1665, 1462, 1587, 1537, 1423, 1495, 1581, 1354, 1549, 1484, 1649, 1666, 1605, 1507, 1524, 1488, 1501, 1516, 1485, 1413, 1504, 1625, 1541, 1571, 1366, 1540, 1473, 1441, 1488, 1530, 1445, 1368, 1549, 1505, 1485, 1645, 1484, 1584, 1546, 1481, 1454, 1379, 1493, 1382, 1512, 1563, 1398, 1517, 1470, 1499, 1510, 1557, 1453, 1522, 1618, 1682, 1481, 1550, 1670, 1541, 1545, 1423, 1653, 1544, 1430, 1634, 1489, 1547, 1563, 1651, 1479, 1551, 1526, 1499, 1616, 1471, 1602, 1506, 1403, 1525, 1442, 1548, 1474, 1544, 1334, 1495, 1566, 1472, 1494, 1624, 1475, 1519, 1531, 1475, 1501, 1534, 1493, 1428, 1486, 1684, 1525, 1438, 1540, 1459, 1428, 1383, 1485, 1533, 1502, 1448, 1483, 1479, 1507, 1549, 1507, 1526, 1607, 1404, 1462, 1372, 1439, 1376, 1568, 1503, 1489, 1589, 1476, 1525, 1482, 1484, 1559, 1496, 1449, 1558, 1598, 1454, 1528, 1637, 1501, 1479, 1540, 1536, 1566, 1453, 1548, 1490, 1562, 1532, 1623, 1552, 1460, 1533, 1453, 1549, 1537, 1479, 1509, 1485, 1541, 1527, 1407, 1689, 1529, 1497, 1598, 1525, 1623, 1456, 1483, 1564, 1503, 1589, 1402, 1582, 1538, 1654, 1541, 1604, 1449, 1453, 1401, 1416, 1533, 1420, 1373, 1516, 1491, 1423, 1657, 1514, 1605, 1500, 1415, 1377, 1537, 1501, 1444, 1570, 1464, 1550, 1549, 1385, 1431, 1493, 1519, 1670, 1621, 1473, 1476, 1516, 1552, 1478, 1553, 1375, 1484, 1495, 1459, 1472, 1703, 1410, 1494, 1480, 1549, 1581, 1542, 1550, 1475, 1641, 1405, 1508, 1621, 1530, 1498, 1555, 1392, 1497, 1569, 1595, 1546, 1521, 1569, 1614, 1471, 1530, 1640, 1488, 1513, 1466, 1451, 1500, 1625, 1543, 1635, 1439, 1437, 1688, 1540, 1418, 1553, 1604, 1396, 1538, 1508, 1539, 1480, 1550, 1495, 1492, 1662, 1439, 1499, 1544, 1443, 1600, 1481, 1477, 1514, 1499, 1413, 1486, 1601, 1546, 1476, 1346, 1474, 1518, 1445, 1562, 1574, 1439, 1439, 1471, 1596, 1589, 1515, 1602, 1404, 1492, 1580, 1488, 1392, 1484, 1507, 1397, 1528, 1504, 1555, 1577, 1591, 1520, 1519, 1558, 1506, 1474, 1460, 1516, 1453, 1568, 1692, 1531, 1433, 1475, 1419, 1492, 1594, 1461, 1497, 1467, 1556, 1615, 1609, 1508, 1486, 1504, 1514, 1598, 1592, 1530, 1508, 1674, 1707, 1593, 1568, 1564, 1467, 1530, 1521, 1506, 1476, 1509, 1494, 1566, 1508, 1444, 1584, 1650, 1482, 1535, 1534, 1526, 1502, 1537, 1625, 1564, 1624, 1390, 1412, 1620, 1501, 1543, 1541, 1536, 1528, 1567, 1458, 1423, 1659, 1571, 1515, 1430, 1436, 1487, 1503, 1327, 1467, 1385, 1642, 1500, 1512, 1500, 1474, 1656, 1592, 1450, 1528, 1591, 1635, 1493, 1390, 1478, 1377, 1433, 1570, 1397, 1537, 1556, 1577, 1574, 1495, 1466, 1468, 1406, 1408, 1477, 1428, 1467, 1553, 1505, 1373, 1466, 1363, 1468, 1572, 1626, 1587, 1340, 1561, 1512, 1506, 1437, 1603, 1509, 1469, 1491, 1515, 1607, 1467, 1633, 1571, 1480, 1584, 1352, 1600, 1416, 1521, 1513, 1583, 1348, 1486, 1532, 1486, 1622, 1462, 1556, 1506, 1424, 1512, 1588, 1600, 1482, 1419, 1515, 1542, 1449, 1472, 1615, 1604, 1371, 1507, 1608, 1472, 1500, 1545, 1377, 1564, 1473, 1477, 1577, 1504, 1438, 1495, 1481, 1549, 1519, 1603, 1518, 1470, 1313, 1550, 1508, 1556, 1489, 1489, 1562, 1515, 1501, 1568, 1608, 1273, 1506, 1468, 1485, 1596, 1448, 1537, 1472, 1639, 1485, 1428, 1489, 1437, 1472, 1597, 1477, 1542, 1505, 1522, 1436, 1494, 1471, 1475, 1732, 1543, 1365, 1444, 1537, 1594, 1509, 1488, 1549, 1531, 1515, 1517, 1383, 1488, 1501, 1497, 1528, 1596, 1533, 1543, 1529, 1540, 1507, 1436, 1415, 1543, 1476, 1481, 1482, 1476, 1539, 1300, 1510, 1626, 1435, 1516, 1376, 1492, 1540, 1495, 1656, 1407, 1698, 1385, 1522, 1486, 1479, 1590, 1383, 1444, 1611, 1564, 1436, 1528, 1524, 1595, 1482, 1556, 1472, 1500, 1549, 1581, 1675, 1569, 1381, 1524, 1564, 1452, 1590, 1536, 1662, 1506, 1520, 1517, 1508, 1565, 1476, 1585, 1579, 1566, 1621, 1512, 1498, 1496, 1502, 1392, 1456, 1499, 1500, 1454, 1570, 1486, 1451, 1558, 1605, 1499, 1310, 1489, 1623, 1433, 1596, 1582, 1462, 1490, 1488, 1516, 1541, 1503, 1583, 1408, 1346, 1471, 1440, 1614, 1517, 1677, 1535, 1501, 1503, 1452, 1666, 1443, 1414, 1607, 1580, 1416, 1445, 1465, 1504, 1384, 1609, 1492, 1460, 1593, 1451, 1494, 1552, 1546, 1513, 1552, 1543, 1376, 1539, 1497, 1649, 1472, 1507, 1528, 1381, 1580, 1409, 1734, 1397, 1451, 1618, 1534, 1497, 1503, 1528, 1546, 1561, 1579, 1556, 1549, 1520, 1587, 1567, 1471, 1500, 1456, 1359, 1406, 1518, 1359, 1487, 1554, 1499, 1567, 1397, 1454, 1606, 1603, 1596, 1558, 1551, 1553, 1496, 1580, 1526, 1431, 1504, 1623, 1441, 1562, 1532, 1324, 1566, 1551, 1492, 1688, 1617, 1477, 1519, 1527, 1379, 1490, 1476, 1550, 1597, 1455, 1458, 1534, 1335, 1499, 1474, 1544, 1465, 1512, 1615, 1366, 1476, 1542, 1458, 1551, 1412, 1595, 1597, 1505, 1483, 1464, 1593, 1487, 1480, 1565, 1465, 1486, 1493, 1667, 1559, 1528, 1552, 1398, 1543, 1495, 1469, 1589, 1374, 1558, 1649, 1514, 1500, 1353, 1577, 1496, 1483, 1383, 1431, 1554, 1531, 1618, 1538, 1503, 1517, 1726, 1616, 1440, 1393, 1402, 1486, 1427, 1475, 1433, 1647, 1459, 1400, 1723, 1520, 1653, 1473, 1602, 1471, 1404, 1365, 1475, 1448, 1410, 1640, 1462, 1382, 1587, 1522, 1484, 1452, 1508, 1466, 1401, 1449, 1484, 1479, 1560, 1508, 1519, 1487, 1449, 1590, 1626, 1592, 1581, 1525, 1499, 1569, 1650, 1402, 1460, 1608, 1450, 1517, 1441, 1546, 1488, 1609, 1557, 1514, 1475, 1506, 1629, 1511, 1576, 1487, 1405, 1483, 1449, 1464, 1490, 1474, 1666, 1497, 1430, 1462, 1543, 1526, 1511, 1591, 1532, 1613, 1479, 1634, 1506, 1506, 1716, 1443, 1575, 1492, 1524, 1578, 1590, 1512, 1475, 1401, 1553, 1460, 1503, 1379, 1412, 1511, 1562, 1446, 1561, 1492, 1601, 1521, 1606, 1470, 1605, 1531, 1589, 1438, 1334, 1494, 1632, 1534, 1631, 1578, 1460, 1591, 1452, 1503, 1450, 1490, 1401, 1485, 1417, 1499, 1486, 1611, 1561, 1497, 1557, 1459, 1485, 1466, 1504, 1523, 1515, 1559, 1528, 1479, 1492, 1584, 1560, 1534, 1547, 1443, 1519, 1588, 1493, 1580, 1335, 1586, 1435, 1413, 1442, 1400, 1348, 1557, 1517, 1586, 1536, 1514, 1606, 1436, 1484, 1478, 1549, 1624, 1626, 1365, 1594, 1496, 1549, 1489, 1525, 1437, 1542, 1513, 1520, 1536, 1546, 1450, 1551, 1453, 1413, 1594, 1470, 1606, 1474, 1460, 1486, 1458, 1516, 1567, 1409, 1492, 1665, 1735, 1604, 1548, 1547, 1660, 1722, 1447, 1449, 1452, 1514, 1512, 1606, 1562, 1536, 1520, 1438, 1620, 1549, 1645, 1537, 1504, 1396, 1465, 1540, 1587, 1472, 1455, 1563, 1496, 1465, 1440, 1472, 1528, 1393, 1585, 1493, 1513, 1582, 1426, 1542, 1622, 1479, 1556, 1533, 1448, 1553, 1584, 1517, 1472, 1571, 1498, 1498, 1653, 1548, 1493, 1572, 1552, 1468, 1492, 1563, 1432, 1623, 1717, 1562, 1405, 1516, 1428, 1500, 1545, 1512, 1511, 1512, 1584, 1492, 1467, 1489, 1507, 1469, 1504, 1437, 1394, 1448, 1488, 1457, 1532, 1647, 1500, 1606, 1521, 1654, 1531, 1545, 1492, 1562, 1681, 1425, 1420, 1475, 1394, 1479, 1462, 1462, 1500, 1619, 1688, 1424, 1393, 1509, 1271, 1701, 1631, 1555, 1360, 1526, 1537, 1509, 1450, 1481, 1426, 1559, 1537, 1560, 1569, 1474, 1595, 1563, 1577, 1629, 1414, 1606, 1550, 1436, 1581, 1557, 1446, 1637, 1474, 1420, 1518, 1549, 1663, 1536, 1481, 1551, 1362, 1512, 1536, 1503, 1664, 1419, 1437, 1475, 1506, 1401, 1489, 1549, 1406, 1365, 1559, 1423, 1539, 1384, 1434, 1590, 1593, 1550, 1407, 1440, 1508, 1467, 1410, 1459, 1637, 1608, 1531, 1495, 1377, 1486, 1599, 1586, 1577, 1490, 1460, 1459, 1427, 1438, 1592, 1563, 1547, 1581, 1412, 1551, 1380, 1555, 1609, 1498, 1543, 1801, 1375, 1472, 1736, 1527, 1591, 1571, 1592, 1437, 1473, 1431, 1463, 1392, 1489, 1469, 1643, 1446, 1488, 1548, 1397, 1573, 1456, 1507, 1449, 1580, 1569, 1425, 1400, 1477, 1543, 1394, 1557, 1386, 1610, 1485, 1552, 1466, 1490, 1464, 1454, 1536, 1420, 1504, 1390, 1645, 1552, 1517, 1691, 1620, 1491, 1589, 1451, 1413, 1461, 1512, 1561, 1481, 1443, 1470, 1506, 1444, 1534, 1520, 1540, 1630, 1483, 1501, 1420, 1520, 1620, 1479, 1538, 1602, 1486, 1434, 1614, 1709, 1510, 1417, 1521, 1558, 1543, 1469, 1411, 1330, 1442, 1476, 1535, 1535, 1539, 1432, 1535, 1396, 1581, 1561, 1561, 1515, 1518, 1464, 1490, 1509, 1678, 1635, 1347, 1347, 1534, 1511, 1409, 1587, 1528, 1549, 1582, 1584, 1411, 1491, 1526, 1519, 1440, 1500, 1488, 1581, 1518, 1455, 1480, 1548, 1444, 1451, 1539, 1589, 1520, 1478, 1528, 1600, 1523, 1465, 1563, 1441, 1419, 1614, 1537, 1400, 1411, 1345, 1601, 1435, 1556, 1455, 1541, 1581, 1590, 1563, 1473, 1689, 1527, 1615, 1477, 1617, 1543, 1416, 1443, 1530, 1580, 1598, 1343, 1600, 1492, 1609, 1421, 1493, 1653, 1510, 1410, 1393, 1694, 1561, 1321, 1547, 1424, 1423, 1404, 1453, 1624, 1555, 1549, 1503, 1455, 1537, 1460, 1739, 1436, 1457, 1596, 1370, 1572, 1451, 1581, 1551, 1557, 1447, 1517, 1527, 1653, 1523, 1382, 1554, 1589, 1566, 1482, 1578, 1562, 1493, 1562, 1554, 1519, 1559, 1517, 1558, 1600, 1558, 1484, 1345, 1528, 1532, 1537, 1585, 1495, 1462, 1549, 1525, 1444, 1517, 1417, 1454, 1536, 1536, 1355, 1514, 1360, 1461, 1526, 1551, 1527, 1508, 1611, 1577, 1716, 1627, 1467, 1566, 1501, 1390, 1587, 1459, 1425, 1478, 1514, 1390, 1495, 1469, 1546, 1482, 1446, 1574, 1471, 1507, 1533, 1621, 1518, 1550, 1563, 1375, 1543, 1623, 1508, 1514, 1637, 1624, 1503, 1414, 1396, 1533, 1584, 1513, 1448, 1471, 1525, 1330, 1418, 1461, 1646, 1517, 1391, 1483, 1457, 1564, 1551, 1407, 1329, 1513, 1517, 1559, 1641, 1540, 1510, 1414, 1504, 1545, 1607, 1471, 1489, 1342, 1464, 1360, 1551, 1479, 1491, 1439, 1485, 1566, 1339, 1478, 1551, 1429, 1470, 1524, 1483, 1506, 1531, 1496, 1435, 1507, 1485, 1426, 1472, 1551, 1492, 1543, 1552, 1599, 1558, 1504, 1531, 1562, 1681, 1528, 1496, 1488, 1605, 1481, 1473, 1500, 1583, 1600, 1543, 1542, 1395, 1644, 1417, 1495, 1527, 1513, 1533, 1433, 1581, 1562, 1460, 1609, 1406, 1416, 1425, 1575, 1473, 1496, 1312, 1437, 1505, 1652, 1571, 1551, 1463, 1442, 1433, 1455, 1501, 1577, 1645, 1607, 1566, 1442, 1646, 1567, 1359, 1464, 1515, 1628, 1501, 1611, 1548, 1392, 1620, 1600, 1451, 1548, 1614, 1386, 1531, 1537, 1533, 1614, 1431, 1553, 1542, 1452, 1458, 1496, 1455, 1551, 1502, 1401, 1539, 1571, 1525, 1510, 1577, 1560, 1431, 1463, 1355, 1498, 1505, 1326, 1568, 1638, 1437, 1572, 1508, 1567, 1477, 1481, 1582, 1448, 1613, 1499, 1513, 1634, 1580, 1426, 1562, 1596, 1496, 1656, 1574, 1540, 1581, 1635, 1366, 1605, 1579, 1430, 1454, 1598, 1342, 1428, 1529, 1482, 1483, 1433, 1496, 1478, 1615, 1390, 1474, 1281, 1495, 1538, 1360, 1557, 1514, 1609, 1541, 1426, 1390, 1468, 1513, 1469, 1421, 1580, 1334, 1517, 1428, 1436, 1506, 1668, 1619, 1447, 1451, 1430, 1278, 1486, 1506, 1447, 1655, 1521, 1587, 1482, 1485, 1444, 1437, 1534, 1411, 1494, 1495, 1500, 1469, 1630, 1556, 1448, 1649, 1486, 1599, 1504, 1608, 1577, 1498, 1443, 1523, 1545, 1544, 1442, 1531, 1554, 1499, 1468, 1520, 1377, 1615, 1581, 1504, 1529, 1647, 1715, 1590, 1526, 1515, 1555, 1562, 1462, 1430, 1634, 1515, 1577, 1479, 1486, 1485, 1393, 1608, 1547, 1467, 1529, 1404, 1562, 1568, 1485, 1561, 1542, 1547, 1515, 1476, 1509, 1426, 1581, 1521, 1503, 1476, 1568, 1595, 1420, 1452, 1519, 1523, 1545, 1489, 1352, 1522, 1466, 1651, 1509, 1578, 1547, 1486, 1558, 1435, 1519, 1523, 1586, 1576, 1633, 1499, 1477, 1472, 1538, 1644, 1486, 1538, 1539, 1477, 1515, 1574, 1466, 1478, 1359, 1556, 1498, 1467, 1645, 1643, 1532, 1456, 1542, 1525, 1523, 1515, 1443, 1526, 1420, 1521, 1468, 1472, 1542, 1508, 1510, 1496, 1565, 1521, 1574, 1506, 1563, 1494, 1509, 1536, 1519, 1519, 1524, 1497, 1530, 1373, 1514, 1428, 1552, 1491, 1343, 1439, 1640, 1579, 1472, 1552, 1421, 1550, 1569, 1558, 1514, 1626, 1357, 1423, 1424, 1545, 1432, 1550, 1368, 1525, 1606, 1483, 1498, 1575, 1448, 1507, 1516, 1563, 1553, 1458, 1563, 1542, 1508, 1527, 1516, 1545, 1502, 1521, 1640, 1602, 1501, 1650, 1499, 1604, 1637, 1475, 1524, 1483, 1476, 1445, 1611, 1591, 1528, 1380, 1546, 1634, 1366, 1497, 1620, 1475, 1516, 1519, 1597, 1546, 1432, 1480, 1580, 1497, 1432, 1563, 1610, 1474, 1478, 1557, 1383, 1474, 1451, 1406, 1426, 1607, 1421, 1556, 1511, 1643, 1541, 1481, 1574, 1561, 1602, 1584, 1568, 1573, 1508, 1533, 1466, 1518, 1502, 1526, 1525, 1435, 1525, 1651, 1529, 1599, 1557, 1432, 1576, 1630, 1604, 1515, 1616, 1456, 1473, 1504, 1504, 1473, 1518, 1482, 1523, 1504, 1590, 1640, 1624, 1464, 1512, 1420, 1543, 1559, 1576, 1441, 1584, 1592, 1384, 1556, 1515, 1519, 1636, 1449, 1383, 1526, 1554, 1484, 1353, 1667, 1627, 1584, 1486, 1635, 1558, 1432, 1520, 1570, 1535, 1376, 1409, 1614, 1458, 1422, 1413, 1458, 1548, 1645, 1483, 1353, 1472, 1441, 1484, 1560, 1492, 1533, 1465, 1626, 1590, 1585, 1504, 1495, 1559, 1444, 1460, 1435, 1415, 1488, 1635, 1464, 1534, 1423, 1449, 1599, 1503, 1590, 1575, 1449, 1527, 1464, 1521, 1444, 1592, 1600, 1423, 1391, 1575, 1516, 1461, 1433, 1510, 1532, 1573, 1510, 1599, 1581, 1454, 1559, 1411, 1706, 1496, 1419, 1527, 1486, 1588, 1491, 1497, 1619, 1450, 1480, 1501, 1546, 1569, 1632, 1605, 1624, 1457, 1497, 1508, 1429, 1642, 1465, 1510, 1549, 1463, 1550, 1667, 1490, 1574, 1448, 1517, 1624, 1572, 1468, 1555, 1619, 1678, 1528, 1564, 1580, 1491, 1519, 1508, 1479, 1474, 1433, 1489, 1542, 1522, 1473, 1419, 1578, 1585, 1533, 1570, 1460, 1455, 1509, 1512, 1544, 1448, 1407, 1481, 1566, 1411, 1514, 1466, 1495, 1482, 1536, 1605, 1514, 1496, 1532, 1634, 1522, 1536, 1563, 1413, 1603, 1496, 1688, 1540, 1500, 1504, 1617, 1439, 1637, 1580, 1561, 1618, 1426, 1546, 1478, 1517, 1462, 1492, 1559, 1464, 1482, 1492, 1495, 1396, 1433, 1469, 1422, 1397, 1498, 1614, 1516, 1575, 1482, 1546, 1638, 1687, 1569, 1556, 1503, 1577, 1496, 1544, 1464, 1565, 1531, 1463, 1396, 1512, 1519, 1436, 1351, 1454, 1506, 1609, 1513, 1554, 1544, 1538, 1601, 1512, 1492, 1368, 1606, 1439, 1519, 1560, 1486, 1502, 1497, 1468, 1550, 1575, 1586, 1536, 1537, 1586, 1505, 1584, 1598, 1531, 1567, 1443, 1551, 1417, 1610, 1506, 1659, 1577, 1638, 1543, 1661, 1522, 1574, 1654, 1582, 1463, 1474, 1439, 1572, 1540, 1554, 1468, 1566, 1473, 1401, 1512, 1524, 1685, 1526, 1438, 1491, 1543, 1510, 1533, 1533, 1598, 1377, 1477, 1466, 1483, 1421, 1538, 1464, 1548, 1581, 1542, 1555, 1541, 1580, 1465, 1514, 1595, 1344, 1454, 1552, 1527, 1432, 1438, 1466, 1463, 1623, 1511, 1428, 1564, 1500, 1584, 1504, 1423, 1490, 1622, 1528, 1576, 1549, 1409, 1558, 1453, 1525, 1601, 1511, 1477, 1642, 1451, 1475, 1568, 1436, 1547, 1571, 1488, 1510, 1425, 1432, 1631, 1443, 1520, 1453, 1483, 1477, 1474, 1521, 1513, 1561, 1550, 1508, 1488, 1587, 1430, 1402, 1320, 1594, 1596, 1507, 1599, 1520, 1376, 1496, 1414, 1471, 1494, 1479, 1403, 1571, 1537, 1501, 1781, 1526, 1522, 1445, 1649, 1566, 1563, 1626, 1538, 1552, 1542, 1436, 1495, 1469, 1546, 1479, 1587, 1511, 1452, 1505, 1346, 1487, 1461, 1606, 1587, 1386, 1627, 1546, 1591, 1556, 1459, 1565, 1558, 1492, 1602, 1577, 1416, 1547, 1513, 1404, 1516, 1555, 1611, 1533, 1495, 1607, 1604, 1645, 1679, 1502, 1559, 1519, 1471, 1509, 1545, 1581, 1508, 1511, 1496, 1609, 1466, 1566, 1401, 1437, 1545, 1439, 1524, 1572, 1614, 1436, 1464, 1424, 1523, 1572, 1524, 1593, 1491, 1535, 1441, 1494, 1409, 1399, 1523, 1564, 1665, 1450, 1563, 1422, 1497, 1608, 1422, 1463, 1426, 1478, 1460, 1572, 1502, 1499, 1481, 1574, 1454, 1533, 1475, 1579, 1412, 1515, 1495, 1568, 1477, 1489, 1508, 1503, 1436, 1424, 1504, 1463, 1507, 1546, 1475, 1448, 1557, 1511, 1531, 1507, 1512, 1347, 1532, 1503, 1628, 1594, 1513, 1505, 1352, 1494, 1570, 1447, 1502, 1420, 1447, 1444, 1426, 1658, 1556, 1438, 1704, 1498, 1625, 1582, 1594, 1488, 1487, 1570, 1451, 1582, 1461, 1421, 1505, 1474, 1519, 1512, 1535, 1558, 1505, 1382, 1359, 1492, 1596, 1516, 1449, 1504, 1625, 1589, 1541, 1661, 1552, 1484, 1379, 1578, 1651, 1414, 1527, 1513, 1509, 1574, 1467, 1508, 1562, 1471, 1467, 1413, 1459, 1439, 1584, 1541, 1634, 1589, 1516, 1586, 1420, 1484, 1442, 1539, 1605, 1605, 1648, 1520, 1510, 1544, 1619, 1544, 1401, 1473, 1582, 1492, 1610, 1635, 1521, 1555, 1561, 1582, 1517, 1396, 1639, 1454, 1303, 1605, 1632, 1547, 1415, 1386, 1475, 1612, 1539, 1466, 1548, 1486, 1510, 1380, 1444, 1585, 1661, 1533, 1498, 1432, 1474, 1598, 1567, 1566, 1505, 1561, 1316, 1351, 1573, 1535, 1380, 1621, 1453, 1481, 1539, 1571, 1501, 1480, 1519, 1528, 1461, 1436, 1427, 1419, 1490, 1447, 1583, 1483, 1508, 1429, 1631, 1424, 1606, 1588, 1648, 1502, 1440, 1308, 1447, 1523, 1429, 1433, 1531, 1442, 1574, 1569, 1487, 1481, 1530, 1405, 1422, 1562, 1401, 1475, 1401, 1484, 1461, 1317, 1500, 1533, 1533, 1444, 1507, 1397, 1450, 1409, 1422, 1524, 1463, 1519, 1391, 1568, 1455, 1698, 1569, 1510, 1344, 1417, 1494, 1572, 1526, 1417, 1587, 1513, 1495, 1437, 1543, 1463, 1560, 1569, 1594, 1473, 1512, 1613, 1636, 1495, 1478, 1499, 1473, 1552, 1563, 1524, 1570, 1481, 1444, 1581, 1364, 1316, 1569, 1564, 1531, 1405, 1414, 1415, 1576, 1374, 1466, 1517, 1423, 1447, 1530, 1438, 1519, 1535, 1463, 1585, 1562, 1501, 1392, 1517, 1569, 1423, 1361, 1535, 1460, 1611, 1445, 1522, 1602, 1504, 1460, 1531, 1504, 1423, 1527, 1514, 1377, 1600, 1401, 1438, 1594, 1547, 1678, 1402, 1642, 1589, 1514, 1561, 1498, 1534, 1604, 1544, 1576, 1465, 1503, 1554, 1549, 1440, 1468, 1587, 1514, 1562, 1490, 1548, 1606, 1583, 1392, 1462, 1508, 1546, 1443, 1418, 1472, 1471, 1519, 1435, 1291, 1523, 1320, 1570, 1561, 1507, 1434, 1363, 1491, 1575, 1539, 1498, 1394, 1504, 1471, 1414, 1372, 1506, 1515, 1386, 1517, 1436, 1548, 1554, 1555, 1568, 1497, 1414, 1492, 1450, 1524, 1530, 1710, 1528, 1592, 1489, 1534, 1407, 1464, 1520, 1546, 1560, 1641, 1449, 1571, 1653, 1605, 1412, 1626, 1664, 1465, 1418, 1703, 1421, 1507, 1545, 1525, 1624, 1491, 1569, 1450, 1553, 1518, 1553, 1486, 1444, 1521, 1424, 1432, 1457, 1468, 1457, 1478, 1528, 1618, 1415, 1526, 1563, 1487, 1529, 1564, 1560, 1424, 1548, 1538, 1503, 1350, 1410, 1624, 1535, 1502, 1462, 1320, 1512, 1486, 1499, 1576, 1539, 1392, 1377, 1638, 1396, 1464, 1474, 1322, 1490, 1487, 1663, 1433, 1500, 1623, 1539, 1500, 1714, 1545, 1410, 1558, 1416, 1510, 1527, 1515, 1444, 1488, 1484, 1481, 1527, 1579, 1516, 1431, 1532, 1464, 1627, 1643, 1522, 1558, 1540, 1486, 1493, 1629, 1574, 1504, 1478, 1481, 1510, 1521, 1491, 1627, 1650, 1488, 1396, 1489, 1499, 1573, 1523, 1536, 1637, 1434, 1450, 1531, 1494, 1454, 1498, 1463, 1639, 1416, 1535, 1379, 1500, 1422, 1510, 1503, 1477, 1499, 1521, 1393, 1394, 1528, 1389, 1422, 1375, 1567, 1598, 1373, 1439, 1543, 1424, 1439, 1458, 1587, 1538, 1624, 1503, 1400, 1512, 1518, 1622, 1427, 1641, 1404, 1550, 1480, 1391, 1465, 1430, 1456, 1577, 1541, 1571, 1684, 1546, 1431, 1559, 1599, 1467, 1446, 1538, 1564, 1421, 1466, 1427, 1574, 1570, 1511, 1572, 1481, 1399, 1444, 1593, 1495, 1487, 1537, 1447, 1557, 1578, 1509, 1460, 1623, 1526, 1512, 1548, 1495, 1403, 1515, 1537, 1577, 1662, 1501, 1381, 1458, 1381, 1403, 1505, 1563, 1616, 1547, 1481, 1512, 1432, 1574, 1433, 1545, 1568, 1496, 1520, 1526, 1503, 1574, 1455, 1408, 1570, 1614, 1335, 1597, 1700, 1510, 1595, 1468, 1473, 1507, 1504, 1487, 1413, 1467, 1495, 1387, 1458, 1497, 1508, 1353, 1594, 1465, 1540, 1446, 1486, 1572, 1585, 1446, 1418, 1546, 1436, 1469, 1443, 1625, 1454, 1519, 1432, 1559, 1511, 1436, 1485, 1594, 1551, 1554, 1528, 1637, 1549, 1342, 1549, 1508, 1580, 1528, 1611, 1511, 1407, 1384, 1496, 1543, 1533, 1573, 1426, 1527, 1521, 1575, 1491, 1576, 1536, 1342, 1567, 1456, 1486, 1636, 1503, 1530, 1536, 1605, 1519, 1549, 1504, 1582, 1599, 1547, 1459, 1588, 1369, 1465, 1547, 1487, 1542, 1444, 1446, 1473, 1459, 1656, 1440, 1485, 1509, 1580, 1572, 1526, 1533, 1518, 1640, 1464, 1531, 1566, 1542, 1526, 1529, 1516, 1591, 1524, 1625, 1428, 1512, 1525, 1618, 1542, 1473, 1538, 1461, 1408, 1386, 1445, 1490, 1461, 1566, 1474, 1521, 1482, 1502, 1397, 1547, 1492, 1375, 1383, 1647, 1445, 1394, 1440, 1586, 1546, 1541, 1559, 1530, 1448, 1668, 1629, 1416, 1549, 1429, 1574, 1463, 1369, 1537, 1550, 1491, 1453, 1577, 1562, 1451, 1425, 1480, 1531, 1389, 1611, 1523, 1480, 1439, 1455, 1456, 1524, 1402, 1442, 1436, 1381, 1362, 1567, 1584, 1527, 1463, 1544, 1524, 1515, 1560, 1498, 1485, 1464, 1600, 1533, 1487, 1370, 1471, 1536, 1280, 1529, 1493, 1531, 1597, 1547, 1489, 1559, 1461, 1406, 1424, 1441, 1400, 1498, 1531, 1447, 1684, 1509, 1519, 1502, 1593, 1532, 1574, 1400, 1497, 1488, 1497, 1452, 1494, 1581, 1397, 1490, 1657, 1517, 1507, 1500, 1648, 1499, 1552, 1497, 1427, 1801, 1528, 1472, 1533, 1512, 1610, 1629, 1436, 1469, 1426, 1524, 1382, 1288, 1523, 1390, 1482, 1457, 1467, 1486, 1446, 1547, 1652, 1494, 1454, 1405, 1674, 1581, 1426, 1542, 1511, 1549, 1406, 1367, 1456, 1490, 1545, 1667, 1569, 1333, 1453, 1532, 1541, 1635, 1490, 1590, 1423, 1499, 1516, 1576, 1586, 1554, 1563, 1513, 1534, 1646, 1548, 1524, 1486, 1410, 1434, 1482, 1491, 1551, 1531, 1622, 1536, 1450, 1517, 1472, 1525, 1474, 1464, 1330, 1490, 1424, 1609, 1468, 1407, 1472, 1459, 1384, 1508, 1440, 1525, 1422, 1452, 1517, 1795, 1438, 1506, 1569, 1418, 1378, 1482, 1533, 1474, 1641, 1432, 1509, 1617, 1585, 1480, 1514, 1537, 1555, 1503, 1514, 1536, 1643, 1597, 1498, 1388, 1470, 1450, 1641, 1489, 1574, 1465, 1554, 1582, 1413, 1456, 1435, 1490, 1468, 1527, 1364, 1604, 1490, 1407, 1447, 1339, 1625, 1552, 1490, 1471, 1322, 1560, 1542, 1632, 1615, 1605, 1519, 1526, 1402, 1605, 1604, 1654, 1486, 1443, 1494, 1354, 1467, 1522, 1656, 1551, 1510, 1383, 1475, 1517, 1472, 1543, 1443, 1649, 1489, 1742, 1452, 1398, 1562, 1613, 1600, 1572, 1462, 1468, 1589, 1584, 1455, 1590, 1407, 1598, 1498, 1510, 1380, 1372, 1511, 1530, 1606, 1713, 1474, 1609, 1505, 1555, 1502, 1442, 1509, 1472, 1496, 1425, 1592, 1604, 1625, 1489, 1544, 1601, 1614, 1473, 1526, 1416, 1428, 1591, 1438, 1511, 1567, 1438, 1562, 1591, 1488, 1524, 1558, 1491, 1397, 1421, 1556, 1556, 1467, 1519, 1584, 1612, 1413, 1577, 1568, 1504, 1445, 1465, 1493, 1393, 1426, 1508, 1492, 1563, 1595, 1516, 1528, 1524, 1559, 1601, 1535, 1538, 1478, 1478, 1586, 1400, 1575, 1510, 1512, 1498, 1488, 1392, 1545, 1489, 1438, 1623, 1622, 1608, 1480, 1572, 1627, 1551, 1490, 1585, 1422, 1578, 1471, 1596, 1585, 1471, 1630, 1425, 1512, 1471, 1454, 1613, 1335, 1620, 1530, 1358, 1433, 1542, 1454, 1552, 1429, 1475, 1340, 1455, 1643, 1632, 1639, 1520, 1535, 1530, 1488, 1468, 1380, 1517, 1547, 1649, 1589, 1465, 1504, 1564, 1497, 1547, 1606, 1570, 1470, 1545, 1441, 1452, 1591, 1522, 1452, 1482, 1653, 1585, 1537, 1460, 1468, 1523, 1475, 1411, 1449, 1456, 1505, 1585, 1559, 1459, 1590, 1450, 1442, 1605, 1555, 1649, 1464, 1443, 1508, 1392, 1417, 1547, 1454, 1514, 1482, 1654, 1581, 1558, 1524, 1467, 1441, 1583, 1644, 1572, 1559, 1365, 1555, 1506, 1509, 1578, 1489, 1542, 1414, 1436, 1544, 1506, 1601, 1497, 1493, 1514, 1485, 1402, 1462, 1482, 1599, 1562, 1593, 1547, 1438, 1505, 1572, 1512, 1456, 1434, 1356, 1582, 1449, 1510, 1612, 1544, 1567, 1521, 1483, 1553, 1505, 1375, 1575, 1531, 1495, 1515, 1533, 1552, 1547, 1475, 1603, 1412, 1514, 1467, 1401, 1478, 1499, 1506, 1590, 1478, 1376, 1480, 1423, 1433, 1409, 1437, 1503, 1568, 1584, 1542, 1662, 1620, 1477, 1616, 1488, 1421, 1522, 1377, 1604, 1489, 1597, 1448, 1665, 1444, 1509, 1471, 1469, 1464, 1382, 1432, 1576, 1402, 1518, 1447, 1433, 1641, 1366, 1490, 1486, 1454, 1486, 1540, 1428, 1490, 1484, 1562, 1606, 1497, 1392, 1482, 1525, 1411, 1467, 1539, 1407, 1594, 1504, 1504, 1456, 1658, 1588, 1428, 1464, 1516, 1577, 1578, 1464, 1517, 1435, 1512, 1418, 1633, 1369, 1513, 1672, 1371, 1504, 1572, 1496, 1456, 1476, 1445, 1533, 1484, 1530, 1525, 1486, 1480, 1397, 1454, 1556, 1447, 1486, 1481, 1464, 1625, 1584, 1471, 1467, 1522, 1523, 1451, 1492, 1505, 1376, 1609, 1503, 1464, 1482, 1527, 1585, 1410, 1481, 1436, 1528, 1492, 1462]

[btf]
  Promedio : 2763.5s
  Desvío   : 54.2s
  IC 95%   : [2762.0s, 2765.0s]
  Mínimo   : 2569s
  Máximo   : 2976s
  Tiempos  : [2761, 2874, 2735, 2891, 2783, 2720, 2721, 2712, 2654, 2806, 2743, 2811, 2708, 2743, 2732, 2853, 2791, 2814, 2736, 2874, 2781, 2846, 2870, 2742, 2696, 2768, 2757, 2716, 2772, 2695, 2791, 2724, 2701, 2797, 2739, 2706, 2753, 2785, 2710, 2765, 2762, 2726, 2823, 2764, 2752, 2748, 2755, 2668, 2763, 2895, 2738, 2797, 2691, 2784, 2731, 2758, 2786, 2698, 2751, 2750, 2733, 2756, 2796, 2827, 2764, 2814, 2829, 2769, 2738, 2763, 2796, 2767, 2706, 2701, 2688, 2678, 2845, 2671, 2779, 2760, 2839, 2682, 2772, 2815, 2813, 2777, 2700, 2666, 2695, 2659, 2872, 2862, 2738, 2746, 2785, 2837, 2785, 2786, 2764, 2699, 2760, 2756, 2736, 2747, 2769, 2783, 2810, 2630, 2706, 2700, 2745, 2785, 2791, 2745, 2680, 2645, 2714, 2820, 2766, 2759, 2734, 2827, 2734, 2774, 2737, 2817, 2775, 2744, 2760, 2786, 2636, 2754, 2775, 2765, 2739, 2773, 2746, 2805, 2704, 2771, 2761, 2751, 2715, 2681, 2675, 2784, 2865, 2677, 2691, 2764, 2696, 2735, 2766, 2785, 2686, 2721, 2805, 2718, 2772, 2856, 2726, 2655, 2739, 2771, 2737, 2812, 2819, 2723, 2736, 2786, 2709, 2765, 2776, 2765, 2825, 2740, 2828, 2724, 2803, 2727, 2848, 2785, 2776, 2812, 2758, 2736, 2829, 2676, 2766, 2729, 2821, 2771, 2826, 2805, 2782, 2684, 2677, 2815, 2884, 2852, 2759, 2719, 2740, 2760, 2764, 2831, 2741, 2735, 2797, 2714, 2673, 2846, 2830, 2675, 2714, 2671, 2788, 2776, 2733, 2769, 2781, 2738, 2776, 2729, 2760, 2698, 2804, 2840, 2756, 2749, 2770, 2673, 2812, 2834, 2793, 2689, 2765, 2738, 2749, 2781, 2784, 2753, 2689, 2783, 2769, 2704, 2709, 2748, 2862, 2781, 2779, 2793, 2802, 2808, 2706, 2746, 2788, 2765, 2743, 2830, 2710, 2705, 2714, 2730, 2803, 2806, 2745, 2825, 2807, 2816, 2773, 2811, 2756, 2748, 2796, 2717, 2741, 2761, 2779, 2726, 2758, 2736, 2718, 2759, 2806, 2788, 2819, 2692, 2752, 2769, 2913, 2821, 2747, 2807, 2761, 2737, 2761, 2804, 2659, 2739, 2696, 2745, 2756, 2872, 2721, 2782, 2663, 2838, 2823, 2759, 2800, 2754, 2715, 2817, 2748, 2691, 2792, 2820, 2852, 2728, 2720, 2768, 2814, 2809, 2855, 2786, 2745, 2723, 2782, 2794, 2685, 2874, 2806, 2703, 2774, 2727, 2702, 2733, 2758, 2813, 2761, 2719, 2782, 2730, 2656, 2660, 2677, 2798, 2802, 2725, 2724, 2763, 2788, 2777, 2713, 2802, 2820, 2744, 2881, 2710, 2730, 2790, 2765, 2703, 2770, 2776, 2771, 2866, 2662, 2873, 2756, 2727, 2731, 2772, 2707, 2690, 2757, 2758, 2731, 2747, 2800, 2756, 2767, 2690, 2755, 2743, 2685, 2771, 2737, 2794, 2790, 2680, 2840, 2764, 2790, 2679, 2738, 2871, 2728, 2759, 2722, 2718, 2603, 2677, 2834, 2774, 2763, 2848, 2687, 2782, 2826, 2657, 2679, 2706, 2783, 2690, 2726, 2772, 2759, 2734, 2917, 2869, 2725, 2750, 2761, 2668, 2750, 2748, 2867, 2788, 2737, 2750, 2777, 2692, 2773, 2791, 2839, 2798, 2828, 2804, 2750, 2733, 2895, 2784, 2717, 2678, 2775, 2769, 2781, 2683, 2814, 2750, 2823, 2763, 2694, 2744, 2910, 2695, 2761, 2776, 2776, 2808, 2831, 2719, 2837, 2741, 2707, 2871, 2777, 2788, 2741, 2753, 2760, 2640, 2805, 2762, 2790, 2786, 2656, 2622, 2843, 2743, 2784, 2825, 2761, 2704, 2834, 2741, 2810, 2761, 2736, 2829, 2770, 2644, 2803, 2685, 2675, 2703, 2756, 2976, 2675, 2778, 2787, 2798, 2732, 2849, 2739, 2757, 2782, 2812, 2792, 2766, 2830, 2773, 2747, 2793, 2742, 2824, 2774, 2721, 2773, 2862, 2881, 2684, 2734, 2680, 2738, 2843, 2778, 2664, 2837, 2828, 2844, 2853, 2838, 2805, 2843, 2707, 2672, 2793, 2625, 2747, 2681, 2704, 2742, 2756, 2753, 2733, 2818, 2761, 2773, 2812, 2804, 2905, 2726, 2662, 2826, 2662, 2723, 2762, 2801, 2891, 2789, 2794, 2864, 2716, 2816, 2815, 2769, 2749, 2752, 2739, 2751, 2845, 2773, 2743, 2814, 2711, 2616, 2720, 2755, 2736, 2747, 2807, 2794, 2707, 2780, 2729, 2778, 2879, 2718, 2695, 2714, 2817, 2723, 2698, 2779, 2727, 2822, 2723, 2856, 2756, 2749, 2770, 2802, 2838, 2849, 2699, 2838, 2735, 2773, 2797, 2754, 2778, 2757, 2717, 2707, 2739, 2847, 2788, 2765, 2784, 2720, 2685, 2843, 2824, 2844, 2702, 2790, 2736, 2747, 2715, 2817, 2737, 2735, 2658, 2778, 2784, 2764, 2739, 2701, 2711, 2759, 2703, 2775, 2811, 2786, 2740, 2823, 2708, 2789, 2735, 2800, 2790, 2755, 2777, 2819, 2656, 2704, 2758, 2812, 2713, 2685, 2883, 2796, 2693, 2806, 2814, 2627, 2734, 2748, 2758, 2815, 2837, 2691, 2754, 2680, 2657, 2815, 2781, 2714, 2704, 2665, 2706, 2787, 2740, 2702, 2747, 2771, 2852, 2697, 2791, 2841, 2816, 2677, 2724, 2772, 2699, 2734, 2847, 2748, 2859, 2693, 2849, 2756, 2727, 2694, 2770, 2886, 2772, 2732, 2760, 2734, 2761, 2662, 2768, 2834, 2782, 2803, 2709, 2723, 2715, 2647, 2751, 2701, 2720, 2692, 2708, 2722, 2733, 2772, 2740, 2718, 2893, 2741, 2758, 2746, 2701, 2755, 2812, 2746, 2735, 2738, 2783, 2874, 2797, 2876, 2867, 2833, 2692, 2767, 2816, 2744, 2806, 2801, 2840, 2764, 2798, 2727, 2696, 2726, 2704, 2809, 2770, 2840, 2845, 2790, 2733, 2688, 2739, 2858, 2755, 2697, 2725, 2833, 2812, 2764, 2768, 2763, 2818, 2846, 2860, 2730, 2725, 2762, 2755, 2764, 2778, 2664, 2716, 2730, 2747, 2736, 2719, 2797, 2787, 2797, 2725, 2733, 2856, 2815, 2797, 2897, 2812, 2753, 2754, 2795, 2722, 2715, 2752, 2832, 2854, 2816, 2792, 2677, 2723, 2720, 2755, 2751, 2716, 2748, 2707, 2734, 2760, 2653, 2783, 2768, 2725, 2787, 2705, 2687, 2703, 2794, 2781, 2728, 2749, 2859, 2644, 2720, 2737, 2771, 2764, 2684, 2801, 2722, 2746, 2841, 2867, 2782, 2870, 2752, 2769, 2781, 2662, 2789, 2799, 2799, 2739, 2792, 2826, 2802, 2702, 2740, 2715, 2742, 2669, 2769, 2777, 2736, 2801, 2731, 2843, 2723, 2617, 2720, 2790, 2844, 2928, 2805, 2780, 2772, 2758, 2824, 2758, 2811, 2828, 2645, 2733, 2835, 2679, 2759, 2749, 2705, 2765, 2679, 2689, 2747, 2768, 2728, 2793, 2765, 2758, 2779, 2901, 2804, 2717, 2719, 2704, 2807, 2813, 2760, 2725, 2875, 2647, 2686, 2793, 2836, 2807, 2786, 2775, 2823, 2807, 2733, 2752, 2744, 2848, 2768, 2742, 2707, 2705, 2708, 2719, 2826, 2783, 2661, 2843, 2825, 2878, 2811, 2675, 2739, 2818, 2830, 2807, 2751, 2726, 2769, 2752, 2800, 2791, 2670, 2771, 2796, 2851, 2756, 2767, 2813, 2778, 2718, 2752, 2769, 2745, 2711, 2737, 2718, 2741, 2767, 2728, 2767, 2749, 2782, 2800, 2731, 2725, 2779, 2684, 2771, 2731, 2770, 2721, 2782, 2704, 2697, 2805, 2741, 2777, 2859, 2750, 2839, 2799, 2800, 2742, 2818, 2765, 2686, 2807, 2799, 2752, 2775, 2691, 2775, 2835, 2766, 2782, 2762, 2754, 2767, 2758, 2736, 2783, 2733, 2828, 2840, 2733, 2823, 2754, 2782, 2767, 2793, 2816, 2726, 2669, 2774, 2770, 2718, 2826, 2697, 2749, 2727, 2768, 2735, 2718, 2754, 2821, 2787, 2807, 2807, 2767, 2755, 2737, 2761, 2708, 2795, 2796, 2803, 2779, 2770, 2835, 2833, 2684, 2780, 2674, 2789, 2811, 2646, 2747, 2791, 2760, 2801, 2759, 2756, 2717, 2690, 2795, 2695, 2859, 2768, 2771, 2813, 2661, 2718, 2819, 2815, 2841, 2704, 2774, 2771, 2700, 2697, 2775, 2745, 2716, 2709, 2785, 2784, 2703, 2809, 2731, 2729, 2815, 2809, 2697, 2664, 2877, 2775, 2698, 2755, 2700, 2870, 2836, 2733, 2866, 2749, 2846, 2737, 2838, 2804, 2819, 2748, 2758, 2682, 2740, 2865, 2687, 2737, 2824, 2864, 2698, 2723, 2754, 2820, 2811, 2645, 2734, 2748, 2827, 2737, 2787, 2710, 2713, 2846, 2920, 2837, 2791, 2746, 2816, 2765, 2682, 2776, 2726, 2666, 2784, 2868, 2817, 2780, 2750, 2820, 2868, 2888, 2836, 2762, 2720, 2796, 2717, 2738, 2711, 2734, 2752, 2783, 2836, 2771, 2816, 2755, 2728, 2733, 2952, 2737, 2737, 2768, 2719, 2824, 2790, 2743, 2827, 2729, 2800, 2738, 2719, 2747, 2762, 2691, 2688, 2721, 2763, 2788, 2785, 2911, 2724, 2865, 2728, 2778, 2745, 2904, 2772, 2689, 2694, 2756, 2829, 2691, 2776, 2729, 2772, 2738, 2774, 2792, 2675, 2744, 2734, 2857, 2777, 2800, 2790, 2784, 2780, 2715, 2774, 2749, 2779, 2728, 2682, 2781, 2737, 2715, 2724, 2748, 2732, 2877, 2833, 2837, 2800, 2757, 2778, 2736, 2810, 2766, 2736, 2805, 2752, 2805, 2781, 2762, 2761, 2701, 2864, 2771, 2802, 2709, 2737, 2765, 2829, 2762, 2814, 2741, 2803, 2761, 2722, 2742, 2682, 2751, 2712, 2717, 2795, 2789, 2797, 2814, 2778, 2836, 2840, 2774, 2799, 2674, 2763, 2755, 2722, 2793, 2711, 2814, 2764, 2784, 2657, 2768, 2759, 2665, 2709, 2673, 2754, 2707, 2763, 2739, 2753, 2756, 2723, 2800, 2882, 2749, 2764, 2947, 2772, 2772, 2728, 2769, 2751, 2691, 2688, 2833, 2705, 2798, 2751, 2747, 2746, 2752, 2719, 2734, 2709, 2802, 2678, 2795, 2728, 2885, 2746, 2832, 2725, 2782, 2782, 2770, 2736, 2793, 2726, 2745, 2815, 2744, 2825, 2717, 2805, 2795, 2762, 2809, 2797, 2842, 2780, 2689, 2744, 2765, 2783, 2703, 2737, 2781, 2849, 2851, 2725, 2756, 2684, 2679, 2649, 2820, 2691, 2790, 2740, 2838, 2758, 2778, 2887, 2786, 2739, 2747, 2772, 2823, 2711, 2780, 2783, 2773, 2720, 2701, 2736, 2754, 2834, 2744, 2743, 2844, 2736, 2800, 2672, 2787, 2777, 2759, 2759, 2732, 2818, 2767, 2790, 2696, 2822, 2777, 2693, 2689, 2702, 2644, 2666, 2755, 2770, 2759, 2779, 2776, 2836, 2876, 2788, 2702, 2743, 2858, 2746, 2675, 2690, 2797, 2646, 2707, 2778, 2810, 2783, 2771, 2711, 2650, 2774, 2694, 2753, 2771, 2733, 2743, 2656, 2782, 2793, 2708, 2758, 2748, 2598, 2828, 2866, 2786, 2811, 2748, 2750, 2782, 2742, 2697, 2729, 2834, 2850, 2775, 2742, 2752, 2758, 2719, 2785, 2815, 2848, 2837, 2665, 2685, 2871, 2767, 2758, 2732, 2812, 2807, 2715, 2821, 2769, 2762, 2726, 2829, 2772, 2772, 2654, 2800, 2840, 2740, 2767, 2801, 2676, 2746, 2780, 2759, 2734, 2818, 2723, 2754, 2688, 2803, 2700, 2855, 2821, 2762, 2633, 2796, 2782, 2779, 2698, 2783, 2765, 2815, 2750, 2789, 2739, 2713, 2739, 2751, 2849, 2836, 2801, 2815, 2804, 2662, 2741, 2774, 2827, 2887, 2742, 2711, 2822, 2794, 2779, 2782, 2761, 2669, 2658, 2670, 2709, 2755, 2683, 2806, 2892, 2632, 2674, 2707, 2769, 2750, 2751, 2770, 2813, 2641, 2742, 2730, 2708, 2704, 2776, 2835, 2728, 2777, 2834, 2659, 2766, 2691, 2708, 2703, 2859, 2749, 2756, 2805, 2727, 2772, 2741, 2769, 2765, 2710, 2777, 2636, 2778, 2767, 2671, 2815, 2735, 2764, 2807, 2847, 2782, 2774, 2717, 2901, 2666, 2834, 2817, 2748, 2778, 2706, 2841, 2754, 2728, 2809, 2811, 2755, 2719, 2706, 2851, 2801, 2808, 2665, 2811, 2743, 2740, 2765, 2711, 2711, 2734, 2751, 2775, 2756, 2703, 2727, 2765, 2845, 2738, 2764, 2731, 2708, 2817, 2789, 2680, 2832, 2818, 2817, 2689, 2813, 2789, 2749, 2725, 2784, 2780, 2809, 2811, 2708, 2729, 2701, 2767, 2841, 2790, 2785, 2668, 2720, 2794, 2680, 2783, 2795, 2821, 2814, 2876, 2788, 2771, 2829, 2747, 2832, 2636, 2783, 2674, 2721, 2760, 2719, 2619, 2724, 2640, 2704, 2747, 2773, 2821, 2882, 2766, 2793, 2732, 2806, 2758, 2797, 2777, 2710, 2751, 2806, 2760, 2737, 2743, 2780, 2718, 2727, 2722, 2759, 2784, 2741, 2774, 2658, 2716, 2677, 2798, 2813, 2739, 2716, 2802, 2795, 2736, 2757, 2719, 2720, 2869, 2758, 2743, 2810, 2797, 2756, 2819, 2802, 2846, 2794, 2784, 2703, 2800, 2725, 2742, 2783, 2805, 2773, 2652, 2800, 2850, 2642, 2708, 2777, 2712, 2758, 2797, 2680, 2720, 2749, 2681, 2747, 2773, 2716, 2773, 2672, 2772, 2666, 2697, 2724, 2791, 2734, 2792, 2774, 2753, 2754, 2739, 2737, 2757, 2777, 2776, 2763, 2807, 2761, 2817, 2760, 2834, 2770, 2755, 2762, 2828, 2759, 2796, 2734, 2823, 2872, 2714, 2721, 2780, 2723, 2771, 2713, 2740, 2769, 2827, 2701, 2767, 2743, 2760, 2847, 2862, 2699, 2703, 2807, 2785, 2756, 2844, 2819, 2713, 2693, 2736, 2706, 2629, 2838, 2725, 2875, 2752, 2787, 2812, 2779, 2757, 2684, 2733, 2723, 2728, 2725, 2788, 2733, 2766, 2709, 2723, 2744, 2772, 2810, 2772, 2910, 2770, 2763, 2796, 2771, 2737, 2798, 2647, 2788, 2640, 2655, 2725, 2660, 2777, 2776, 2809, 2891, 2815, 2797, 2722, 2801, 2757, 2722, 2728, 2773, 2883, 2647, 2791, 2793, 2717, 2817, 2696, 2729, 2763, 2789, 2767, 2855, 2723, 2723, 2675, 2820, 2622, 2804, 2820, 2842, 2760, 2794, 2815, 2779, 2741, 2720, 2777, 2844, 2807, 2747, 2711, 2780, 2785, 2829, 2774, 2715, 2755, 2812, 2733, 2833, 2763, 2805, 2812, 2727, 2794, 2789, 2839, 2741, 2781, 2777, 2840, 2722, 2804, 2817, 2627, 2834, 2736, 2802, 2748, 2655, 2749, 2720, 2809, 2783, 2778, 2750, 2697, 2857, 2849, 2852, 2672, 2737, 2777, 2722, 2703, 2692, 2807, 2856, 2729, 2818, 2762, 2851, 2783, 2725, 2865, 2722, 2854, 2838, 2788, 2783, 2812, 2748, 2760, 2750, 2760, 2769, 2827, 2752, 2810, 2758, 2772, 2666, 2767, 2816, 2679, 2741, 2830, 2798, 2790, 2662, 2763, 2821, 2790, 2717, 2739, 2806, 2767, 2825, 2828, 2685, 2702, 2740, 2727, 2688, 2776, 2734, 2741, 2709, 2719, 2743, 2783, 2809, 2735, 2695, 2753, 2872, 2754, 2805, 2772, 2760, 2784, 2829, 2828, 2807, 2726, 2738, 2804, 2791, 2755, 2645, 2751, 2703, 2798, 2755, 2785, 2816, 2848, 2696, 2838, 2726, 2720, 2772, 2812, 2730, 2688, 2698, 2808, 2665, 2753, 2774, 2800, 2886, 2705, 2762, 2818, 2742, 2794, 2736, 2679, 2750, 2843, 2707, 2726, 2736, 2742, 2841, 2794, 2814, 2750, 2753, 2724, 2863, 2775, 2783, 2666, 2777, 2839, 2780, 2706, 2794, 2742, 2770, 2808, 2693, 2687, 2838, 2790, 2825, 2788, 2750, 2727, 2716, 2841, 2771, 2787, 2835, 2829, 2829, 2704, 2632, 2666, 2798, 2769, 2845, 2843, 2726, 2767, 2742, 2803, 2686, 2784, 2849, 2711, 2738, 2727, 2797, 2790, 2791, 2689, 2716, 2755, 2810, 2803, 2779, 2772, 2727, 2871, 2803, 2736, 2859, 2783, 2773, 2752, 2780, 2743, 2629, 2694, 2814, 2711, 2793, 2720, 2749, 2769, 2727, 2722, 2724, 2679, 2792, 2725, 2813, 2710, 2753, 2661, 2794, 2796, 2744, 2881, 2833, 2794, 2782, 2758, 2867, 2757, 2832, 2684, 2832, 2808, 2836, 2783, 2610, 2721, 2763, 2768, 2740, 2851, 2742, 2699, 2715, 2720, 2794, 2811, 2798, 2769, 2797, 2691, 2736, 2859, 2764, 2751, 2809, 2871, 2776, 2759, 2800, 2876, 2755, 2749, 2804, 2813, 2739, 2699, 2733, 2686, 2780, 2822, 2800, 2790, 2776, 2790, 2712, 2714, 2686, 2832, 2768, 2813, 2868, 2752, 2797, 2768, 2723, 2802, 2728, 2709, 2800, 2806, 2752, 2777, 2702, 2779, 2748, 2844, 2746, 2820, 2799, 2702, 2742, 2763, 2784, 2811, 2635, 2773, 2827, 2782, 2747, 2739, 2696, 2815, 2704, 2896, 2723, 2827, 2745, 2815, 2808, 2721, 2736, 2734, 2805, 2818, 2851, 2760, 2731, 2831, 2772, 2792, 2824, 2739, 2775, 2728, 2723, 2773, 2737, 2759, 2753, 2739, 2844, 2684, 2799, 2699, 2744, 2686, 2760, 2751, 2829, 2846, 2735, 2701, 2688, 2795, 2726, 2771, 2831, 2641, 2684, 2855, 2736, 2763, 2834, 2709, 2764, 2742, 2668, 2824, 2772, 2736, 2718, 2838, 2729, 2854, 2688, 2769, 2803, 2844, 2569, 2813, 2698, 2752, 2896, 2794, 2726, 2849, 2785, 2676, 2718, 2708, 2799, 2707, 2694, 2789, 2695, 2752, 2857, 2766, 2804, 2738, 2862, 2794, 2772, 2736, 2887, 2781, 2728, 2723, 2700, 2785, 2750, 2723, 2779, 2708, 2759, 2744, 2687, 2775, 2791, 2791, 2753, 2809, 2734, 2810, 2798, 2827, 2760, 2804, 2852, 2803, 2796, 2748, 2704, 2786, 2786, 2725, 2727, 2724, 2771, 2823, 2713, 2788, 2740, 2744, 2685, 2787, 2851, 2829, 2809, 2763, 2801, 2669, 2801, 2799, 2784, 2724, 2687, 2787, 2740, 2793, 2720, 2779, 2811, 2735, 2745, 2786, 2758, 2803, 2791, 2784, 2777, 2806, 2840, 2852, 2830, 2782, 2841, 2728, 2750, 2758, 2747, 2747, 2825, 2719, 2767, 2728, 2755, 2745, 2778, 2693, 2681, 2827, 2771, 2802, 2751, 2712, 2606, 2766, 2804, 2762, 2736, 2683, 2688, 2682, 2738, 2693, 2773, 2770, 2764, 2799, 2734, 2807, 2678, 2895, 2807, 2685, 2770, 2770, 2788, 2741, 2853, 2762, 2741, 2805, 2662, 2758, 2694, 2733, 2707, 2760, 2718, 2764, 2775, 2831, 2731, 2769, 2752, 2658, 2684, 2735, 2746, 2713, 2800, 2806, 2688, 2804, 2707, 2785, 2823, 2851, 2776, 2781, 2781, 2818, 2840, 2739, 2695, 2695, 2717, 2829, 2795, 2757, 2751, 2810, 2800, 2781, 2719, 2730, 2734, 2764, 2785, 2817, 2691, 2703, 2700, 2797, 2801, 2765, 2730, 2781, 2709, 2773, 2664, 2701, 2832, 2739, 2712, 2689, 2834, 2826, 2792, 2790, 2763, 2786, 2806, 2776, 2776, 2696, 2685, 2782, 2800, 2727, 2797, 2693, 2767, 2825, 2772, 2857, 2753, 2643, 2705, 2703, 2725, 2818, 2793, 2767, 2704, 2752, 2769, 2925, 2732, 2878, 2724, 2597, 2737, 2735, 2722, 2778, 2792, 2759, 2791, 2706, 2884, 2721, 2737, 2757, 2781, 2809, 2781, 2922, 2682, 2741, 2737, 2749, 2740, 2812, 2653, 2747, 2739, 2766, 2847, 2771, 2777, 2779, 2750, 2803, 2784, 2688, 2638, 2829, 2782, 2737, 2779, 2758, 2790, 2742, 2786, 2722, 2785, 2721, 2796, 2829, 2767, 2750, 2758, 2834, 2798, 2720, 2729, 2787, 2693, 2784, 2769, 2711, 2716, 2782, 2730, 2708, 2711, 2740, 2768, 2804, 2734, 2858, 2769, 2721, 2737, 2750, 2769, 2752, 2781, 2734, 2689, 2743, 2797, 2782, 2768, 2722, 2753, 2714, 2769, 2689, 2609, 2650, 2819, 2605, 2812, 2781, 2765, 2724, 2732, 2786, 2641, 2728, 2779, 2849, 2796, 2734, 2703, 2746, 2796, 2848, 2730, 2756, 2818, 2783, 2708, 2802, 2758, 2741, 2834, 2807, 2822, 2796, 2744, 2779, 2751, 2761, 2722, 2839, 2691, 2800, 2883, 2770, 2842, 2763, 2760, 2783, 2715, 2821, 2719, 2809, 2838, 2735, 2676, 2667, 2755, 2695, 2680, 2699, 2722, 2729, 2850, 2757, 2794, 2794, 2814, 2890, 2752, 2728, 2811, 2818, 2751, 2776, 2857, 2685, 2835, 2808, 2756, 2823, 2702, 2710, 2791, 2811, 2781, 2715, 2736, 2734, 2775, 2778, 2736, 2702, 2812, 2801, 2748, 2646, 2715, 2808, 2810, 2693, 2724, 2808, 2761, 2805, 2857, 2734, 2725, 2726, 2772, 2744, 2743, 2734, 2799, 2717, 2721, 2795, 2811, 2855, 2822, 2784, 2729, 2719, 2841, 2719, 2745, 2789, 2697, 2744, 2816, 2759, 2840, 2818, 2781, 2671, 2817, 2705, 2790, 2753, 2717, 2759, 2655, 2714, 2831, 2901, 2890, 2720, 2791, 2653, 2722, 2725, 2696, 2802, 2847, 2769, 2715, 2843, 2755, 2735, 2772, 2788, 2843, 2764, 2836, 2736, 2776, 2848, 2796, 2749, 2791, 2825, 2840, 2849, 2765, 2754, 2768, 2751, 2877, 2826, 2842, 2727, 2810, 2750, 2755, 2787, 2758, 2762, 2692, 2820, 2787, 2852, 2820, 2722, 2701, 2753, 2906, 2773, 2716, 2793, 2797, 2729, 2787, 2801, 2680, 2760, 2881, 2845, 2843, 2657, 2796, 2689, 2844, 2742, 2719, 2776, 2787, 2767, 2720, 2837, 2756, 2825, 2711, 2777, 2710, 2775, 2811, 2781, 2830, 2734, 2812, 2863, 2775, 2757, 2836, 2672, 2798, 2746, 2769, 2836, 2765, 2698, 2713, 2838, 2811, 2769, 2712, 2759, 2780, 2743, 2785, 2778, 2780, 2854, 2786, 2775, 2745, 2702, 2806, 2818, 2688, 2753, 2756, 2761, 2771, 2869, 2772, 2901, 2718, 2760, 2770, 2765, 2768, 2776, 2768, 2759, 2731, 2821, 2718, 2731, 2766, 2753, 2772, 2821, 2729, 2842, 2818, 2703, 2696, 2857, 2825, 2795, 2734, 2687, 2791, 2729, 2704, 2784, 2763, 2795, 2767, 2765, 2725, 2728, 2851, 2778, 2711, 2728, 2850, 2882, 2864, 2798, 2706, 2729, 2881, 2734, 2711, 2759, 2774, 2803, 2783, 2726, 2765, 2687, 2764, 2814, 2744, 2748, 2682, 2812, 2787, 2771, 2660, 2777, 2801, 2769, 2791, 2869, 2798, 2756, 2843, 2769, 2813, 2765, 2832, 2813, 2859, 2809, 2758, 2708, 2750, 2801, 2835, 2804, 2774, 2753, 2787, 2793, 2773, 2800, 2740, 2707, 2893, 2765, 2810, 2683, 2813, 2768, 2822, 2761, 2812, 2780, 2747, 2701, 2598, 2775, 2691, 2783, 2771, 2794, 2701, 2743, 2778, 2801, 2761, 2847, 2815, 2764, 2721, 2792, 2766, 2764, 2832, 2736, 2810, 2799, 2778, 2743, 2804, 2738, 2824, 2678, 2780, 2770, 2657, 2768, 2687, 2732, 2733, 2757, 2750, 2890, 2775, 2780, 2685, 2772, 2657, 2707, 2734, 2783, 2824, 2781, 2790, 2847, 2730, 2762, 2740, 2776, 2631, 2711, 2783, 2695, 2811, 2693, 2820, 2692, 2653, 2795, 2662, 2806, 2730, 2744, 2705, 2733, 2776, 2786, 2818, 2791, 2743, 2724, 2742, 2824, 2756, 2684, 2715, 2731, 2736, 2763, 2708, 2710, 2711, 2906, 2803, 2686, 2792, 2684, 2778, 2753, 2722, 2886, 2730, 2829, 2838, 2811, 2807, 2828, 2696, 2764, 2674, 2664, 2801, 2764, 2812, 2821, 2817, 2778, 2834, 2702, 2827, 2793, 2714, 2798, 2788, 2759, 2713, 2772, 2718, 2845, 2643, 2728, 2733, 2793, 2706, 2714, 2799, 2756, 2836, 2808, 2687, 2724, 2784, 2758, 2759, 2716, 2773, 2771, 2858, 2773, 2762, 2682, 2736, 2829, 2775, 2714, 2665, 2621, 2785, 2776, 2781, 2715, 2764, 2733, 2798, 2723, 2824, 2721, 2851, 2787, 2763, 2767, 2831, 2782, 2706, 2787, 2823, 2807, 2745, 2698, 2748, 2719, 2745, 2728, 2671, 2790, 2845, 2739, 2684, 2743, 2802, 2671, 2780, 2716, 2863, 2740, 2758, 2786, 2814, 2765, 2777, 2829, 2707, 2712, 2820, 2784, 2769, 2741, 2742, 2709, 2863, 2729, 2631, 2770, 2807, 2787, 2762, 2736, 2723, 2750, 2763, 2700, 2762, 2752, 2841, 2800, 2683, 2824, 2704, 2722, 2828, 2790, 2720, 2778, 2698, 2790, 2750, 2709, 2805, 2848, 2749, 2859, 2771, 2861, 2824, 2820, 2764, 2715, 2693, 2742, 2793, 2851, 2803, 2821, 2714, 2792, 2725, 2877, 2665, 2764, 2761, 2793, 2713, 2719, 2895, 2772, 2791, 2718, 2777, 2752, 2734, 2803, 2748, 2743, 2741, 2836, 2691, 2738, 2752, 2791, 2761, 2760, 2810, 2780, 2652, 2718, 2774, 2833, 2778, 2732, 2769, 2683, 2849, 2726, 2764, 2851, 2800, 2739, 2674, 2759, 2730, 2751, 2769, 2681, 2820, 2705, 2785, 2725, 2836, 2760, 2810, 2716, 2751, 2823, 2761, 2713, 2798, 2733, 2738, 2828, 2841, 2735, 2751, 2762, 2764, 2763, 2840, 2765, 2733, 2826, 2766, 2718, 2711, 2750, 2737, 2787, 2708, 2755, 2826, 2818, 2772, 2822, 2796, 2676, 2878, 2790, 2818, 2750, 2891, 2705, 2706, 2706, 2792, 2718, 2812, 2736, 2694, 2805, 2747, 2798, 2755, 2773, 2752, 2777, 2717, 2781, 2814, 2687, 2729, 2847, 2743, 2642, 2795, 2804, 2781, 2875, 2851, 2783, 2813, 2826, 2770, 2731, 2701, 2784, 2728, 2926, 2760, 2807, 2738, 2839, 2781, 2752, 2753, 2680, 2715, 2718, 2699, 2746, 2811, 2859, 2880, 2724, 2697, 2857, 2719, 2719, 2804, 2820, 2729, 2818, 2844, 2804, 2768, 2768, 2795, 2818, 2795, 2903, 2727, 2738, 2785, 2736, 2820, 2705, 2685, 2716, 2780, 2742, 2656, 2790, 2756, 2842, 2643, 2779, 2743, 2849, 2869, 2746, 2789, 2750, 2741, 2875, 2706, 2736, 2833, 2888, 2800, 2767, 2751, 2780, 2635, 2738, 2839, 2788, 2739, 2793, 2790, 2744, 2791, 2690, 2796, 2795, 2696, 2755, 2681, 2783, 2800, 2676, 2755, 2787, 2809, 2670, 2767, 2763, 2784, 2803, 2739, 2777, 2738, 2746, 2726, 2856, 2706, 2663, 2713, 2779, 2743, 2710, 2804, 2721, 2729, 2734, 2777, 2638, 2674, 2764, 2810, 2758, 2816, 2757, 2804, 2765, 2771, 2809, 2739, 2787, 2760, 2827, 2810, 2726, 2727, 2770, 2598, 2764, 2793, 2717, 2846, 2746, 2697, 2723, 2803, 2746, 2797, 2810, 2819, 2822, 2740, 2816, 2774, 2630, 2750, 2780, 2690, 2766, 2741, 2744, 2682, 2803, 2893, 2673, 2667, 2761, 2833, 2730, 2876, 2847, 2763, 2749, 2812, 2675, 2810, 2695, 2653, 2827, 2849, 2701, 2738, 2766, 2826, 2711, 2693, 2717, 2759, 2895, 2870, 2713, 2678, 2733, 2723, 2723, 2750, 2774, 2754, 2760, 2830, 2893, 2678, 2699, 2703, 2766, 2698, 2741, 2696, 2765, 2694, 2731, 2812, 2853, 2857, 2733, 2958, 2795, 2755, 2711, 2772, 2749, 2764, 2747, 2794, 2801, 2842, 2893, 2794, 2743, 2684, 2779, 2795, 2815, 2795, 2848, 2830, 2787, 2795, 2678, 2681, 2766, 2773, 2828, 2846, 2800, 2776, 2664, 2716, 2703, 2761, 2718, 2728, 2826, 2751, 2805, 2736, 2799, 2778, 2787, 2822, 2666, 2791, 2742, 2792, 2837, 2775, 2807, 2750, 2664, 2878, 2815, 2797, 2829, 2817, 2757, 2801, 2824, 2783, 2758, 2722, 2798, 2710, 2760, 2696, 2837, 2666, 2811, 2692, 2751, 2828, 2705, 2658, 2696, 2904, 2734, 2899, 2710, 2759, 2797, 2734, 2746, 2810, 2774, 2647, 2806, 2687, 2744, 2767, 2751, 2806, 2807, 2831, 2752, 2749, 2711, 2901, 2730, 2765, 2815, 2841, 2762, 2783, 2698, 2785, 2851, 2857, 2891, 2812, 2744, 2729, 2657, 2726, 2738, 2856, 2755, 2831, 2837, 2878, 2743, 2725, 2687, 2839, 2759, 2760, 2837, 2738, 2827, 2818, 2775, 2790, 2742, 2823, 2791, 2800, 2738, 2714, 2727, 2682, 2737, 2709, 2790, 2833, 2715, 2752, 2845, 2797, 2789, 2886, 2696, 2759, 2697, 2698, 2684, 2807, 2724, 2802, 2722, 2890, 2833, 2707, 2727, 2814, 2728, 2853, 2840, 2726, 2784, 2768, 2756, 2728, 2750, 2788, 2675, 2778, 2754, 2701, 2750, 2713, 2837, 2761, 2885, 2780, 2749, 2883, 2788, 2886, 2700, 2755, 2740, 2754, 2665, 2715, 2730, 2704, 2786, 2767, 2733, 2617, 2743, 2784, 2808, 2720, 2675, 2792, 2897, 2751, 2781, 2737, 2692, 2737, 2821, 2743, 2697, 2834, 2722, 2730, 2765, 2865, 2702, 2790, 2833, 2758, 2699, 2764, 2810, 2727, 2764, 2727, 2737, 2752, 2730, 2727, 2662, 2771, 2742, 2840, 2832, 2799, 2759, 2779, 2842, 2827, 2730, 2822, 2696, 2844, 2874, 2786, 2777, 2729, 2686, 2731, 2729, 2791, 2802, 2728, 2748, 2752, 2772, 2726, 2740, 2675, 2743, 2662, 2724, 2730, 2811, 2651, 2764, 2794, 2718, 2711, 2674, 2760, 2723, 2828, 2680, 2744, 2850, 2893, 2797, 2759, 2718, 2745, 2750, 2769, 2713, 2783, 2778, 2759, 2826, 2760, 2771, 2744, 2747, 2778, 2773, 2834, 2767, 2770, 2700, 2776, 2718, 2751, 2814, 2804, 2768, 2816, 2707, 2753, 2626, 2697, 2784, 2739, 2703, 2797, 2686, 2785, 2737, 2843, 2752, 2847, 2644, 2724, 2763, 2730, 2765, 2769, 2709, 2638, 2736, 2787, 2758, 2736, 2739, 2766, 2810, 2740, 2723, 2796, 2737, 2666, 2756, 2773, 2818, 2771, 2758, 2774, 2753, 2786, 2754, 2713, 2719, 2827, 2774, 2790, 2764, 2732, 2854, 2687, 2763, 2769, 2761, 2771, 2812, 2733, 2728, 2677, 2681, 2802, 2802, 2837, 2742, 2801, 2820, 2799, 2752, 2808, 2598, 2764, 2771, 2846, 2720, 2761, 2775, 2750, 2858, 2758, 2686, 2819, 2761, 2842, 2670, 2746, 2723, 2707, 2692, 2692, 2797, 2810, 2792, 2833, 2792, 2687, 2722, 2727, 2696, 2864, 2743, 2692, 2744, 2820, 2788, 2857, 2768, 2775, 2686, 2778, 2808, 2758, 2689, 2761, 2761, 2773, 2736, 2696, 2778, 2783, 2716, 2817, 2798, 2747, 2760, 2752, 2745, 2842, 2750, 2684, 2672, 2741, 2758, 2774, 2770, 2667, 2802, 2778, 2690, 2728, 2763, 2715, 2841, 2788, 2759, 2810, 2802, 2849, 2741, 2772, 2665, 2810, 2721, 2764, 2834, 2747, 2674, 2755, 2697, 2685, 2849, 2799, 2819, 2858, 2772, 2774, 2717, 2653, 2723, 2753, 2743, 2770, 2824, 2805, 2716, 2736, 2755, 2861, 2810, 2806, 2736, 2842, 2780, 2774, 2825, 2805, 2742, 2789, 2729, 2713, 2661, 2693, 2758, 2709, 2727, 2752, 2807, 2737, 2728, 2811, 2718, 2736, 2815, 2723, 2792, 2670, 2827, 2725, 2797, 2719, 2684, 2856, 2896, 2681, 2778, 2670, 2761, 2779, 2748, 2782, 2738, 2774, 2804, 2774, 2703, 2697, 2808, 2674, 2838, 2767, 2779, 2711, 2744, 2854, 2791, 2804, 2693, 2849, 2720, 2737, 2717, 2811, 2881, 2713, 2745, 2690, 2734, 2953, 2770, 2826, 2736, 2817, 2757, 2709, 2827, 2769, 2774, 2699, 2821, 2754, 2754, 2725, 2673, 2633, 2778, 2727, 2623, 2737, 2704, 2779, 2788, 2797, 2723, 2655, 2783, 2784, 2786, 2693, 2825, 2696, 2749, 2827, 2702, 2655, 2801, 2747, 2852, 2826, 2710, 2860, 2736, 2719, 2780, 2789, 2790, 2682, 2872, 2708, 2684, 2730, 2777, 2814, 2685, 2758, 2725, 2774, 2779, 2806, 2760, 2715, 2741, 2759, 2730, 2772, 2722, 2723, 2724, 2741, 2804, 2765, 2825, 2748, 2831, 2747, 2795, 2731, 2815, 2762, 2840, 2676, 2841, 2793, 2787, 2842, 2821, 2823, 2770, 2873, 2742, 2715, 2755, 2720, 2778, 2724, 2725, 2798, 2747, 2811, 2799, 2818, 2809, 2642, 2714, 2738, 2833, 2728, 2729, 2787, 2775, 2730, 2807, 2769, 2730, 2710, 2803, 2801, 2774, 2768, 2805, 2799, 2686, 2843, 2790, 2793, 2727, 2672, 2806, 2818, 2675, 2875, 2699, 2747, 2902, 2812, 2838, 2774, 2795, 2780, 2740, 2777, 2751, 2770, 2724, 2844, 2739, 2775, 2777, 2753, 2748, 2796, 2863, 2683, 2755, 2815, 2731, 2795, 2685, 2697, 2739, 2847, 2773, 2770, 2767, 2840, 2797, 2785, 2780, 2802, 2683, 2712, 2776, 2835, 2720, 2803, 2889, 2754, 2821, 2765, 2836, 2784, 2822, 2704, 2803, 2782, 2790, 2651, 2746, 2683, 2773, 2742, 2757, 2749, 2695, 2774, 2749, 2817, 2686, 2779, 2760, 2752, 2816, 2759, 2865, 2741, 2851, 2748, 2740, 2749, 2779, 2790, 2806, 2749, 2869, 2754, 2796, 2717, 2734, 2823, 2671, 2761, 2732, 2776, 2793, 2766, 2844, 2838, 2869, 2713, 2772, 2793, 2744, 2786, 2751, 2740, 2747, 2784, 2743, 2785, 2671, 2705, 2724, 2735, 2761, 2767, 2844, 2742, 2834, 2753, 2735, 2762, 2776, 2693, 2780, 2804, 2825, 2815, 2702, 2835, 2756, 2774, 2772, 2740, 2676, 2736, 2805, 2693, 2823, 2623, 2682, 2616, 2719, 2859, 2721, 2713, 2719, 2755, 2681, 2795, 2776, 2676, 2835, 2814, 2744, 2790, 2704, 2714, 2740, 2821, 2811, 2772, 2814, 2781, 2776, 2753, 2782, 2840, 2649, 2770, 2764, 2729, 2773, 2789, 2657, 2794, 2722, 2695, 2766, 2724, 2774, 2850, 2830, 2723, 2805, 2719, 2850, 2691, 2734, 2755, 2822, 2779, 2805, 2796, 2733, 2747, 2842, 2866, 2817, 2812, 2644, 2810, 2760, 2794, 2772, 2810, 2742, 2751, 2708, 2795, 2753, 2888, 2777, 2828, 2683, 2860, 2835, 2755, 2712, 2724, 2810, 2782, 2848, 2745, 2749, 2773, 2789, 2758, 2698, 2715, 2716, 2808, 2782, 2745, 2763, 2733, 2731, 2703, 2784, 2840, 2781, 2776, 2768, 2737, 2680, 2829, 2797, 2754, 2762, 2771, 2857, 2731, 2811, 2729, 2782, 2862, 2776, 2743, 2812, 2801, 2718, 2805, 2723, 2830, 2746, 2811, 2765, 2851, 2910, 2722, 2891, 2676, 2740, 2698, 2838, 2743, 2706, 2820, 2829, 2767, 2810, 2707, 2763, 2737, 2850, 2783, 2838, 2795, 2758, 2860, 2809, 2680, 2723, 2758, 2718, 2813, 2811, 2853, 2775, 2767, 2775, 2781, 2752, 2815, 2702, 2792, 2802, 2773, 2798, 2812, 2683, 2814, 2745, 2695, 2654, 2736, 2759, 2765, 2773, 2649, 2843, 2696, 2799, 2693, 2679, 2690, 2852, 2761, 2855, 2798, 2786, 2730, 2754, 2784, 2774, 2817, 2735, 2717, 2689, 2857, 2761, 2779, 2767, 2762, 2730, 2709, 2746, 2811, 2817, 2782, 2724, 2796, 2865, 2781, 2721, 2763, 2697, 2714, 2812, 2808, 2801, 2776, 2728, 2653, 2715, 2802, 2795, 2745, 2694, 2807, 2715, 2706, 2834, 2735, 2754, 2709, 2703, 2766, 2751, 2848, 2751, 2635, 2732, 2752, 2802, 2752, 2830, 2786, 2759, 2705, 2797, 2766, 2726, 2822, 2768, 2678, 2701, 2649, 2874, 2736, 2816, 2821, 2731, 2820, 2845, 2707, 2698, 2752, 2800, 2891, 2805, 2730, 2702, 2687, 2751, 2777, 2789, 2750, 2865, 2805, 2704, 2645, 2793, 2812, 2772, 2744, 2692, 2736, 2683, 2703, 2726, 2651, 2808, 2795, 2704, 2870, 2763, 2811, 2706, 2707, 2834, 2763, 2708, 2672, 2650, 2712, 2681, 2762, 2829, 2820, 2722, 2683, 2720, 2773, 2816, 2831, 2733, 2819, 2690, 2742, 2818, 2742, 2827, 2793, 2737, 2791, 2682, 2693, 2728, 2712, 2799, 2720, 2815, 2711, 2726, 2692, 2760, 2914, 2740, 2725, 2754, 2740, 2853, 2816, 2733, 2726, 2742, 2735, 2818, 2766, 2673, 2780, 2769, 2741, 2812, 2774, 2758, 2843, 2728, 2760, 2796, 2779, 2736, 2741, 2688, 2810, 2752, 2769, 2702, 2812, 2716, 2808, 2745, 2627, 2643, 2751, 2769, 2863, 2790, 2735, 2735, 2858, 2723, 2766, 2871, 2750, 2770, 2806, 2740, 2754, 2852, 2766, 2808, 2761, 2724, 2777, 2669, 2809, 2729, 2689, 2792, 2694, 2744, 2751, 2739, 2730, 2793, 2743, 2750, 2778, 2769, 2890, 2715, 2819, 2779, 2792, 2829, 2740, 2732, 2735, 2860, 2782, 2833, 2786, 2821, 2732, 2613, 2763, 2754, 2768, 2691, 2770, 2784, 2700, 2814, 2754, 2800, 2800, 2791, 2688, 2805, 2766, 2742, 2672, 2680, 2737, 2798, 2786, 2785, 2789, 2676, 2780, 2753, 2791, 2736, 2822, 2752, 2710, 2814, 2779, 2713, 2751, 2702, 2596, 2732, 2804, 2775, 2858, 2766, 2828, 2799, 2774, 2776, 2887, 2792, 2852, 2779, 2821, 2744, 2809, 2829, 2762, 2695, 2843, 2783, 2769, 2754, 2675, 2761, 2700, 2765, 2749, 2730, 2780, 2797, 2713, 2677, 2704, 2692, 2827, 2809, 2721, 2754, 2836, 2757, 2802, 2791, 2727, 2770, 2777, 2830, 2832, 2729, 2738, 2816, 2811, 2661, 2755, 2773, 2709, 2726, 2724, 2676, 2723, 2743, 2752, 2759, 2817, 2721, 2790, 2811, 2704, 2780, 2742, 2726, 2743, 2698, 2772, 2693, 2863, 2812, 2724, 2754, 2805, 2766, 2740, 2707, 2850, 2777, 2750, 2704, 2824, 2843, 2600, 2716, 2760, 2860, 2691, 2728, 2765, 2783, 2749, 2735, 2729, 2780, 2807, 2754, 2758, 2765, 2798, 2886, 2825, 2761, 2621, 2686, 2758, 2684, 2788, 2813, 2838, 2743, 2722, 2776, 2876, 2731, 2881, 2826, 2822, 2849, 2760, 2791, 2678, 2717, 2813, 2825, 2784, 2784, 2718, 2778, 2712, 2743, 2719, 2799, 2762, 2847, 2736, 2789, 2866, 2745, 2667, 2734]

[wilma]
  Promedio : 1465.7s
  Desvío   : 72.4s
  IC 95%   : [1463.7s, 1467.7s]
  Mínimo   : 1214s
  Máximo   : 1722s
  Tiempos  : [1329, 1468, 1661, 1518, 1510, 1366, 1397, 1603, 1486, 1403, 1422, 1439, 1470, 1415, 1456, 1504, 1456, 1371, 1492, 1475, 1517, 1466, 1447, 1455, 1589, 1436, 1482, 1462, 1420, 1507, 1598, 1484, 1480, 1444, 1414, 1500, 1385, 1511, 1444, 1402, 1435, 1407, 1430, 1472, 1486, 1488, 1478, 1417, 1566, 1469, 1578, 1569, 1500, 1453, 1431, 1344, 1391, 1558, 1488, 1427, 1597, 1401, 1468, 1465, 1507, 1507, 1544, 1529, 1379, 1469, 1438, 1381, 1426, 1471, 1254, 1314, 1445, 1440, 1444, 1428, 1445, 1355, 1429, 1524, 1510, 1555, 1525, 1431, 1606, 1586, 1484, 1583, 1437, 1343, 1590, 1546, 1475, 1360, 1356, 1526, 1522, 1335, 1378, 1499, 1476, 1517, 1523, 1436, 1422, 1464, 1553, 1505, 1396, 1424, 1489, 1486, 1441, 1518, 1541, 1601, 1466, 1324, 1448, 1470, 1471, 1466, 1483, 1497, 1497, 1399, 1444, 1357, 1448, 1420, 1318, 1503, 1412, 1555, 1396, 1446, 1496, 1599, 1437, 1604, 1428, 1506, 1574, 1458, 1528, 1423, 1438, 1335, 1506, 1475, 1387, 1551, 1415, 1545, 1464, 1433, 1500, 1553, 1508, 1496, 1427, 1426, 1506, 1566, 1435, 1475, 1486, 1528, 1349, 1587, 1474, 1389, 1341, 1415, 1537, 1600, 1487, 1478, 1437, 1512, 1470, 1504, 1392, 1388, 1528, 1524, 1536, 1477, 1443, 1505, 1559, 1456, 1547, 1595, 1444, 1506, 1455, 1469, 1594, 1361, 1458, 1430, 1395, 1479, 1459, 1428, 1366, 1654, 1467, 1489, 1529, 1428, 1434, 1468, 1295, 1475, 1553, 1313, 1520, 1468, 1319, 1495, 1512, 1424, 1494, 1472, 1484, 1508, 1477, 1459, 1670, 1483, 1344, 1463, 1571, 1511, 1524, 1633, 1443, 1500, 1552, 1437, 1477, 1458, 1373, 1463, 1383, 1457, 1463, 1441, 1512, 1468, 1407, 1428, 1392, 1584, 1512, 1433, 1491, 1510, 1380, 1492, 1433, 1502, 1394, 1494, 1445, 1473, 1402, 1535, 1537, 1461, 1547, 1394, 1458, 1480, 1315, 1522, 1423, 1317, 1389, 1399, 1490, 1458, 1505, 1560, 1447, 1422, 1639, 1465, 1363, 1422, 1545, 1452, 1454, 1514, 1415, 1417, 1612, 1541, 1402, 1535, 1466, 1488, 1518, 1491, 1352, 1524, 1460, 1334, 1335, 1439, 1581, 1600, 1554, 1479, 1427, 1383, 1441, 1494, 1327, 1557, 1494, 1407, 1410, 1543, 1471, 1428, 1485, 1418, 1349, 1378, 1461, 1468, 1384, 1535, 1492, 1467, 1470, 1491, 1391, 1438, 1444, 1399, 1470, 1434, 1417, 1479, 1548, 1452, 1473, 1612, 1576, 1428, 1435, 1526, 1461, 1407, 1381, 1390, 1447, 1545, 1515, 1469, 1542, 1376, 1462, 1502, 1447, 1466, 1535, 1328, 1488, 1421, 1521, 1420, 1360, 1432, 1469, 1548, 1586, 1388, 1464, 1494, 1518, 1449, 1469, 1455, 1442, 1501, 1452, 1536, 1461, 1364, 1505, 1418, 1529, 1557, 1453, 1432, 1463, 1398, 1378, 1447, 1419, 1431, 1463, 1408, 1345, 1432, 1350, 1454, 1455, 1478, 1480, 1385, 1480, 1528, 1557, 1568, 1532, 1458, 1444, 1376, 1514, 1353, 1388, 1451, 1396, 1525, 1441, 1446, 1374, 1599, 1515, 1414, 1429, 1494, 1426, 1489, 1442, 1606, 1582, 1401, 1418, 1401, 1405, 1456, 1502, 1350, 1457, 1553, 1488, 1561, 1410, 1498, 1417, 1526, 1423, 1508, 1417, 1543, 1459, 1342, 1572, 1478, 1443, 1329, 1411, 1476, 1434, 1449, 1390, 1559, 1436, 1450, 1395, 1517, 1447, 1460, 1432, 1502, 1446, 1561, 1516, 1384, 1436, 1488, 1544, 1442, 1437, 1442, 1497, 1431, 1470, 1451, 1424, 1424, 1465, 1547, 1451, 1495, 1589, 1496, 1367, 1403, 1424, 1311, 1546, 1598, 1521, 1551, 1551, 1405, 1460, 1326, 1474, 1343, 1426, 1315, 1447, 1404, 1386, 1469, 1486, 1402, 1516, 1542, 1438, 1426, 1518, 1397, 1495, 1361, 1544, 1425, 1439, 1595, 1446, 1546, 1517, 1407, 1463, 1457, 1570, 1365, 1402, 1427, 1577, 1433, 1498, 1512, 1429, 1452, 1456, 1509, 1320, 1472, 1519, 1471, 1494, 1373, 1500, 1541, 1585, 1418, 1380, 1462, 1357, 1358, 1401, 1615, 1372, 1377, 1503, 1456, 1521, 1445, 1408, 1527, 1456, 1537, 1516, 1465, 1400, 1388, 1400, 1358, 1475, 1387, 1404, 1465, 1444, 1304, 1478, 1393, 1481, 1424, 1482, 1429, 1465, 1413, 1634, 1586, 1577, 1402, 1485, 1489, 1532, 1584, 1465, 1404, 1502, 1516, 1496, 1521, 1521, 1482, 1394, 1505, 1461, 1477, 1584, 1427, 1481, 1457, 1478, 1353, 1502, 1554, 1446, 1427, 1364, 1550, 1426, 1493, 1520, 1471, 1558, 1550, 1542, 1499, 1487, 1506, 1424, 1497, 1374, 1551, 1522, 1491, 1587, 1399, 1404, 1393, 1498, 1527, 1414, 1538, 1411, 1362, 1439, 1425, 1522, 1437, 1517, 1391, 1482, 1442, 1427, 1528, 1482, 1508, 1491, 1410, 1467, 1387, 1433, 1512, 1394, 1417, 1424, 1607, 1447, 1377, 1433, 1404, 1610, 1302, 1591, 1435, 1336, 1399, 1440, 1597, 1509, 1543, 1300, 1441, 1581, 1514, 1497, 1487, 1481, 1452, 1381, 1582, 1400, 1435, 1542, 1483, 1495, 1463, 1516, 1456, 1492, 1526, 1547, 1418, 1457, 1364, 1572, 1402, 1441, 1528, 1519, 1558, 1435, 1480, 1533, 1559, 1493, 1412, 1479, 1454, 1470, 1534, 1466, 1373, 1440, 1452, 1395, 1566, 1453, 1280, 1327, 1424, 1480, 1444, 1470, 1399, 1382, 1513, 1401, 1503, 1575, 1484, 1452, 1375, 1424, 1459, 1366, 1530, 1528, 1481, 1409, 1521, 1506, 1479, 1470, 1366, 1640, 1567, 1355, 1393, 1500, 1365, 1574, 1596, 1320, 1362, 1386, 1386, 1509, 1303, 1425, 1478, 1407, 1458, 1333, 1461, 1455, 1595, 1499, 1504, 1469, 1510, 1609, 1540, 1470, 1483, 1581, 1567, 1382, 1484, 1630, 1521, 1517, 1483, 1516, 1512, 1438, 1400, 1468, 1495, 1450, 1406, 1400, 1430, 1451, 1503, 1426, 1444, 1459, 1363, 1280, 1419, 1505, 1461, 1517, 1450, 1442, 1422, 1428, 1542, 1453, 1442, 1604, 1454, 1382, 1387, 1463, 1550, 1381, 1427, 1467, 1475, 1513, 1486, 1474, 1395, 1621, 1489, 1310, 1430, 1409, 1481, 1478, 1580, 1427, 1384, 1522, 1395, 1388, 1474, 1460, 1395, 1508, 1444, 1404, 1455, 1482, 1538, 1440, 1530, 1468, 1538, 1646, 1562, 1472, 1462, 1468, 1516, 1516, 1598, 1462, 1484, 1516, 1448, 1537, 1351, 1506, 1359, 1528, 1340, 1430, 1320, 1497, 1490, 1459, 1431, 1459, 1567, 1490, 1429, 1435, 1517, 1453, 1420, 1420, 1383, 1450, 1468, 1547, 1471, 1470, 1466, 1422, 1405, 1472, 1531, 1580, 1511, 1376, 1552, 1413, 1508, 1452, 1472, 1605, 1485, 1475, 1359, 1456, 1545, 1456, 1494, 1317, 1438, 1533, 1335, 1480, 1513, 1441, 1407, 1469, 1539, 1289, 1450, 1490, 1526, 1481, 1423, 1477, 1482, 1649, 1552, 1403, 1519, 1569, 1410, 1484, 1375, 1449, 1350, 1412, 1482, 1556, 1500, 1278, 1477, 1398, 1545, 1476, 1463, 1445, 1435, 1516, 1454, 1465, 1494, 1553, 1442, 1423, 1363, 1460, 1338, 1447, 1511, 1487, 1364, 1464, 1470, 1570, 1497, 1387, 1505, 1507, 1476, 1533, 1493, 1525, 1379, 1461, 1469, 1542, 1480, 1592, 1573, 1469, 1469, 1551, 1515, 1376, 1527, 1356, 1385, 1361, 1546, 1455, 1381, 1509, 1396, 1397, 1452, 1406, 1484, 1549, 1493, 1448, 1439, 1500, 1516, 1522, 1328, 1431, 1525, 1424, 1412, 1460, 1547, 1461, 1677, 1459, 1595, 1392, 1360, 1484, 1414, 1468, 1502, 1487, 1545, 1371, 1449, 1466, 1535, 1397, 1535, 1599, 1399, 1448, 1445, 1421, 1371, 1441, 1463, 1640, 1465, 1476, 1414, 1421, 1475, 1559, 1341, 1591, 1320, 1363, 1593, 1341, 1477, 1417, 1505, 1343, 1387, 1365, 1352, 1501, 1631, 1428, 1373, 1462, 1427, 1524, 1460, 1473, 1436, 1474, 1369, 1613, 1449, 1414, 1403, 1561, 1549, 1555, 1501, 1567, 1452, 1409, 1584, 1500, 1447, 1411, 1437, 1603, 1481, 1491, 1480, 1380, 1458, 1605, 1579, 1422, 1375, 1496, 1431, 1403, 1532, 1331, 1423, 1416, 1573, 1512, 1615, 1512, 1437, 1412, 1561, 1464, 1441, 1577, 1437, 1511, 1378, 1445, 1599, 1383, 1584, 1628, 1563, 1466, 1383, 1514, 1468, 1440, 1520, 1544, 1385, 1467, 1540, 1380, 1362, 1479, 1455, 1463, 1380, 1393, 1547, 1430, 1458, 1432, 1452, 1436, 1406, 1532, 1457, 1484, 1421, 1438, 1517, 1571, 1463, 1465, 1391, 1535, 1451, 1462, 1397, 1411, 1595, 1387, 1521, 1535, 1469, 1478, 1442, 1524, 1402, 1565, 1538, 1341, 1528, 1620, 1416, 1528, 1453, 1504, 1536, 1416, 1536, 1517, 1540, 1383, 1384, 1367, 1495, 1341, 1520, 1478, 1489, 1402, 1521, 1613, 1462, 1478, 1520, 1538, 1450, 1485, 1446, 1681, 1542, 1497, 1470, 1580, 1391, 1436, 1536, 1590, 1385, 1472, 1491, 1514, 1570, 1366, 1415, 1336, 1464, 1453, 1376, 1507, 1452, 1347, 1473, 1418, 1679, 1433, 1497, 1455, 1356, 1405, 1632, 1451, 1503, 1382, 1537, 1469, 1481, 1500, 1242, 1402, 1538, 1508, 1421, 1475, 1450, 1504, 1433, 1547, 1456, 1481, 1339, 1551, 1543, 1456, 1397, 1364, 1448, 1445, 1421, 1641, 1527, 1559, 1556, 1612, 1492, 1436, 1533, 1449, 1277, 1514, 1387, 1419, 1535, 1365, 1482, 1552, 1516, 1398, 1553, 1453, 1494, 1304, 1555, 1471, 1448, 1436, 1473, 1403, 1589, 1514, 1621, 1527, 1313, 1452, 1459, 1496, 1459, 1462, 1420, 1456, 1374, 1598, 1400, 1457, 1373, 1432, 1544, 1451, 1491, 1470, 1389, 1283, 1514, 1481, 1422, 1464, 1449, 1559, 1499, 1478, 1526, 1465, 1420, 1502, 1414, 1391, 1477, 1606, 1555, 1488, 1642, 1531, 1458, 1433, 1432, 1512, 1501, 1619, 1492, 1512, 1456, 1504, 1424, 1532, 1407, 1515, 1543, 1422, 1447, 1446, 1446, 1474, 1497, 1381, 1394, 1593, 1418, 1622, 1431, 1515, 1461, 1514, 1495, 1472, 1483, 1563, 1543, 1424, 1295, 1409, 1465, 1414, 1515, 1466, 1384, 1505, 1441, 1415, 1428, 1399, 1442, 1533, 1410, 1421, 1612, 1395, 1550, 1453, 1508, 1430, 1495, 1514, 1434, 1472, 1615, 1631, 1523, 1589, 1476, 1487, 1560, 1521, 1420, 1432, 1369, 1526, 1511, 1433, 1471, 1408, 1459, 1412, 1503, 1546, 1489, 1334, 1434, 1568, 1508, 1564, 1513, 1534, 1425, 1555, 1601, 1496, 1443, 1401, 1460, 1477, 1566, 1420, 1608, 1347, 1458, 1475, 1389, 1365, 1431, 1442, 1502, 1557, 1515, 1433, 1473, 1481, 1379, 1401, 1550, 1309, 1434, 1505, 1389, 1491, 1617, 1453, 1560, 1501, 1466, 1433, 1557, 1434, 1495, 1497, 1523, 1450, 1392, 1498, 1439, 1498, 1423, 1320, 1425, 1490, 1528, 1496, 1359, 1455, 1589, 1448, 1499, 1494, 1369, 1379, 1475, 1594, 1380, 1342, 1421, 1474, 1489, 1379, 1286, 1469, 1520, 1591, 1335, 1593, 1282, 1474, 1434, 1444, 1554, 1485, 1506, 1350, 1467, 1438, 1413, 1479, 1488, 1426, 1596, 1436, 1535, 1434, 1539, 1486, 1512, 1474, 1476, 1460, 1523, 1360, 1508, 1560, 1433, 1410, 1494, 1336, 1500, 1388, 1309, 1372, 1503, 1405, 1546, 1463, 1440, 1389, 1473, 1408, 1558, 1475, 1450, 1460, 1438, 1464, 1466, 1488, 1419, 1532, 1437, 1610, 1453, 1286, 1598, 1262, 1376, 1472, 1401, 1397, 1444, 1569, 1400, 1446, 1413, 1485, 1457, 1522, 1514, 1463, 1474, 1422, 1442, 1378, 1417, 1316, 1537, 1462, 1406, 1471, 1481, 1507, 1562, 1388, 1411, 1453, 1360, 1334, 1433, 1523, 1493, 1475, 1532, 1326, 1499, 1443, 1315, 1465, 1498, 1410, 1455, 1450, 1465, 1513, 1642, 1491, 1580, 1422, 1450, 1429, 1484, 1477, 1576, 1476, 1450, 1388, 1483, 1513, 1558, 1408, 1321, 1465, 1608, 1447, 1526, 1377, 1494, 1451, 1403, 1413, 1360, 1490, 1526, 1421, 1416, 1424, 1536, 1539, 1347, 1403, 1472, 1528, 1421, 1534, 1343, 1576, 1482, 1412, 1539, 1437, 1512, 1429, 1437, 1577, 1490, 1474, 1451, 1336, 1389, 1463, 1449, 1354, 1425, 1581, 1376, 1468, 1368, 1458, 1232, 1356, 1483, 1442, 1559, 1385, 1521, 1479, 1516, 1561, 1497, 1596, 1406, 1492, 1424, 1444, 1372, 1482, 1515, 1438, 1491, 1487, 1484, 1286, 1566, 1468, 1497, 1511, 1539, 1573, 1500, 1481, 1629, 1311, 1623, 1415, 1413, 1523, 1443, 1427, 1480, 1558, 1459, 1529, 1577, 1456, 1511, 1597, 1464, 1552, 1552, 1555, 1371, 1537, 1397, 1522, 1349, 1515, 1446, 1528, 1565, 1527, 1427, 1493, 1622, 1421, 1402, 1392, 1492, 1498, 1575, 1602, 1465, 1446, 1545, 1398, 1345, 1419, 1548, 1361, 1472, 1526, 1455, 1338, 1444, 1318, 1433, 1445, 1482, 1418, 1468, 1618, 1368, 1464, 1522, 1489, 1425, 1518, 1439, 1418, 1557, 1372, 1543, 1478, 1461, 1532, 1507, 1395, 1391, 1328, 1413, 1496, 1475, 1552, 1470, 1396, 1422, 1318, 1516, 1471, 1411, 1340, 1535, 1404, 1570, 1514, 1406, 1431, 1443, 1409, 1487, 1398, 1595, 1503, 1509, 1311, 1403, 1401, 1493, 1510, 1386, 1503, 1495, 1429, 1406, 1463, 1387, 1492, 1428, 1395, 1605, 1360, 1338, 1303, 1372, 1647, 1308, 1535, 1517, 1487, 1520, 1502, 1583, 1466, 1630, 1574, 1473, 1521, 1488, 1485, 1311, 1462, 1382, 1503, 1471, 1406, 1446, 1510, 1460, 1592, 1464, 1367, 1546, 1451, 1417, 1355, 1505, 1424, 1582, 1381, 1384, 1456, 1455, 1588, 1428, 1323, 1477, 1404, 1466, 1334, 1528, 1482, 1427, 1496, 1540, 1504, 1436, 1535, 1568, 1416, 1399, 1373, 1555, 1420, 1544, 1413, 1405, 1494, 1377, 1514, 1472, 1473, 1442, 1552, 1393, 1388, 1541, 1357, 1435, 1439, 1496, 1432, 1474, 1469, 1502, 1402, 1533, 1317, 1452, 1440, 1516, 1574, 1371, 1438, 1415, 1480, 1485, 1443, 1578, 1466, 1484, 1415, 1576, 1462, 1414, 1542, 1388, 1528, 1510, 1455, 1454, 1373, 1388, 1484, 1613, 1389, 1476, 1514, 1500, 1456, 1413, 1488, 1580, 1391, 1322, 1572, 1454, 1429, 1492, 1458, 1447, 1408, 1447, 1370, 1414, 1473, 1546, 1351, 1401, 1439, 1405, 1442, 1395, 1401, 1690, 1630, 1434, 1452, 1348, 1367, 1531, 1471, 1567, 1475, 1460, 1471, 1486, 1482, 1485, 1465, 1388, 1379, 1488, 1435, 1447, 1594, 1537, 1583, 1369, 1623, 1447, 1490, 1420, 1401, 1572, 1389, 1518, 1387, 1372, 1455, 1463, 1546, 1528, 1463, 1523, 1281, 1410, 1429, 1456, 1524, 1622, 1665, 1430, 1500, 1388, 1414, 1459, 1539, 1538, 1510, 1352, 1482, 1476, 1402, 1311, 1358, 1576, 1480, 1443, 1393, 1417, 1490, 1422, 1495, 1343, 1522, 1383, 1447, 1530, 1567, 1450, 1427, 1437, 1313, 1486, 1552, 1412, 1555, 1335, 1647, 1375, 1422, 1534, 1396, 1412, 1376, 1354, 1414, 1575, 1376, 1463, 1446, 1532, 1416, 1497, 1552, 1484, 1477, 1504, 1486, 1484, 1501, 1405, 1582, 1423, 1463, 1491, 1363, 1441, 1501, 1422, 1423, 1373, 1499, 1376, 1594, 1542, 1605, 1555, 1461, 1499, 1498, 1522, 1448, 1421, 1467, 1379, 1427, 1517, 1495, 1462, 1468, 1436, 1597, 1420, 1506, 1460, 1392, 1410, 1326, 1385, 1411, 1427, 1463, 1439, 1435, 1514, 1399, 1514, 1518, 1476, 1597, 1470, 1517, 1561, 1434, 1537, 1361, 1402, 1442, 1588, 1496, 1369, 1418, 1368, 1483, 1418, 1501, 1457, 1344, 1511, 1459, 1533, 1483, 1473, 1458, 1435, 1596, 1449, 1399, 1466, 1482, 1389, 1392, 1395, 1538, 1533, 1353, 1469, 1432, 1489, 1452, 1470, 1487, 1366, 1433, 1550, 1389, 1410, 1475, 1342, 1519, 1381, 1455, 1413, 1399, 1521, 1453, 1414, 1618, 1401, 1371, 1530, 1540, 1465, 1438, 1381, 1477, 1431, 1368, 1606, 1410, 1516, 1402, 1474, 1252, 1423, 1353, 1523, 1322, 1489, 1388, 1388, 1542, 1533, 1435, 1376, 1572, 1501, 1325, 1498, 1367, 1507, 1509, 1487, 1420, 1478, 1422, 1518, 1384, 1550, 1678, 1532, 1504, 1656, 1424, 1354, 1483, 1395, 1569, 1327, 1454, 1487, 1401, 1477, 1446, 1494, 1383, 1482, 1382, 1401, 1405, 1577, 1464, 1446, 1540, 1358, 1460, 1464, 1470, 1490, 1433, 1535, 1448, 1519, 1436, 1585, 1413, 1505, 1417, 1387, 1639, 1414, 1488, 1663, 1471, 1582, 1454, 1457, 1510, 1512, 1525, 1534, 1214, 1544, 1470, 1604, 1573, 1401, 1519, 1586, 1346, 1613, 1499, 1383, 1607, 1532, 1601, 1376, 1513, 1556, 1519, 1464, 1396, 1393, 1402, 1494, 1492, 1493, 1482, 1590, 1528, 1485, 1418, 1487, 1658, 1432, 1626, 1405, 1402, 1510, 1375, 1550, 1452, 1484, 1342, 1489, 1431, 1476, 1413, 1373, 1430, 1560, 1332, 1395, 1401, 1451, 1616, 1487, 1466, 1612, 1433, 1482, 1553, 1542, 1369, 1535, 1383, 1440, 1500, 1453, 1528, 1490, 1492, 1438, 1403, 1457, 1522, 1525, 1492, 1534, 1554, 1555, 1470, 1591, 1434, 1551, 1506, 1514, 1338, 1490, 1403, 1404, 1390, 1435, 1463, 1467, 1388, 1430, 1469, 1349, 1418, 1553, 1387, 1364, 1396, 1347, 1357, 1536, 1460, 1437, 1404, 1471, 1440, 1492, 1480, 1502, 1534, 1611, 1369, 1346, 1451, 1503, 1529, 1458, 1417, 1451, 1444, 1626, 1453, 1433, 1482, 1417, 1441, 1331, 1432, 1377, 1422, 1511, 1477, 1516, 1488, 1471, 1334, 1495, 1459, 1445, 1481, 1573, 1465, 1555, 1531, 1377, 1526, 1361, 1503, 1484, 1505, 1490, 1443, 1386, 1341, 1453, 1374, 1620, 1355, 1436, 1640, 1378, 1593, 1549, 1444, 1380, 1437, 1488, 1541, 1546, 1472, 1512, 1554, 1421, 1570, 1406, 1486, 1565, 1492, 1474, 1453, 1440, 1475, 1457, 1371, 1445, 1445, 1519, 1416, 1363, 1532, 1590, 1526, 1515, 1532, 1496, 1417, 1442, 1423, 1474, 1435, 1498, 1447, 1433, 1508, 1419, 1584, 1451, 1462, 1345, 1486, 1477, 1431, 1477, 1488, 1526, 1478, 1510, 1439, 1468, 1469, 1477, 1399, 1476, 1529, 1417, 1490, 1403, 1406, 1446, 1407, 1377, 1399, 1541, 1452, 1459, 1389, 1515, 1229, 1431, 1471, 1462, 1377, 1409, 1402, 1473, 1423, 1306, 1476, 1386, 1330, 1471, 1427, 1425, 1535, 1402, 1384, 1419, 1483, 1413, 1538, 1393, 1366, 1478, 1435, 1552, 1563, 1388, 1531, 1578, 1382, 1386, 1497, 1373, 1475, 1371, 1423, 1494, 1503, 1463, 1427, 1498, 1552, 1573, 1615, 1492, 1417, 1535, 1496, 1396, 1437, 1507, 1424, 1362, 1529, 1609, 1465, 1472, 1495, 1441, 1518, 1433, 1483, 1546, 1632, 1389, 1607, 1382, 1508, 1491, 1413, 1413, 1509, 1385, 1454, 1428, 1442, 1311, 1537, 1521, 1551, 1427, 1486, 1380, 1419, 1477, 1436, 1384, 1491, 1427, 1447, 1445, 1419, 1541, 1326, 1490, 1455, 1473, 1308, 1521, 1608, 1451, 1381, 1398, 1413, 1526, 1505, 1590, 1480, 1465, 1463, 1500, 1312, 1423, 1512, 1485, 1426, 1460, 1437, 1533, 1403, 1466, 1434, 1493, 1447, 1483, 1590, 1526, 1476, 1380, 1391, 1612, 1426, 1590, 1475, 1348, 1655, 1357, 1537, 1438, 1620, 1420, 1473, 1453, 1441, 1497, 1435, 1435, 1388, 1452, 1561, 1582, 1541, 1460, 1502, 1371, 1484, 1540, 1332, 1425, 1374, 1564, 1499, 1548, 1499, 1487, 1563, 1458, 1436, 1397, 1555, 1484, 1398, 1437, 1437, 1440, 1352, 1562, 1353, 1384, 1509, 1457, 1388, 1409, 1580, 1364, 1459, 1467, 1384, 1442, 1555, 1394, 1450, 1373, 1407, 1371, 1354, 1454, 1391, 1334, 1418, 1466, 1564, 1445, 1400, 1463, 1505, 1428, 1436, 1475, 1430, 1519, 1464, 1456, 1497, 1412, 1476, 1395, 1475, 1309, 1439, 1592, 1481, 1474, 1453, 1425, 1463, 1531, 1398, 1297, 1581, 1416, 1600, 1532, 1468, 1527, 1492, 1430, 1513, 1521, 1605, 1482, 1590, 1515, 1473, 1518, 1475, 1475, 1582, 1498, 1561, 1390, 1553, 1505, 1437, 1369, 1303, 1485, 1590, 1582, 1574, 1516, 1501, 1444, 1388, 1356, 1557, 1347, 1493, 1475, 1381, 1430, 1379, 1557, 1495, 1467, 1459, 1410, 1565, 1432, 1451, 1386, 1404, 1484, 1428, 1507, 1498, 1400, 1458, 1472, 1555, 1489, 1558, 1398, 1482, 1428, 1532, 1342, 1474, 1406, 1503, 1550, 1520, 1602, 1585, 1604, 1530, 1541, 1401, 1467, 1487, 1465, 1619, 1464, 1363, 1449, 1528, 1576, 1504, 1369, 1422, 1484, 1470, 1391, 1497, 1425, 1454, 1461, 1577, 1494, 1558, 1364, 1508, 1503, 1537, 1476, 1537, 1590, 1439, 1352, 1478, 1580, 1469, 1536, 1547, 1473, 1519, 1591, 1443, 1438, 1470, 1562, 1490, 1573, 1440, 1345, 1502, 1479, 1532, 1446, 1492, 1348, 1493, 1497, 1456, 1438, 1595, 1422, 1443, 1513, 1344, 1379, 1495, 1368, 1468, 1625, 1447, 1373, 1530, 1477, 1593, 1480, 1467, 1418, 1481, 1597, 1445, 1450, 1464, 1645, 1608, 1482, 1495, 1387, 1483, 1529, 1467, 1520, 1587, 1539, 1490, 1432, 1489, 1549, 1543, 1480, 1459, 1419, 1553, 1538, 1339, 1480, 1356, 1500, 1372, 1421, 1578, 1582, 1433, 1518, 1483, 1457, 1568, 1550, 1607, 1552, 1519, 1446, 1444, 1482, 1344, 1470, 1480, 1367, 1351, 1487, 1484, 1491, 1400, 1513, 1512, 1535, 1406, 1431, 1432, 1429, 1650, 1533, 1390, 1606, 1358, 1494, 1408, 1431, 1643, 1551, 1412, 1323, 1476, 1407, 1402, 1475, 1299, 1218, 1447, 1435, 1483, 1508, 1388, 1425, 1357, 1450, 1421, 1500, 1413, 1564, 1450, 1422, 1422, 1405, 1559, 1475, 1433, 1348, 1415, 1537, 1489, 1625, 1383, 1478, 1577, 1409, 1367, 1493, 1438, 1435, 1454, 1389, 1415, 1463, 1495, 1469, 1500, 1308, 1554, 1485, 1297, 1401, 1525, 1428, 1444, 1422, 1501, 1461, 1579, 1458, 1570, 1340, 1435, 1596, 1523, 1487, 1503, 1452, 1430, 1319, 1376, 1604, 1566, 1383, 1530, 1462, 1350, 1367, 1501, 1492, 1327, 1497, 1539, 1395, 1453, 1421, 1317, 1505, 1458, 1485, 1610, 1593, 1381, 1364, 1694, 1369, 1491, 1475, 1395, 1439, 1458, 1441, 1501, 1383, 1493, 1422, 1548, 1440, 1308, 1532, 1563, 1371, 1464, 1514, 1438, 1444, 1503, 1552, 1485, 1496, 1599, 1526, 1537, 1369, 1514, 1526, 1583, 1458, 1388, 1486, 1284, 1433, 1557, 1477, 1382, 1296, 1401, 1383, 1427, 1404, 1420, 1486, 1506, 1588, 1519, 1562, 1429, 1542, 1411, 1391, 1530, 1597, 1595, 1407, 1429, 1392, 1347, 1559, 1420, 1485, 1482, 1511, 1442, 1368, 1512, 1492, 1447, 1478, 1516, 1473, 1433, 1502, 1401, 1462, 1416, 1506, 1458, 1656, 1494, 1576, 1465, 1525, 1568, 1366, 1512, 1548, 1608, 1369, 1526, 1548, 1474, 1444, 1567, 1439, 1374, 1299, 1371, 1520, 1408, 1486, 1408, 1532, 1423, 1423, 1342, 1411, 1465, 1402, 1523, 1368, 1453, 1552, 1439, 1393, 1597, 1607, 1444, 1308, 1392, 1438, 1471, 1566, 1491, 1536, 1320, 1491, 1463, 1456, 1545, 1428, 1476, 1533, 1420, 1366, 1517, 1469, 1398, 1458, 1516, 1388, 1409, 1452, 1533, 1368, 1477, 1475, 1281, 1598, 1477, 1474, 1525, 1370, 1508, 1605, 1495, 1425, 1408, 1493, 1508, 1504, 1494, 1560, 1390, 1467, 1395, 1394, 1483, 1422, 1324, 1356, 1452, 1434, 1483, 1403, 1514, 1450, 1617, 1473, 1401, 1510, 1393, 1533, 1663, 1499, 1404, 1404, 1437, 1545, 1443, 1527, 1417, 1561, 1365, 1519, 1442, 1387, 1432, 1555, 1457, 1458, 1434, 1430, 1385, 1475, 1431, 1510, 1562, 1447, 1489, 1322, 1472, 1551, 1493, 1422, 1338, 1476, 1477, 1451, 1516, 1356, 1670, 1300, 1574, 1490, 1499, 1506, 1535, 1499, 1517, 1490, 1644, 1494, 1490, 1415, 1444, 1528, 1480, 1404, 1382, 1585, 1641, 1500, 1494, 1393, 1240, 1415, 1455, 1490, 1475, 1405, 1484, 1554, 1493, 1463, 1394, 1553, 1529, 1494, 1432, 1492, 1449, 1500, 1528, 1400, 1512, 1425, 1278, 1397, 1472, 1554, 1471, 1419, 1339, 1410, 1469, 1335, 1547, 1563, 1468, 1471, 1440, 1524, 1397, 1513, 1456, 1527, 1328, 1420, 1440, 1323, 1542, 1522, 1476, 1489, 1595, 1461, 1403, 1514, 1495, 1487, 1507, 1434, 1546, 1368, 1472, 1480, 1536, 1432, 1445, 1465, 1331, 1508, 1580, 1378, 1499, 1234, 1454, 1521, 1455, 1396, 1460, 1456, 1612, 1465, 1512, 1468, 1619, 1430, 1504, 1518, 1350, 1505, 1550, 1451, 1388, 1472, 1400, 1431, 1381, 1359, 1668, 1493, 1377, 1639, 1468, 1525, 1312, 1344, 1484, 1426, 1416, 1435, 1564, 1529, 1531, 1522, 1439, 1487, 1395, 1554, 1531, 1505, 1424, 1447, 1456, 1407, 1335, 1454, 1562, 1470, 1363, 1573, 1463, 1477, 1417, 1558, 1417, 1458, 1483, 1445, 1662, 1451, 1506, 1473, 1273, 1575, 1505, 1486, 1503, 1501, 1519, 1603, 1497, 1494, 1507, 1407, 1499, 1505, 1414, 1579, 1495, 1453, 1447, 1509, 1427, 1457, 1481, 1416, 1450, 1374, 1427, 1399, 1463, 1627, 1370, 1386, 1359, 1462, 1420, 1468, 1516, 1416, 1518, 1487, 1415, 1568, 1598, 1484, 1545, 1356, 1493, 1496, 1570, 1414, 1385, 1454, 1458, 1433, 1525, 1401, 1400, 1581, 1478, 1483, 1611, 1580, 1530, 1432, 1481, 1533, 1596, 1453, 1451, 1486, 1515, 1500, 1383, 1490, 1441, 1362, 1416, 1410, 1529, 1517, 1366, 1387, 1638, 1424, 1467, 1605, 1576, 1484, 1525, 1388, 1509, 1370, 1390, 1502, 1559, 1409, 1426, 1454, 1576, 1514, 1582, 1538, 1356, 1334, 1450, 1369, 1463, 1512, 1493, 1543, 1515, 1481, 1438, 1482, 1410, 1529, 1424, 1536, 1538, 1391, 1380, 1528, 1492, 1495, 1552, 1398, 1521, 1366, 1595, 1468, 1403, 1564, 1436, 1539, 1565, 1484, 1444, 1453, 1529, 1480, 1569, 1543, 1491, 1462, 1432, 1443, 1467, 1413, 1371, 1362, 1480, 1436, 1424, 1436, 1355, 1423, 1526, 1544, 1382, 1398, 1434, 1560, 1311, 1443, 1385, 1299, 1395, 1409, 1471, 1503, 1492, 1488, 1458, 1375, 1516, 1567, 1412, 1532, 1488, 1393, 1436, 1412, 1465, 1351, 1488, 1328, 1542, 1424, 1564, 1373, 1354, 1482, 1521, 1317, 1493, 1516, 1506, 1361, 1603, 1458, 1423, 1575, 1334, 1455, 1458, 1464, 1303, 1456, 1450, 1253, 1474, 1629, 1420, 1543, 1413, 1563, 1497, 1518, 1478, 1461, 1463, 1397, 1444, 1450, 1536, 1495, 1489, 1523, 1452, 1619, 1379, 1356, 1349, 1389, 1482, 1423, 1369, 1438, 1381, 1452, 1574, 1506, 1420, 1437, 1651, 1375, 1462, 1431, 1632, 1433, 1396, 1469, 1350, 1451, 1449, 1515, 1455, 1420, 1478, 1497, 1548, 1469, 1488, 1357, 1442, 1393, 1481, 1507, 1457, 1466, 1343, 1577, 1428, 1500, 1512, 1417, 1485, 1584, 1463, 1381, 1374, 1417, 1370, 1636, 1609, 1532, 1400, 1429, 1490, 1388, 1512, 1553, 1504, 1465, 1482, 1456, 1517, 1329, 1471, 1574, 1512, 1495, 1519, 1437, 1508, 1456, 1510, 1554, 1543, 1468, 1495, 1467, 1607, 1321, 1514, 1463, 1313, 1315, 1548, 1421, 1560, 1386, 1472, 1540, 1256, 1412, 1359, 1397, 1645, 1414, 1533, 1542, 1347, 1429, 1571, 1509, 1506, 1511, 1515, 1520, 1449, 1577, 1587, 1435, 1493, 1521, 1496, 1499, 1387, 1442, 1357, 1464, 1572, 1519, 1481, 1453, 1364, 1491, 1537, 1466, 1456, 1483, 1506, 1424, 1470, 1519, 1420, 1543, 1610, 1442, 1470, 1523, 1487, 1525, 1464, 1397, 1441, 1507, 1586, 1546, 1533, 1506, 1559, 1351, 1610, 1578, 1428, 1462, 1537, 1302, 1414, 1554, 1597, 1551, 1502, 1419, 1363, 1331, 1471, 1562, 1336, 1509, 1492, 1425, 1602, 1550, 1585, 1564, 1521, 1426, 1638, 1426, 1387, 1428, 1368, 1469, 1403, 1445, 1408, 1453, 1351, 1447, 1415, 1485, 1416, 1382, 1596, 1517, 1497, 1379, 1485, 1526, 1381, 1592, 1492, 1480, 1459, 1407, 1621, 1435, 1432, 1457, 1574, 1559, 1460, 1550, 1569, 1526, 1603, 1361, 1492, 1405, 1487, 1556, 1515, 1487, 1443, 1274, 1308, 1463, 1574, 1551, 1473, 1264, 1388, 1482, 1537, 1465, 1467, 1556, 1507, 1443, 1451, 1565, 1418, 1537, 1482, 1441, 1437, 1399, 1528, 1484, 1514, 1569, 1574, 1470, 1541, 1339, 1467, 1504, 1488, 1396, 1490, 1396, 1522, 1518, 1456, 1482, 1427, 1453, 1425, 1510, 1412, 1528, 1382, 1611, 1584, 1498, 1371, 1415, 1518, 1564, 1421, 1597, 1449, 1448, 1566, 1383, 1562, 1577, 1413, 1489, 1560, 1428, 1383, 1456, 1397, 1391, 1408, 1433, 1431, 1444, 1512, 1389, 1575, 1534, 1506, 1555, 1493, 1488, 1490, 1379, 1484, 1386, 1560, 1540, 1528, 1421, 1468, 1448, 1454, 1532, 1436, 1478, 1380, 1367, 1445, 1421, 1527, 1511, 1403, 1341, 1483, 1449, 1538, 1485, 1462, 1254, 1573, 1418, 1282, 1426, 1511, 1413, 1494, 1464, 1530, 1380, 1485, 1616, 1539, 1364, 1574, 1565, 1525, 1489, 1451, 1559, 1584, 1514, 1499, 1496, 1425, 1576, 1469, 1463, 1415, 1411, 1524, 1537, 1418, 1564, 1433, 1546, 1291, 1375, 1426, 1418, 1485, 1432, 1622, 1477, 1466, 1422, 1273, 1514, 1505, 1465, 1469, 1497, 1353, 1477, 1503, 1451, 1339, 1315, 1436, 1433, 1536, 1382, 1394, 1402, 1463, 1425, 1492, 1528, 1353, 1452, 1591, 1331, 1426, 1526, 1371, 1483, 1524, 1451, 1512, 1474, 1391, 1478, 1490, 1442, 1460, 1502, 1438, 1421, 1493, 1411, 1576, 1353, 1484, 1407, 1426, 1556, 1403, 1512, 1480, 1335, 1445, 1394, 1336, 1573, 1435, 1544, 1507, 1436, 1557, 1594, 1465, 1546, 1509, 1387, 1520, 1553, 1393, 1432, 1467, 1519, 1347, 1531, 1603, 1395, 1441, 1422, 1391, 1442, 1445, 1397, 1429, 1491, 1485, 1446, 1358, 1382, 1346, 1507, 1536, 1428, 1462, 1517, 1512, 1546, 1429, 1528, 1496, 1560, 1519, 1387, 1453, 1518, 1425, 1416, 1520, 1449, 1428, 1518, 1509, 1487, 1439, 1592, 1562, 1401, 1352, 1487, 1417, 1418, 1446, 1577, 1441, 1394, 1470, 1515, 1358, 1391, 1428, 1470, 1388, 1463, 1416, 1487, 1376, 1526, 1449, 1466, 1463, 1456, 1501, 1513, 1298, 1421, 1343, 1550, 1326, 1376, 1450, 1373, 1420, 1424, 1462, 1482, 1513, 1465, 1394, 1449, 1487, 1487, 1353, 1419, 1434, 1532, 1405, 1374, 1506, 1415, 1388, 1399, 1504, 1538, 1439, 1446, 1495, 1546, 1449, 1336, 1519, 1580, 1423, 1416, 1458, 1485, 1403, 1461, 1415, 1449, 1352, 1492, 1527, 1358, 1364, 1498, 1445, 1514, 1500, 1396, 1454, 1460, 1405, 1535, 1561, 1488, 1641, 1490, 1398, 1541, 1465, 1469, 1402, 1393, 1408, 1561, 1374, 1438, 1464, 1395, 1494, 1571, 1398, 1410, 1539, 1527, 1497, 1494, 1381, 1488, 1481, 1473, 1608, 1505, 1493, 1399, 1485, 1382, 1433, 1493, 1465, 1520, 1569, 1435, 1416, 1421, 1435, 1403, 1395, 1356, 1587, 1499, 1478, 1490, 1408, 1546, 1441, 1462, 1408, 1400, 1513, 1439, 1370, 1535, 1461, 1505, 1459, 1545, 1469, 1458, 1333, 1527, 1383, 1524, 1413, 1374, 1443, 1493, 1565, 1405, 1414, 1438, 1359, 1487, 1490, 1536, 1498, 1428, 1407, 1381, 1402, 1416, 1501, 1363, 1453, 1536, 1612, 1462, 1510, 1411, 1423, 1322, 1539, 1435, 1439, 1546, 1492, 1586, 1500, 1429, 1480, 1376, 1460, 1555, 1437, 1539, 1546, 1511, 1449, 1432, 1420, 1414, 1366, 1530, 1470, 1434, 1505, 1458, 1515, 1430, 1471, 1411, 1461, 1484, 1489, 1468, 1490, 1337, 1246, 1458, 1418, 1548, 1518, 1306, 1615, 1427, 1408, 1426, 1468, 1542, 1439, 1611, 1457, 1354, 1460, 1425, 1528, 1464, 1433, 1368, 1435, 1464, 1427, 1418, 1361, 1360, 1383, 1565, 1483, 1346, 1540, 1509, 1415, 1427, 1446, 1467, 1459, 1452, 1603, 1595, 1492, 1462, 1448, 1401, 1347, 1392, 1498, 1461, 1438, 1355, 1281, 1489, 1458, 1453, 1518, 1417, 1387, 1455, 1490, 1386, 1582, 1379, 1478, 1317, 1547, 1347, 1414, 1490, 1458, 1480, 1474, 1325, 1389, 1456, 1395, 1438, 1550, 1480, 1635, 1483, 1291, 1505, 1429, 1577, 1538, 1406, 1395, 1540, 1556, 1587, 1448, 1409, 1600, 1488, 1339, 1401, 1456, 1337, 1468, 1536, 1508, 1320, 1395, 1399, 1434, 1400, 1469, 1574, 1464, 1565, 1472, 1553, 1405, 1530, 1561, 1487, 1495, 1461, 1523, 1524, 1416, 1422, 1486, 1355, 1403, 1499, 1420, 1543, 1405, 1442, 1457, 1427, 1486, 1511, 1440, 1554, 1454, 1456, 1339, 1558, 1439, 1494, 1500, 1495, 1576, 1332, 1428, 1583, 1428, 1392, 1418, 1551, 1499, 1402, 1442, 1602, 1449, 1477, 1514, 1458, 1396, 1481, 1351, 1426, 1522, 1468, 1558, 1571, 1398, 1352, 1515, 1584, 1468, 1431, 1382, 1404, 1322, 1497, 1425, 1413, 1621, 1610, 1517, 1352, 1604, 1573, 1413, 1483, 1447, 1433, 1417, 1500, 1416, 1473, 1490, 1560, 1432, 1507, 1511, 1427, 1473, 1521, 1543, 1488, 1474, 1469, 1380, 1480, 1410, 1486, 1536, 1503, 1520, 1479, 1448, 1494, 1522, 1556, 1494, 1428, 1557, 1504, 1550, 1582, 1481, 1309, 1409, 1494, 1509, 1428, 1343, 1274, 1451, 1469, 1326, 1435, 1538, 1525, 1390, 1495, 1454, 1500, 1564, 1333, 1440, 1415, 1515, 1379, 1446, 1312, 1457, 1402, 1579, 1380, 1425, 1478, 1484, 1445, 1491, 1407, 1450, 1368, 1531, 1540, 1461, 1403, 1582, 1451, 1503, 1474, 1460, 1545, 1480, 1490, 1587, 1478, 1503, 1562, 1446, 1412, 1517, 1535, 1612, 1558, 1373, 1495, 1396, 1344, 1526, 1529, 1525, 1320, 1479, 1308, 1512, 1511, 1488, 1492, 1442, 1494, 1545, 1515, 1408, 1308, 1322, 1549, 1427, 1517, 1488, 1551, 1509, 1520, 1471, 1453, 1556, 1473, 1351, 1541, 1338, 1326, 1530, 1433, 1570, 1437, 1606, 1454, 1540, 1404, 1500, 1520, 1427, 1575, 1439, 1437, 1345, 1412, 1537, 1401, 1396, 1534, 1535, 1411, 1474, 1497, 1550, 1548, 1472, 1393, 1463, 1485, 1510, 1468, 1452, 1422, 1438, 1503, 1387, 1492, 1445, 1476, 1374, 1536, 1485, 1417, 1558, 1722, 1453, 1461, 1382, 1503, 1548, 1484, 1475, 1458, 1463, 1484, 1391, 1388, 1483, 1366, 1464, 1441, 1309, 1346, 1430, 1423, 1532, 1541, 1511, 1519, 1551, 1592, 1617, 1442, 1415, 1520, 1476, 1549, 1365, 1444, 1547, 1449, 1465, 1416, 1455, 1366, 1429, 1359, 1590, 1399, 1446, 1306, 1425, 1403, 1415, 1513, 1332, 1481, 1466, 1489, 1530, 1463, 1517, 1414, 1575, 1397, 1563, 1440, 1496, 1452, 1336, 1439, 1359, 1525, 1641, 1465, 1448, 1578, 1554, 1401, 1498, 1402, 1430, 1563, 1513, 1413, 1472, 1430, 1509, 1446, 1535, 1363, 1439, 1554, 1523, 1377, 1474, 1323, 1424, 1563, 1597, 1458, 1522, 1365, 1487, 1480, 1393, 1412, 1461, 1418, 1396, 1474, 1440, 1530, 1448, 1420, 1462, 1416, 1520, 1570, 1383, 1418, 1667, 1574, 1515, 1490, 1479, 1409, 1481, 1323, 1423, 1336, 1556, 1452, 1513, 1464, 1474, 1496, 1431, 1539, 1526, 1515, 1509, 1488, 1513, 1517, 1463, 1489, 1476, 1336, 1580, 1418, 1442, 1591, 1512, 1546, 1465, 1483, 1519, 1425, 1382, 1461, 1485, 1490, 1398, 1446, 1440, 1421, 1611, 1331, 1434, 1353, 1452, 1417, 1420, 1478, 1508, 1318, 1419, 1440, 1311, 1487, 1460, 1528, 1334, 1316, 1594, 1453, 1505, 1549, 1548, 1517, 1446, 1393]

[stfn]
  Promedio : 483.4s
  Desvío   : 55.8s
  IC 95%   : [481.9s, 485.0s]
  Mínimo   : 356s
  Máximo   : 740s
  Tiempos  : [452, 426, 453, 504, 498, 521, 444, 451, 465, 540, 508, 413, 504, 517, 471, 506, 533, 501, 577, 413, 510, 511, 429, 489, 528, 466, 378, 479, 465, 505, 417, 464, 433, 373, 425, 432, 489, 539, 422, 507, 487, 576, 596, 476, 467, 609, 506, 589, 453, 499, 413, 427, 441, 467, 467, 411, 484, 482, 448, 435, 463, 476, 417, 489, 486, 466, 504, 426, 452, 541, 504, 521, 519, 517, 537, 394, 519, 453, 513, 583, 497, 444, 455, 410, 487, 411, 498, 553, 545, 550, 439, 579, 495, 491, 421, 461, 410, 407, 422, 549, 574, 451, 546, 443, 499, 462, 546, 455, 584, 438, 445, 499, 535, 461, 526, 452, 503, 503, 453, 452, 546, 538, 441, 471, 565, 475, 453, 611, 497, 471, 547, 505, 493, 512, 456, 569, 446, 495, 522, 530, 462, 470, 495, 575, 494, 424, 428, 404, 462, 512, 551, 429, 457, 454, 491, 500, 386, 517, 578, 462, 519, 393, 468, 426, 573, 440, 474, 420, 461, 450, 548, 452, 417, 482, 437, 505, 504, 477, 420, 463, 593, 532, 531, 501, 609, 543, 471, 555, 550, 424, 517, 422, 404, 493, 563, 432, 523, 507, 514, 485, 367, 422, 567, 471, 513, 461, 366, 510, 425, 477, 507, 465, 575, 436, 423, 528, 449, 467, 499, 695, 498, 616, 413, 403, 432, 517, 510, 521, 454, 411, 593, 594, 547, 436, 555, 417, 516, 591, 476, 570, 500, 521, 714, 460, 475, 514, 568, 400, 493, 514, 525, 437, 503, 517, 597, 518, 420, 480, 426, 431, 462, 611, 552, 451, 562, 518, 402, 476, 584, 407, 519, 514, 476, 475, 509, 453, 473, 501, 466, 528, 470, 478, 521, 467, 485, 509, 474, 435, 453, 463, 397, 546, 439, 501, 612, 540, 474, 482, 421, 449, 620, 492, 552, 549, 466, 470, 400, 449, 561, 472, 452, 545, 470, 529, 514, 532, 407, 517, 469, 483, 433, 462, 487, 478, 425, 435, 491, 422, 567, 447, 542, 587, 616, 475, 456, 497, 439, 563, 495, 443, 404, 505, 447, 390, 596, 475, 417, 510, 468, 423, 460, 470, 588, 606, 490, 603, 422, 410, 482, 444, 472, 439, 528, 376, 522, 502, 522, 376, 470, 495, 426, 516, 596, 587, 444, 492, 513, 503, 574, 527, 411, 431, 496, 449, 410, 478, 483, 398, 494, 497, 430, 573, 455, 525, 431, 406, 486, 431, 493, 479, 428, 414, 497, 465, 540, 401, 390, 481, 536, 474, 535, 411, 487, 484, 532, 400, 433, 668, 538, 509, 456, 586, 418, 399, 459, 508, 460, 405, 427, 506, 485, 438, 521, 434, 451, 447, 570, 467, 478, 479, 501, 552, 552, 408, 604, 619, 541, 541, 463, 425, 519, 498, 472, 442, 451, 463, 450, 454, 500, 422, 509, 497, 623, 475, 574, 490, 502, 448, 465, 490, 468, 520, 499, 402, 513, 516, 405, 461, 487, 526, 456, 518, 465, 419, 427, 640, 586, 468, 500, 431, 407, 446, 491, 432, 538, 468, 570, 486, 438, 451, 444, 419, 500, 518, 394, 490, 496, 569, 459, 447, 474, 470, 423, 460, 451, 502, 606, 496, 420, 458, 482, 507, 479, 431, 484, 579, 480, 431, 459, 400, 580, 494, 520, 495, 415, 484, 457, 518, 376, 472, 463, 497, 551, 473, 419, 443, 502, 438, 516, 521, 527, 527, 467, 401, 455, 530, 542, 526, 394, 448, 541, 442, 416, 428, 581, 502, 538, 514, 463, 430, 446, 408, 539, 419, 429, 512, 433, 476, 407, 470, 730, 452, 518, 538, 445, 486, 462, 473, 435, 483, 418, 486, 432, 441, 430, 468, 427, 422, 375, 541, 387, 470, 572, 486, 450, 547, 449, 508, 591, 510, 530, 468, 547, 510, 422, 431, 454, 463, 565, 438, 494, 502, 390, 517, 512, 429, 538, 454, 466, 469, 503, 476, 434, 422, 576, 521, 450, 459, 416, 520, 396, 547, 506, 443, 467, 462, 459, 463, 488, 461, 611, 481, 477, 479, 421, 461, 545, 560, 438, 405, 519, 440, 472, 576, 584, 398, 490, 441, 440, 443, 528, 461, 517, 439, 453, 420, 540, 494, 410, 463, 564, 555, 448, 483, 479, 487, 533, 522, 424, 446, 440, 536, 406, 541, 484, 576, 510, 502, 412, 454, 457, 481, 497, 469, 572, 469, 504, 514, 425, 563, 514, 603, 454, 506, 478, 614, 434, 538, 430, 536, 453, 517, 416, 450, 494, 475, 410, 439, 455, 436, 498, 529, 411, 427, 578, 486, 491, 556, 504, 488, 531, 567, 593, 445, 446, 378, 503, 422, 414, 599, 481, 520, 409, 423, 463, 473, 441, 427, 498, 497, 482, 434, 455, 455, 468, 498, 499, 413, 438, 562, 603, 402, 483, 429, 546, 521, 490, 482, 577, 548, 431, 383, 529, 491, 407, 401, 399, 452, 455, 524, 536, 475, 389, 429, 578, 435, 423, 507, 521, 431, 409, 503, 426, 513, 470, 476, 446, 474, 470, 502, 469, 463, 526, 559, 555, 489, 560, 577, 407, 519, 482, 508, 482, 415, 563, 405, 451, 503, 463, 462, 541, 534, 567, 471, 407, 445, 561, 410, 412, 494, 477, 583, 419, 538, 479, 489, 421, 482, 441, 433, 479, 508, 440, 470, 606, 505, 485, 559, 406, 555, 494, 449, 567, 467, 468, 466, 493, 539, 505, 380, 538, 483, 559, 465, 471, 444, 478, 427, 604, 507, 458, 419, 532, 564, 456, 600, 472, 479, 587, 550, 459, 453, 598, 477, 611, 549, 513, 480, 430, 540, 533, 479, 456, 537, 487, 489, 482, 523, 524, 549, 422, 522, 589, 400, 446, 431, 544, 515, 492, 453, 496, 491, 523, 434, 436, 469, 474, 460, 475, 508, 431, 579, 550, 497, 405, 539, 392, 496, 422, 512, 430, 501, 518, 406, 404, 398, 512, 519, 475, 448, 519, 584, 532, 365, 599, 413, 449, 426, 510, 485, 433, 440, 441, 544, 661, 530, 415, 472, 489, 474, 583, 458, 415, 482, 475, 418, 458, 419, 504, 457, 381, 438, 442, 468, 479, 549, 472, 560, 406, 402, 499, 448, 462, 499, 500, 563, 454, 473, 496, 397, 422, 474, 509, 562, 498, 404, 488, 527, 498, 518, 396, 451, 530, 539, 437, 498, 410, 465, 522, 472, 504, 448, 545, 488, 517, 471, 511, 510, 475, 446, 462, 459, 488, 505, 642, 526, 463, 508, 435, 566, 454, 466, 440, 507, 411, 393, 529, 437, 441, 565, 502, 485, 462, 476, 534, 536, 491, 518, 525, 566, 513, 496, 497, 477, 487, 477, 503, 548, 592, 538, 447, 483, 476, 426, 552, 441, 551, 465, 404, 461, 451, 443, 467, 441, 421, 570, 456, 512, 461, 434, 422, 473, 495, 470, 441, 483, 430, 462, 458, 477, 537, 658, 502, 405, 492, 485, 483, 466, 459, 411, 492, 430, 553, 386, 446, 489, 516, 474, 550, 543, 541, 484, 432, 418, 415, 447, 430, 470, 534, 435, 456, 536, 426, 526, 460, 481, 455, 460, 426, 471, 544, 494, 481, 512, 456, 575, 481, 456, 453, 462, 629, 492, 527, 481, 459, 513, 438, 458, 567, 472, 443, 493, 540, 508, 384, 410, 465, 430, 493, 481, 433, 502, 486, 572, 506, 473, 540, 378, 414, 519, 472, 433, 508, 438, 428, 462, 531, 457, 542, 456, 481, 459, 599, 413, 398, 541, 458, 482, 428, 433, 558, 491, 556, 465, 526, 553, 514, 416, 451, 485, 443, 493, 542, 505, 593, 578, 496, 506, 470, 421, 464, 504, 507, 429, 491, 436, 550, 546, 450, 540, 634, 526, 557, 470, 517, 480, 443, 589, 532, 438, 563, 450, 541, 484, 442, 436, 535, 465, 513, 421, 452, 391, 462, 558, 460, 468, 481, 446, 516, 529, 497, 539, 485, 468, 486, 513, 516, 417, 463, 536, 496, 435, 460, 460, 415, 420, 450, 553, 576, 508, 451, 520, 516, 496, 532, 567, 440, 568, 479, 543, 451, 457, 529, 457, 568, 542, 444, 579, 514, 557, 475, 523, 632, 498, 489, 569, 740, 487, 519, 556, 526, 536, 448, 571, 554, 506, 493, 415, 526, 568, 507, 468, 468, 497, 489, 490, 639, 461, 404, 491, 412, 441, 541, 407, 488, 512, 420, 488, 492, 545, 397, 530, 455, 463, 540, 380, 413, 424, 434, 443, 592, 493, 575, 550, 544, 514, 439, 545, 410, 580, 446, 419, 437, 446, 441, 584, 439, 434, 548, 590, 425, 475, 405, 550, 511, 460, 403, 559, 427, 494, 449, 456, 508, 460, 526, 542, 420, 504, 501, 424, 386, 583, 461, 461, 392, 432, 607, 530, 487, 488, 507, 450, 582, 448, 434, 502, 452, 428, 457, 557, 480, 592, 468, 424, 530, 450, 569, 491, 425, 436, 476, 517, 488, 442, 479, 438, 450, 485, 515, 400, 516, 461, 412, 500, 447, 392, 483, 584, 529, 446, 571, 446, 398, 573, 479, 484, 464, 491, 514, 524, 441, 487, 465, 540, 487, 465, 465, 392, 499, 564, 510, 620, 513, 463, 519, 468, 484, 512, 459, 509, 441, 414, 570, 611, 545, 480, 552, 463, 585, 596, 483, 571, 555, 409, 553, 524, 564, 462, 443, 527, 437, 516, 418, 509, 491, 445, 480, 399, 455, 507, 453, 643, 425, 477, 471, 427, 403, 465, 421, 497, 475, 644, 470, 486, 465, 473, 505, 372, 578, 549, 399, 406, 553, 417, 485, 606, 504, 502, 452, 496, 537, 425, 451, 490, 419, 535, 459, 476, 477, 518, 455, 485, 542, 497, 530, 513, 506, 554, 519, 376, 446, 556, 408, 549, 396, 543, 413, 453, 417, 458, 459, 471, 544, 462, 468, 553, 423, 523, 504, 496, 540, 416, 477, 445, 419, 447, 490, 439, 438, 445, 508, 530, 572, 442, 491, 618, 523, 424, 459, 412, 445, 454, 448, 385, 461, 463, 463, 517, 504, 373, 471, 647, 504, 521, 431, 472, 454, 426, 617, 401, 449, 519, 384, 455, 526, 535, 561, 427, 489, 457, 450, 473, 463, 557, 537, 472, 451, 450, 476, 508, 516, 483, 518, 519, 416, 470, 596, 482, 508, 461, 424, 469, 492, 516, 561, 440, 418, 518, 542, 477, 409, 419, 368, 454, 445, 408, 566, 550, 381, 520, 563, 409, 523, 395, 636, 486, 480, 382, 535, 413, 462, 476, 567, 464, 439, 413, 454, 487, 422, 485, 672, 545, 436, 434, 458, 530, 432, 401, 484, 498, 644, 408, 444, 420, 486, 404, 511, 431, 560, 417, 495, 428, 520, 432, 484, 450, 521, 424, 445, 522, 506, 451, 449, 523, 456, 426, 451, 452, 505, 470, 578, 655, 470, 497, 500, 562, 426, 434, 472, 481, 446, 470, 398, 601, 489, 528, 442, 510, 448, 392, 443, 510, 556, 418, 468, 492, 568, 449, 544, 456, 527, 485, 478, 519, 426, 447, 561, 458, 506, 509, 459, 492, 437, 540, 446, 472, 441, 445, 515, 470, 519, 421, 455, 546, 605, 626, 533, 464, 393, 522, 435, 511, 456, 367, 546, 520, 553, 534, 443, 591, 433, 535, 429, 446, 367, 388, 444, 490, 549, 486, 423, 492, 414, 546, 437, 422, 490, 585, 498, 598, 497, 457, 509, 581, 427, 517, 411, 475, 415, 528, 432, 418, 502, 601, 503, 448, 506, 520, 428, 452, 418, 472, 440, 500, 413, 497, 392, 406, 508, 444, 446, 594, 477, 397, 410, 506, 462, 508, 427, 478, 452, 430, 560, 445, 482, 462, 394, 496, 514, 456, 403, 499, 517, 406, 510, 532, 512, 484, 496, 512, 554, 543, 575, 454, 470, 482, 478, 438, 497, 403, 464, 515, 486, 543, 437, 403, 615, 541, 535, 441, 561, 487, 407, 476, 489, 474, 459, 494, 407, 380, 472, 429, 437, 548, 451, 473, 403, 469, 405, 475, 518, 473, 407, 513, 480, 497, 452, 498, 481, 450, 490, 489, 439, 475, 477, 547, 556, 522, 504, 512, 444, 539, 548, 498, 439, 436, 508, 453, 437, 517, 444, 454, 407, 421, 530, 545, 499, 568, 561, 477, 435, 486, 441, 456, 548, 517, 420, 477, 469, 542, 416, 415, 391, 511, 569, 544, 631, 530, 497, 535, 428, 594, 521, 455, 390, 547, 578, 463, 558, 582, 535, 483, 488, 460, 510, 483, 475, 481, 534, 429, 430, 448, 455, 441, 504, 539, 407, 573, 506, 470, 475, 439, 518, 641, 508, 498, 404, 555, 426, 513, 505, 535, 439, 526, 546, 523, 442, 415, 474, 466, 592, 547, 602, 485, 462, 572, 515, 469, 521, 501, 534, 435, 523, 377, 541, 450, 503, 441, 437, 457, 471, 367, 574, 413, 559, 489, 458, 548, 394, 464, 458, 443, 464, 482, 452, 465, 532, 511, 451, 423, 458, 460, 453, 458, 494, 410, 465, 437, 472, 433, 456, 465, 437, 426, 560, 602, 464, 619, 530, 573, 405, 470, 477, 465, 531, 542, 457, 418, 535, 434, 402, 457, 460, 469, 505, 513, 435, 493, 411, 524, 553, 525, 452, 576, 567, 548, 512, 548, 543, 442, 549, 538, 440, 510, 577, 426, 432, 421, 403, 462, 433, 444, 548, 504, 413, 469, 451, 392, 414, 421, 396, 441, 468, 505, 594, 685, 410, 391, 384, 582, 497, 450, 541, 513, 543, 630, 454, 500, 465, 399, 495, 414, 514, 457, 513, 453, 511, 489, 463, 576, 401, 423, 451, 467, 453, 467, 384, 470, 539, 465, 495, 496, 448, 489, 436, 526, 457, 424, 532, 458, 527, 538, 431, 417, 558, 458, 457, 504, 404, 484, 511, 474, 492, 424, 455, 461, 483, 454, 474, 431, 515, 444, 507, 460, 484, 381, 535, 449, 471, 466, 524, 514, 415, 446, 445, 454, 428, 459, 445, 436, 381, 475, 619, 532, 411, 519, 413, 428, 450, 467, 513, 520, 534, 553, 556, 432, 505, 426, 429, 468, 533, 491, 508, 499, 500, 553, 501, 418, 575, 422, 450, 440, 515, 527, 431, 482, 462, 420, 439, 447, 503, 466, 423, 447, 450, 500, 459, 534, 459, 452, 583, 385, 466, 429, 463, 557, 447, 452, 419, 452, 481, 431, 470, 434, 512, 527, 416, 471, 584, 532, 508, 380, 438, 423, 512, 424, 566, 487, 424, 403, 489, 646, 498, 410, 464, 550, 495, 457, 527, 409, 489, 545, 454, 527, 489, 519, 456, 483, 576, 457, 640, 505, 451, 497, 596, 416, 502, 477, 425, 529, 383, 417, 531, 429, 523, 519, 533, 483, 475, 462, 502, 468, 440, 458, 496, 475, 544, 444, 409, 407, 496, 512, 539, 464, 507, 599, 448, 422, 538, 536, 504, 473, 475, 523, 534, 400, 587, 561, 537, 580, 456, 451, 452, 516, 421, 582, 472, 463, 457, 517, 446, 541, 428, 415, 576, 436, 466, 471, 382, 558, 418, 467, 444, 572, 546, 475, 567, 400, 422, 473, 451, 452, 583, 394, 421, 572, 473, 580, 411, 463, 457, 509, 588, 531, 473, 438, 461, 521, 484, 588, 425, 532, 456, 446, 527, 521, 452, 483, 479, 449, 536, 418, 548, 429, 444, 424, 489, 469, 429, 430, 513, 507, 458, 509, 496, 482, 463, 477, 466, 589, 413, 441, 527, 444, 624, 543, 460, 426, 517, 560, 402, 521, 464, 428, 451, 499, 519, 464, 587, 422, 387, 456, 476, 528, 533, 419, 433, 559, 533, 481, 442, 524, 462, 422, 641, 402, 441, 462, 467, 405, 548, 476, 629, 402, 436, 637, 545, 415, 386, 641, 571, 583, 555, 513, 469, 573, 472, 481, 514, 452, 436, 526, 466, 405, 431, 477, 558, 497, 583, 492, 594, 466, 522, 521, 436, 509, 384, 561, 426, 429, 447, 651, 407, 495, 509, 526, 431, 416, 467, 592, 580, 541, 433, 408, 473, 529, 431, 462, 466, 450, 568, 454, 497, 499, 549, 525, 460, 526, 508, 588, 453, 527, 568, 452, 470, 474, 429, 538, 543, 484, 501, 418, 540, 504, 485, 490, 469, 410, 552, 551, 487, 431, 479, 459, 475, 431, 527, 524, 495, 518, 466, 444, 573, 408, 481, 541, 404, 469, 506, 474, 508, 476, 504, 467, 523, 479, 534, 501, 497, 522, 554, 414, 428, 430, 521, 452, 420, 515, 423, 413, 514, 442, 479, 416, 398, 474, 420, 486, 484, 485, 512, 538, 410, 416, 481, 424, 524, 376, 422, 435, 571, 467, 461, 518, 511, 387, 456, 471, 562, 508, 506, 408, 469, 471, 518, 480, 418, 455, 593, 563, 492, 530, 582, 471, 497, 423, 618, 527, 430, 462, 495, 515, 441, 444, 487, 432, 570, 487, 426, 434, 444, 487, 505, 525, 504, 414, 428, 586, 490, 459, 490, 420, 442, 373, 435, 431, 479, 474, 455, 506, 399, 452, 474, 530, 492, 459, 455, 567, 442, 430, 514, 444, 574, 489, 438, 484, 441, 556, 471, 518, 435, 478, 524, 656, 458, 561, 407, 422, 525, 458, 577, 536, 498, 425, 515, 547, 512, 553, 408, 582, 576, 491, 473, 457, 517, 578, 472, 447, 579, 497, 450, 468, 435, 476, 537, 536, 476, 482, 496, 506, 528, 568, 419, 405, 482, 535, 486, 536, 421, 422, 479, 509, 560, 425, 485, 508, 409, 502, 464, 491, 401, 465, 491, 566, 426, 447, 398, 559, 408, 400, 489, 645, 475, 552, 521, 430, 534, 432, 397, 540, 474, 503, 584, 448, 573, 470, 458, 487, 394, 485, 459, 524, 438, 421, 437, 520, 527, 452, 433, 538, 390, 480, 513, 472, 494, 476, 413, 457, 444, 563, 559, 458, 580, 487, 394, 489, 484, 464, 492, 498, 510, 455, 461, 469, 468, 409, 414, 440, 447, 455, 460, 430, 479, 482, 383, 451, 432, 411, 500, 439, 440, 443, 625, 460, 485, 487, 452, 513, 408, 559, 560, 518, 438, 426, 402, 539, 438, 396, 476, 530, 577, 552, 589, 578, 481, 537, 485, 417, 472, 576, 440, 420, 512, 541, 570, 404, 606, 457, 432, 518, 414, 417, 535, 552, 460, 481, 462, 461, 498, 542, 505, 493, 444, 445, 460, 554, 443, 487, 413, 463, 502, 607, 514, 475, 518, 407, 456, 490, 408, 579, 436, 497, 473, 587, 413, 487, 417, 567, 512, 534, 590, 495, 443, 606, 451, 531, 441, 578, 448, 417, 556, 419, 479, 443, 446, 536, 543, 613, 563, 529, 387, 422, 607, 498, 423, 529, 441, 470, 492, 458, 624, 507, 413, 501, 478, 431, 495, 488, 528, 498, 489, 552, 468, 492, 425, 599, 485, 471, 532, 564, 442, 407, 421, 554, 433, 518, 403, 444, 562, 496, 510, 479, 500, 564, 551, 515, 590, 479, 504, 535, 495, 495, 536, 463, 527, 410, 455, 475, 574, 529, 440, 415, 447, 398, 486, 500, 451, 508, 515, 487, 366, 392, 553, 391, 597, 400, 424, 411, 408, 512, 558, 404, 431, 470, 410, 489, 477, 488, 418, 512, 433, 393, 416, 478, 440, 489, 471, 462, 450, 470, 478, 476, 490, 534, 470, 388, 483, 515, 446, 563, 455, 576, 378, 454, 430, 459, 513, 435, 486, 626, 455, 453, 428, 415, 410, 528, 420, 436, 464, 505, 664, 396, 471, 482, 393, 501, 421, 490, 444, 437, 535, 528, 526, 397, 481, 481, 509, 465, 507, 433, 624, 500, 420, 514, 417, 534, 618, 416, 543, 554, 503, 400, 410, 505, 521, 493, 522, 499, 442, 505, 432, 426, 436, 503, 477, 509, 442, 461, 497, 427, 609, 532, 454, 432, 585, 416, 411, 432, 421, 424, 508, 553, 445, 414, 476, 647, 486, 461, 422, 495, 553, 484, 513, 442, 447, 418, 425, 488, 497, 519, 490, 546, 511, 530, 434, 461, 494, 441, 402, 534, 464, 451, 407, 436, 474, 523, 424, 474, 449, 551, 449, 520, 524, 451, 543, 418, 402, 591, 549, 448, 444, 576, 436, 486, 508, 510, 482, 508, 623, 452, 492, 410, 464, 441, 425, 486, 404, 497, 483, 489, 459, 504, 389, 437, 398, 417, 440, 451, 471, 489, 457, 463, 427, 540, 487, 485, 495, 575, 549, 375, 500, 452, 466, 506, 531, 441, 477, 479, 422, 421, 447, 537, 440, 486, 534, 398, 557, 501, 476, 428, 494, 455, 481, 427, 492, 454, 533, 516, 476, 472, 409, 477, 482, 415, 470, 589, 411, 547, 411, 499, 428, 412, 567, 472, 450, 439, 426, 498, 552, 434, 404, 517, 591, 439, 430, 635, 486, 474, 453, 414, 515, 424, 464, 537, 487, 487, 612, 520, 614, 473, 412, 499, 492, 430, 467, 531, 378, 393, 407, 433, 479, 404, 553, 444, 460, 529, 395, 571, 456, 440, 480, 417, 559, 387, 474, 456, 373, 416, 485, 486, 527, 442, 445, 469, 517, 524, 547, 415, 468, 499, 455, 435, 428, 486, 504, 646, 523, 438, 504, 439, 424, 488, 438, 478, 442, 407, 543, 488, 377, 512, 551, 441, 634, 507, 480, 486, 442, 456, 500, 470, 406, 443, 474, 519, 528, 439, 540, 447, 513, 430, 501, 633, 439, 544, 661, 516, 541, 528, 383, 500, 566, 500, 499, 493, 429, 416, 437, 459, 453, 607, 544, 474, 565, 461, 501, 586, 509, 610, 531, 443, 381, 596, 568, 402, 415, 493, 472, 635, 436, 533, 532, 561, 507, 412, 534, 468, 471, 397, 489, 428, 604, 564, 525, 477, 429, 382, 496, 516, 563, 472, 536, 468, 463, 423, 459, 479, 416, 442, 490, 535, 475, 427, 484, 540, 546, 464, 649, 462, 422, 500, 507, 532, 563, 522, 476, 546, 462, 506, 583, 499, 510, 441, 379, 438, 458, 536, 474, 398, 387, 495, 530, 513, 516, 513, 469, 523, 458, 557, 516, 587, 584, 543, 473, 546, 500, 434, 496, 474, 502, 493, 559, 530, 479, 422, 619, 574, 507, 441, 528, 437, 493, 474, 448, 487, 524, 461, 485, 484, 466, 585, 515, 492, 552, 443, 410, 482, 499, 577, 430, 488, 421, 546, 486, 458, 480, 493, 558, 468, 455, 478, 562, 517, 533, 552, 519, 484, 591, 574, 536, 446, 527, 456, 548, 424, 441, 589, 505, 494, 519, 546, 493, 609, 491, 580, 485, 556, 500, 457, 515, 420, 435, 449, 542, 397, 439, 443, 431, 509, 368, 410, 513, 531, 580, 480, 487, 497, 503, 484, 423, 553, 568, 566, 435, 475, 493, 625, 535, 492, 539, 481, 462, 480, 509, 623, 408, 448, 423, 569, 544, 481, 407, 549, 425, 433, 551, 478, 506, 495, 437, 581, 411, 534, 505, 422, 450, 482, 520, 389, 510, 574, 449, 487, 568, 458, 405, 433, 546, 548, 560, 464, 526, 416, 475, 550, 526, 442, 469, 503, 534, 487, 456, 442, 421, 510, 439, 439, 560, 610, 519, 471, 468, 521, 581, 509, 474, 469, 556, 398, 429, 567, 598, 600, 425, 412, 467, 434, 430, 516, 401, 534, 439, 520, 413, 403, 534, 489, 579, 531, 594, 500, 385, 698, 479, 405, 544, 451, 517, 394, 479, 502, 406, 438, 549, 422, 480, 500, 420, 507, 488, 481, 457, 465, 419, 556, 460, 499, 464, 511, 463, 418, 580, 470, 494, 530, 439, 496, 457, 475, 403, 474, 421, 493, 482, 570, 598, 593, 489, 407, 404, 417, 451, 509, 474, 503, 420, 636, 471, 520, 451, 504, 528, 486, 508, 526, 456, 405, 453, 530, 405, 429, 487, 382, 567, 537, 505, 430, 380, 434, 423, 496, 462, 440, 455, 403, 527, 446, 517, 470, 434, 427, 513, 593, 617, 555, 567, 549, 489, 374, 567, 504, 465, 493, 483, 609, 469, 459, 537, 510, 471, 543, 478, 441, 509, 393, 585, 440, 413, 514, 409, 407, 425, 495, 411, 406, 426, 451, 491, 415, 637, 413, 473, 536, 431, 461, 480, 478, 434, 536, 444, 656, 491, 414, 550, 467, 460, 487, 433, 554, 549, 543, 435, 504, 457, 429, 438, 441, 484, 491, 532, 519, 531, 467, 475, 410, 508, 461, 518, 433, 446, 471, 449, 520, 570, 476, 443, 433, 512, 463, 425, 583, 515, 520, 387, 425, 455, 443, 460, 478, 545, 390, 449, 432, 611, 487, 456, 439, 480, 458, 499, 497, 431, 389, 390, 465, 461, 460, 600, 482, 457, 457, 428, 439, 420, 438, 440, 584, 434, 496, 519, 495, 407, 455, 442, 601, 493, 434, 551, 495, 479, 401, 405, 445, 434, 416, 443, 423, 496, 466, 398, 474, 543, 441, 633, 543, 561, 612, 517, 405, 508, 534, 378, 517, 477, 505, 435, 470, 555, 497, 510, 510, 522, 460, 501, 505, 436, 542, 593, 516, 482, 614, 460, 400, 439, 472, 410, 413, 486, 553, 402, 538, 553, 582, 413, 429, 460, 479, 457, 457, 407, 415, 419, 410, 439, 461, 447, 419, 510, 497, 459, 484, 551, 404, 459, 426, 387, 472, 492, 456, 467, 493, 597, 500, 493, 484, 436, 473, 449, 492, 422, 518, 449, 450, 389, 527, 471, 571, 499, 420, 447, 535, 441, 463, 411, 551, 480, 477, 573, 434, 405, 390, 414, 577, 462, 451, 450, 501, 437, 479, 505, 554, 398, 450, 445, 468, 540, 548, 490, 423, 427, 444, 465, 471, 483, 425, 448, 467, 606, 541, 469, 449, 412, 457, 468, 514, 628, 511, 463, 551, 570, 544, 486, 429, 471, 562, 527, 437, 486, 466, 481, 613, 434, 501, 468, 550, 662, 515, 476, 464, 438, 519, 457, 386, 482, 502, 459, 458, 506, 636, 478, 449, 494, 534, 505, 421, 509, 455, 584, 416, 507, 390, 431, 474, 472, 549, 409, 479, 560, 627, 450, 475, 606, 481, 442, 567, 493, 483, 529, 520, 477, 476, 397, 485, 492, 417, 443, 485, 461, 475, 453, 607, 581, 499, 448, 443, 516, 545, 436, 475, 511, 451, 512, 446, 473, 540, 437, 473, 427, 484, 506, 486, 448, 415, 551, 498, 515, 482, 473, 556, 509, 461, 402, 434, 528, 472, 533, 545, 443, 561, 462, 373, 574, 546, 486, 450, 494, 441, 515, 478, 498, 434, 635, 443, 463, 471, 553, 489, 522, 474, 482, 468, 496, 473, 568, 510, 405, 498, 507, 437, 577, 593, 657, 425, 624, 672, 468, 570, 470, 548, 482, 535, 393, 389, 544, 504, 377, 422, 439, 534, 449, 468, 482, 471, 484, 435, 467, 524, 470, 440, 640, 466, 515, 427, 453, 533, 596, 468, 506, 504, 403, 445, 457, 460, 459, 440, 384, 437, 464, 448, 566, 455, 538, 479, 604, 443, 400, 609, 537, 518, 608, 462, 449, 441, 442, 436, 480, 417, 373, 470, 423, 517, 469, 532, 424, 375, 423, 506, 475, 428, 539, 555, 519, 500, 487, 419, 438, 491, 465, 455, 550, 500, 490, 472, 425, 545, 525, 509, 499, 475, 517, 465, 455, 459, 481, 467, 440, 486, 437, 491, 419, 485, 511, 542, 506, 484, 490, 467, 508, 548, 530, 491, 406, 433, 508, 403, 448, 462, 493, 523, 595, 529, 463, 451, 483, 492, 527, 546, 458, 441, 470, 505, 406, 497, 511, 516, 433, 487, 499, 420, 442, 569, 446, 503, 392, 517, 533, 467, 595, 478, 404, 563, 482, 473, 484, 415, 453, 402, 396, 413, 492, 629, 465, 503, 449, 440, 550, 394, 489, 525, 432, 456, 414, 463, 480, 451, 644, 528, 463, 560, 504, 468, 406, 425, 509, 411, 538, 442, 535, 438, 502, 533, 394, 421, 422, 459, 473, 449, 370, 400, 605, 463, 506, 459, 584, 439, 498, 555, 480, 435, 468, 492, 424, 441, 555, 501, 515, 399, 458, 400, 559, 447, 455, 562, 395, 429, 498, 409, 434, 600, 555, 549, 417, 419, 410, 437, 441, 492, 486, 457, 456, 485, 460, 485, 474, 516, 424, 470, 519, 483, 473, 576, 394, 458, 505, 453, 527, 423, 656, 469, 610, 545, 403, 412, 408, 443, 385, 671, 446, 454, 399, 477, 468, 488, 472, 568, 515, 524, 472, 481, 593, 478, 484, 418, 593, 492, 402, 525, 514, 456, 422, 503, 419, 537, 457, 507, 490, 580, 452, 472, 471, 438, 446, 441, 590, 543, 603, 401, 489, 464, 378, 470, 431, 445, 463, 476, 514, 599, 474, 579, 589, 528, 508, 506, 443, 456, 444, 556, 433, 487, 528, 464, 405, 469, 454, 552, 497, 529, 466, 483, 414, 489, 404, 424, 417, 373, 508, 495, 574, 431, 487, 497, 471, 533, 478, 510, 406, 457, 425, 551, 503, 418, 525, 454, 450, 458, 473, 395, 461, 427, 441, 537, 474, 451, 510, 529, 477, 631, 517, 467, 465, 426, 497, 432, 589, 535, 508, 509, 444, 554, 558, 398, 470, 485, 582, 494, 512, 503, 417, 425, 452, 481, 475, 441, 531, 556, 383, 430, 494, 552, 551, 468, 469, 425, 483, 431, 393, 512, 442, 539, 604, 482, 474, 446, 569, 513, 534, 414, 441, 482, 477, 414, 480, 490, 598, 467, 512, 518, 516, 444, 535, 530, 554, 472, 383, 457, 468, 438, 415, 575, 540, 445, 458, 511, 487, 508, 578, 418, 419, 443, 443, 454, 580, 439, 447, 416, 457, 545, 445, 434, 430, 423, 479, 527, 544, 524, 507, 545, 491, 492, 484, 457, 563, 478, 397, 501, 572, 525, 622, 492, 563, 542, 485, 503, 434, 528, 480, 514, 539, 452, 402, 494, 430, 468, 524, 458, 515, 450, 482, 407, 435, 435, 487, 569, 527, 510, 499, 511, 484, 413, 508, 505, 420, 570, 443, 431, 487, 490, 455, 430, 570, 423, 436, 429, 505, 551, 518, 570, 557, 528, 514, 395, 479, 395, 513, 493, 613, 475, 465, 480, 451, 575, 438, 439, 464, 418, 407, 434, 572, 491, 375, 447, 483, 446, 591, 457, 392, 436, 419, 541, 452, 550, 356, 515, 411, 433, 568, 404, 431, 474, 415, 455, 526, 453, 407, 402, 458, 577, 421, 435, 457, 459, 478, 525, 503, 483, 431, 441, 513, 576, 418, 462, 534, 442, 506, 509, 425, 494, 511, 450, 455, 585, 429, 556, 533, 484, 406, 542, 525, 485, 527, 583, 523, 459, 515, 506, 396, 435, 446, 467, 515, 516, 428, 399, 512, 490, 469, 393, 556, 565, 528, 456, 449, 402, 511, 587, 515, 500, 503, 431, 412, 457, 482, 473, 492, 566, 459, 400, 511, 407, 504, 536, 549, 386, 518, 488, 408, 444, 495, 460, 425, 434, 436, 485, 397, 475, 551, 495, 432, 479, 399, 472, 486, 438, 528, 456, 435, 453, 438, 432, 448, 496, 450, 489, 411, 453, 412, 510, 462, 455, 522, 538, 456, 434, 482, 504, 419, 506, 474, 470, 472, 545, 451, 480, 390, 483, 464, 487, 470, 462, 441, 407, 443, 470, 401, 461, 427, 471, 469, 619, 521, 469, 406, 616, 502, 515, 489, 404, 431, 427, 495, 468, 484, 436, 452, 477, 508, 499, 478, 481, 446, 580, 460, 517, 423, 534, 601, 551, 544, 424, 550, 521, 436, 466, 483, 455, 527, 498, 487, 497, 491, 437]

