Resultados de simulación — 20260922_175057
Pasajeros: 100 | P(carry-on): 0.0 | Simulaciones por política: 5000
============================================================

[rand]
  Promedio : 394.2s
  Desvío   : 45.8s
  IC 95%   : [393.0s, 395.5s]
  Mínimo   : 220s
  Máximo   : 565s
  Tiempos  : [378, 431, 355, 369, 436, 434, 409, 477, 414, 475, 378, 414, 365, 431, 414, 407, 337, 454, 390, 406, 321, 367, 406, 362, 483, 428, 403, 458, 431, 445, 458, 381, 392, 412, 484, 360, 371, 394, 348, 399, 391, 424, 395, 392, 396, 310, 408, 332, 334, 334, 364, 298, 459, 417, 430, 346, 306, 413, 475, 411, 339, 317, 355, 394, 373, 476, 363, 451, 486, 433, 446, 430, 324, 382, 377, 372, 350, 468, 328, 509, 398, 451, 395, 444, 398, 415, 472, 386, 443, 419, 318, 434, 422, 415, 398, 361, 401, 381, 324, 422, 420, 365, 395, 412, 382, 346, 354, 374, 388, 412, 462, 409, 459, 389, 498, 370, 408, 396, 381, 468, 418, 397, 412, 418, 395, 380, 316, 410, 336, 373, 423, 417, 389, 345, 429, 450, 363, 456, 382, 423, 410, 413, 369, 366, 436, 410, 412, 399, 445, 410, 329, 295, 423, 409, 445, 391, 323, 350, 370, 358, 376, 375, 408, 380, 442, 414, 370, 429, 402, 365, 430, 425, 405, 463, 348, 367, 463, 379, 412, 373, 385, 424, 378, 430, 416, 404, 416, 444, 428, 439, 435, 347, 473, 374, 318, 431, 373, 415, 420, 462, 401, 365, 431, 442, 396, 439, 335, 419, 407, 450, 344, 351, 375, 474, 324, 349, 418, 505, 337, 357, 355, 445, 473, 369, 368, 358, 377, 445, 335, 438, 450, 398, 374, 452, 462, 473, 429, 413, 403, 372, 353, 431, 366, 424, 342, 497, 448, 428, 486, 376, 342, 443, 405, 313, 421, 481, 429, 395, 406, 337, 368, 369, 409, 391, 391, 442, 392, 394, 391, 443, 395, 456, 389, 365, 394, 430, 290, 333, 430, 348, 377, 336, 434, 371, 351, 403, 386, 372, 373, 461, 481, 368, 378, 372, 414, 434, 430, 339, 410, 456, 436, 345, 348, 414, 441, 458, 452, 385, 344, 385, 420, 387, 375, 334, 445, 397, 448, 379, 348, 408, 419, 439, 422, 452, 376, 434, 438, 357, 333, 435, 410, 433, 354, 340, 390, 385, 473, 396, 406, 319, 354, 396, 407, 412, 354, 464, 414, 394, 371, 428, 355, 407, 310, 467, 353, 410, 394, 369, 463, 409, 274, 419, 349, 361, 406, 380, 344, 362, 361, 446, 331, 375, 358, 467, 436, 389, 338, 392, 346, 448, 389, 433, 420, 479, 383, 413, 391, 471, 372, 447, 460, 415, 352, 419, 416, 377, 338, 431, 424, 501, 357, 341, 399, 433, 375, 417, 414, 380, 332, 448, 377, 389, 414, 466, 440, 363, 366, 364, 375, 318, 419, 478, 402, 463, 461, 364, 389, 299, 390, 326, 423, 444, 322, 421, 412, 365, 446, 348, 412, 400, 357, 334, 451, 360, 396, 387, 394, 396, 454, 355, 414, 314, 461, 336, 356, 398, 361, 404, 486, 429, 354, 405, 446, 408, 439, 428, 304, 348, 393, 383, 316, 363, 452, 384, 410, 413, 396, 413, 342, 407, 366, 330, 448, 346, 374, 346, 390, 400, 320, 328, 464, 444, 390, 414, 388, 418, 457, 320, 415, 433, 444, 335, 416, 336, 414, 354, 423, 367, 365, 365, 469, 421, 466, 374, 484, 446, 425, 387, 261, 332, 410, 249, 354, 410, 386, 436, 402, 394, 387, 334, 380, 372, 432, 386, 470, 454, 434, 323, 319, 355, 403, 394, 416, 478, 457, 483, 332, 402, 439, 381, 446, 342, 358, 463, 305, 348, 309, 348, 478, 382, 380, 365, 400, 409, 496, 394, 364, 409, 370, 402, 364, 385, 446, 432, 386, 426, 349, 356, 405, 422, 441, 427, 415, 448, 393, 420, 447, 398, 401, 346, 316, 401, 445, 402, 385, 381, 414, 422, 352, 386, 398, 451, 339, 382, 373, 475, 441, 340, 376, 357, 467, 420, 441, 451, 411, 441, 431, 324, 386, 401, 344, 322, 376, 379, 374, 343, 381, 424, 389, 414, 411, 380, 384, 395, 411, 370, 396, 390, 384, 390, 387, 383, 479, 415, 399, 415, 363, 449, 465, 438, 414, 389, 361, 406, 377, 472, 318, 447, 430, 440, 426, 437, 449, 382, 375, 409, 338, 426, 245, 332, 367, 384, 417, 444, 298, 354, 351, 409, 416, 421, 415, 403, 409, 396, 364, 382, 406, 367, 401, 385, 358, 376, 457, 379, 402, 357, 381, 431, 385, 351, 395, 351, 485, 397, 366, 338, 454, 427, 268, 361, 432, 423, 431, 366, 380, 456, 350, 394, 408, 366, 394, 403, 374, 431, 307, 386, 396, 334, 424, 380, 331, 338, 442, 428, 408, 364, 371, 349, 418, 304, 396, 314, 459, 419, 333, 436, 444, 452, 375, 376, 411, 482, 363, 392, 453, 416, 404, 399, 408, 369, 482, 451, 501, 467, 417, 402, 422, 419, 407, 358, 400, 414, 406, 422, 300, 376, 371, 420, 273, 347, 360, 416, 377, 397, 355, 312, 484, 423, 354, 420, 417, 491, 435, 474, 405, 379, 380, 288, 353, 403, 362, 447, 420, 400, 373, 338, 339, 407, 350, 287, 310, 391, 341, 397, 431, 409, 350, 444, 495, 351, 472, 422, 410, 383, 317, 384, 380, 462, 318, 357, 418, 363, 369, 433, 451, 379, 336, 460, 357, 405, 432, 381, 393, 408, 339, 305, 429, 409, 375, 329, 487, 444, 356, 344, 489, 310, 492, 404, 357, 386, 449, 449, 414, 395, 465, 410, 400, 277, 341, 432, 436, 382, 429, 395, 332, 285, 382, 433, 459, 468, 337, 379, 394, 467, 361, 390, 426, 450, 367, 393, 303, 443, 372, 471, 355, 341, 445, 398, 352, 381, 420, 480, 407, 403, 444, 410, 400, 392, 345, 301, 357, 385, 350, 325, 485, 376, 426, 352, 443, 423, 420, 292, 290, 418, 419, 436, 432, 404, 399, 315, 407, 367, 347, 406, 423, 290, 332, 455, 331, 353, 396, 388, 423, 360, 279, 369, 351, 307, 419, 402, 346, 361, 359, 468, 375, 389, 379, 409, 364, 448, 412, 342, 466, 350, 435, 358, 336, 324, 385, 406, 299, 436, 453, 369, 463, 342, 429, 504, 417, 426, 281, 416, 418, 411, 438, 473, 329, 376, 391, 355, 358, 377, 461, 452, 418, 361, 421, 469, 464, 380, 483, 340, 345, 366, 399, 424, 361, 403, 418, 323, 407, 311, 419, 379, 383, 393, 454, 436, 331, 383, 461, 436, 310, 396, 408, 369, 388, 388, 450, 411, 373, 412, 463, 430, 341, 383, 331, 328, 405, 333, 350, 417, 451, 325, 375, 354, 339, 496, 409, 461, 332, 384, 384, 362, 396, 367, 299, 381, 373, 305, 421, 384, 398, 403, 337, 409, 449, 376, 361, 390, 427, 376, 321, 421, 401, 363, 381, 380, 436, 391, 413, 353, 411, 388, 394, 383, 394, 423, 432, 340, 354, 403, 390, 352, 361, 325, 422, 381, 444, 402, 330, 392, 462, 385, 390, 337, 387, 446, 324, 396, 348, 401, 352, 304, 444, 452, 401, 445, 294, 317, 355, 412, 340, 434, 365, 339, 299, 420, 460, 315, 422, 383, 396, 342, 447, 423, 443, 420, 413, 347, 340, 470, 442, 464, 393, 465, 365, 364, 397, 394, 367, 392, 321, 341, 423, 347, 338, 359, 440, 386, 420, 360, 434, 421, 345, 447, 372, 373, 429, 417, 448, 360, 343, 351, 362, 394, 375, 403, 378, 375, 426, 315, 375, 424, 393, 355, 390, 389, 415, 470, 374, 410, 301, 413, 400, 429, 368, 421, 465, 388, 319, 387, 302, 391, 331, 381, 330, 427, 328, 396, 435, 356, 415, 385, 411, 409, 435, 382, 339, 279, 352, 419, 376, 472, 448, 365, 340, 370, 393, 391, 372, 471, 471, 327, 355, 454, 468, 409, 402, 465, 398, 416, 401, 394, 416, 367, 331, 355, 435, 404, 449, 416, 406, 498, 383, 427, 348, 332, 412, 356, 381, 320, 341, 363, 432, 316, 491, 365, 498, 379, 339, 407, 383, 395, 414, 406, 369, 368, 456, 349, 394, 371, 334, 426, 348, 378, 356, 366, 424, 349, 356, 389, 394, 393, 409, 385, 410, 408, 393, 327, 329, 353, 398, 374, 394, 359, 324, 425, 425, 410, 382, 307, 409, 348, 348, 374, 321, 332, 385, 390, 335, 427, 317, 403, 418, 390, 439, 372, 404, 385, 371, 318, 401, 435, 416, 409, 462, 369, 343, 378, 345, 473, 377, 400, 468, 441, 395, 340, 377, 367, 454, 398, 326, 399, 484, 291, 396, 407, 354, 369, 358, 382, 404, 426, 361, 355, 401, 404, 351, 335, 410, 431, 410, 419, 497, 393, 360, 411, 323, 443, 275, 364, 403, 399, 417, 475, 322, 409, 457, 414, 418, 501, 337, 383, 396, 346, 355, 431, 440, 423, 367, 444, 356, 359, 364, 399, 311, 311, 362, 321, 387, 372, 369, 393, 386, 457, 451, 453, 412, 348, 392, 409, 426, 363, 326, 413, 388, 493, 341, 358, 348, 485, 409, 407, 431, 347, 389, 431, 464, 406, 477, 430, 478, 353, 362, 376, 457, 330, 473, 388, 324, 493, 465, 409, 418, 401, 407, 483, 458, 426, 411, 365, 412, 329, 460, 418, 521, 433, 396, 455, 336, 435, 451, 407, 442, 399, 461, 486, 446, 420, 381, 413, 417, 437, 400, 422, 453, 430, 391, 336, 394, 374, 318, 420, 411, 418, 325, 469, 478, 458, 393, 463, 376, 362, 403, 440, 435, 356, 471, 398, 367, 341, 401, 318, 358, 376, 424, 425, 406, 400, 326, 440, 392, 402, 399, 392, 398, 416, 444, 378, 439, 461, 390, 364, 427, 414, 452, 372, 485, 360, 406, 373, 373, 395, 325, 434, 425, 386, 398, 441, 394, 434, 354, 413, 343, 399, 313, 341, 379, 407, 386, 370, 317, 392, 343, 294, 440, 475, 378, 469, 442, 369, 429, 379, 464, 321, 473, 399, 383, 511, 382, 291, 366, 454, 459, 438, 380, 410, 408, 432, 440, 299, 392, 342, 371, 320, 385, 405, 418, 430, 389, 370, 347, 505, 424, 391, 405, 379, 406, 326, 421, 353, 351, 327, 385, 381, 469, 414, 387, 409, 393, 399, 369, 345, 439, 403, 402, 424, 478, 295, 471, 396, 403, 436, 485, 342, 485, 429, 401, 419, 315, 442, 393, 388, 398, 428, 343, 347, 416, 345, 371, 340, 367, 381, 358, 410, 397, 352, 356, 328, 450, 403, 438, 484, 385, 404, 385, 288, 441, 382, 268, 427, 361, 426, 393, 369, 433, 381, 363, 382, 409, 408, 410, 392, 353, 481, 367, 352, 405, 453, 478, 329, 413, 395, 286, 373, 428, 420, 431, 378, 403, 460, 427, 405, 396, 315, 315, 395, 386, 425, 412, 506, 464, 393, 432, 370, 308, 396, 326, 454, 420, 439, 348, 415, 464, 460, 390, 390, 343, 314, 386, 346, 326, 498, 381, 419, 381, 388, 378, 498, 432, 341, 394, 428, 460, 376, 464, 429, 374, 438, 354, 353, 389, 366, 384, 374, 414, 309, 437, 435, 451, 399, 493, 370, 400, 362, 341, 348, 481, 400, 344, 450, 405, 422, 394, 367, 376, 409, 409, 415, 511, 463, 319, 364, 384, 320, 408, 353, 301, 486, 380, 344, 362, 335, 323, 439, 425, 364, 462, 381, 378, 404, 427, 375, 445, 358, 304, 522, 349, 363, 384, 315, 319, 315, 414, 312, 411, 289, 376, 359, 371, 419, 437, 354, 428, 425, 444, 382, 413, 412, 425, 415, 386, 372, 428, 379, 387, 356, 281, 366, 385, 352, 402, 417, 386, 428, 425, 320, 349, 352, 338, 406, 415, 382, 437, 341, 422, 409, 360, 373, 477, 376, 360, 510, 356, 299, 422, 433, 398, 359, 228, 333, 420, 398, 312, 378, 410, 415, 366, 386, 506, 402, 442, 441, 312, 454, 359, 385, 413, 366, 442, 425, 409, 462, 419, 447, 395, 448, 383, 429, 394, 318, 371, 392, 416, 419, 423, 385, 385, 410, 387, 384, 435, 354, 358, 366, 390, 370, 419, 442, 342, 434, 408, 382, 393, 400, 368, 394, 448, 306, 439, 343, 462, 307, 410, 352, 328, 391, 415, 375, 385, 434, 356, 361, 348, 337, 482, 444, 304, 317, 349, 301, 383, 359, 381, 314, 413, 345, 341, 416, 450, 394, 383, 287, 345, 414, 376, 384, 374, 443, 432, 392, 349, 412, 453, 340, 344, 286, 389, 325, 392, 449, 318, 367, 407, 305, 389, 368, 400, 414, 345, 452, 398, 415, 481, 395, 446, 334, 507, 333, 340, 437, 459, 439, 360, 360, 368, 302, 382, 430, 332, 439, 383, 354, 386, 478, 411, 389, 325, 299, 431, 437, 352, 362, 360, 464, 417, 322, 304, 382, 401, 371, 368, 427, 333, 314, 387, 459, 382, 343, 457, 410, 379, 453, 464, 470, 421, 370, 423, 405, 357, 387, 460, 421, 407, 384, 337, 458, 420, 417, 443, 340, 458, 380, 437, 424, 409, 345, 416, 426, 338, 429, 399, 304, 409, 345, 457, 429, 358, 361, 358, 378, 454, 430, 338, 348, 375, 415, 350, 455, 374, 358, 346, 323, 406, 363, 433, 387, 444, 289, 376, 347, 373, 386, 411, 335, 371, 428, 402, 504, 463, 394, 402, 474, 475, 360, 410, 395, 399, 364, 343, 411, 399, 466, 357, 384, 444, 396, 409, 437, 492, 379, 361, 336, 390, 351, 420, 400, 442, 367, 410, 482, 352, 372, 379, 335, 437, 507, 365, 435, 357, 472, 333, 449, 367, 329, 395, 422, 477, 396, 408, 382, 402, 393, 432, 389, 412, 435, 394, 405, 447, 419, 415, 347, 406, 387, 434, 409, 403, 374, 450, 307, 427, 422, 382, 413, 371, 422, 332, 398, 403, 412, 397, 350, 364, 275, 320, 418, 399, 386, 442, 281, 458, 319, 388, 417, 421, 371, 362, 378, 386, 305, 388, 373, 427, 429, 367, 402, 435, 532, 349, 274, 357, 290, 410, 406, 381, 369, 395, 434, 321, 383, 427, 377, 411, 406, 410, 412, 326, 387, 380, 399, 436, 442, 424, 418, 426, 391, 364, 458, 387, 424, 400, 482, 486, 408, 359, 425, 389, 389, 426, 291, 394, 496, 390, 422, 388, 465, 461, 411, 361, 370, 385, 477, 502, 425, 319, 430, 435, 369, 490, 337, 381, 357, 420, 422, 374, 414, 340, 321, 440, 389, 351, 384, 456, 421, 425, 397, 387, 465, 418, 335, 244, 441, 319, 380, 412, 431, 336, 444, 422, 409, 369, 444, 391, 323, 429, 338, 342, 459, 324, 333, 384, 472, 406, 453, 314, 480, 390, 425, 312, 347, 444, 487, 449, 444, 411, 452, 444, 435, 453, 321, 374, 374, 384, 403, 459, 380, 434, 428, 459, 449, 420, 409, 384, 336, 372, 402, 355, 405, 402, 365, 346, 385, 417, 353, 385, 472, 353, 424, 385, 393, 396, 432, 387, 390, 426, 375, 416, 405, 482, 418, 391, 414, 327, 453, 328, 385, 374, 419, 220, 385, 317, 326, 410, 440, 464, 321, 372, 343, 420, 395, 466, 378, 387, 356, 425, 375, 399, 398, 389, 406, 439, 363, 390, 414, 359, 419, 459, 404, 377, 450, 413, 433, 418, 374, 355, 394, 363, 433, 362, 365, 315, 421, 351, 353, 386, 417, 377, 361, 322, 408, 454, 443, 371, 408, 458, 327, 430, 454, 442, 398, 421, 384, 389, 352, 364, 374, 428, 423, 426, 352, 445, 390, 456, 394, 387, 349, 395, 313, 362, 387, 414, 342, 396, 403, 402, 387, 329, 388, 249, 441, 423, 363, 389, 455, 421, 446, 326, 366, 383, 377, 402, 414, 359, 383, 440, 344, 407, 453, 338, 337, 390, 287, 358, 287, 352, 398, 401, 341, 384, 366, 357, 333, 452, 418, 431, 444, 398, 409, 323, 391, 498, 392, 383, 377, 387, 442, 393, 421, 379, 365, 410, 485, 352, 381, 395, 410, 352, 451, 393, 427, 344, 368, 393, 296, 397, 416, 366, 366, 420, 409, 382, 424, 397, 319, 402, 404, 401, 420, 415, 380, 390, 459, 336, 386, 430, 378, 424, 442, 378, 383, 354, 350, 409, 388, 419, 404, 406, 429, 345, 329, 421, 407, 316, 441, 352, 445, 345, 351, 371, 301, 398, 338, 226, 375, 369, 321, 390, 400, 397, 428, 421, 392, 377, 433, 382, 360, 380, 416, 356, 384, 396, 357, 464, 452, 370, 379, 346, 336, 350, 483, 395, 469, 441, 406, 398, 442, 466, 399, 337, 414, 374, 454, 337, 418, 420, 419, 431, 364, 455, 404, 446, 422, 475, 415, 346, 368, 399, 388, 367, 375, 370, 408, 397, 438, 416, 300, 362, 431, 397, 377, 408, 466, 552, 403, 303, 430, 347, 452, 279, 329, 452, 365, 367, 380, 356, 340, 402, 385, 339, 324, 444, 413, 453, 435, 410, 419, 409, 440, 402, 361, 374, 416, 419, 401, 336, 384, 473, 394, 382, 379, 392, 378, 448, 344, 480, 416, 438, 291, 460, 358, 328, 341, 420, 464, 306, 433, 381, 449, 395, 327, 323, 415, 344, 405, 438, 363, 245, 408, 499, 434, 348, 459, 444, 321, 303, 362, 451, 458, 329, 310, 405, 324, 365, 374, 379, 455, 409, 413, 387, 440, 362, 463, 299, 524, 452, 330, 428, 421, 306, 428, 408, 370, 442, 424, 419, 417, 402, 384, 394, 312, 443, 334, 388, 395, 364, 420, 341, 467, 396, 367, 410, 435, 363, 372, 427, 455, 415, 341, 454, 355, 394, 426, 398, 391, 457, 406, 369, 389, 424, 363, 359, 386, 392, 364, 370, 376, 308, 430, 441, 404, 367, 415, 440, 376, 420, 379, 440, 423, 402, 449, 426, 430, 377, 347, 386, 388, 404, 388, 347, 366, 416, 382, 404, 321, 410, 356, 364, 406, 429, 375, 424, 346, 451, 344, 420, 400, 406, 433, 308, 389, 399, 325, 401, 397, 349, 403, 385, 423, 381, 322, 413, 377, 372, 423, 312, 471, 386, 394, 383, 368, 440, 357, 423, 406, 360, 374, 372, 364, 365, 474, 368, 412, 343, 399, 460, 297, 374, 439, 372, 529, 410, 367, 508, 389, 431, 345, 332, 415, 481, 338, 347, 453, 428, 361, 342, 421, 438, 411, 321, 386, 491, 397, 250, 397, 363, 341, 342, 400, 421, 456, 430, 443, 399, 375, 384, 372, 354, 384, 443, 469, 382, 394, 341, 389, 321, 372, 365, 429, 319, 394, 403, 409, 407, 381, 332, 398, 371, 413, 344, 426, 367, 378, 347, 421, 334, 374, 411, 395, 439, 434, 421, 462, 381, 298, 425, 505, 412, 334, 349, 358, 356, 462, 398, 468, 365, 412, 359, 408, 492, 403, 327, 352, 370, 394, 403, 382, 360, 392, 414, 422, 347, 399, 324, 351, 352, 407, 376, 421, 458, 339, 406, 442, 395, 297, 354, 424, 404, 383, 474, 478, 374, 303, 359, 462, 396, 419, 486, 436, 426, 420, 343, 317, 426, 375, 430, 385, 406, 350, 359, 480, 370, 356, 388, 414, 421, 332, 363, 346, 414, 314, 353, 441, 419, 512, 365, 359, 324, 418, 357, 374, 339, 407, 335, 428, 383, 366, 430, 407, 414, 374, 387, 408, 375, 403, 338, 448, 374, 403, 350, 332, 364, 405, 353, 392, 334, 393, 295, 496, 430, 534, 354, 467, 396, 389, 429, 368, 403, 445, 427, 426, 314, 332, 426, 440, 353, 496, 405, 453, 370, 401, 461, 322, 355, 473, 440, 392, 361, 436, 399, 395, 353, 339, 470, 327, 395, 411, 351, 440, 306, 424, 310, 370, 391, 494, 410, 345, 460, 350, 346, 327, 377, 403, 395, 431, 466, 372, 303, 388, 380, 369, 421, 349, 383, 378, 366, 419, 500, 309, 395, 423, 384, 346, 441, 381, 340, 469, 422, 447, 371, 435, 390, 386, 376, 457, 432, 389, 412, 381, 346, 307, 379, 385, 332, 357, 451, 436, 460, 368, 444, 380, 391, 408, 341, 365, 385, 307, 349, 417, 344, 463, 374, 490, 454, 403, 493, 424, 329, 369, 380, 358, 395, 384, 418, 351, 463, 481, 361, 418, 405, 394, 434, 387, 377, 387, 349, 398, 358, 449, 430, 375, 401, 377, 328, 402, 387, 389, 373, 410, 374, 335, 356, 409, 453, 415, 378, 388, 417, 351, 417, 298, 355, 475, 454, 299, 465, 408, 411, 433, 426, 435, 458, 391, 431, 489, 392, 237, 367, 398, 343, 387, 350, 372, 382, 401, 417, 331, 301, 316, 396, 420, 434, 391, 444, 435, 377, 401, 443, 521, 374, 334, 373, 355, 423, 339, 321, 278, 367, 350, 442, 426, 324, 360, 410, 343, 379, 359, 230, 336, 400, 402, 332, 408, 401, 440, 387, 351, 389, 318, 356, 411, 404, 336, 387, 413, 445, 378, 408, 349, 413, 328, 385, 366, 316, 426, 386, 338, 396, 430, 399, 336, 431, 396, 404, 408, 320, 449, 401, 448, 414, 467, 384, 419, 450, 352, 489, 348, 351, 406, 287, 487, 351, 459, 398, 393, 416, 367, 344, 311, 348, 538, 419, 435, 319, 396, 475, 408, 332, 392, 357, 432, 381, 398, 428, 434, 370, 350, 340, 434, 375, 457, 360, 412, 458, 433, 438, 384, 329, 332, 401, 355, 401, 432, 412, 403, 437, 403, 477, 366, 391, 384, 494, 358, 450, 399, 412, 444, 347, 427, 367, 416, 399, 335, 395, 400, 399, 391, 361, 406, 382, 360, 413, 473, 478, 405, 302, 426, 391, 352, 343, 459, 412, 411, 443, 445, 433, 420, 373, 355, 411, 424, 491, 488, 337, 484, 462, 398, 438, 370, 460, 349, 390, 364, 336, 450, 350, 428, 379, 389, 444, 355, 323, 348, 420, 429, 394, 565, 310, 408, 345, 417, 407, 362, 358, 430, 368, 336, 456, 396, 361, 359, 485, 369, 444, 339, 440, 361, 292, 350, 404, 391, 430, 391, 406, 422, 370, 344, 382, 321, 423, 417, 411, 463, 381, 348, 352, 473, 347, 341, 411, 409, 353, 434, 410, 445, 294, 439, 383, 424, 418, 335, 358, 391, 358, 393, 422, 390, 415, 390, 404, 393, 343, 434, 332, 393, 359, 411, 343, 390, 354, 342, 435, 395, 397, 396, 389, 294, 455, 336, 425, 373, 401, 297, 462, 428, 344, 368, 362, 406, 401, 401, 406, 407, 340, 336, 401, 346, 372, 368, 391, 395, 385, 398, 468, 338, 382, 446, 309, 373, 380, 374, 388, 377, 401, 361, 447, 389, 433, 342, 362, 450, 355, 331, 391, 463, 377, 474, 371, 478, 491, 335, 406, 417, 359, 369, 452, 305, 364, 473, 319, 432, 353, 414, 396, 403, 352, 391, 387, 482, 359, 353, 471, 444, 390, 466, 440, 407, 391, 378, 460, 425, 413, 414, 358, 349, 410, 435, 472, 414, 329, 431, 396, 372, 436, 397, 468, 404, 399, 367, 472, 341, 382, 286, 340, 420, 465, 385, 406, 390, 367, 464, 402, 432, 347, 397, 339, 416, 423, 448, 434, 360, 357, 376, 375, 404, 365, 411, 381, 391, 398, 259, 375, 406, 467, 276, 383, 437, 384, 425, 419, 422, 272, 387, 398, 321, 371, 418, 259, 422, 422, 449, 424, 420, 279, 468, 430, 384, 368, 432, 493, 419, 445, 305, 430, 449, 365, 435, 391, 408, 440, 466, 351, 474, 387, 391, 351, 380, 430, 427, 391, 441, 393, 391, 420, 367, 413, 406, 391, 385, 331, 433, 414, 379, 466, 417, 424, 379, 342, 381, 383, 332, 339, 415, 426, 331, 395, 444, 409, 386, 403, 419, 380, 332, 305, 367, 500, 413, 415, 453, 418, 419, 360, 380, 376, 363, 404, 430, 363, 410, 316, 432, 461, 420, 406, 382, 328, 349, 414, 452, 446, 352, 359, 449, 305, 432, 469, 453, 330, 405, 341, 469, 425, 379, 374, 316, 391, 455, 411, 299, 442, 413, 412, 391, 354, 387, 397, 394, 343, 369, 377, 412, 356, 362, 382, 551, 407, 367, 377, 421, 462, 484, 334, 482, 427, 400, 466, 337, 384, 411, 399, 465, 367, 306, 414, 483, 419, 410, 372, 445, 480, 333, 420, 395, 450, 412, 444, 369, 410, 347, 429, 388, 411, 395, 468, 400, 350, 436, 384, 312, 450, 463, 491, 379, 383, 380, 380, 328, 427, 381, 407, 382, 427, 396, 380, 384, 480, 331, 432, 373, 335, 418, 342, 451, 394, 333, 349, 376, 375, 419, 353, 336, 294, 358, 363, 337, 388, 377, 472, 342, 444, 433, 444, 432, 417, 365, 306, 390, 297, 342, 473, 401, 487, 374, 387, 405, 373, 436, 369, 374, 372, 437, 391, 362, 400, 369, 408, 318, 302, 422, 360, 359, 401, 389, 429, 431, 403, 450, 344, 435, 381, 404, 425, 467, 362, 417, 392, 312, 376, 373, 348, 392, 430, 451, 452, 393, 416, 425, 404, 450, 415, 441, 362, 401, 404, 452, 376, 389, 387, 332, 355, 362, 420, 358, 395, 340, 404, 389, 344, 437, 436, 373, 396, 449, 304, 434, 351, 350, 381, 400, 407, 414, 397, 414, 408, 468, 411, 420, 404, 399, 353, 427, 387, 393, 425, 440, 365, 394, 355, 423, 332, 332, 348, 360, 458, 433, 359, 451, 423, 395, 433, 324, 393, 403, 420, 373, 412, 460, 353, 386, 377, 420, 363, 352, 358, 388, 366, 454, 416, 342, 381, 422, 342, 419, 394, 334, 462, 342, 366, 436, 367, 432, 343, 372, 457, 525, 422, 439, 358, 546, 432, 309, 404, 405, 375, 433, 361, 415, 439, 346, 425, 357, 317, 444, 349, 402, 383, 310, 375, 353, 374, 486, 401, 486, 354, 441, 416, 403, 395, 404, 422, 374, 430, 430, 344, 403, 421, 363, 322, 401, 437, 366, 465, 405, 342, 414, 475, 436, 322, 440, 472, 472, 414, 422, 418, 404, 407, 372, 383, 434, 424, 317, 418, 357, 394, 417, 377, 398, 416, 319, 337, 408, 376, 453, 403, 412, 397, 365, 413, 428, 350, 397, 452, 470, 355, 361, 298, 464, 366, 483, 388, 416, 380, 445, 418, 404, 358, 473, 332, 397, 454, 458, 426, 393, 390, 426, 384, 384, 337, 418, 372, 379, 388, 429, 423, 393, 378, 429, 319, 328, 396, 436, 354, 388, 428, 450, 377, 384, 354, 351, 395, 429, 343, 438, 410, 378, 356, 413, 421, 467, 303, 314, 312, 408, 454, 348, 387, 408, 427, 389, 380, 358, 454, 384, 413, 432, 336, 475, 375, 475, 401, 418, 373, 341, 436, 420, 397, 423, 392, 386, 389, 414, 403, 325, 415, 403, 310, 380, 358, 382, 342, 453, 444, 484, 363, 422, 399, 386, 358, 360, 362, 383, 488, 409, 404, 334, 384, 452, 384, 379, 485, 419, 372, 373, 415, 468, 449, 417, 430, 339, 396, 423, 399, 427, 368, 431, 434, 390, 459, 426, 361, 416, 385, 372, 422, 341, 358, 421, 381, 410, 392, 412, 376, 423, 434, 350, 424, 351, 381, 430, 338, 387, 422, 302, 391, 366, 363, 371, 417, 392, 417, 457, 306, 454, 445, 436, 316, 399, 405, 349, 479, 410, 462, 443, 326, 398, 411, 355, 382, 402, 302, 360, 505, 437, 494, 395, 406, 337, 404, 412, 418, 389, 395, 417, 440, 356, 312, 420, 405, 377, 343, 375, 410, 471, 440, 432, 393, 347, 416, 437, 474, 327, 462, 429, 430, 368, 366, 405, 481, 414, 376, 389, 442, 413, 391, 433, 334, 457, 338, 363, 394, 357, 354, 364, 412, 415, 401, 441, 344, 373, 460, 415, 380, 399, 410, 360, 447, 347, 414, 448, 432, 307, 441, 442, 394, 448, 441, 407, 372, 452, 373, 390, 447, 446, 400, 438, 421, 343, 383, 441, 414, 370, 314, 448, 382, 439, 331, 394, 415, 346, 410, 349, 448, 331, 307, 382, 441, 340, 354, 339, 404, 395, 347, 469, 276, 355, 503, 375, 557, 439, 478, 418, 345, 382, 465, 371, 344, 347, 421, 431, 400, 391, 411, 356, 380, 368, 363, 394, 412, 455, 373, 452, 312, 435, 385, 388, 413, 431, 295, 351, 385, 394, 339, 428, 336, 383, 485, 394, 378, 380, 443, 407, 407, 409, 407, 455, 373, 437, 441, 379, 427, 398, 432, 463, 370, 288, 407, 367, 370, 447, 468, 377, 387, 400, 495, 364, 310, 404, 351, 521, 432, 375, 365, 412, 359, 458, 369, 385, 345, 352, 409, 437, 412, 367, 403, 430, 419, 417, 458, 357, 414, 408, 455, 310, 352, 327, 427, 367, 265, 408, 369, 332, 362, 355, 400, 478, 423, 386, 371, 380, 417, 420, 324, 373, 438, 354, 443, 375, 424, 328, 358, 360, 413, 426, 350, 394, 461, 346, 452, 447, 332, 388, 435, 295, 414, 285, 451, 404, 362, 393, 430, 355, 456, 431, 414, 399, 401, 443, 368, 395, 439, 410, 360, 479, 409, 499, 355, 383, 399, 428, 413, 399, 338, 431, 391, 295, 410, 385, 428, 364, 432, 396, 398, 403, 457, 474, 452, 415, 301, 389, 427, 410, 418, 521, 347, 375, 450, 468, 381, 472, 431, 375, 340, 383, 426, 437, 465, 364, 440, 281, 359, 423, 385, 442, 321, 452, 428, 492, 400, 402, 410, 390, 391, 435, 351, 416, 360, 353, 388, 355, 432, 321, 502, 404, 323, 462, 450, 296, 463, 395, 430, 337, 378, 448, 449, 392, 399, 420, 413, 390, 496, 429, 363, 353, 362, 443, 363, 364, 414, 424, 361, 417, 449, 455, 478, 288, 380, 289, 407, 282, 389, 385, 342, 423, 383, 388, 407, 389, 384, 452, 436, 413, 351, 382, 432, 444, 369, 404, 361, 388, 351, 415, 339, 422, 379, 410, 427, 307, 415, 437, 406, 349, 365, 389, 333, 392, 435, 393, 375, 347, 330, 439, 326, 358, 359, 364, 438, 378, 311, 393, 368, 420, 437, 286, 395, 374, 406, 428, 379, 447, 455, 372, 350, 400, 412, 387, 356, 390, 347, 415, 344, 367, 433, 374, 390, 407, 378, 310, 371, 478, 381, 413, 455, 447, 355, 388, 441, 377, 343, 403, 357, 385, 327, 426, 341, 405, 462, 438, 372, 461, 482, 408, 361, 410, 391, 474, 303, 381, 395, 436, 360, 338, 384, 357, 406, 418, 450, 403, 430, 378, 350, 404, 475, 402, 343, 386, 333, 348, 411, 344, 387, 345, 413, 322, 341, 366, 380, 369, 370, 402, 437, 317, 394, 355, 368, 387, 363, 408, 405, 353, 378, 335, 470, 370, 388, 376, 386, 367, 412, 446, 429, 347, 419, 401, 402, 463, 439, 448, 422, 379, 336, 458, 334, 465, 341, 409, 370, 397, 399, 393, 421, 439, 434, 367, 434, 370, 450, 393, 385, 376, 363, 382, 420, 428, 470, 332, 340, 361, 352, 401, 344, 440, 391, 390, 402, 393, 365, 469, 416, 333, 271, 382, 412, 420, 348, 401, 378, 305, 494, 333, 352, 418, 353, 331, 385, 381, 403, 336, 373, 453, 360, 357, 390, 388, 357, 436, 383, 471, 384, 382, 496, 420, 393, 441, 402, 406, 344, 429, 367, 271, 288, 367, 429, 393, 389, 436, 389, 431, 396, 400, 389, 435, 395, 434, 324, 372, 386, 400, 378, 461, 349, 424, 395, 393, 446, 389, 363, 287, 448, 343]

[btf]
  Promedio : 575.7s
  Desvío   : 62.6s
  IC 95%   : [573.9s, 577.4s]
  Mínimo   : 292s
  Máximo   : 738s
  Tiempos  : [611, 646, 617, 641, 662, 486, 618, 607, 506, 566, 436, 556, 617, 643, 602, 641, 582, 620, 555, 525, 566, 495, 530, 599, 641, 604, 556, 738, 529, 591, 553, 554, 574, 579, 642, 485, 595, 516, 595, 572, 637, 606, 618, 677, 660, 570, 602, 613, 606, 542, 595, 480, 545, 598, 544, 668, 543, 627, 604, 480, 518, 575, 395, 703, 558, 633, 657, 615, 478, 624, 544, 635, 529, 638, 569, 655, 509, 594, 594, 567, 591, 625, 567, 443, 677, 586, 586, 641, 470, 528, 667, 561, 567, 599, 653, 425, 578, 653, 581, 613, 573, 482, 533, 608, 610, 585, 518, 579, 517, 554, 492, 605, 531, 500, 527, 667, 598, 534, 576, 544, 680, 502, 488, 597, 476, 645, 671, 635, 593, 578, 569, 640, 627, 530, 620, 517, 680, 567, 581, 645, 652, 545, 601, 528, 594, 505, 566, 600, 536, 548, 569, 584, 564, 537, 570, 508, 604, 556, 481, 601, 574, 552, 641, 541, 635, 563, 633, 658, 620, 643, 497, 575, 533, 577, 607, 611, 530, 660, 593, 422, 596, 480, 586, 549, 468, 559, 670, 658, 528, 655, 609, 644, 696, 618, 617, 502, 660, 656, 620, 670, 596, 563, 676, 605, 550, 573, 609, 658, 617, 576, 513, 531, 660, 570, 499, 661, 599, 556, 540, 552, 554, 570, 432, 502, 533, 483, 429, 493, 598, 571, 623, 599, 512, 422, 569, 616, 502, 678, 581, 363, 571, 454, 559, 548, 607, 605, 541, 705, 533, 437, 537, 571, 485, 607, 577, 574, 560, 539, 662, 553, 623, 580, 446, 598, 639, 594, 601, 569, 580, 620, 684, 577, 551, 639, 632, 602, 512, 474, 505, 543, 605, 610, 484, 548, 503, 468, 607, 624, 579, 533, 610, 579, 508, 501, 563, 620, 574, 570, 597, 615, 500, 655, 672, 622, 590, 535, 403, 648, 520, 566, 605, 580, 456, 659, 627, 650, 675, 618, 614, 573, 453, 614, 517, 529, 558, 493, 551, 517, 618, 593, 549, 516, 589, 568, 489, 522, 576, 578, 621, 612, 620, 647, 559, 554, 603, 567, 393, 601, 527, 637, 503, 627, 646, 626, 474, 536, 467, 505, 574, 519, 564, 523, 536, 611, 639, 592, 568, 406, 474, 560, 567, 669, 576, 626, 665, 621, 611, 591, 538, 552, 676, 548, 606, 670, 546, 483, 533, 594, 644, 511, 655, 470, 600, 471, 608, 644, 574, 659, 584, 621, 519, 591, 567, 640, 673, 443, 641, 628, 615, 563, 592, 539, 505, 580, 501, 483, 629, 636, 657, 561, 564, 596, 673, 589, 585, 593, 581, 555, 631, 576, 567, 605, 590, 670, 578, 542, 622, 579, 632, 505, 690, 616, 479, 549, 602, 618, 530, 529, 592, 594, 577, 542, 564, 609, 540, 405, 436, 707, 683, 643, 580, 678, 628, 612, 502, 639, 653, 593, 588, 512, 625, 535, 589, 596, 524, 440, 547, 599, 507, 602, 480, 603, 580, 615, 650, 600, 507, 560, 558, 533, 482, 548, 563, 472, 616, 561, 626, 635, 597, 587, 564, 602, 525, 489, 551, 531, 585, 561, 545, 549, 611, 643, 564, 567, 602, 647, 539, 503, 505, 569, 642, 563, 551, 623, 511, 603, 567, 601, 594, 503, 636, 569, 634, 599, 519, 643, 605, 566, 580, 499, 645, 615, 553, 532, 517, 566, 627, 515, 546, 509, 476, 650, 580, 624, 557, 532, 621, 471, 631, 591, 585, 497, 391, 574, 612, 618, 621, 651, 566, 488, 653, 605, 595, 586, 509, 628, 560, 538, 579, 311, 653, 524, 582, 580, 538, 447, 650, 501, 588, 698, 615, 647, 549, 622, 468, 537, 601, 565, 605, 507, 561, 536, 634, 590, 667, 509, 620, 572, 541, 582, 518, 447, 583, 580, 582, 617, 588, 662, 690, 458, 646, 600, 564, 588, 568, 602, 681, 558, 575, 599, 603, 469, 585, 611, 627, 546, 588, 540, 612, 624, 552, 604, 662, 469, 618, 588, 503, 657, 540, 655, 637, 598, 530, 484, 637, 635, 587, 653, 614, 630, 665, 655, 567, 600, 601, 554, 586, 566, 678, 630, 567, 623, 566, 587, 504, 549, 558, 652, 568, 569, 583, 610, 574, 648, 601, 589, 552, 553, 521, 571, 513, 593, 519, 620, 492, 524, 688, 610, 615, 562, 608, 478, 595, 573, 593, 610, 566, 619, 622, 521, 663, 631, 458, 593, 646, 590, 543, 625, 527, 488, 476, 627, 614, 591, 661, 573, 453, 627, 605, 623, 515, 690, 541, 599, 541, 658, 533, 584, 570, 657, 570, 562, 623, 500, 659, 598, 655, 639, 524, 550, 542, 614, 485, 484, 494, 621, 545, 471, 530, 532, 556, 654, 478, 510, 618, 548, 539, 599, 690, 466, 649, 550, 624, 564, 548, 456, 578, 460, 680, 701, 666, 487, 656, 630, 662, 433, 633, 688, 624, 567, 463, 579, 607, 569, 640, 461, 625, 507, 617, 530, 669, 569, 669, 621, 621, 611, 508, 597, 427, 498, 509, 604, 595, 512, 580, 620, 542, 625, 612, 567, 583, 543, 532, 651, 552, 558, 607, 557, 538, 576, 589, 630, 568, 534, 561, 560, 613, 454, 589, 512, 541, 522, 661, 637, 504, 589, 662, 543, 463, 569, 650, 536, 654, 525, 579, 663, 613, 688, 479, 662, 633, 512, 579, 603, 478, 589, 463, 658, 535, 625, 588, 557, 624, 590, 637, 548, 682, 672, 636, 512, 518, 718, 663, 564, 527, 600, 558, 627, 667, 528, 604, 597, 534, 601, 631, 670, 600, 611, 639, 552, 606, 539, 538, 613, 432, 519, 600, 682, 576, 661, 677, 699, 451, 526, 556, 661, 589, 624, 590, 571, 520, 599, 556, 562, 521, 619, 539, 595, 618, 453, 551, 650, 615, 608, 625, 619, 512, 472, 627, 604, 500, 562, 485, 636, 707, 483, 470, 599, 578, 604, 563, 507, 514, 497, 597, 488, 663, 675, 546, 582, 555, 551, 564, 455, 558, 561, 577, 624, 682, 639, 606, 594, 681, 592, 549, 510, 611, 547, 522, 547, 494, 634, 562, 486, 615, 616, 614, 605, 552, 597, 480, 508, 504, 597, 495, 560, 595, 638, 607, 499, 629, 474, 621, 597, 555, 479, 536, 651, 610, 460, 619, 536, 562, 619, 544, 614, 577, 459, 500, 547, 670, 495, 498, 588, 618, 659, 669, 615, 555, 583, 541, 679, 580, 583, 609, 679, 588, 547, 542, 592, 654, 545, 561, 581, 647, 493, 391, 617, 627, 512, 480, 534, 590, 636, 627, 688, 619, 553, 615, 653, 633, 579, 655, 573, 595, 482, 676, 616, 523, 549, 601, 393, 604, 647, 630, 666, 624, 598, 642, 502, 652, 646, 646, 578, 626, 687, 471, 641, 519, 570, 656, 622, 610, 600, 587, 626, 699, 590, 528, 593, 560, 619, 615, 590, 625, 622, 680, 600, 512, 682, 610, 586, 484, 527, 558, 616, 574, 621, 620, 620, 544, 664, 482, 561, 574, 658, 610, 631, 628, 502, 538, 547, 621, 550, 662, 670, 611, 434, 590, 556, 560, 666, 544, 499, 573, 615, 548, 636, 503, 566, 638, 542, 564, 681, 579, 544, 561, 673, 705, 547, 399, 585, 641, 641, 533, 525, 540, 675, 524, 588, 615, 494, 591, 530, 623, 513, 599, 595, 604, 497, 598, 619, 631, 605, 554, 513, 497, 564, 602, 525, 641, 403, 622, 643, 612, 628, 627, 481, 674, 648, 505, 687, 575, 617, 665, 562, 583, 596, 481, 549, 557, 625, 643, 632, 517, 646, 535, 588, 603, 501, 486, 482, 595, 552, 692, 629, 509, 629, 481, 590, 650, 638, 564, 557, 598, 612, 593, 622, 532, 515, 608, 565, 554, 576, 528, 450, 583, 500, 570, 456, 533, 716, 549, 514, 560, 593, 544, 424, 493, 588, 585, 668, 641, 544, 585, 464, 537, 428, 479, 564, 475, 634, 655, 581, 470, 498, 585, 659, 469, 630, 623, 643, 677, 592, 652, 595, 501, 507, 614, 621, 642, 525, 644, 586, 463, 493, 473, 626, 500, 532, 504, 561, 573, 565, 625, 425, 471, 520, 555, 625, 443, 546, 615, 598, 383, 625, 653, 592, 515, 550, 627, 576, 535, 610, 461, 546, 497, 577, 522, 571, 550, 516, 657, 613, 601, 497, 454, 485, 548, 590, 647, 529, 674, 588, 587, 601, 513, 632, 602, 497, 615, 536, 535, 551, 622, 572, 543, 560, 614, 435, 629, 595, 711, 637, 524, 638, 576, 682, 737, 501, 641, 612, 547, 490, 539, 535, 680, 654, 553, 511, 633, 617, 579, 541, 561, 629, 604, 554, 584, 500, 597, 661, 664, 570, 546, 642, 553, 428, 658, 485, 485, 443, 550, 538, 487, 528, 572, 636, 540, 616, 605, 669, 636, 567, 461, 568, 614, 714, 523, 603, 507, 512, 637, 671, 641, 489, 534, 512, 526, 584, 618, 623, 579, 642, 688, 511, 639, 615, 474, 567, 578, 576, 422, 513, 609, 485, 509, 618, 683, 576, 604, 525, 599, 513, 360, 464, 580, 644, 570, 611, 614, 620, 482, 619, 669, 551, 712, 558, 617, 467, 623, 456, 565, 594, 570, 527, 487, 494, 519, 592, 617, 476, 588, 685, 511, 547, 556, 601, 615, 611, 485, 547, 478, 584, 495, 473, 606, 448, 587, 582, 398, 614, 550, 559, 506, 605, 524, 636, 584, 594, 596, 624, 551, 507, 598, 585, 680, 630, 472, 649, 609, 486, 625, 589, 665, 669, 555, 559, 634, 517, 664, 523, 587, 601, 510, 677, 521, 601, 599, 537, 623, 620, 587, 560, 607, 585, 627, 545, 483, 513, 570, 582, 624, 614, 497, 649, 585, 571, 575, 540, 724, 505, 638, 609, 606, 559, 493, 559, 630, 538, 619, 701, 556, 688, 472, 532, 608, 550, 602, 594, 596, 628, 605, 480, 637, 647, 522, 637, 513, 506, 625, 561, 542, 650, 594, 573, 573, 631, 589, 469, 564, 552, 540, 419, 541, 559, 517, 555, 537, 551, 678, 529, 616, 626, 630, 687, 561, 565, 476, 589, 481, 631, 649, 550, 523, 567, 535, 667, 512, 526, 552, 499, 580, 445, 555, 537, 583, 692, 642, 470, 579, 646, 537, 643, 465, 463, 633, 568, 610, 592, 529, 442, 575, 605, 676, 643, 594, 543, 581, 463, 512, 351, 666, 467, 411, 501, 630, 613, 589, 486, 527, 583, 538, 561, 629, 592, 625, 660, 528, 547, 530, 675, 616, 608, 403, 649, 607, 583, 639, 613, 486, 590, 549, 505, 595, 482, 627, 565, 472, 397, 569, 638, 531, 465, 646, 622, 695, 608, 662, 522, 546, 657, 597, 608, 606, 600, 585, 539, 653, 600, 669, 568, 639, 586, 508, 528, 501, 670, 571, 452, 508, 671, 526, 540, 573, 713, 553, 646, 605, 558, 650, 553, 549, 600, 548, 542, 622, 595, 580, 524, 483, 469, 655, 649, 569, 555, 542, 482, 602, 617, 576, 588, 554, 550, 657, 585, 515, 612, 640, 572, 613, 548, 560, 663, 506, 476, 615, 655, 641, 413, 649, 594, 565, 591, 616, 594, 650, 441, 494, 558, 590, 698, 540, 569, 515, 647, 555, 625, 602, 553, 616, 585, 613, 463, 606, 603, 540, 550, 489, 545, 546, 639, 616, 678, 630, 472, 504, 602, 522, 612, 618, 608, 564, 553, 659, 474, 581, 620, 619, 638, 612, 569, 566, 385, 555, 655, 643, 480, 545, 475, 567, 627, 497, 589, 489, 604, 528, 526, 669, 609, 567, 653, 444, 593, 598, 545, 608, 586, 620, 564, 576, 581, 607, 669, 630, 517, 572, 606, 554, 617, 499, 587, 588, 539, 578, 601, 651, 528, 524, 655, 679, 546, 532, 510, 613, 508, 700, 627, 583, 648, 523, 587, 676, 614, 599, 549, 566, 557, 476, 659, 613, 505, 548, 530, 602, 551, 587, 641, 631, 567, 633, 435, 591, 572, 667, 626, 354, 490, 574, 631, 674, 639, 574, 576, 553, 607, 579, 565, 517, 551, 617, 575, 641, 522, 571, 489, 591, 628, 602, 586, 725, 616, 660, 486, 550, 608, 449, 571, 661, 590, 670, 479, 558, 524, 461, 539, 634, 482, 503, 509, 562, 557, 549, 563, 617, 602, 540, 546, 589, 537, 548, 537, 543, 567, 501, 655, 562, 640, 564, 570, 563, 468, 558, 552, 647, 693, 566, 512, 571, 592, 619, 533, 576, 608, 552, 554, 421, 674, 562, 512, 589, 577, 679, 568, 565, 590, 606, 594, 476, 703, 614, 630, 538, 615, 536, 560, 644, 567, 637, 522, 678, 574, 655, 602, 628, 527, 576, 593, 575, 609, 600, 662, 449, 493, 558, 610, 594, 513, 570, 667, 583, 539, 606, 524, 588, 548, 510, 589, 629, 577, 481, 553, 499, 542, 584, 642, 627, 568, 661, 570, 582, 548, 574, 600, 583, 567, 588, 561, 632, 524, 448, 612, 585, 675, 491, 506, 534, 522, 550, 494, 511, 610, 580, 548, 664, 610, 435, 586, 526, 657, 568, 616, 555, 552, 586, 577, 666, 622, 494, 587, 643, 446, 583, 665, 580, 543, 622, 549, 554, 599, 448, 596, 608, 509, 584, 506, 594, 566, 542, 518, 624, 492, 497, 545, 495, 509, 560, 551, 628, 579, 610, 692, 632, 606, 581, 606, 583, 550, 614, 650, 515, 605, 607, 559, 543, 535, 470, 702, 622, 579, 621, 566, 530, 559, 624, 614, 632, 604, 595, 560, 521, 621, 581, 516, 423, 578, 487, 566, 531, 518, 642, 544, 497, 576, 455, 550, 593, 564, 577, 466, 654, 565, 545, 623, 672, 650, 618, 624, 633, 620, 603, 646, 488, 579, 539, 691, 674, 566, 516, 607, 575, 543, 483, 615, 544, 638, 641, 617, 599, 580, 529, 470, 597, 592, 555, 580, 574, 556, 540, 510, 693, 584, 598, 591, 640, 441, 603, 672, 612, 653, 544, 628, 648, 605, 637, 608, 545, 518, 644, 583, 519, 586, 626, 624, 598, 591, 670, 558, 578, 579, 682, 547, 658, 654, 488, 649, 573, 670, 594, 571, 561, 564, 672, 570, 668, 616, 538, 584, 588, 606, 622, 609, 602, 546, 657, 595, 643, 525, 488, 602, 609, 533, 493, 610, 630, 559, 611, 567, 633, 622, 605, 570, 528, 527, 607, 607, 591, 555, 644, 622, 564, 525, 440, 642, 679, 616, 451, 558, 604, 614, 565, 620, 563, 603, 528, 564, 602, 630, 613, 679, 624, 622, 466, 638, 607, 488, 616, 603, 623, 551, 602, 584, 564, 645, 581, 679, 457, 650, 597, 613, 481, 478, 555, 416, 515, 494, 679, 643, 589, 594, 560, 651, 631, 644, 580, 511, 508, 622, 565, 656, 618, 549, 588, 559, 642, 529, 573, 608, 505, 672, 501, 537, 655, 607, 568, 589, 557, 666, 494, 494, 488, 552, 530, 535, 594, 653, 598, 695, 518, 545, 533, 640, 694, 640, 619, 602, 698, 666, 608, 588, 677, 609, 642, 548, 686, 557, 648, 664, 450, 547, 475, 683, 672, 637, 605, 616, 518, 578, 500, 595, 632, 553, 523, 626, 586, 487, 473, 509, 580, 613, 562, 439, 668, 574, 565, 371, 624, 618, 590, 544, 555, 447, 547, 475, 462, 687, 509, 520, 670, 538, 620, 542, 563, 583, 645, 631, 578, 646, 625, 534, 510, 541, 594, 608, 626, 584, 480, 622, 600, 569, 510, 524, 539, 491, 614, 463, 562, 591, 551, 624, 572, 634, 642, 621, 540, 675, 705, 475, 559, 565, 652, 631, 482, 449, 619, 543, 600, 610, 535, 627, 482, 548, 560, 560, 416, 588, 556, 520, 556, 581, 675, 448, 602, 647, 435, 594, 530, 393, 714, 590, 650, 579, 647, 511, 512, 687, 610, 588, 517, 506, 513, 644, 485, 577, 559, 714, 530, 679, 684, 530, 655, 580, 638, 609, 563, 551, 506, 527, 590, 503, 612, 571, 506, 616, 532, 486, 577, 597, 467, 575, 464, 660, 662, 523, 590, 590, 589, 652, 629, 617, 562, 559, 573, 423, 646, 556, 583, 666, 562, 600, 632, 523, 604, 640, 563, 651, 589, 547, 611, 570, 551, 543, 651, 503, 494, 558, 644, 460, 639, 537, 543, 561, 578, 510, 558, 508, 556, 541, 558, 599, 507, 589, 599, 590, 458, 578, 548, 540, 480, 485, 473, 605, 470, 682, 612, 567, 600, 617, 569, 566, 508, 649, 695, 698, 612, 575, 562, 533, 579, 609, 510, 510, 545, 549, 524, 615, 593, 559, 578, 636, 535, 512, 648, 650, 395, 638, 664, 592, 543, 529, 575, 570, 543, 628, 615, 582, 683, 621, 674, 544, 577, 686, 683, 646, 618, 548, 533, 553, 594, 590, 486, 588, 588, 625, 441, 618, 617, 554, 507, 627, 708, 545, 464, 589, 554, 658, 570, 587, 587, 566, 620, 632, 587, 571, 593, 697, 647, 624, 677, 576, 635, 508, 501, 477, 619, 623, 511, 694, 539, 543, 655, 542, 522, 622, 552, 614, 531, 554, 574, 620, 574, 476, 580, 606, 498, 531, 578, 438, 561, 489, 560, 517, 510, 448, 481, 587, 594, 376, 547, 687, 577, 603, 606, 549, 568, 542, 540, 629, 620, 653, 639, 709, 519, 625, 579, 521, 466, 645, 533, 507, 547, 604, 597, 634, 569, 645, 637, 495, 626, 606, 670, 411, 582, 571, 614, 547, 545, 577, 554, 562, 602, 575, 578, 632, 551, 641, 670, 578, 527, 704, 631, 673, 644, 475, 546, 594, 573, 597, 531, 499, 571, 552, 673, 603, 617, 490, 473, 523, 423, 595, 618, 543, 526, 526, 662, 528, 621, 473, 575, 442, 633, 575, 635, 606, 549, 538, 655, 587, 678, 572, 555, 588, 636, 606, 545, 597, 613, 605, 652, 635, 452, 599, 678, 635, 663, 629, 548, 631, 586, 702, 561, 574, 600, 602, 620, 685, 645, 623, 554, 635, 560, 584, 494, 594, 522, 680, 566, 616, 549, 654, 532, 421, 568, 604, 543, 597, 536, 676, 456, 575, 518, 514, 533, 583, 546, 642, 594, 697, 671, 522, 583, 530, 657, 610, 549, 637, 601, 623, 567, 571, 533, 652, 590, 638, 529, 543, 619, 594, 647, 593, 638, 460, 573, 591, 664, 557, 683, 526, 547, 598, 620, 687, 641, 583, 558, 497, 399, 563, 626, 614, 403, 646, 439, 622, 535, 564, 556, 604, 558, 510, 526, 658, 549, 649, 379, 652, 554, 475, 599, 683, 584, 623, 634, 560, 616, 515, 550, 523, 610, 479, 662, 600, 443, 645, 493, 599, 579, 590, 431, 612, 628, 507, 605, 658, 543, 659, 504, 327, 571, 544, 628, 547, 627, 652, 532, 538, 564, 585, 493, 592, 565, 592, 624, 674, 582, 707, 640, 498, 610, 513, 568, 611, 604, 544, 514, 570, 449, 551, 636, 561, 527, 616, 676, 609, 599, 586, 569, 585, 546, 544, 505, 470, 597, 621, 679, 380, 557, 539, 612, 600, 520, 524, 634, 558, 519, 457, 476, 507, 589, 694, 649, 633, 571, 614, 643, 582, 649, 551, 643, 470, 509, 527, 542, 503, 566, 655, 494, 521, 579, 581, 643, 595, 619, 510, 501, 481, 455, 566, 529, 568, 609, 665, 505, 518, 599, 573, 582, 458, 553, 653, 569, 499, 475, 668, 440, 690, 631, 610, 532, 614, 508, 607, 577, 561, 584, 553, 454, 568, 604, 538, 616, 641, 659, 511, 675, 524, 607, 601, 611, 671, 478, 584, 635, 502, 617, 646, 398, 637, 542, 609, 683, 485, 589, 556, 509, 602, 552, 521, 607, 528, 666, 456, 557, 537, 642, 631, 653, 495, 580, 573, 571, 592, 562, 571, 527, 532, 570, 552, 605, 607, 636, 496, 519, 571, 636, 670, 545, 618, 612, 417, 570, 563, 645, 695, 574, 536, 542, 627, 604, 561, 585, 549, 658, 572, 560, 573, 560, 540, 554, 505, 588, 583, 651, 616, 441, 624, 628, 637, 538, 542, 674, 611, 608, 566, 519, 692, 690, 554, 639, 595, 653, 615, 529, 536, 615, 589, 590, 511, 575, 520, 529, 505, 594, 619, 569, 452, 569, 609, 576, 582, 558, 481, 591, 589, 652, 563, 656, 706, 630, 484, 546, 538, 631, 563, 514, 447, 618, 457, 527, 678, 481, 586, 656, 601, 490, 571, 582, 549, 507, 541, 666, 624, 634, 547, 518, 638, 556, 574, 495, 626, 646, 593, 657, 561, 588, 661, 341, 488, 555, 620, 651, 647, 462, 440, 524, 505, 541, 643, 508, 557, 598, 519, 548, 561, 619, 559, 619, 572, 594, 504, 558, 557, 435, 487, 686, 654, 648, 651, 450, 593, 571, 700, 510, 572, 600, 585, 617, 612, 515, 604, 666, 600, 656, 661, 658, 642, 651, 597, 660, 651, 540, 622, 671, 592, 594, 469, 659, 539, 521, 630, 593, 595, 579, 555, 559, 584, 514, 501, 441, 480, 418, 619, 667, 605, 551, 612, 465, 604, 587, 554, 595, 547, 531, 534, 595, 586, 480, 694, 543, 468, 541, 641, 474, 535, 519, 612, 391, 617, 608, 570, 589, 541, 557, 561, 588, 605, 671, 425, 590, 643, 539, 587, 520, 488, 552, 600, 667, 558, 662, 565, 517, 600, 646, 519, 572, 509, 598, 585, 684, 610, 685, 613, 548, 522, 676, 534, 565, 565, 580, 649, 574, 523, 439, 396, 635, 592, 450, 485, 577, 478, 485, 534, 616, 619, 562, 522, 664, 644, 669, 414, 599, 459, 441, 547, 509, 535, 655, 452, 549, 539, 634, 614, 487, 639, 549, 587, 579, 630, 565, 616, 609, 552, 448, 520, 642, 571, 612, 577, 618, 610, 607, 612, 529, 452, 632, 524, 646, 497, 533, 584, 540, 562, 551, 642, 547, 541, 599, 540, 635, 532, 553, 549, 647, 612, 511, 528, 659, 550, 462, 587, 551, 550, 490, 492, 511, 644, 565, 618, 519, 589, 572, 526, 492, 584, 569, 464, 512, 650, 512, 680, 439, 530, 566, 545, 525, 525, 657, 485, 539, 473, 675, 622, 456, 668, 562, 538, 629, 572, 636, 554, 619, 613, 574, 555, 514, 525, 631, 582, 582, 569, 395, 545, 547, 495, 620, 539, 555, 570, 453, 594, 518, 588, 584, 601, 391, 584, 594, 470, 492, 581, 599, 623, 650, 577, 635, 621, 538, 593, 581, 624, 648, 562, 434, 679, 621, 436, 569, 608, 431, 510, 573, 602, 567, 613, 523, 602, 518, 563, 615, 638, 468, 689, 651, 534, 517, 639, 558, 547, 571, 564, 586, 563, 574, 580, 611, 552, 573, 550, 571, 530, 617, 671, 616, 655, 659, 434, 556, 576, 652, 640, 678, 565, 560, 600, 585, 475, 623, 521, 615, 486, 665, 706, 512, 547, 587, 587, 433, 527, 545, 626, 650, 555, 613, 553, 491, 634, 546, 598, 643, 512, 631, 542, 672, 561, 604, 664, 560, 595, 619, 558, 577, 594, 422, 637, 614, 538, 654, 656, 642, 557, 610, 499, 525, 565, 594, 576, 629, 667, 533, 515, 590, 496, 628, 623, 524, 678, 660, 486, 584, 407, 535, 607, 589, 468, 570, 603, 584, 403, 507, 646, 606, 531, 537, 609, 528, 668, 676, 614, 507, 605, 461, 565, 600, 521, 560, 499, 543, 631, 641, 587, 465, 596, 593, 599, 633, 548, 673, 557, 568, 608, 591, 591, 574, 648, 700, 624, 520, 541, 572, 574, 518, 680, 586, 619, 600, 553, 516, 464, 556, 594, 646, 587, 592, 640, 578, 574, 522, 662, 627, 616, 353, 601, 549, 569, 431, 642, 541, 533, 518, 637, 533, 583, 620, 676, 599, 596, 546, 584, 651, 648, 448, 627, 570, 614, 482, 580, 628, 485, 557, 523, 559, 587, 572, 566, 602, 453, 565, 527, 576, 569, 549, 512, 631, 658, 623, 491, 496, 514, 640, 664, 602, 497, 554, 564, 657, 580, 637, 597, 558, 591, 539, 610, 614, 486, 536, 626, 504, 699, 572, 667, 581, 624, 541, 633, 541, 615, 551, 512, 555, 463, 483, 574, 457, 599, 645, 536, 660, 614, 507, 582, 565, 534, 570, 573, 565, 588, 605, 625, 603, 553, 616, 540, 640, 602, 608, 673, 621, 554, 540, 568, 547, 622, 474, 596, 587, 559, 562, 576, 562, 669, 630, 604, 536, 501, 463, 604, 654, 664, 524, 542, 525, 681, 586, 580, 504, 638, 649, 647, 575, 578, 540, 555, 667, 707, 541, 626, 626, 520, 521, 411, 573, 587, 721, 629, 605, 556, 669, 559, 551, 591, 542, 693, 523, 578, 684, 613, 534, 435, 584, 609, 543, 592, 560, 595, 650, 566, 584, 673, 676, 616, 642, 527, 523, 517, 617, 550, 693, 574, 583, 599, 530, 544, 646, 572, 636, 660, 583, 587, 597, 642, 597, 563, 499, 612, 471, 583, 565, 454, 612, 651, 450, 630, 601, 498, 616, 603, 664, 627, 702, 632, 550, 595, 647, 519, 641, 631, 524, 579, 561, 589, 691, 492, 584, 523, 568, 640, 629, 564, 603, 602, 484, 648, 560, 525, 564, 619, 586, 467, 645, 569, 490, 645, 503, 666, 538, 645, 568, 611, 521, 553, 612, 464, 525, 455, 615, 615, 584, 549, 487, 569, 591, 678, 588, 623, 526, 516, 554, 455, 620, 535, 582, 552, 546, 553, 501, 504, 591, 474, 668, 623, 590, 541, 501, 573, 542, 526, 605, 595, 515, 584, 543, 561, 581, 533, 646, 680, 631, 539, 559, 519, 638, 555, 522, 659, 583, 600, 654, 629, 653, 665, 554, 628, 681, 533, 701, 562, 604, 588, 532, 656, 585, 586, 605, 602, 678, 520, 503, 526, 593, 551, 627, 484, 530, 669, 623, 558, 497, 644, 578, 596, 564, 561, 573, 590, 473, 637, 505, 558, 637, 574, 538, 528, 577, 578, 600, 538, 639, 574, 602, 563, 520, 575, 460, 594, 455, 621, 599, 660, 528, 628, 554, 500, 608, 566, 495, 619, 601, 608, 522, 598, 537, 537, 437, 625, 576, 641, 656, 643, 675, 573, 577, 567, 455, 654, 672, 664, 613, 593, 552, 540, 630, 581, 564, 540, 614, 494, 612, 522, 571, 672, 677, 452, 573, 648, 525, 520, 463, 609, 518, 462, 639, 398, 505, 648, 445, 474, 546, 566, 502, 636, 577, 583, 558, 493, 453, 601, 625, 570, 591, 534, 592, 639, 634, 555, 582, 527, 671, 644, 563, 535, 502, 623, 515, 669, 543, 540, 666, 553, 558, 614, 585, 583, 489, 646, 550, 546, 657, 589, 609, 611, 580, 677, 656, 600, 638, 552, 622, 556, 617, 593, 653, 556, 630, 593, 532, 542, 464, 559, 515, 499, 660, 493, 623, 387, 626, 593, 577, 590, 574, 535, 548, 519, 511, 597, 466, 589, 629, 597, 508, 473, 643, 609, 530, 632, 639, 517, 649, 612, 675, 660, 567, 609, 587, 570, 587, 514, 556, 599, 575, 623, 452, 643, 429, 646, 644, 576, 560, 585, 442, 624, 567, 644, 661, 500, 486, 513, 636, 585, 573, 635, 618, 430, 542, 534, 585, 466, 350, 536, 574, 545, 560, 642, 639, 556, 630, 565, 645, 522, 518, 598, 594, 660, 470, 435, 581, 449, 540, 511, 568, 638, 575, 533, 440, 623, 574, 527, 622, 519, 603, 500, 517, 585, 632, 543, 682, 599, 667, 508, 567, 508, 647, 517, 646, 578, 525, 547, 669, 523, 555, 620, 610, 513, 345, 553, 657, 599, 601, 607, 656, 550, 606, 549, 647, 644, 458, 552, 643, 417, 539, 510, 710, 630, 549, 583, 631, 512, 477, 629, 600, 506, 583, 567, 642, 553, 630, 590, 535, 559, 583, 609, 576, 655, 652, 527, 568, 637, 658, 562, 659, 596, 594, 672, 553, 584, 481, 584, 485, 626, 470, 437, 601, 580, 521, 584, 599, 516, 575, 546, 600, 535, 673, 628, 598, 561, 598, 537, 614, 618, 624, 594, 532, 545, 557, 531, 637, 697, 586, 592, 685, 647, 479, 538, 662, 600, 667, 586, 607, 657, 577, 616, 476, 621, 455, 592, 601, 584, 578, 593, 468, 599, 465, 562, 445, 577, 463, 501, 618, 706, 536, 602, 681, 594, 465, 697, 571, 626, 527, 561, 623, 575, 669, 620, 614, 604, 640, 622, 578, 686, 547, 664, 536, 524, 657, 525, 644, 605, 437, 568, 513, 292, 607, 542, 652, 625, 453, 623, 478, 640, 548, 589, 642, 712, 670, 617, 582, 676, 587, 581, 536, 661, 602, 597, 640, 567, 640, 565, 661, 561, 571, 595, 436, 571, 656, 519, 572, 583, 609, 704, 525, 671, 479, 600, 607, 560, 508, 540, 581, 622, 637, 532, 619, 532, 608, 628, 644, 616, 505, 554, 610, 532, 620, 594, 615, 505, 533, 585, 607, 663, 579, 640, 636, 498, 505, 573, 672, 598, 610, 616, 638, 433, 577, 438, 619, 603, 554, 524, 504, 624, 640, 633, 578, 643, 562, 606, 551, 420, 568, 580, 646, 540, 517, 555, 480, 492, 628, 551, 524, 678, 609, 573, 603, 672, 591, 546, 542, 496, 611, 535, 502, 562, 552, 700, 639, 608, 684, 646, 503, 580, 601, 517, 556, 583, 545, 524, 598, 589, 556, 598, 439, 554, 491, 380, 634, 544, 577, 591, 608, 420, 670, 633, 567, 629, 636, 648, 441, 458, 445, 627, 561, 561, 527, 575, 533, 584, 390, 495, 579, 555, 466, 633, 604, 599, 562, 615, 490, 455, 601, 502, 685, 659, 652, 542, 535, 600, 648, 595, 611, 567, 471, 611, 558, 622, 548, 597, 658, 654, 582, 641, 578, 558, 654, 615, 585, 539, 593, 501, 642, 605, 571, 633, 514, 647, 497, 522, 559, 477, 526, 614, 556, 598, 532, 640, 603, 459, 524, 585, 589, 604, 387, 576, 669, 607, 598, 599, 632, 639, 485, 631, 624, 510, 531, 619, 566, 386, 626, 654, 542, 590, 430, 454, 633, 596, 570, 546, 640, 656, 583, 633, 529, 653, 515, 667, 551, 596, 560, 619, 610, 577, 611, 567, 578, 644, 559, 437, 614, 609, 550, 616, 642, 652, 593, 653, 482, 646, 708, 581, 617, 607, 475, 597, 683, 634, 675, 557, 638, 602, 593, 619, 612, 608, 520, 628, 510, 516, 499, 605, 622, 545, 631, 575, 640, 603, 703, 571, 650, 624, 680, 501, 559, 546, 526, 505, 639, 624, 609, 611, 590, 459, 591, 657, 657, 548, 598, 546, 648, 601, 605, 644, 425, 555, 598, 621, 598, 544, 626, 624, 585, 558, 599, 674, 533, 507, 588, 614, 622, 605, 558, 567, 569, 619, 574, 540, 549, 509, 591, 663, 548, 575, 605, 599, 569, 602, 617, 589, 566, 542, 567, 580, 579, 659, 647, 605, 489, 607, 641, 484, 669, 545, 530, 648, 534, 516, 473, 471, 592, 580, 646, 584, 508, 698, 574, 534, 636, 658, 605, 614, 530, 674, 602, 550, 500, 613, 560, 508, 599, 556, 608, 596, 635, 593, 571, 567, 602, 529, 461, 486, 665, 485, 625, 531, 637, 582, 480, 584, 645, 625, 630, 675, 387, 707, 626, 495, 565, 608, 545, 543, 496, 597, 651, 573, 599, 554, 701, 494, 496, 560, 638, 588, 621, 547]

[wilma]
  Promedio : 129.0s
  Desvío   : 3.3s
  IC 95%   : [128.9s, 129.1s]
  Mínimo   : 117s
  Máximo   : 137s
  Tiempos  : [130, 130, 132, 132, 128, 130, 133, 127, 132, 134, 129, 128, 127, 127, 131, 130, 129, 127, 130, 123, 129, 125, 128, 130, 126, 128, 130, 129, 130, 133, 132, 136, 125, 132, 130, 135, 135, 132, 127, 129, 129, 122, 127, 129, 130, 126, 132, 128, 128, 130, 132, 130, 121, 125, 131, 135, 120, 125, 134, 130, 133, 134, 126, 135, 134, 129, 130, 128, 122, 128, 131, 126, 128, 127, 127, 132, 129, 122, 131, 127, 131, 127, 129, 129, 124, 125, 130, 123, 132, 129, 130, 126, 128, 128, 131, 132, 132, 134, 129, 122, 121, 127, 131, 130, 132, 128, 129, 130, 133, 126, 132, 134, 137, 124, 128, 127, 132, 129, 132, 130, 120, 126, 132, 134, 131, 130, 130, 131, 133, 128, 131, 134, 122, 133, 131, 126, 135, 133, 128, 129, 132, 132, 128, 133, 127, 128, 126, 133, 130, 120, 131, 134, 128, 125, 128, 126, 127, 129, 128, 125, 128, 124, 132, 128, 131, 125, 125, 123, 130, 125, 127, 122, 127, 127, 129, 128, 126, 129, 131, 129, 129, 127, 127, 131, 125, 131, 131, 129, 128, 128, 124, 135, 124, 127, 128, 125, 128, 130, 128, 130, 126, 136, 130, 130, 129, 129, 126, 133, 129, 127, 133, 129, 129, 131, 132, 127, 126, 130, 129, 128, 133, 134, 129, 130, 125, 124, 129, 127, 126, 122, 132, 132, 128, 129, 131, 130, 132, 126, 131, 129, 125, 129, 135, 122, 126, 127, 129, 128, 133, 127, 134, 132, 130, 126, 127, 133, 129, 125, 136, 126, 127, 129, 129, 123, 132, 132, 128, 128, 125, 129, 128, 130, 133, 128, 124, 125, 131, 122, 127, 130, 130, 126, 128, 129, 128, 131, 128, 131, 136, 128, 130, 128, 134, 128, 127, 128, 127, 130, 136, 129, 131, 126, 131, 128, 134, 137, 122, 128, 130, 125, 129, 128, 129, 131, 124, 124, 133, 133, 128, 131, 130, 131, 129, 130, 132, 127, 128, 128, 128, 131, 125, 133, 128, 132, 130, 130, 125, 130, 123, 127, 128, 130, 134, 126, 128, 129, 126, 132, 125, 132, 132, 129, 128, 125, 128, 129, 133, 131, 128, 133, 126, 130, 126, 133, 127, 130, 129, 136, 125, 133, 126, 126, 124, 129, 129, 134, 128, 128, 131, 133, 137, 130, 128, 131, 126, 126, 131, 130, 129, 130, 125, 134, 132, 129, 124, 134, 126, 129, 131, 136, 126, 130, 121, 133, 129, 126, 132, 129, 125, 128, 135, 124, 130, 125, 128, 129, 133, 129, 136, 132, 132, 125, 128, 126, 122, 130, 122, 125, 135, 126, 129, 134, 134, 128, 128, 131, 130, 130, 127, 127, 125, 129, 124, 134, 133, 126, 130, 127, 131, 130, 129, 129, 129, 129, 127, 126, 131, 133, 129, 132, 132, 127, 123, 128, 126, 133, 131, 117, 130, 126, 123, 134, 128, 135, 129, 127, 125, 126, 130, 125, 134, 125, 131, 132, 126, 132, 125, 129, 131, 132, 128, 130, 125, 126, 131, 129, 131, 129, 131, 129, 129, 126, 129, 128, 120, 128, 128, 126, 129, 132, 133, 130, 128, 132, 132, 125, 128, 127, 131, 126, 129, 130, 131, 130, 134, 130, 135, 131, 132, 133, 128, 133, 132, 124, 121, 132, 126, 125, 122, 132, 130, 128, 136, 131, 127, 133, 133, 130, 127, 129, 126, 127, 133, 124, 129, 129, 130, 129, 129, 125, 125, 122, 129, 126, 129, 128, 125, 132, 130, 126, 128, 129, 130, 126, 128, 132, 128, 127, 128, 129, 126, 131, 126, 131, 128, 123, 127, 132, 126, 127, 123, 129, 129, 128, 132, 130, 124, 127, 135, 126, 132, 134, 128, 131, 123, 128, 130, 131, 129, 130, 126, 132, 131, 129, 134, 132, 127, 125, 135, 132, 128, 130, 127, 130, 126, 127, 131, 131, 131, 133, 126, 133, 124, 122, 127, 135, 132, 132, 134, 128, 131, 131, 132, 125, 132, 125, 125, 120, 128, 126, 132, 126, 131, 130, 127, 126, 132, 134, 130, 125, 129, 125, 136, 132, 129, 126, 122, 129, 131, 129, 128, 124, 134, 129, 128, 134, 128, 136, 134, 129, 133, 131, 130, 128, 130, 132, 132, 129, 132, 129, 131, 125, 129, 130, 127, 132, 131, 130, 129, 129, 132, 131, 129, 130, 129, 131, 132, 132, 126, 127, 126, 127, 129, 127, 123, 124, 129, 129, 126, 131, 123, 131, 124, 128, 129, 129, 127, 124, 133, 132, 135, 131, 128, 127, 133, 132, 127, 124, 127, 130, 129, 128, 128, 133, 132, 123, 131, 128, 132, 125, 132, 129, 132, 131, 132, 131, 131, 123, 131, 121, 131, 130, 132, 133, 125, 135, 128, 129, 128, 129, 132, 131, 128, 125, 133, 132, 132, 129, 128, 126, 136, 126, 134, 131, 133, 126, 124, 127, 132, 129, 125, 124, 125, 131, 127, 123, 127, 133, 130, 129, 131, 126, 130, 132, 130, 132, 121, 129, 128, 126, 133, 133, 126, 129, 125, 135, 125, 136, 127, 124, 132, 135, 127, 129, 129, 122, 128, 133, 132, 124, 129, 127, 133, 129, 131, 125, 131, 134, 130, 129, 135, 131, 133, 134, 127, 134, 135, 128, 132, 130, 134, 126, 128, 128, 127, 128, 124, 127, 126, 133, 133, 131, 127, 126, 134, 122, 128, 128, 132, 126, 125, 124, 130, 125, 128, 135, 130, 132, 132, 131, 129, 129, 127, 130, 125, 130, 132, 133, 131, 128, 129, 119, 126, 129, 130, 130, 136, 132, 129, 133, 126, 127, 131, 134, 124, 127, 131, 128, 127, 131, 131, 130, 133, 132, 135, 126, 124, 124, 131, 129, 129, 127, 127, 129, 134, 130, 131, 129, 132, 132, 129, 129, 128, 127, 133, 125, 124, 131, 129, 133, 124, 130, 126, 121, 125, 123, 125, 130, 129, 127, 121, 133, 130, 131, 124, 130, 130, 129, 126, 135, 130, 127, 122, 125, 126, 134, 133, 130, 128, 126, 128, 136, 129, 128, 125, 130, 126, 133, 124, 127, 130, 124, 128, 126, 128, 131, 129, 128, 127, 124, 130, 123, 122, 125, 125, 133, 131, 122, 129, 130, 125, 130, 130, 131, 127, 123, 130, 134, 136, 128, 131, 129, 126, 125, 126, 128, 131, 125, 127, 133, 130, 130, 127, 128, 124, 133, 132, 135, 131, 135, 130, 124, 124, 130, 131, 128, 130, 133, 129, 130, 130, 129, 133, 126, 132, 135, 132, 129, 128, 125, 135, 124, 135, 130, 126, 128, 133, 123, 125, 127, 129, 130, 128, 131, 129, 133, 128, 126, 136, 132, 126, 127, 128, 129, 131, 130, 134, 130, 126, 132, 129, 128, 131, 126, 129, 131, 127, 134, 135, 127, 127, 133, 127, 125, 128, 126, 122, 127, 133, 130, 131, 128, 128, 127, 125, 126, 128, 124, 131, 130, 131, 130, 136, 130, 132, 134, 130, 127, 131, 131, 130, 127, 126, 128, 124, 124, 134, 134, 126, 131, 128, 132, 121, 131, 123, 127, 132, 128, 128, 130, 128, 129, 124, 134, 124, 131, 129, 132, 125, 128, 125, 126, 127, 133, 127, 133, 132, 135, 123, 124, 131, 127, 132, 127, 125, 129, 130, 130, 126, 131, 121, 125, 135, 125, 126, 126, 130, 124, 126, 128, 130, 125, 126, 131, 129, 135, 126, 128, 130, 134, 132, 128, 130, 125, 124, 123, 124, 131, 125, 134, 128, 126, 123, 134, 125, 129, 128, 129, 128, 131, 126, 132, 128, 126, 137, 131, 130, 136, 131, 128, 123, 128, 128, 131, 126, 130, 127, 128, 125, 129, 129, 125, 126, 130, 133, 128, 126, 119, 130, 124, 128, 125, 130, 130, 132, 127, 126, 133, 133, 126, 127, 126, 136, 127, 120, 134, 126, 128, 131, 121, 130, 125, 128, 133, 129, 129, 124, 127, 129, 123, 124, 124, 126, 124, 130, 129, 130, 127, 124, 128, 126, 128, 123, 128, 128, 128, 136, 131, 126, 127, 124, 132, 134, 134, 135, 131, 126, 123, 131, 133, 126, 127, 126, 128, 131, 130, 126, 130, 121, 126, 123, 130, 129, 128, 130, 130, 126, 132, 129, 125, 125, 128, 126, 128, 127, 128, 124, 127, 125, 127, 130, 122, 133, 129, 130, 131, 128, 132, 135, 133, 134, 134, 128, 124, 130, 135, 126, 126, 127, 130, 132, 132, 124, 130, 135, 127, 131, 130, 129, 133, 134, 125, 129, 132, 130, 124, 125, 129, 128, 134, 132, 135, 132, 128, 126, 131, 130, 127, 127, 134, 130, 133, 129, 125, 135, 136, 127, 128, 126, 129, 134, 132, 128, 128, 134, 128, 129, 130, 130, 131, 128, 131, 131, 132, 127, 131, 128, 122, 132, 133, 132, 131, 129, 132, 134, 130, 125, 133, 130, 128, 127, 134, 125, 130, 131, 129, 126, 136, 131, 124, 128, 137, 134, 125, 128, 128, 136, 126, 120, 130, 128, 129, 125, 128, 130, 129, 127, 129, 126, 119, 123, 129, 132, 130, 127, 125, 129, 126, 124, 124, 125, 125, 125, 131, 129, 131, 132, 129, 128, 130, 136, 130, 132, 126, 128, 127, 127, 129, 128, 131, 135, 129, 134, 129, 131, 132, 131, 128, 130, 130, 127, 130, 127, 124, 129, 126, 134, 130, 133, 126, 122, 128, 122, 132, 129, 133, 131, 126, 132, 127, 125, 136, 121, 122, 123, 134, 129, 128, 130, 128, 129, 130, 136, 127, 124, 134, 134, 131, 131, 129, 125, 135, 129, 128, 130, 119, 130, 129, 128, 129, 133, 132, 126, 136, 128, 131, 126, 135, 131, 124, 128, 135, 127, 129, 125, 131, 135, 130, 133, 124, 130, 135, 130, 128, 132, 129, 129, 122, 132, 130, 134, 133, 127, 130, 128, 132, 128, 134, 126, 133, 133, 129, 128, 134, 132, 130, 127, 130, 130, 128, 125, 134, 130, 132, 129, 130, 130, 131, 127, 131, 132, 127, 133, 130, 126, 131, 129, 126, 129, 129, 130, 126, 130, 132, 131, 129, 132, 131, 130, 128, 130, 135, 128, 126, 121, 126, 130, 129, 133, 129, 129, 126, 123, 131, 129, 134, 133, 128, 131, 132, 132, 131, 124, 128, 127, 127, 131, 132, 133, 137, 127, 122, 136, 130, 131, 128, 133, 131, 129, 126, 125, 132, 130, 124, 128, 130, 134, 130, 128, 133, 127, 132, 134, 123, 124, 131, 136, 130, 132, 128, 123, 133, 136, 133, 133, 121, 126, 128, 125, 125, 128, 131, 132, 129, 126, 131, 124, 122, 121, 130, 130, 127, 123, 130, 132, 131, 121, 127, 130, 128, 128, 131, 130, 132, 134, 126, 127, 135, 129, 133, 128, 125, 131, 136, 126, 133, 132, 133, 133, 132, 128, 128, 129, 129, 127, 130, 131, 128, 123, 131, 131, 132, 131, 128, 131, 129, 123, 134, 125, 131, 128, 130, 128, 130, 124, 127, 131, 131, 130, 123, 134, 133, 127, 129, 132, 127, 126, 126, 130, 128, 126, 129, 124, 127, 123, 127, 128, 127, 132, 131, 129, 126, 135, 129, 133, 127, 130, 130, 126, 131, 126, 125, 126, 125, 130, 132, 132, 136, 131, 129, 129, 134, 133, 134, 126, 130, 130, 128, 132, 133, 126, 127, 121, 128, 125, 129, 129, 129, 127, 131, 128, 125, 129, 123, 128, 127, 127, 132, 127, 129, 133, 129, 136, 132, 134, 128, 127, 126, 129, 134, 125, 126, 125, 121, 133, 126, 132, 127, 131, 123, 123, 127, 135, 126, 132, 133, 132, 129, 130, 123, 125, 135, 129, 130, 127, 131, 131, 129, 126, 126, 130, 125, 135, 130, 136, 132, 130, 132, 125, 133, 132, 126, 130, 132, 133, 129, 124, 129, 131, 133, 129, 123, 126, 132, 128, 124, 131, 130, 132, 126, 131, 131, 132, 123, 137, 126, 129, 135, 131, 129, 130, 125, 128, 130, 126, 132, 129, 123, 129, 128, 129, 128, 127, 130, 122, 131, 128, 132, 129, 127, 127, 128, 130, 130, 124, 130, 128, 130, 132, 128, 127, 121, 127, 129, 128, 121, 125, 130, 130, 131, 131, 135, 125, 128, 134, 130, 133, 134, 131, 124, 125, 132, 135, 128, 129, 128, 124, 127, 133, 127, 132, 126, 130, 131, 132, 130, 125, 129, 131, 125, 132, 127, 126, 129, 125, 134, 126, 128, 130, 136, 130, 131, 124, 123, 131, 126, 122, 132, 136, 128, 131, 132, 131, 131, 128, 127, 132, 137, 129, 125, 130, 127, 129, 129, 128, 132, 128, 134, 130, 133, 130, 133, 128, 134, 126, 128, 131, 134, 129, 125, 129, 119, 135, 133, 126, 129, 133, 133, 131, 129, 131, 127, 126, 132, 127, 132, 129, 130, 125, 131, 122, 125, 132, 127, 130, 124, 122, 130, 126, 126, 126, 130, 124, 129, 130, 129, 130, 131, 120, 127, 131, 128, 134, 130, 131, 133, 126, 127, 128, 130, 125, 131, 126, 127, 131, 130, 128, 124, 129, 124, 129, 132, 122, 128, 128, 129, 132, 130, 131, 131, 132, 128, 135, 124, 133, 127, 128, 130, 133, 127, 128, 130, 128, 126, 126, 128, 128, 130, 129, 126, 129, 129, 134, 129, 128, 132, 131, 125, 129, 133, 128, 131, 129, 131, 129, 130, 132, 128, 130, 132, 128, 133, 126, 130, 123, 131, 130, 132, 130, 129, 129, 123, 131, 129, 130, 126, 126, 131, 129, 134, 130, 126, 128, 128, 130, 128, 124, 127, 121, 128, 129, 131, 130, 121, 125, 127, 135, 126, 130, 130, 131, 131, 131, 129, 131, 129, 129, 128, 130, 132, 132, 128, 129, 124, 126, 127, 128, 125, 128, 128, 132, 125, 132, 131, 127, 129, 129, 127, 130, 133, 132, 133, 134, 129, 129, 124, 127, 128, 126, 131, 130, 126, 132, 135, 133, 128, 125, 124, 121, 130, 129, 122, 131, 134, 128, 130, 128, 130, 125, 130, 126, 130, 126, 130, 127, 127, 133, 126, 133, 132, 126, 131, 129, 129, 123, 129, 131, 128, 126, 132, 134, 125, 128, 133, 131, 126, 125, 130, 125, 129, 129, 128, 124, 128, 125, 126, 128, 128, 134, 136, 125, 129, 130, 132, 129, 128, 127, 128, 129, 127, 135, 127, 126, 126, 126, 127, 128, 125, 128, 127, 135, 132, 132, 129, 131, 123, 129, 135, 124, 127, 129, 129, 126, 131, 124, 129, 131, 129, 129, 128, 130, 128, 134, 133, 130, 133, 130, 129, 125, 130, 135, 131, 137, 127, 131, 124, 128, 132, 127, 131, 131, 130, 128, 125, 130, 129, 131, 136, 133, 128, 135, 127, 126, 128, 132, 132, 127, 129, 126, 126, 132, 137, 128, 132, 130, 126, 132, 132, 132, 131, 129, 130, 130, 133, 130, 128, 133, 128, 127, 128, 124, 131, 132, 133, 128, 132, 126, 131, 128, 125, 129, 129, 132, 132, 131, 132, 130, 128, 127, 126, 131, 124, 132, 131, 132, 125, 131, 132, 128, 131, 126, 125, 125, 126, 124, 129, 130, 129, 130, 124, 130, 125, 124, 130, 132, 135, 134, 130, 127, 123, 132, 129, 126, 128, 129, 125, 128, 128, 130, 127, 127, 129, 124, 126, 130, 125, 128, 129, 128, 125, 134, 132, 126, 126, 128, 120, 132, 125, 127, 131, 132, 131, 123, 123, 133, 131, 131, 128, 124, 134, 130, 133, 126, 123, 131, 131, 126, 132, 132, 126, 132, 128, 136, 128, 131, 129, 129, 129, 125, 127, 126, 131, 121, 125, 135, 125, 130, 124, 134, 127, 131, 128, 128, 129, 132, 129, 127, 123, 128, 119, 129, 130, 131, 128, 119, 130, 134, 126, 130, 128, 123, 125, 125, 131, 128, 128, 128, 131, 132, 128, 133, 126, 127, 132, 129, 127, 135, 125, 135, 130, 130, 125, 128, 131, 123, 132, 129, 122, 129, 123, 122, 126, 131, 132, 133, 127, 133, 129, 126, 126, 128, 131, 123, 127, 129, 129, 128, 130, 127, 126, 131, 125, 128, 127, 127, 131, 132, 129, 130, 133, 129, 130, 132, 129, 129, 127, 130, 133, 131, 132, 134, 129, 129, 126, 133, 130, 128, 125, 125, 130, 133, 131, 126, 136, 130, 122, 129, 132, 134, 129, 130, 131, 130, 129, 131, 125, 125, 133, 124, 136, 130, 133, 131, 129, 132, 130, 124, 126, 128, 129, 125, 124, 129, 131, 131, 133, 126, 130, 128, 129, 131, 127, 123, 134, 127, 131, 128, 132, 122, 135, 131, 132, 129, 134, 130, 130, 128, 127, 125, 127, 130, 134, 131, 130, 133, 132, 132, 134, 134, 134, 124, 127, 132, 126, 128, 128, 131, 137, 128, 130, 125, 130, 131, 126, 123, 128, 122, 126, 127, 134, 127, 120, 132, 128, 122, 130, 131, 132, 126, 131, 125, 129, 129, 135, 131, 130, 128, 126, 131, 128, 129, 127, 127, 125, 133, 130, 130, 126, 127, 126, 124, 127, 137, 127, 127, 128, 128, 128, 133, 127, 136, 127, 134, 127, 134, 125, 125, 125, 126, 126, 130, 128, 130, 127, 127, 132, 126, 126, 124, 128, 131, 131, 129, 134, 130, 129, 125, 136, 131, 125, 132, 130, 128, 132, 131, 132, 133, 125, 127, 131, 126, 132, 132, 124, 127, 125, 132, 136, 137, 126, 131, 124, 130, 130, 127, 131, 127, 126, 134, 126, 129, 131, 133, 133, 130, 130, 128, 127, 126, 128, 126, 123, 126, 129, 130, 130, 129, 129, 129, 130, 136, 128, 131, 127, 134, 127, 129, 131, 129, 134, 132, 130, 129, 133, 130, 127, 131, 126, 129, 125, 131, 123, 128, 122, 132, 128, 131, 126, 126, 127, 125, 130, 134, 129, 129, 130, 132, 129, 126, 128, 131, 125, 123, 132, 124, 135, 126, 130, 130, 132, 132, 133, 126, 135, 130, 126, 127, 126, 130, 129, 125, 128, 128, 125, 130, 129, 128, 131, 125, 128, 128, 130, 127, 126, 127, 128, 131, 128, 124, 128, 124, 127, 128, 127, 129, 128, 128, 130, 126, 129, 120, 131, 131, 129, 127, 131, 125, 128, 132, 132, 131, 125, 129, 123, 133, 130, 130, 137, 125, 126, 128, 122, 133, 125, 124, 130, 131, 135, 126, 129, 124, 128, 125, 127, 130, 127, 131, 133, 129, 124, 132, 130, 131, 123, 130, 133, 130, 134, 131, 134, 131, 128, 125, 123, 132, 127, 128, 130, 136, 128, 136, 128, 125, 129, 129, 133, 125, 134, 125, 131, 130, 128, 126, 128, 122, 129, 133, 136, 131, 125, 128, 125, 134, 130, 125, 129, 129, 131, 132, 128, 132, 128, 126, 124, 122, 130, 128, 122, 131, 130, 129, 131, 129, 128, 129, 137, 134, 126, 134, 123, 134, 121, 128, 125, 134, 131, 131, 130, 127, 127, 126, 129, 128, 126, 126, 126, 136, 126, 133, 133, 126, 133, 122, 129, 135, 130, 131, 131, 129, 129, 129, 127, 129, 129, 128, 132, 134, 128, 128, 130, 131, 124, 130, 131, 130, 130, 130, 127, 129, 127, 129, 136, 131, 125, 124, 125, 133, 133, 128, 129, 128, 134, 130, 131, 126, 132, 128, 128, 127, 132, 124, 135, 131, 129, 127, 131, 129, 134, 130, 135, 126, 129, 128, 128, 122, 127, 126, 128, 125, 125, 131, 130, 131, 127, 123, 135, 134, 131, 130, 123, 133, 127, 129, 133, 132, 132, 131, 129, 131, 135, 129, 132, 131, 129, 132, 131, 128, 126, 133, 135, 128, 129, 129, 130, 134, 133, 128, 132, 126, 129, 128, 124, 124, 130, 124, 125, 128, 133, 129, 127, 127, 133, 126, 127, 132, 128, 129, 127, 124, 127, 126, 132, 125, 129, 123, 126, 126, 129, 126, 134, 133, 131, 131, 129, 125, 124, 127, 130, 129, 135, 132, 129, 127, 129, 127, 129, 131, 126, 132, 134, 132, 132, 125, 126, 125, 136, 132, 132, 126, 131, 130, 127, 132, 130, 125, 130, 129, 133, 134, 134, 133, 128, 131, 133, 122, 134, 125, 131, 133, 131, 126, 130, 134, 126, 135, 129, 125, 132, 134, 130, 130, 128, 127, 126, 132, 133, 133, 131, 132, 129, 136, 125, 127, 136, 131, 130, 128, 125, 132, 135, 132, 131, 132, 124, 130, 129, 124, 121, 130, 128, 131, 128, 129, 133, 133, 126, 131, 131, 130, 127, 126, 127, 127, 127, 130, 131, 125, 134, 129, 123, 129, 132, 130, 125, 129, 123, 127, 126, 129, 128, 131, 131, 124, 134, 134, 129, 130, 128, 129, 129, 132, 127, 128, 130, 132, 128, 125, 129, 123, 130, 127, 132, 134, 135, 130, 132, 131, 127, 127, 131, 128, 129, 127, 128, 137, 125, 136, 127, 129, 131, 134, 129, 128, 130, 134, 130, 134, 132, 130, 135, 129, 132, 125, 135, 131, 127, 130, 126, 127, 124, 131, 132, 129, 132, 134, 129, 122, 130, 126, 128, 132, 126, 131, 130, 125, 129, 132, 127, 126, 132, 131, 127, 134, 123, 129, 126, 126, 125, 132, 135, 126, 130, 136, 133, 127, 131, 130, 125, 120, 130, 127, 131, 126, 128, 136, 128, 131, 126, 126, 132, 132, 128, 123, 135, 127, 135, 128, 125, 129, 131, 131, 126, 127, 134, 129, 121, 129, 129, 135, 135, 131, 129, 126, 128, 127, 133, 130, 132, 123, 131, 131, 130, 122, 130, 126, 130, 127, 130, 120, 127, 130, 125, 129, 126, 126, 132, 129, 129, 134, 127, 130, 126, 133, 128, 134, 126, 130, 127, 130, 129, 125, 131, 127, 128, 130, 132, 129, 131, 131, 127, 129, 132, 129, 128, 130, 133, 122, 132, 133, 133, 129, 127, 131, 131, 133, 127, 126, 133, 128, 129, 126, 126, 126, 129, 133, 132, 130, 128, 132, 131, 127, 132, 125, 131, 134, 127, 127, 126, 131, 129, 131, 129, 130, 126, 134, 129, 126, 129, 132, 128, 134, 130, 135, 130, 129, 129, 135, 131, 119, 133, 128, 124, 132, 128, 137, 128, 125, 130, 130, 129, 126, 130, 130, 128, 126, 133, 127, 129, 133, 129, 124, 129, 124, 127, 131, 133, 127, 126, 130, 128, 125, 126, 131, 129, 131, 133, 128, 134, 124, 129, 131, 128, 127, 129, 134, 127, 129, 128, 126, 134, 130, 131, 128, 125, 123, 124, 128, 134, 135, 128, 129, 128, 132, 127, 131, 125, 127, 128, 131, 129, 131, 131, 126, 133, 122, 129, 128, 126, 127, 128, 127, 123, 131, 133, 128, 128, 132, 124, 132, 134, 126, 121, 131, 127, 123, 136, 124, 126, 129, 134, 128, 134, 131, 125, 128, 125, 126, 132, 129, 122, 134, 126, 126, 135, 127, 134, 131, 126, 120, 127, 128, 124, 127, 125, 128, 123, 128, 132, 129, 131, 134, 126, 136, 135, 128, 129, 130, 131, 127, 133, 128, 127, 127, 129, 125, 129, 126, 126, 124, 125, 133, 132, 128, 131, 132, 132, 127, 133, 130, 134, 126, 126, 125, 127, 135, 132, 125, 131, 125, 129, 127, 126, 130, 126, 129, 129, 120, 134, 126, 130, 132, 131, 126, 131, 128, 125, 126, 133, 131, 129, 128, 126, 126, 130, 129, 135, 126, 126, 134, 132, 130, 128, 129, 131, 131, 128, 127, 122, 127, 127, 130, 128, 131, 131, 132, 132, 126, 130, 125, 132, 127, 125, 130, 134, 135, 128, 134, 126, 128, 132, 135, 133, 129, 124, 129, 126, 126, 126, 129, 133, 127, 126, 124, 125, 127, 126, 129, 131, 129, 133, 124, 128, 128, 130, 133, 133, 134, 128, 126, 130, 131, 132, 129, 130, 131, 132, 131, 128, 133, 133, 133, 126, 132, 133, 123, 133, 131, 126, 128, 131, 133, 132, 134, 127, 124, 127, 128, 123, 128, 130, 131, 128, 134, 126, 130, 131, 131, 129, 130, 131, 129, 131, 129, 122, 130, 134, 134, 133, 131, 131, 136, 133, 135, 127, 134, 127, 133, 124, 127, 128, 126, 133, 124, 126, 126, 124, 132, 130, 127, 131, 133, 127, 131, 130, 135, 125, 132, 127, 129, 130, 127, 129, 130, 132, 132, 130, 132, 128, 129, 136, 129, 128, 130, 129, 131, 133, 129, 129, 131, 134, 125, 131, 128, 131, 127, 131, 136, 130, 121, 130, 133, 127, 126, 126, 126, 131, 126, 134, 132, 124, 131, 127, 133, 129, 125, 129, 127, 131, 130, 129, 128, 131, 133, 126, 121, 131, 133, 128, 129, 127, 131, 133, 131, 130, 132, 128, 131, 126, 127, 132, 134, 130, 133, 129, 127, 124, 127, 128, 121, 125, 128, 133, 123, 132, 133, 130, 126, 129, 133, 129, 133, 130, 124, 127, 128, 127, 126, 132, 129, 126, 130, 125, 133, 127, 134, 130, 129, 132, 127, 133, 129, 133, 131, 128, 130, 131, 137, 129, 128, 123, 133, 135, 129, 124, 128, 126, 125, 128, 128, 128, 130, 124, 126, 125, 128, 128, 131, 123, 123, 132, 130, 126, 128, 128, 127, 129, 127, 126, 130, 127, 134, 125, 125, 131, 118, 134, 128, 126, 130, 133, 126, 122, 127, 131, 127, 124, 129, 128, 129, 128, 127, 128, 127, 134, 128, 128, 134, 130, 126, 123, 131, 127, 128, 127, 129, 127, 130, 128, 131, 134, 124, 127, 133, 133, 132, 133, 130, 126, 128, 133, 130, 134, 126, 124, 129, 133, 131, 129, 133, 127, 133, 129, 134, 135, 126, 129, 125, 129, 124, 123, 130, 129, 131, 130, 127, 126, 130, 133, 133, 129, 130, 131, 128, 128, 130, 125, 127, 130, 125, 130, 126, 125, 130, 129, 128, 120, 131, 127, 130, 132, 134, 130, 132, 125, 133, 127, 123, 132, 132, 130, 125, 124, 127, 133, 130, 132, 128, 123, 132, 131, 132, 128, 131, 129, 119, 128, 130, 132, 132, 127, 130, 128, 124, 126, 128, 132, 131, 135, 129, 130, 125, 133, 130, 132, 129, 130, 131, 129, 125, 129, 130, 125, 126, 123, 131, 124, 124, 134, 129, 130, 133, 135, 135, 134, 128, 127, 131, 130, 126, 128, 126, 131, 129, 131, 128, 133, 128, 128, 125, 137, 130, 128, 127, 125, 131, 131, 124, 130, 126, 127, 132, 128, 128, 126, 131, 122, 131, 132, 132, 123, 128, 129, 128, 131, 125, 136, 133, 127, 134, 125, 135, 131, 126, 132, 124, 132, 134, 126, 131, 124, 131, 132, 133, 121, 131, 132, 132, 129, 135, 129, 124, 132, 136, 129, 125, 125, 126, 124, 125, 125, 131, 127, 130, 127, 127, 129, 127, 125, 130, 129, 126, 132, 129, 134, 130, 127, 130, 128, 124, 131, 128, 127, 132, 131, 133, 128, 129, 124, 123, 126, 124, 128, 133, 124, 124, 133, 134, 126, 128, 124, 126, 124, 133, 136, 130, 133, 130, 125, 132, 130, 130, 128, 128, 125, 125, 123, 130, 124, 127, 123, 130, 125, 123, 130, 130, 127, 124, 128, 130, 131, 132, 131, 130, 125, 124, 127, 130, 131, 127, 131, 127, 130, 133, 129, 131, 131, 128, 131, 130, 128, 130, 133, 125, 130, 130, 134, 123, 126, 126, 127, 128, 128, 123, 137, 132, 132, 130, 126, 128, 129, 126, 133, 129, 134, 133, 133, 128, 134, 129, 129, 129, 129, 128, 129, 132, 125, 131, 130, 128, 127, 129, 135, 131, 135, 135, 133, 128, 127, 132, 133, 131, 127, 124, 124, 131, 128, 133, 129, 130, 127, 126, 124, 130, 126, 134, 124, 129, 127, 125, 125, 131, 129, 128, 129, 131, 127, 127, 118, 129, 129, 130, 131, 132, 130, 132, 134, 131, 131, 128, 120, 130, 134, 133, 127, 130, 121, 132, 129, 128, 133, 130, 127, 128, 127, 130, 129, 129, 126, 129, 132, 132, 127, 127, 130, 124, 130, 124, 128, 132, 131, 130, 129, 129, 133, 134, 132, 127, 130, 132, 124, 126, 132, 133, 125, 132, 126, 125, 126, 128, 129, 122, 127, 132, 126, 124, 127, 133, 127, 124, 132, 129, 131, 129, 128, 135, 134, 128, 133, 130, 129, 126, 131, 128, 130, 129, 128, 128, 129, 127, 132, 133, 122, 125, 129, 131, 126, 128, 126, 132, 133, 131, 130, 129, 130, 125, 133, 128, 130, 124, 130, 130, 127, 127, 128, 126, 123, 127, 134, 136, 136, 126, 132, 128, 126, 126, 130, 135, 131, 129, 136, 133, 134, 127, 124, 133, 132, 132, 131, 128, 132, 128, 128, 130, 124, 130, 131, 124, 132, 131, 129, 131, 129, 133, 131, 129, 128, 122, 129, 129, 128, 129, 125, 128, 135, 128, 123, 127, 126, 131, 132, 131, 134, 127, 128, 126, 124, 133, 123, 125, 131, 124, 126, 131, 126, 131, 129, 128, 130, 126, 125, 128, 132, 127, 122, 130, 123, 130, 123, 125, 133, 124, 130, 136, 129, 129, 129, 127, 134, 135, 126, 125, 132, 130, 130, 130, 131, 132, 132, 125, 131, 132, 129, 127, 125, 131, 124, 129, 126, 127, 127, 135, 131, 132, 133, 131, 131, 133, 133, 132, 126, 125, 132, 131, 128, 127, 129, 131, 126, 133, 128, 126, 126, 136, 135, 133, 129, 131, 127, 129, 128, 130, 135, 130, 128, 126, 127, 128, 128, 124, 123, 129, 134, 128, 128, 128, 128, 122, 125, 128, 129, 124, 135, 129, 134, 132, 129, 134, 128, 130, 128, 129, 123, 131, 130, 134, 133, 128, 128, 128, 128, 130, 130, 125, 130, 130, 132, 127, 127, 131, 126, 127, 125, 132, 134, 130, 131, 122, 127, 128, 130, 127, 129, 120, 128, 127, 129, 129, 132, 127, 133, 128, 132, 128, 132, 129, 126, 131, 131, 124, 135, 133, 129, 127, 130, 131, 127, 126, 124, 125, 129, 134, 130, 123, 126, 126, 126, 128, 129, 129, 131, 131, 134, 133, 133, 131, 128, 134, 124, 128, 132, 127, 125, 131, 129, 129, 127, 127, 126, 132, 125, 131, 130, 129, 127, 130, 135, 136, 129, 122, 129, 130, 133, 128, 129, 130, 136, 130, 129, 133, 130, 127, 126, 125, 132, 132, 134, 131, 129, 129, 131, 127, 120, 126, 134, 132, 133, 136, 127, 129, 134, 126, 131, 132, 130, 127, 130, 128, 119, 123, 130, 124, 132, 127, 130, 129, 131, 134, 129, 135, 134, 132, 135, 130, 130, 133, 133, 136, 129, 131, 127, 127, 136, 133, 124, 126, 134, 134, 130, 131, 128, 129, 130, 127, 132, 133, 130, 129, 129, 128, 126, 128, 131, 131, 132, 129, 127, 129, 128, 129, 129, 128, 132, 125, 130, 131, 125, 131, 125, 129, 133, 125, 124, 131, 133, 132, 132, 126, 130, 127, 130, 130, 128, 130, 132, 131, 130, 132, 131, 129, 137, 129, 128, 134, 125, 129, 123, 128, 130, 132, 125, 131, 132, 130, 131, 131, 132, 125, 131, 127, 130, 130, 125, 134, 133, 128, 129, 128, 128, 126, 132, 132, 124, 130, 125, 130, 131, 129, 129, 131, 129, 126, 131, 126, 126, 130, 130, 126, 132, 133, 127, 134, 131, 126, 129, 135, 136, 134, 132, 134, 121]

[stfn]
  Promedio : 122.6s
  Desvío   : 1.6s
  IC 95%   : [122.5s, 122.6s]
  Mínimo   : 117s
  Máximo   : 125s
  Tiempos  : [124, 123, 122, 120, 125, 125, 121, 122, 120, 121, 121, 120, 124, 124, 123, 122, 124, 123, 120, 122, 124, 123, 121, 123, 125, 121, 123, 123, 123, 121, 122, 122, 124, 122, 123, 120, 122, 122, 121, 123, 122, 125, 123, 122, 123, 124, 123, 124, 125, 123, 121, 119, 123, 125, 123, 124, 124, 124, 125, 121, 124, 121, 122, 123, 125, 121, 121, 124, 124, 121, 123, 120, 124, 124, 123, 124, 124, 125, 123, 122, 119, 122, 121, 124, 121, 123, 124, 124, 123, 123, 118, 120, 123, 123, 123, 124, 124, 123, 121, 124, 123, 122, 124, 123, 120, 123, 125, 122, 124, 124, 125, 120, 123, 123, 123, 124, 121, 124, 122, 125, 123, 123, 120, 121, 123, 124, 122, 123, 124, 124, 119, 120, 124, 123, 122, 122, 122, 124, 125, 123, 123, 122, 123, 122, 120, 120, 121, 122, 125, 121, 121, 120, 123, 123, 124, 125, 122, 121, 122, 121, 123, 123, 121, 124, 122, 124, 123, 123, 120, 123, 123, 122, 120, 122, 120, 120, 122, 122, 119, 124, 123, 125, 124, 125, 124, 123, 123, 122, 119, 122, 123, 120, 125, 121, 123, 121, 123, 124, 123, 123, 122, 125, 122, 122, 122, 122, 121, 123, 123, 124, 125, 124, 124, 119, 120, 123, 123, 122, 124, 125, 125, 123, 125, 122, 123, 123, 123, 122, 121, 125, 120, 121, 124, 122, 123, 124, 125, 123, 125, 121, 121, 123, 124, 123, 124, 122, 122, 123, 125, 122, 122, 120, 125, 124, 124, 121, 121, 122, 119, 124, 122, 124, 122, 120, 118, 120, 123, 120, 124, 124, 123, 122, 125, 122, 121, 122, 123, 122, 124, 124, 124, 123, 122, 125, 122, 123, 122, 122, 123, 119, 125, 122, 121, 124, 125, 124, 123, 122, 123, 122, 123, 125, 122, 123, 123, 122, 123, 124, 121, 121, 124, 123, 121, 124, 123, 120, 124, 125, 122, 124, 121, 118, 123, 120, 120, 123, 123, 121, 122, 124, 123, 122, 124, 119, 123, 121, 121, 122, 124, 120, 121, 123, 120, 123, 121, 121, 124, 123, 125, 123, 122, 124, 121, 123, 124, 122, 122, 123, 118, 125, 123, 124, 121, 123, 123, 123, 123, 124, 119, 125, 121, 122, 124, 121, 122, 123, 124, 120, 123, 124, 124, 123, 123, 123, 125, 119, 125, 122, 123, 124, 122, 122, 123, 124, 125, 124, 120, 122, 119, 118, 121, 122, 122, 120, 125, 124, 125, 124, 122, 123, 123, 122, 121, 123, 120, 122, 124, 124, 123, 125, 120, 123, 125, 123, 120, 122, 124, 125, 124, 120, 125, 124, 124, 125, 124, 124, 122, 125, 120, 120, 122, 123, 123, 125, 124, 121, 121, 123, 121, 122, 123, 122, 123, 122, 122, 120, 119, 121, 121, 124, 123, 123, 124, 124, 122, 123, 120, 125, 120, 123, 122, 124, 122, 124, 123, 123, 120, 121, 122, 122, 123, 124, 122, 122, 124, 123, 123, 123, 122, 123, 125, 125, 125, 121, 121, 124, 122, 124, 123, 121, 121, 125, 121, 124, 122, 123, 123, 122, 120, 123, 121, 123, 120, 121, 124, 120, 124, 125, 122, 125, 122, 118, 122, 123, 123, 119, 122, 121, 123, 124, 121, 121, 125, 121, 122, 125, 123, 122, 121, 121, 122, 121, 121, 122, 124, 124, 123, 124, 123, 124, 120, 123, 119, 125, 119, 118, 123, 124, 121, 124, 124, 125, 119, 123, 123, 124, 124, 122, 123, 125, 123, 125, 123, 124, 122, 124, 124, 125, 122, 123, 124, 124, 122, 125, 122, 122, 121, 123, 122, 122, 124, 123, 124, 124, 124, 124, 119, 123, 123, 121, 124, 123, 124, 120, 121, 122, 123, 124, 121, 123, 124, 124, 124, 122, 123, 121, 125, 123, 122, 124, 121, 121, 123, 122, 122, 121, 124, 123, 122, 120, 122, 124, 125, 120, 123, 123, 123, 124, 119, 120, 121, 119, 120, 121, 125, 124, 122, 123, 123, 119, 124, 125, 124, 124, 125, 121, 122, 123, 122, 124, 123, 121, 122, 121, 122, 123, 120, 124, 124, 121, 124, 124, 121, 121, 122, 121, 123, 123, 123, 121, 122, 123, 122, 123, 125, 123, 124, 124, 122, 125, 125, 123, 125, 125, 120, 120, 123, 124, 123, 120, 122, 123, 121, 125, 120, 122, 122, 121, 122, 123, 123, 124, 119, 121, 124, 124, 121, 121, 123, 122, 125, 123, 120, 120, 121, 125, 122, 124, 124, 121, 124, 122, 123, 122, 124, 123, 122, 121, 120, 122, 119, 125, 121, 122, 124, 119, 122, 125, 124, 123, 120, 121, 118, 120, 123, 125, 124, 119, 125, 125, 119, 121, 123, 124, 123, 122, 121, 123, 123, 122, 124, 119, 119, 125, 123, 124, 122, 123, 121, 119, 119, 123, 125, 125, 121, 124, 123, 121, 124, 124, 123, 120, 123, 123, 124, 124, 121, 123, 124, 125, 122, 123, 124, 124, 125, 124, 121, 124, 123, 123, 122, 121, 125, 124, 125, 123, 124, 123, 121, 125, 124, 124, 124, 123, 124, 124, 122, 123, 121, 122, 121, 122, 120, 125, 122, 121, 120, 124, 121, 125, 119, 122, 120, 121, 121, 122, 123, 118, 125, 125, 124, 123, 121, 123, 121, 121, 121, 122, 124, 123, 122, 122, 123, 122, 121, 125, 124, 125, 123, 123, 122, 122, 122, 123, 123, 122, 123, 120, 125, 125, 122, 121, 119, 122, 125, 125, 122, 121, 125, 122, 124, 120, 124, 124, 123, 123, 125, 120, 120, 122, 121, 124, 123, 124, 125, 120, 122, 121, 121, 125, 123, 121, 123, 125, 125, 123, 119, 119, 122, 120, 121, 122, 122, 123, 122, 123, 123, 122, 121, 125, 121, 122, 121, 124, 123, 121, 122, 123, 121, 122, 124, 120, 124, 123, 124, 121, 122, 122, 123, 123, 123, 124, 123, 120, 124, 124, 123, 123, 121, 125, 124, 123, 122, 124, 124, 124, 124, 123, 120, 120, 123, 120, 124, 124, 125, 125, 122, 122, 120, 124, 124, 124, 125, 124, 122, 123, 121, 119, 122, 124, 121, 124, 124, 123, 123, 121, 122, 125, 122, 123, 122, 125, 124, 123, 122, 120, 123, 124, 124, 125, 124, 121, 121, 122, 122, 124, 124, 124, 122, 123, 124, 124, 120, 122, 124, 121, 125, 123, 124, 124, 124, 125, 123, 123, 122, 122, 121, 123, 123, 122, 121, 124, 123, 119, 125, 122, 122, 122, 122, 121, 122, 124, 122, 124, 123, 125, 123, 122, 121, 118, 123, 125, 120, 125, 125, 124, 123, 124, 124, 123, 123, 121, 122, 124, 124, 121, 122, 119, 120, 125, 122, 123, 125, 122, 122, 121, 121, 125, 123, 121, 122, 124, 120, 123, 121, 125, 123, 123, 123, 124, 123, 123, 125, 122, 125, 124, 119, 121, 125, 123, 121, 123, 122, 125, 125, 124, 123, 119, 120, 123, 122, 123, 124, 122, 122, 123, 124, 123, 124, 121, 125, 122, 121, 125, 118, 123, 121, 124, 121, 122, 121, 122, 124, 120, 121, 122, 122, 121, 124, 121, 124, 123, 123, 122, 125, 120, 123, 123, 123, 122, 120, 120, 121, 121, 125, 121, 122, 124, 123, 122, 122, 118, 122, 122, 122, 122, 123, 123, 121, 123, 121, 121, 122, 124, 124, 125, 122, 122, 122, 124, 124, 123, 123, 122, 122, 120, 120, 124, 122, 123, 124, 125, 124, 122, 122, 124, 124, 125, 121, 123, 123, 124, 124, 123, 125, 121, 120, 121, 122, 123, 125, 122, 121, 125, 121, 122, 125, 119, 124, 120, 121, 124, 124, 124, 125, 122, 124, 122, 120, 121, 123, 124, 121, 122, 125, 123, 123, 118, 125, 123, 121, 122, 124, 124, 125, 125, 122, 121, 123, 122, 124, 121, 124, 122, 122, 123, 123, 123, 123, 122, 123, 123, 121, 120, 121, 123, 125, 123, 125, 123, 121, 123, 121, 122, 123, 124, 124, 121, 122, 122, 121, 123, 124, 123, 125, 123, 124, 124, 125, 121, 120, 123, 122, 122, 123, 124, 124, 124, 125, 124, 125, 122, 120, 121, 125, 125, 120, 121, 122, 124, 123, 122, 124, 122, 125, 122, 123, 123, 124, 124, 120, 125, 123, 125, 117, 123, 124, 121, 123, 122, 120, 124, 123, 124, 120, 124, 123, 124, 122, 124, 124, 120, 121, 120, 125, 121, 121, 123, 125, 124, 123, 120, 124, 123, 122, 119, 125, 124, 121, 123, 124, 123, 123, 124, 122, 124, 123, 122, 125, 124, 124, 122, 123, 120, 122, 121, 122, 120, 124, 122, 122, 123, 121, 122, 124, 119, 122, 122, 123, 124, 119, 125, 123, 121, 122, 123, 123, 121, 122, 124, 122, 120, 122, 120, 119, 122, 125, 122, 123, 123, 125, 124, 124, 124, 125, 124, 122, 122, 122, 123, 123, 123, 124, 123, 123, 120, 122, 122, 122, 123, 124, 123, 125, 122, 124, 122, 123, 121, 124, 124, 118, 122, 123, 124, 123, 125, 125, 125, 125, 123, 124, 125, 122, 124, 122, 123, 121, 124, 123, 123, 124, 120, 121, 121, 120, 123, 123, 124, 122, 122, 121, 123, 122, 124, 122, 122, 122, 119, 121, 121, 125, 123, 124, 123, 122, 121, 121, 122, 124, 122, 121, 124, 122, 122, 123, 123, 121, 121, 124, 122, 124, 122, 121, 121, 121, 119, 122, 123, 125, 122, 119, 122, 121, 121, 122, 125, 123, 122, 124, 121, 122, 122, 119, 122, 122, 125, 122, 118, 125, 123, 122, 122, 122, 124, 124, 124, 120, 123, 119, 120, 123, 124, 125, 122, 123, 120, 123, 120, 123, 124, 122, 123, 122, 125, 120, 122, 124, 124, 125, 121, 122, 122, 123, 124, 124, 124, 119, 124, 121, 122, 123, 123, 121, 124, 125, 123, 121, 124, 121, 123, 122, 123, 125, 121, 120, 124, 123, 124, 121, 122, 125, 125, 122, 122, 121, 124, 120, 121, 125, 123, 122, 124, 124, 119, 121, 122, 120, 120, 123, 123, 124, 123, 122, 122, 124, 119, 122, 122, 121, 125, 124, 122, 124, 121, 123, 124, 121, 124, 121, 123, 121, 122, 124, 122, 122, 120, 121, 125, 122, 122, 119, 125, 123, 122, 124, 121, 125, 124, 122, 119, 122, 123, 123, 122, 124, 123, 122, 124, 124, 123, 124, 123, 123, 123, 122, 123, 119, 124, 125, 122, 125, 125, 124, 124, 120, 123, 124, 119, 122, 123, 124, 124, 123, 123, 123, 122, 125, 123, 122, 120, 123, 122, 121, 122, 122, 124, 125, 122, 124, 124, 122, 123, 122, 121, 121, 122, 121, 121, 125, 123, 122, 123, 120, 122, 122, 125, 122, 124, 123, 124, 122, 123, 122, 125, 124, 124, 120, 124, 124, 118, 124, 124, 124, 121, 122, 124, 122, 120, 123, 121, 125, 121, 124, 120, 121, 121, 123, 123, 125, 123, 121, 124, 123, 124, 122, 124, 121, 123, 122, 122, 125, 122, 124, 121, 122, 122, 119, 123, 124, 121, 124, 122, 123, 123, 124, 123, 120, 122, 122, 120, 123, 123, 122, 123, 119, 123, 121, 124, 124, 120, 123, 122, 124, 123, 122, 124, 124, 121, 121, 122, 124, 120, 124, 122, 122, 123, 120, 122, 124, 122, 124, 124, 120, 125, 122, 125, 120, 124, 123, 123, 121, 121, 123, 125, 121, 120, 122, 121, 123, 123, 123, 121, 122, 122, 125, 122, 121, 125, 123, 121, 124, 124, 124, 123, 122, 122, 124, 122, 122, 121, 122, 122, 122, 123, 119, 122, 119, 122, 123, 123, 123, 124, 123, 119, 122, 123, 122, 121, 122, 122, 122, 122, 125, 123, 120, 123, 122, 123, 123, 122, 124, 124, 125, 119, 121, 125, 125, 124, 123, 123, 122, 122, 122, 123, 123, 125, 123, 124, 121, 121, 122, 124, 124, 122, 119, 124, 124, 125, 123, 125, 120, 122, 119, 121, 122, 122, 124, 122, 124, 122, 122, 123, 124, 121, 124, 123, 125, 122, 119, 122, 122, 123, 124, 125, 124, 123, 123, 122, 121, 124, 122, 122, 125, 123, 124, 121, 125, 125, 122, 123, 123, 124, 123, 119, 122, 123, 122, 124, 124, 120, 123, 121, 123, 119, 123, 125, 122, 121, 124, 120, 124, 121, 124, 124, 119, 121, 121, 125, 122, 124, 123, 125, 124, 125, 123, 122, 125, 121, 124, 125, 122, 124, 123, 121, 122, 123, 124, 120, 121, 119, 121, 122, 124, 121, 120, 120, 122, 122, 122, 124, 123, 124, 122, 124, 123, 124, 124, 122, 122, 120, 122, 124, 122, 120, 121, 122, 124, 119, 125, 121, 125, 122, 122, 121, 125, 122, 123, 124, 123, 125, 125, 123, 124, 123, 122, 121, 120, 125, 122, 123, 121, 123, 120, 124, 121, 124, 121, 124, 121, 123, 121, 122, 125, 123, 122, 123, 123, 122, 121, 122, 121, 123, 121, 119, 121, 121, 122, 120, 120, 124, 123, 123, 120, 123, 122, 121, 123, 123, 122, 121, 122, 123, 124, 120, 124, 123, 121, 122, 122, 124, 123, 123, 122, 123, 122, 123, 124, 121, 119, 121, 122, 124, 124, 123, 123, 122, 123, 122, 122, 123, 123, 124, 125, 123, 121, 124, 122, 123, 120, 122, 124, 122, 120, 122, 121, 124, 122, 124, 124, 122, 122, 123, 120, 124, 121, 123, 123, 123, 120, 122, 123, 121, 124, 120, 118, 123, 125, 117, 123, 123, 122, 121, 120, 124, 119, 123, 123, 121, 123, 119, 121, 122, 121, 124, 122, 121, 122, 123, 122, 123, 122, 123, 121, 125, 125, 124, 122, 124, 125, 120, 122, 120, 123, 123, 123, 120, 121, 125, 120, 123, 121, 121, 122, 122, 123, 124, 125, 123, 125, 124, 122, 124, 123, 121, 121, 121, 124, 123, 123, 123, 125, 121, 124, 123, 125, 125, 125, 125, 123, 122, 123, 123, 118, 121, 123, 125, 125, 123, 124, 123, 125, 124, 119, 125, 124, 119, 121, 122, 124, 121, 123, 125, 122, 124, 120, 122, 122, 124, 123, 121, 124, 119, 124, 123, 124, 122, 122, 123, 121, 123, 123, 122, 123, 124, 122, 122, 124, 122, 121, 122, 125, 125, 123, 124, 119, 123, 124, 122, 124, 124, 124, 121, 125, 125, 120, 125, 121, 123, 119, 123, 122, 124, 120, 125, 121, 121, 123, 122, 123, 122, 122, 123, 122, 125, 122, 119, 124, 122, 123, 121, 122, 122, 123, 122, 124, 123, 124, 124, 123, 125, 124, 123, 122, 123, 123, 123, 121, 120, 122, 123, 120, 124, 124, 122, 124, 124, 123, 125, 124, 124, 123, 122, 122, 125, 125, 124, 124, 123, 125, 125, 123, 124, 119, 122, 125, 122, 120, 122, 124, 124, 122, 122, 120, 121, 122, 121, 123, 123, 122, 123, 122, 118, 119, 123, 123, 123, 123, 123, 120, 123, 122, 122, 122, 122, 125, 123, 120, 123, 124, 125, 125, 120, 121, 125, 124, 124, 120, 124, 121, 124, 123, 124, 125, 123, 121, 124, 125, 123, 124, 118, 124, 119, 123, 122, 123, 119, 123, 122, 122, 120, 124, 122, 124, 124, 122, 123, 123, 123, 119, 121, 123, 121, 123, 125, 125, 123, 121, 122, 124, 121, 122, 123, 122, 123, 123, 121, 120, 123, 121, 122, 122, 120, 121, 124, 122, 124, 123, 121, 124, 119, 122, 125, 122, 123, 124, 122, 122, 121, 121, 124, 124, 123, 122, 122, 123, 124, 122, 123, 124, 124, 119, 122, 123, 122, 122, 122, 125, 125, 124, 124, 124, 120, 122, 122, 123, 120, 122, 125, 121, 122, 124, 124, 124, 119, 124, 125, 121, 121, 125, 122, 120, 124, 121, 122, 123, 122, 122, 122, 121, 122, 123, 120, 119, 122, 125, 124, 122, 123, 122, 123, 124, 123, 122, 124, 121, 122, 125, 121, 123, 122, 121, 123, 122, 122, 121, 120, 125, 122, 120, 125, 124, 124, 121, 122, 123, 121, 122, 123, 121, 122, 122, 121, 124, 123, 123, 124, 125, 122, 121, 122, 121, 124, 124, 123, 124, 123, 123, 125, 122, 125, 124, 123, 124, 121, 123, 124, 121, 122, 121, 122, 123, 121, 123, 121, 122, 122, 123, 122, 125, 124, 124, 123, 123, 123, 121, 123, 124, 122, 121, 124, 123, 123, 122, 123, 121, 125, 121, 120, 120, 121, 123, 120, 124, 125, 124, 120, 125, 123, 124, 123, 124, 123, 123, 123, 124, 123, 123, 120, 121, 123, 123, 124, 123, 122, 123, 122, 125, 123, 122, 122, 125, 122, 121, 123, 119, 124, 122, 121, 125, 123, 123, 122, 123, 123, 124, 125, 123, 124, 121, 119, 124, 120, 123, 125, 124, 123, 124, 123, 122, 121, 122, 125, 125, 120, 123, 122, 125, 123, 123, 121, 125, 124, 120, 121, 119, 123, 122, 123, 125, 119, 123, 121, 121, 121, 125, 124, 120, 124, 124, 125, 125, 122, 123, 123, 124, 124, 120, 125, 125, 121, 122, 125, 124, 125, 125, 124, 124, 121, 124, 125, 125, 123, 123, 123, 123, 123, 120, 123, 123, 122, 122, 123, 121, 125, 124, 121, 123, 122, 122, 122, 120, 121, 124, 123, 122, 121, 120, 119, 121, 123, 121, 124, 124, 124, 123, 125, 124, 120, 124, 123, 123, 119, 121, 122, 123, 120, 125, 121, 124, 125, 125, 124, 125, 124, 125, 123, 122, 125, 120, 122, 125, 121, 123, 121, 125, 123, 124, 124, 125, 120, 122, 124, 124, 123, 124, 124, 122, 121, 123, 123, 121, 124, 119, 122, 122, 121, 124, 124, 121, 121, 123, 123, 124, 124, 125, 124, 125, 123, 124, 120, 120, 124, 124, 122, 124, 123, 122, 124, 120, 123, 122, 122, 125, 120, 124, 123, 124, 121, 122, 123, 125, 125, 124, 120, 122, 121, 123, 125, 121, 125, 118, 124, 124, 123, 125, 124, 125, 122, 125, 121, 122, 122, 121, 125, 123, 124, 121, 122, 120, 123, 124, 123, 124, 120, 123, 125, 120, 123, 120, 123, 125, 120, 122, 123, 123, 120, 124, 124, 124, 124, 124, 122, 123, 123, 118, 124, 125, 123, 123, 125, 122, 124, 123, 119, 120, 124, 124, 124, 122, 120, 123, 125, 121, 123, 120, 125, 123, 122, 123, 122, 124, 122, 125, 125, 125, 121, 121, 124, 123, 123, 122, 125, 122, 121, 123, 123, 124, 120, 122, 122, 124, 124, 123, 121, 122, 121, 122, 121, 124, 121, 124, 124, 123, 125, 123, 125, 122, 119, 123, 125, 122, 122, 122, 123, 123, 121, 123, 121, 121, 120, 124, 123, 125, 122, 124, 123, 122, 125, 123, 121, 123, 123, 125, 122, 125, 122, 121, 120, 121, 124, 120, 124, 123, 123, 125, 120, 124, 124, 125, 123, 124, 125, 121, 124, 125, 122, 122, 125, 122, 122, 123, 122, 122, 121, 122, 123, 123, 123, 123, 124, 123, 123, 122, 124, 121, 124, 125, 121, 120, 120, 123, 125, 125, 119, 124, 125, 123, 124, 122, 124, 120, 124, 124, 121, 123, 122, 121, 125, 122, 123, 124, 123, 124, 119, 125, 123, 120, 123, 123, 123, 122, 123, 125, 123, 123, 124, 124, 123, 124, 123, 123, 120, 123, 118, 122, 124, 121, 122, 124, 123, 122, 125, 122, 125, 121, 120, 125, 121, 121, 120, 120, 122, 123, 123, 123, 124, 122, 124, 121, 122, 125, 124, 124, 123, 122, 124, 124, 125, 120, 123, 125, 124, 121, 122, 118, 122, 122, 124, 124, 123, 123, 122, 122, 121, 122, 125, 122, 123, 119, 121, 123, 124, 122, 121, 123, 124, 120, 121, 123, 125, 123, 123, 122, 124, 117, 123, 120, 117, 122, 122, 124, 121, 121, 123, 120, 120, 123, 124, 123, 120, 121, 123, 121, 124, 125, 124, 120, 125, 122, 122, 123, 125, 122, 123, 119, 122, 124, 121, 122, 122, 121, 123, 120, 123, 122, 122, 123, 124, 121, 121, 124, 121, 123, 121, 120, 123, 125, 119, 121, 124, 123, 123, 119, 121, 125, 122, 123, 123, 121, 125, 123, 121, 125, 120, 122, 122, 120, 122, 122, 121, 123, 121, 122, 122, 119, 125, 124, 123, 121, 125, 122, 123, 121, 120, 123, 120, 121, 123, 124, 123, 123, 124, 123, 124, 125, 124, 121, 119, 121, 124, 121, 124, 123, 123, 125, 121, 125, 120, 125, 123, 120, 125, 123, 122, 125, 125, 122, 121, 123, 125, 123, 122, 125, 123, 123, 122, 123, 123, 122, 120, 122, 121, 121, 122, 123, 123, 124, 123, 121, 124, 121, 122, 123, 123, 120, 124, 123, 123, 123, 122, 125, 123, 124, 122, 125, 123, 122, 121, 125, 121, 121, 123, 124, 119, 120, 121, 123, 124, 125, 124, 122, 123, 121, 124, 122, 123, 123, 124, 120, 124, 125, 125, 118, 124, 125, 124, 122, 123, 121, 122, 124, 122, 122, 125, 123, 125, 121, 123, 125, 123, 123, 125, 120, 123, 122, 121, 120, 122, 121, 122, 122, 122, 121, 121, 123, 122, 120, 123, 120, 121, 122, 122, 124, 119, 124, 124, 122, 122, 122, 124, 124, 121, 121, 122, 123, 124, 122, 123, 120, 125, 124, 123, 125, 121, 123, 124, 124, 124, 121, 124, 120, 124, 123, 121, 124, 123, 120, 123, 123, 121, 124, 122, 125, 120, 121, 121, 125, 120, 123, 122, 122, 124, 122, 119, 124, 124, 124, 123, 120, 123, 121, 122, 124, 120, 124, 121, 122, 119, 123, 122, 123, 122, 121, 120, 121, 124, 120, 124, 123, 121, 123, 123, 124, 124, 124, 122, 123, 122, 121, 122, 121, 123, 124, 123, 124, 122, 123, 120, 122, 120, 123, 125, 122, 122, 124, 119, 123, 125, 120, 124, 123, 123, 120, 122, 124, 125, 121, 125, 122, 123, 121, 124, 121, 121, 124, 125, 121, 121, 123, 120, 123, 122, 123, 121, 119, 123, 124, 121, 120, 121, 122, 120, 123, 124, 120, 122, 124, 121, 123, 125, 123, 120, 122, 121, 125, 123, 121, 121, 123, 122, 122, 121, 119, 125, 124, 123, 123, 121, 121, 121, 121, 124, 120, 125, 122, 122, 124, 123, 125, 122, 122, 122, 123, 124, 124, 122, 121, 125, 123, 123, 122, 122, 122, 122, 121, 125, 122, 124, 125, 122, 122, 120, 123, 123, 123, 121, 124, 124, 123, 123, 125, 121, 123, 122, 124, 120, 125, 118, 124, 124, 122, 123, 122, 122, 119, 122, 121, 122, 122, 119, 124, 124, 122, 124, 122, 120, 125, 122, 124, 125, 121, 124, 123, 123, 124, 123, 124, 125, 121, 123, 120, 122, 120, 120, 125, 124, 122, 121, 124, 122, 121, 122, 125, 122, 125, 123, 124, 122, 123, 121, 124, 124, 120, 125, 121, 121, 120, 124, 120, 122, 122, 123, 124, 121, 120, 121, 120, 123, 122, 120, 122, 124, 120, 122, 122, 122, 122, 123, 125, 123, 122, 123, 123, 122, 124, 123, 123, 123, 119, 123, 123, 124, 124, 124, 124, 123, 124, 123, 121, 120, 124, 123, 120, 122, 120, 123, 122, 124, 121, 122, 125, 124, 122, 125, 125, 123, 122, 124, 122, 124, 124, 124, 121, 119, 122, 124, 123, 122, 123, 124, 124, 125, 124, 120, 125, 124, 124, 123, 125, 122, 123, 120, 123, 121, 124, 122, 123, 121, 122, 121, 123, 123, 124, 121, 123, 122, 121, 124, 125, 122, 124, 123, 120, 123, 124, 124, 122, 123, 123, 123, 124, 125, 121, 124, 122, 124, 124, 121, 123, 124, 123, 121, 124, 124, 118, 120, 122, 122, 120, 119, 121, 119, 125, 121, 123, 125, 121, 123, 123, 124, 123, 123, 123, 125, 121, 120, 123, 123, 123, 121, 122, 124, 123, 124, 124, 123, 123, 123, 120, 120, 125, 121, 124, 124, 121, 121, 120, 122, 122, 121, 125, 124, 125, 122, 123, 121, 119, 123, 125, 124, 124, 124, 125, 122, 123, 123, 124, 121, 119, 124, 121, 123, 122, 122, 122, 124, 122, 122, 124, 124, 120, 124, 122, 125, 125, 124, 124, 124, 121, 124, 120, 124, 124, 123, 122, 123, 123, 122, 125, 121, 122, 125, 122, 120, 123, 122, 123, 123, 121, 120, 122, 124, 124, 125, 123, 120, 120, 119, 122, 122, 121, 121, 119, 123, 121, 122, 121, 124, 123, 122, 122, 122, 121, 120, 120, 124, 124, 123, 123, 125, 125, 122, 124, 121, 124, 122, 123, 121, 119, 123, 121, 124, 123, 122, 124, 122, 120, 120, 122, 121, 124, 122, 124, 122, 123, 123, 123, 122, 121, 125, 123, 123, 124, 120, 124, 123, 123, 122, 123, 123, 123, 121, 122, 121, 122, 122, 123, 119, 122, 123, 120, 120, 120, 122, 123, 122, 123, 124, 125, 124, 122, 121, 123, 124, 125, 121, 123, 124, 120, 123, 121, 122, 124, 124, 123, 124, 122, 121, 119, 123, 125, 123, 123, 125, 125, 124, 121, 123, 120, 121, 124, 122, 122, 122, 123, 122, 119, 123, 120, 122, 123, 123, 124, 124, 123, 120, 124, 120, 123, 123, 124, 124, 124, 122, 123, 122, 122, 121, 122, 124, 122, 124, 123, 121, 122, 122, 122, 124, 121, 124, 124, 124, 123, 123, 124, 124, 120, 123, 122, 122, 120, 120, 123, 121, 121, 121, 123, 123, 124, 120, 123, 124, 120, 124, 121, 125, 121, 122, 122, 121, 122, 123, 122, 121, 120, 123, 124, 122, 119, 122, 124, 123, 122, 121, 121, 122, 125, 125, 122, 124, 123, 124, 119, 122, 125, 122, 124, 124, 120, 121, 122, 122, 122, 121, 124, 123, 124, 122, 123, 124, 123, 125, 122, 122, 122, 123, 121, 124, 122, 125, 121, 121, 120, 122, 125, 122, 122, 120, 125, 120, 123, 123, 122, 121, 120, 124, 122, 121, 122, 125, 120, 123, 122, 123, 122, 122, 122, 120, 121, 121, 120, 122, 123, 122, 120, 123, 124, 123, 121, 125, 120, 123, 124, 123, 122, 124, 122, 123, 124, 122, 125, 122, 124, 125, 125, 124, 125, 118, 122, 121, 123, 121, 124, 122, 120, 123, 124, 123, 124, 122, 124, 121, 121, 122, 124, 123, 123, 124, 125, 125, 124, 123, 123, 124, 122, 122, 123, 121, 124, 124, 122, 122, 124, 123, 125, 122, 123, 125, 124, 122, 124, 121, 122, 123, 121, 122, 123, 125, 123, 122, 121, 122, 123, 120, 125, 123, 122, 125, 120, 122, 124, 123, 124, 123, 125, 121, 122, 123, 123, 125, 123, 124, 122, 120, 123, 121, 122, 123, 124, 123, 124, 124, 124, 119, 125, 121, 122, 120, 122, 124, 123, 124, 124, 124, 121, 122, 123, 121, 123, 123, 125, 122, 120, 122, 124, 124, 122, 124, 122, 123, 121, 124, 123, 122, 122, 125, 125, 125, 122, 121, 125, 121, 123, 124, 122, 124, 124, 124, 122, 122, 123, 122, 123, 125, 122, 120, 123, 122, 123, 122, 123, 122, 123, 120, 125, 122, 122, 120, 123, 120, 121, 123, 125, 124, 124, 120, 124, 121, 125, 123, 125, 124, 123, 124, 124, 122, 125, 123, 124, 122, 120, 124, 122, 124, 123, 123, 121, 124, 121, 125, 121, 123, 120, 121, 123, 124, 125, 122, 122, 125, 121, 124, 125, 121, 124, 122, 120, 123, 121, 123, 122, 122, 121, 124, 122, 122, 124, 120, 120, 118, 124, 122, 123, 125, 125, 125, 121, 124, 124, 121, 122, 123, 122, 124, 121, 122, 118, 123, 120, 120, 122, 123, 123, 124, 124, 122, 120, 122, 125, 124, 124, 122, 125, 122, 123, 123, 124, 124, 121, 121, 122, 123, 120, 122, 123, 123, 123, 125, 123, 124, 124, 118, 122, 124, 124, 123, 123, 123, 124, 122, 120, 122, 122, 124, 124, 122, 123, 124, 121, 125, 123, 123, 121, 124, 121, 121, 124, 125, 121, 121, 125, 124, 124, 122, 121, 123, 121, 124, 120, 121, 124, 124, 123, 124, 122, 123, 123, 122, 123, 124, 123, 120, 120, 124, 121, 122, 122, 122, 121, 123, 121, 124, 120, 123, 121, 122, 121, 123, 122, 122, 121, 123, 122, 122, 123, 124, 124, 124, 123, 125, 122, 125, 122, 120, 123, 122, 122, 125, 123, 123, 122, 124, 125, 124, 122, 123, 125, 119, 123, 122, 125, 121, 124, 121, 122, 123, 120, 123, 120, 122, 122, 121, 125, 121, 124, 123, 122, 122, 124, 123, 123, 123, 125, 121, 121, 125, 124, 124, 123, 122, 125, 120, 120, 125, 122, 122, 124, 124, 123, 122, 121, 122, 122, 123, 122, 124, 123, 123, 123, 122, 123, 124, 122, 124, 121, 124, 124, 124, 121, 122, 122, 121, 123, 121, 122, 123, 124, 122, 125, 120, 121, 124, 121, 121, 122, 124, 122, 125, 124, 121, 123, 120, 123, 122, 123, 125, 121, 121, 121, 122, 119, 122, 123, 124, 124, 125, 123, 123, 123, 120, 123, 118, 122, 120, 124, 122, 122, 124, 124, 122, 123, 122, 123, 124, 120, 122, 121, 125, 125, 121, 122, 120, 120, 122, 121, 123, 122, 121, 123, 125, 122, 124, 123, 125, 124, 121, 124, 123, 121, 122, 120, 122, 123, 124, 124, 124, 123, 122, 120, 121, 124, 125, 125, 119, 121, 120, 122, 122, 124, 124, 122, 124, 120, 121, 123, 124, 123, 121, 123, 124, 121, 122, 124, 122, 125, 122, 123, 122, 125, 122, 124, 122, 122, 123, 122, 123, 118, 123, 125, 122, 124, 122, 122, 123, 123, 122, 122, 124, 123, 119, 123, 120, 122, 123, 123, 120, 122, 124, 121, 121, 120, 123, 122, 121, 123, 123, 121, 122, 125, 122, 125, 125, 122, 123, 120, 120, 123, 123, 123, 122, 123, 120, 122, 123, 124, 122, 122, 124, 125, 122, 123, 124, 123, 124, 122, 122, 122, 121, 123, 124, 121, 124, 123, 122, 124, 124, 125, 125, 123, 122, 124, 120, 120, 125, 121, 124, 123, 119, 124, 122, 125, 124, 122, 124, 124, 124, 123, 123, 120, 121, 124, 123, 121, 125, 120, 123, 124, 122, 121, 124, 124, 122, 122, 122, 122, 124, 124, 123, 122, 124, 125, 122, 123, 124, 123, 124, 125, 123, 121, 122, 121, 122, 122, 121, 125, 124, 119, 122, 122, 124, 123, 122, 124, 123, 124, 122, 122, 124, 124, 120, 121, 122, 122, 121, 122, 124, 125, 125, 123, 122, 123, 121, 118, 122, 123, 124, 121, 120, 119, 124, 122, 123, 123, 121, 125, 121, 123, 120, 124, 120, 123, 123, 122, 121, 122, 120, 121, 123, 125, 121, 123, 125, 122, 123, 118, 124, 124, 125, 124, 118, 124, 120, 124, 123, 123, 124, 121, 124, 121, 123, 125, 123, 125, 124, 123, 125, 120, 121, 122, 124, 123, 122, 122, 123, 124, 121, 123, 123, 120, 124, 122, 121, 119, 119, 120, 124, 121, 123, 120, 124, 120, 122, 124, 123, 122, 122, 122, 124, 123, 123]

