Resultados de simulación — 20260922_181026
Pasajeros: 100 | P(carry-on): 0.3 | Simulaciones por política: 5000
============================================================

[rand]
  Promedio : 853.7s
  Desvío   : 88.2s
  IC 95%   : [851.2s, 856.1s]
  Mínimo   : 531s
  Máximo   : 1166s
  Tiempos  : [884, 877, 929, 759, 724, 922, 794, 979, 759, 898, 1149, 815, 786, 820, 929, 831, 776, 833, 808, 981, 656, 994, 733, 929, 827, 753, 971, 834, 938, 660, 919, 755, 907, 872, 805, 903, 881, 834, 873, 877, 893, 756, 760, 990, 908, 908, 800, 1006, 804, 1035, 896, 820, 903, 847, 914, 884, 844, 910, 985, 881, 872, 718, 750, 897, 996, 806, 849, 880, 851, 736, 965, 675, 870, 876, 1047, 658, 877, 742, 1068, 839, 1016, 1076, 902, 680, 843, 747, 927, 896, 734, 918, 825, 771, 743, 854, 1014, 914, 819, 857, 795, 717, 853, 932, 891, 1011, 909, 850, 766, 902, 894, 1015, 929, 1057, 793, 1038, 813, 1013, 989, 841, 895, 913, 903, 979, 885, 760, 842, 842, 732, 862, 770, 949, 921, 958, 944, 999, 879, 1012, 881, 913, 887, 929, 898, 758, 859, 773, 847, 845, 843, 791, 796, 852, 807, 951, 927, 991, 957, 810, 823, 825, 915, 890, 789, 846, 819, 799, 807, 757, 866, 794, 941, 881, 947, 836, 976, 1006, 780, 809, 850, 806, 973, 880, 849, 1106, 899, 892, 761, 972, 926, 870, 739, 973, 890, 631, 926, 1040, 897, 830, 850, 757, 1048, 691, 811, 627, 864, 857, 751, 818, 838, 804, 894, 859, 807, 866, 878, 753, 759, 840, 822, 917, 936, 797, 907, 835, 894, 975, 840, 889, 943, 846, 814, 855, 903, 831, 907, 880, 849, 916, 913, 810, 840, 956, 805, 923, 821, 846, 820, 860, 862, 754, 890, 772, 884, 641, 889, 938, 1094, 907, 790, 904, 746, 740, 888, 976, 751, 803, 842, 875, 1031, 904, 785, 771, 938, 873, 988, 759, 945, 978, 932, 828, 821, 856, 930, 776, 903, 887, 563, 833, 921, 805, 824, 898, 712, 889, 805, 895, 1008, 738, 782, 847, 902, 754, 913, 980, 915, 781, 754, 905, 813, 717, 809, 813, 715, 846, 772, 776, 796, 881, 954, 817, 918, 738, 802, 857, 946, 896, 875, 1032, 774, 906, 895, 700, 954, 810, 908, 953, 837, 868, 827, 836, 824, 844, 922, 738, 876, 905, 842, 714, 941, 879, 673, 1029, 721, 809, 676, 812, 694, 800, 873, 673, 767, 743, 957, 658, 865, 849, 952, 821, 763, 888, 891, 908, 823, 825, 1001, 834, 846, 793, 725, 886, 916, 870, 742, 747, 862, 872, 961, 666, 942, 792, 836, 891, 923, 802, 1092, 859, 805, 921, 788, 1131, 980, 1045, 882, 872, 782, 781, 898, 886, 873, 777, 939, 791, 716, 964, 921, 757, 910, 772, 849, 1070, 934, 926, 767, 1159, 853, 869, 762, 762, 815, 977, 797, 789, 884, 863, 908, 812, 946, 721, 899, 894, 765, 895, 883, 875, 805, 748, 1043, 919, 873, 778, 753, 848, 950, 922, 825, 821, 752, 1020, 792, 866, 971, 827, 906, 836, 796, 768, 838, 787, 921, 900, 881, 951, 823, 876, 776, 850, 912, 741, 896, 876, 792, 772, 685, 852, 720, 844, 958, 806, 762, 923, 847, 880, 745, 735, 880, 831, 852, 845, 918, 907, 826, 852, 826, 1071, 831, 880, 822, 638, 867, 943, 710, 843, 787, 843, 800, 672, 792, 807, 901, 893, 893, 715, 899, 960, 991, 800, 974, 709, 807, 1010, 792, 821, 870, 645, 1005, 829, 1031, 910, 1002, 838, 849, 736, 779, 840, 744, 848, 875, 1021, 822, 808, 761, 715, 795, 976, 815, 864, 1166, 853, 866, 986, 933, 957, 965, 843, 882, 903, 857, 859, 716, 938, 908, 796, 773, 982, 895, 824, 890, 946, 980, 783, 923, 873, 748, 808, 788, 994, 901, 777, 838, 907, 893, 776, 813, 907, 834, 807, 814, 768, 878, 903, 909, 789, 885, 755, 960, 858, 722, 896, 942, 762, 840, 977, 983, 858, 849, 951, 875, 749, 885, 861, 938, 826, 919, 914, 942, 880, 904, 991, 887, 742, 903, 839, 822, 949, 833, 885, 1064, 852, 911, 967, 760, 924, 746, 929, 862, 778, 749, 985, 966, 639, 776, 876, 839, 699, 838, 902, 810, 791, 805, 827, 905, 753, 675, 845, 910, 980, 920, 764, 657, 771, 857, 733, 806, 727, 878, 791, 919, 861, 839, 860, 877, 812, 769, 736, 910, 878, 697, 771, 881, 768, 824, 780, 813, 659, 894, 931, 916, 727, 930, 887, 835, 832, 865, 910, 1061, 785, 781, 769, 835, 793, 800, 879, 706, 862, 861, 728, 786, 843, 940, 986, 826, 889, 894, 884, 848, 822, 720, 843, 859, 720, 833, 940, 979, 837, 953, 797, 747, 872, 841, 951, 881, 922, 803, 938, 786, 949, 1002, 892, 898, 844, 946, 786, 734, 759, 861, 710, 785, 931, 977, 721, 709, 870, 827, 932, 858, 950, 841, 728, 867, 751, 951, 1000, 897, 765, 895, 896, 857, 972, 707, 888, 878, 877, 802, 773, 807, 872, 729, 967, 1019, 885, 717, 926, 854, 975, 915, 879, 904, 859, 834, 744, 682, 902, 727, 898, 795, 987, 847, 772, 879, 930, 903, 756, 778, 866, 796, 888, 797, 901, 673, 917, 902, 961, 851, 980, 791, 911, 859, 734, 896, 925, 723, 824, 814, 705, 762, 798, 828, 665, 739, 752, 778, 987, 813, 869, 887, 806, 733, 907, 855, 863, 902, 983, 746, 964, 903, 991, 902, 883, 745, 859, 879, 835, 879, 950, 872, 802, 841, 860, 795, 726, 970, 946, 829, 913, 822, 904, 868, 827, 829, 757, 887, 802, 789, 889, 764, 833, 906, 895, 928, 915, 997, 891, 889, 858, 743, 972, 1017, 812, 896, 847, 817, 751, 943, 888, 719, 784, 663, 757, 894, 885, 1080, 744, 787, 912, 752, 951, 954, 657, 839, 881, 844, 872, 723, 847, 680, 850, 791, 993, 763, 956, 904, 956, 775, 962, 809, 810, 798, 854, 1001, 842, 838, 899, 961, 884, 727, 831, 829, 872, 799, 806, 899, 757, 822, 900, 874, 868, 850, 924, 903, 835, 873, 959, 681, 970, 909, 889, 793, 828, 938, 960, 892, 849, 754, 1090, 760, 701, 769, 883, 978, 767, 933, 897, 765, 1120, 678, 936, 869, 654, 1001, 754, 732, 1097, 891, 875, 899, 764, 946, 765, 823, 874, 818, 854, 863, 966, 792, 837, 801, 902, 787, 993, 928, 729, 719, 764, 769, 698, 786, 918, 919, 859, 738, 842, 1041, 796, 883, 892, 948, 962, 893, 786, 873, 905, 794, 695, 760, 993, 937, 748, 738, 935, 910, 879, 810, 976, 869, 893, 841, 1009, 695, 911, 1024, 849, 900, 945, 781, 724, 822, 1091, 803, 843, 799, 732, 791, 729, 952, 1029, 925, 812, 923, 864, 917, 818, 867, 923, 1028, 858, 1010, 841, 1008, 1027, 864, 700, 1018, 786, 815, 830, 812, 728, 956, 920, 919, 845, 842, 991, 1071, 902, 864, 750, 926, 881, 803, 651, 855, 950, 869, 822, 826, 844, 835, 905, 807, 916, 868, 1028, 854, 895, 734, 889, 979, 877, 828, 871, 972, 941, 805, 1022, 843, 856, 1065, 815, 652, 879, 861, 976, 813, 861, 807, 901, 1000, 859, 765, 910, 770, 873, 852, 810, 786, 891, 863, 744, 825, 990, 828, 1011, 923, 920, 857, 868, 959, 830, 717, 983, 818, 976, 921, 712, 953, 1002, 871, 922, 740, 777, 961, 904, 972, 912, 973, 720, 808, 751, 855, 888, 824, 791, 930, 819, 877, 873, 922, 809, 974, 967, 785, 921, 822, 811, 920, 916, 890, 938, 807, 938, 808, 760, 839, 754, 939, 832, 827, 861, 755, 948, 958, 930, 693, 1045, 805, 1010, 763, 772, 879, 777, 816, 821, 738, 1033, 782, 716, 782, 875, 744, 901, 928, 804, 846, 882, 673, 764, 836, 791, 746, 796, 886, 981, 780, 864, 942, 951, 814, 817, 821, 837, 708, 813, 836, 928, 949, 785, 897, 863, 857, 705, 827, 733, 952, 743, 878, 683, 870, 712, 928, 902, 790, 1016, 760, 913, 1045, 815, 803, 745, 820, 807, 893, 802, 873, 856, 786, 854, 823, 838, 719, 929, 787, 792, 762, 800, 902, 768, 769, 764, 871, 1071, 906, 1107, 875, 799, 776, 768, 721, 917, 812, 797, 924, 838, 1043, 994, 953, 819, 943, 824, 1062, 865, 878, 737, 908, 775, 841, 896, 923, 913, 951, 788, 734, 846, 837, 958, 781, 737, 860, 768, 852, 787, 792, 762, 832, 958, 835, 882, 920, 900, 933, 839, 841, 1006, 975, 805, 711, 680, 691, 872, 837, 1030, 918, 953, 1014, 899, 783, 650, 777, 777, 951, 862, 894, 853, 902, 718, 912, 791, 916, 1066, 987, 727, 835, 879, 914, 847, 884, 593, 808, 948, 873, 652, 716, 965, 745, 832, 885, 926, 1018, 991, 886, 911, 842, 813, 986, 867, 834, 806, 731, 782, 882, 846, 708, 734, 863, 800, 663, 793, 940, 822, 866, 850, 721, 951, 838, 893, 650, 945, 831, 1062, 819, 816, 706, 852, 717, 967, 846, 936, 705, 721, 899, 829, 891, 719, 708, 930, 926, 877, 831, 916, 793, 750, 843, 809, 844, 799, 823, 1045, 827, 865, 828, 972, 934, 832, 875, 760, 752, 858, 751, 771, 922, 923, 706, 961, 842, 784, 833, 771, 829, 945, 781, 805, 720, 837, 826, 804, 872, 975, 862, 891, 756, 787, 911, 907, 832, 912, 711, 765, 924, 742, 790, 990, 899, 828, 928, 963, 908, 885, 1005, 720, 811, 814, 835, 693, 787, 663, 823, 838, 734, 701, 755, 959, 826, 902, 733, 841, 819, 916, 744, 904, 1020, 849, 806, 837, 921, 888, 782, 844, 981, 749, 734, 945, 900, 922, 759, 844, 832, 904, 787, 758, 943, 898, 858, 842, 740, 894, 776, 853, 618, 857, 822, 761, 782, 764, 930, 926, 1064, 927, 1072, 861, 937, 874, 1057, 797, 834, 957, 992, 679, 909, 734, 866, 876, 806, 846, 702, 1099, 1068, 813, 843, 963, 1076, 789, 733, 897, 903, 847, 691, 753, 767, 938, 719, 842, 748, 849, 979, 710, 742, 892, 902, 933, 773, 878, 933, 807, 840, 1103, 735, 820, 762, 1027, 924, 774, 764, 980, 824, 917, 811, 871, 860, 901, 728, 857, 933, 891, 915, 838, 807, 671, 918, 737, 745, 886, 819, 724, 900, 826, 883, 879, 865, 815, 836, 796, 932, 802, 720, 987, 836, 949, 838, 975, 785, 863, 971, 875, 943, 924, 966, 989, 985, 719, 747, 929, 988, 742, 926, 883, 898, 929, 758, 812, 950, 888, 966, 1043, 875, 744, 953, 973, 845, 882, 814, 852, 986, 857, 800, 804, 761, 866, 777, 895, 884, 981, 769, 838, 838, 912, 907, 816, 875, 764, 961, 1055, 857, 856, 912, 877, 853, 989, 827, 740, 832, 810, 847, 938, 869, 906, 910, 890, 925, 814, 787, 884, 745, 776, 902, 676, 762, 856, 913, 893, 658, 844, 843, 926, 722, 739, 970, 776, 835, 820, 896, 881, 866, 945, 820, 812, 855, 858, 777, 818, 837, 719, 817, 849, 851, 910, 890, 708, 954, 938, 844, 788, 966, 983, 880, 847, 823, 801, 792, 780, 754, 790, 841, 1013, 713, 932, 1017, 938, 778, 786, 786, 919, 825, 881, 1034, 876, 989, 894, 700, 883, 769, 897, 887, 685, 761, 864, 1027, 862, 908, 826, 758, 680, 923, 875, 989, 849, 855, 1020, 835, 676, 830, 721, 1043, 851, 819, 911, 897, 925, 789, 811, 817, 854, 737, 924, 869, 768, 740, 838, 937, 791, 966, 1022, 698, 800, 729, 780, 780, 861, 861, 783, 933, 738, 601, 730, 671, 836, 898, 965, 1059, 878, 854, 771, 806, 913, 832, 869, 698, 876, 838, 827, 946, 817, 805, 1020, 890, 810, 878, 776, 1105, 723, 900, 883, 823, 912, 884, 787, 758, 813, 812, 856, 940, 807, 905, 845, 924, 992, 1094, 821, 920, 851, 925, 837, 779, 723, 744, 763, 957, 722, 791, 861, 904, 1060, 885, 856, 894, 834, 819, 881, 817, 807, 897, 941, 923, 836, 844, 842, 783, 958, 1108, 842, 878, 740, 821, 784, 626, 866, 895, 859, 750, 940, 939, 816, 989, 785, 759, 917, 561, 852, 761, 943, 910, 762, 918, 982, 771, 862, 947, 880, 811, 726, 764, 890, 742, 837, 1004, 915, 776, 918, 1070, 991, 938, 892, 628, 916, 829, 902, 822, 900, 861, 770, 950, 788, 990, 863, 992, 856, 864, 795, 835, 901, 950, 686, 969, 812, 882, 690, 658, 836, 974, 757, 924, 812, 825, 830, 937, 865, 887, 887, 765, 813, 674, 959, 883, 889, 866, 1015, 790, 800, 948, 759, 968, 806, 830, 1076, 871, 984, 880, 771, 809, 877, 816, 823, 680, 798, 774, 740, 831, 808, 814, 800, 981, 851, 927, 836, 905, 964, 978, 821, 918, 731, 1004, 774, 1045, 792, 782, 922, 785, 734, 778, 894, 671, 736, 684, 895, 991, 951, 683, 843, 820, 985, 653, 890, 845, 834, 779, 853, 845, 730, 868, 814, 900, 835, 825, 818, 867, 862, 841, 877, 658, 859, 836, 794, 857, 895, 978, 758, 930, 786, 871, 800, 851, 862, 813, 846, 803, 840, 800, 739, 950, 892, 918, 895, 784, 961, 815, 861, 965, 812, 858, 783, 874, 997, 960, 911, 834, 803, 905, 903, 931, 871, 632, 821, 763, 875, 838, 919, 919, 857, 852, 769, 931, 935, 865, 879, 750, 933, 840, 967, 786, 779, 929, 908, 869, 898, 873, 739, 1032, 959, 881, 834, 870, 889, 966, 957, 927, 1007, 780, 673, 905, 869, 754, 936, 939, 852, 929, 776, 835, 892, 940, 905, 1000, 841, 731, 800, 923, 810, 910, 982, 1008, 948, 816, 722, 927, 892, 934, 855, 845, 915, 699, 783, 782, 930, 702, 814, 865, 839, 755, 864, 880, 884, 936, 844, 682, 715, 813, 903, 712, 838, 797, 833, 733, 919, 739, 891, 845, 1024, 921, 950, 760, 889, 881, 976, 846, 828, 895, 898, 933, 857, 802, 792, 958, 769, 857, 780, 1023, 864, 689, 910, 920, 746, 757, 781, 757, 768, 912, 744, 775, 643, 916, 1010, 893, 755, 1022, 890, 870, 829, 857, 998, 801, 1041, 778, 874, 843, 872, 751, 854, 940, 929, 911, 750, 912, 816, 892, 935, 788, 963, 824, 831, 784, 850, 812, 987, 875, 954, 853, 839, 700, 812, 817, 849, 799, 916, 866, 766, 887, 926, 713, 860, 915, 1010, 809, 846, 911, 694, 927, 1030, 863, 671, 928, 858, 813, 811, 701, 870, 853, 871, 837, 877, 869, 841, 891, 810, 953, 920, 925, 790, 864, 885, 729, 944, 896, 759, 818, 804, 871, 963, 975, 819, 622, 984, 831, 887, 870, 938, 900, 736, 908, 857, 938, 825, 897, 835, 852, 834, 1073, 960, 746, 837, 843, 1006, 881, 986, 915, 725, 922, 943, 833, 907, 795, 830, 749, 1047, 760, 918, 769, 855, 828, 934, 942, 847, 683, 790, 899, 911, 859, 768, 915, 819, 833, 831, 869, 823, 947, 855, 851, 860, 881, 856, 843, 961, 879, 975, 824, 664, 653, 788, 755, 846, 722, 802, 879, 895, 774, 845, 885, 890, 846, 913, 782, 980, 1003, 900, 882, 707, 816, 920, 853, 917, 641, 923, 836, 835, 867, 858, 818, 764, 838, 818, 863, 855, 714, 948, 739, 878, 979, 877, 712, 1039, 860, 823, 717, 836, 895, 852, 736, 686, 960, 880, 747, 992, 799, 840, 696, 863, 884, 835, 767, 940, 850, 912, 891, 753, 849, 950, 763, 1024, 816, 738, 699, 873, 797, 967, 767, 847, 772, 868, 1057, 965, 892, 794, 805, 818, 980, 859, 813, 947, 939, 886, 988, 773, 779, 950, 712, 838, 888, 894, 810, 803, 850, 963, 873, 708, 913, 848, 872, 824, 887, 867, 944, 920, 761, 945, 740, 824, 1041, 966, 837, 856, 811, 988, 793, 991, 820, 938, 976, 862, 840, 828, 752, 828, 693, 858, 835, 839, 858, 696, 943, 717, 926, 905, 891, 742, 673, 792, 886, 909, 784, 791, 812, 909, 894, 931, 804, 929, 969, 728, 804, 920, 886, 946, 814, 730, 856, 816, 747, 881, 770, 849, 704, 656, 682, 884, 735, 915, 903, 836, 859, 788, 755, 807, 984, 800, 836, 685, 1141, 920, 812, 748, 816, 978, 673, 827, 820, 779, 795, 741, 860, 894, 653, 875, 818, 736, 1024, 885, 715, 794, 850, 1054, 758, 806, 766, 745, 759, 773, 941, 924, 912, 891, 555, 788, 932, 790, 776, 819, 687, 864, 713, 902, 757, 818, 898, 949, 812, 949, 1019, 930, 843, 718, 898, 840, 930, 718, 834, 899, 837, 898, 798, 787, 884, 857, 676, 889, 806, 779, 803, 890, 728, 862, 822, 904, 838, 768, 989, 778, 895, 813, 924, 975, 941, 1020, 869, 819, 811, 965, 904, 860, 855, 796, 1023, 795, 915, 888, 804, 746, 658, 887, 966, 835, 891, 842, 895, 820, 901, 809, 952, 820, 838, 922, 908, 804, 839, 782, 842, 1007, 908, 952, 907, 914, 788, 803, 847, 1040, 715, 746, 808, 791, 720, 817, 771, 964, 907, 985, 960, 787, 937, 783, 696, 839, 901, 813, 927, 749, 935, 777, 928, 1044, 877, 926, 935, 865, 843, 839, 781, 869, 838, 738, 836, 782, 812, 750, 781, 868, 790, 840, 798, 814, 930, 742, 828, 843, 801, 748, 1014, 887, 788, 994, 974, 892, 1014, 864, 945, 846, 845, 944, 699, 867, 931, 859, 901, 861, 924, 851, 804, 811, 979, 870, 1107, 781, 906, 741, 878, 837, 706, 834, 965, 1011, 887, 834, 745, 782, 762, 810, 804, 929, 899, 1124, 836, 728, 825, 929, 913, 703, 678, 772, 810, 961, 981, 843, 895, 877, 906, 858, 971, 939, 857, 860, 895, 906, 796, 853, 795, 850, 1074, 782, 914, 755, 851, 889, 923, 901, 779, 883, 822, 902, 888, 806, 812, 913, 978, 881, 694, 870, 822, 954, 827, 850, 831, 844, 821, 963, 634, 767, 830, 889, 821, 756, 916, 899, 743, 957, 865, 798, 956, 947, 916, 940, 740, 845, 734, 903, 832, 807, 719, 859, 797, 912, 851, 751, 855, 781, 885, 1079, 1066, 798, 695, 776, 901, 877, 785, 915, 789, 832, 937, 744, 852, 840, 866, 958, 864, 893, 765, 864, 710, 852, 708, 821, 879, 813, 1005, 820, 780, 835, 900, 877, 728, 788, 800, 744, 926, 967, 790, 849, 820, 795, 689, 751, 738, 795, 713, 884, 900, 1007, 899, 719, 804, 822, 773, 849, 659, 845, 1105, 659, 835, 979, 814, 840, 970, 735, 912, 787, 896, 826, 894, 831, 880, 867, 982, 834, 860, 1037, 913, 841, 973, 761, 877, 915, 812, 934, 832, 722, 917, 851, 937, 898, 865, 901, 907, 670, 916, 927, 835, 746, 877, 890, 881, 865, 1078, 742, 842, 909, 882, 889, 980, 934, 701, 785, 891, 726, 789, 833, 837, 824, 994, 960, 785, 797, 971, 1030, 821, 815, 924, 995, 744, 763, 857, 871, 857, 916, 754, 974, 875, 989, 823, 901, 764, 868, 855, 946, 934, 786, 682, 830, 825, 1063, 867, 941, 921, 805, 884, 772, 1009, 1017, 927, 968, 860, 814, 659, 903, 915, 907, 809, 875, 658, 943, 793, 1026, 875, 817, 971, 866, 840, 864, 978, 703, 1015, 829, 909, 804, 945, 780, 870, 930, 868, 840, 862, 788, 802, 883, 720, 906, 752, 749, 881, 804, 934, 771, 843, 863, 952, 1007, 946, 788, 939, 788, 907, 930, 822, 1049, 940, 831, 988, 911, 888, 774, 1029, 874, 735, 774, 885, 953, 915, 863, 867, 922, 875, 849, 807, 948, 818, 798, 915, 835, 922, 715, 913, 850, 803, 830, 950, 922, 897, 714, 850, 838, 839, 795, 857, 915, 790, 900, 924, 987, 677, 1053, 778, 839, 812, 799, 825, 926, 954, 963, 793, 897, 916, 940, 883, 793, 864, 875, 969, 773, 780, 721, 889, 833, 871, 622, 880, 918, 825, 745, 1020, 876, 982, 727, 845, 861, 922, 780, 883, 787, 837, 941, 725, 742, 801, 843, 1051, 943, 798, 850, 861, 838, 728, 712, 828, 900, 814, 964, 905, 1066, 808, 784, 853, 845, 845, 693, 870, 916, 877, 941, 886, 756, 884, 999, 776, 879, 762, 1093, 809, 1012, 765, 939, 944, 895, 772, 786, 897, 835, 797, 861, 896, 850, 988, 776, 870, 803, 850, 920, 975, 773, 931, 769, 870, 887, 953, 859, 881, 925, 1006, 809, 767, 978, 680, 883, 802, 779, 708, 840, 936, 884, 1059, 801, 796, 895, 775, 804, 915, 820, 768, 960, 826, 830, 721, 778, 838, 1024, 914, 780, 704, 890, 820, 840, 800, 931, 891, 839, 885, 846, 848, 840, 784, 796, 867, 803, 809, 826, 644, 994, 957, 744, 830, 930, 792, 895, 836, 754, 921, 830, 931, 851, 857, 716, 820, 882, 729, 839, 898, 878, 754, 885, 886, 1033, 1003, 899, 633, 978, 919, 1075, 799, 758, 916, 824, 839, 802, 835, 681, 1080, 858, 792, 918, 983, 716, 926, 865, 746, 655, 786, 975, 979, 880, 679, 825, 730, 845, 849, 921, 822, 881, 888, 764, 892, 1005, 835, 930, 961, 943, 829, 879, 944, 738, 937, 940, 816, 817, 837, 802, 714, 954, 916, 692, 764, 866, 869, 802, 881, 820, 900, 918, 914, 856, 795, 833, 836, 801, 746, 850, 868, 871, 754, 979, 839, 946, 817, 851, 879, 868, 968, 804, 814, 788, 877, 884, 888, 949, 811, 762, 877, 888, 957, 1012, 868, 712, 980, 888, 942, 846, 769, 927, 707, 756, 631, 748, 942, 843, 768, 730, 852, 935, 832, 860, 758, 960, 741, 918, 844, 909, 844, 716, 879, 876, 840, 864, 753, 795, 657, 1014, 959, 784, 748, 899, 808, 904, 664, 766, 793, 845, 531, 794, 771, 719, 1091, 801, 845, 807, 778, 863, 855, 986, 848, 905, 715, 878, 900, 1006, 753, 735, 817, 906, 821, 784, 793, 941, 920, 725, 882, 829, 1055, 845, 913, 1003, 730, 740, 801, 792, 977, 944, 865, 682, 959, 973, 915, 994, 893, 773, 1017, 930, 808, 761, 783, 1018, 904, 925, 905, 833, 832, 791, 816, 817, 783, 839, 794, 984, 850, 841, 877, 780, 910, 796, 867, 761, 919, 809, 893, 833, 737, 977, 874, 867, 845, 829, 771, 798, 833, 954, 804, 740, 876, 964, 792, 1025, 812, 790, 784, 977, 803, 924, 815, 857, 815, 776, 1032, 789, 804, 963, 848, 758, 916, 803, 884, 953, 852, 787, 821, 855, 842, 915, 817, 939, 877, 880, 788, 903, 917, 866, 875, 835, 890, 884, 772, 802, 667, 659, 726, 634, 1017, 879, 1002, 821, 1069, 708, 665, 753, 856, 888, 964, 830, 903, 864, 816, 882, 817, 854, 762, 787, 917, 770, 828, 804, 853, 862, 834, 943, 781, 941, 696, 753, 730, 920, 699, 802, 838, 920, 768, 910, 867, 853, 738, 819, 824, 778, 870, 870, 781, 743, 872, 975, 828, 784, 866, 952, 863, 806, 928, 999, 982, 714, 739, 861, 918, 739, 819, 946, 859, 857, 899, 938, 981, 894, 694, 741, 862, 860, 881, 628, 1072, 832, 831, 858, 890, 762, 760, 834, 907, 772, 808, 931, 905, 870, 869, 792, 759, 856, 805, 924, 784, 848, 933, 864, 960, 843, 752, 708, 895, 898, 857, 901, 720, 981, 716, 910, 963, 871, 990, 1000, 793, 949, 838, 887, 851, 874, 635, 778, 842, 793, 962, 914, 914, 741, 828, 877, 870, 793, 860, 799, 867, 813, 980, 883, 890, 776, 763, 810, 799, 817, 904, 845, 666, 856, 714, 888, 816, 701, 956, 839, 768, 848, 877, 1006, 854, 886, 965, 758, 788, 862, 801, 825, 861, 925, 890, 827, 700, 799, 904, 707, 649, 889, 989, 838, 976, 828, 839, 677, 829, 791, 909, 832, 822, 701, 883, 921, 820, 793, 701, 962, 1055, 946, 930, 817, 960, 1024, 806, 746, 825, 792, 998, 705, 902, 718, 875, 676, 934, 929, 863, 720, 771, 909, 743, 954, 821, 1025, 828, 839, 906, 948, 809, 712, 834, 858, 855, 892, 884, 911, 960, 750, 787, 920, 757, 644, 994, 896, 1056, 747, 850, 767, 769, 870, 923, 890, 917, 864, 798, 909, 743, 747, 749, 904, 836, 833, 879, 808, 792, 762, 1054, 829, 911, 874, 959, 877, 671, 909, 646, 914, 867, 954, 714, 786, 887, 948, 678, 888, 683, 896, 951, 938, 844, 858, 831, 746, 943, 938, 731, 829, 887, 847, 926, 770, 764, 623, 1084, 978, 814, 779, 812, 971, 841, 992, 920, 785, 845, 943, 561, 845, 913, 989, 806, 978, 1095, 951, 799, 878, 800, 1019, 753, 665, 890, 938, 853, 760, 694, 907, 901, 937, 770, 884, 971, 962, 853, 874, 923, 971, 772, 910, 920, 936, 1079, 632, 824, 869, 981, 747, 871, 939, 916, 753, 670, 838, 792, 802, 800, 785, 879, 857, 811, 770, 701, 900, 858, 923, 729, 989, 920, 871, 791, 624, 950, 866, 758, 837, 804, 856, 943, 996, 858, 679, 911, 838, 905, 983, 922, 784, 812, 801, 861, 916, 883, 816, 1089, 870, 872, 806, 798, 872, 711, 821, 857, 989, 890, 761, 741, 838, 882, 784, 853, 919, 840, 860, 862, 801, 839, 852, 913, 847, 1049, 975, 724, 927, 841, 894, 816, 843, 848, 862, 840, 968, 817, 786, 876, 932, 880, 842, 842, 959, 939, 892, 795, 872, 780, 753, 1102, 661, 900, 893, 734, 769, 872, 879, 879, 786, 868, 807, 812, 783, 859, 874, 882, 757, 918, 735, 774, 813, 748, 760, 808, 890, 813, 844, 901, 825, 686, 819, 791, 888, 833, 840, 772, 820, 734, 910, 1101, 924, 759, 852, 926, 766, 851, 652, 963, 1004, 1003, 740, 844, 945, 937, 802, 837, 884, 814, 954, 890, 803, 912, 837, 792, 902, 907, 705, 920, 838, 854, 694, 850, 798, 897, 844, 744, 671, 801, 961, 820, 960, 858, 894, 899, 884, 922, 870, 974, 833, 865, 847, 843, 830, 847, 986, 961, 788, 948, 873, 814, 946, 891, 961, 897, 759, 711, 860, 880, 856, 745, 864, 924, 885, 709, 936, 793, 949, 832, 845, 982, 757, 953, 834, 850, 862, 754, 673, 775, 897, 900, 1032, 687, 896, 785, 904, 777, 813, 901, 958, 706, 811, 874, 888, 847, 926, 976, 910, 806, 769, 893, 904, 869, 773, 886, 971, 847, 879, 786, 806, 888, 730, 836, 854, 794, 1060, 959, 1018, 885, 834, 848, 833, 793, 812, 1051, 848, 960, 962, 872, 852, 803, 913, 741, 795, 795, 842, 955, 834, 823, 753, 781, 828, 712, 758, 872, 828, 688, 854, 712, 870, 881, 773, 737, 855, 812, 904, 763, 935, 789, 926, 893, 885, 973, 829, 946, 959, 874, 784, 864, 888, 871, 768, 925, 804, 976, 883, 849, 887, 793, 910, 893, 777, 872, 690, 985, 834, 802, 1011, 783, 1059, 746, 944, 893, 784, 971, 830, 811, 917, 858, 909, 808, 744, 979, 805, 972, 807, 892, 701, 969, 779, 770, 850, 909, 889, 1025, 786, 691, 994, 739, 794, 922, 748, 817, 910, 935, 846, 918, 762, 920, 1040, 941, 870, 932, 816, 820, 834, 872, 932, 759, 876, 919, 921, 818, 858, 663, 812, 915, 917, 796, 1049, 726, 790, 846, 707, 753, 965, 898, 792, 715, 807, 886, 971, 847, 913, 954, 743, 760, 779, 796, 792, 802, 847, 878, 898, 879, 915, 798, 860, 723, 819, 892, 911, 860, 687, 892, 762, 908, 794, 779, 1016, 772, 899, 861, 880, 835, 863, 829, 809, 835, 919, 874, 775, 754, 955, 976, 820, 837, 848, 832, 891, 850, 777, 944, 891, 841, 758, 929, 798, 825, 807, 988, 917, 894, 920, 849, 861, 899, 811, 698, 966, 970, 902, 807, 916, 892, 923, 875, 901, 824, 799, 1040, 807, 810, 938, 831, 926, 929, 963, 805, 764, 651, 761, 781, 880, 816, 882, 770, 801, 773, 836, 744, 948, 734, 753, 852, 884, 787, 781, 699, 1013, 840, 829, 975, 776, 903, 849, 792, 978, 807, 831, 847, 825, 834, 844, 976, 938, 850, 808, 907, 865, 731, 852, 851, 951, 916, 911, 807, 823, 728, 915, 879, 788, 982, 1001, 854, 939, 715, 862, 876, 868, 801, 855, 1080, 801, 743, 847, 783, 932, 954, 743, 979, 734, 871, 835, 764, 778, 955, 687, 933, 705, 828, 669, 918, 874, 918, 989, 904, 746, 963, 916, 833, 773, 690, 879, 824, 866, 804, 936, 777, 988, 869, 678, 914, 661, 853, 929, 783, 735, 809, 969, 773, 755, 873, 825, 848, 914, 858, 584, 876, 806, 1088, 816, 1046, 870, 885, 1028, 920, 719, 975, 1021, 791, 860, 872, 854, 1067, 796, 733, 764, 866, 774, 869, 882, 864, 800, 871, 856, 899, 811, 830, 940, 811, 831, 959, 932, 790, 976, 855, 868, 787, 915, 841, 820, 979, 849, 854, 998, 751, 741, 953, 874, 898, 925, 724, 784, 879, 900, 853, 808, 839, 1001, 782, 964, 742, 794, 703, 843, 798, 832, 985, 796, 779, 769, 890, 713, 682, 876, 1044, 807, 884, 868, 748, 990, 764, 760, 877, 973, 793, 707, 851, 793, 859, 766, 1006, 917, 919, 793, 1108, 732, 974, 1023, 846, 782, 840, 953, 855, 733, 856, 932, 845, 857, 896, 978, 859, 1013, 1068, 881, 924, 753, 647, 873, 914, 766, 694, 918, 802, 848, 953, 710, 943, 951, 787, 848, 781, 894, 874, 1033, 841, 765, 808, 1034, 937, 821, 886, 768, 833, 906, 748, 737, 952, 943, 925, 833, 871, 954, 954, 920, 758, 829, 866, 710, 950, 831, 864, 820, 779, 767, 718, 807, 829, 953, 699, 823, 973, 892, 977, 783, 830, 862, 899, 799, 947, 661, 807, 826, 734, 866, 969, 683, 745, 815, 1014, 973, 890, 713, 914, 889, 1018, 794, 905, 884, 816, 879, 893, 809, 872, 917, 739, 751, 900, 748, 698, 839, 824, 874, 837, 736, 768, 821, 949, 773, 902, 971, 1012, 867, 829, 757, 716, 807, 723, 839, 824, 906, 882, 799, 914, 718, 721, 794, 1038, 849, 853, 912, 715, 936, 962, 838, 874, 829, 929, 779, 951, 1044, 896, 770, 771, 834, 810, 789, 880, 712, 865, 992, 990, 767, 787, 847, 813, 792, 818, 878, 715, 733, 840, 668, 857, 872, 771, 930, 787, 723, 938, 871, 895, 877, 1069, 750, 989, 877, 818, 966, 888, 804, 1029, 765, 839, 952, 747, 928, 1047, 868, 798, 963, 861, 790, 773, 943, 944, 938, 927, 924, 689, 873, 950, 919, 607, 842, 951, 852, 732, 866, 893, 755, 778, 864, 764, 767, 841, 829, 864, 901, 824, 724, 1006, 721, 800, 833, 768, 830, 896, 814, 994, 814, 1053, 852, 760, 913, 840, 833, 930, 810, 952, 831, 958, 936, 878, 905, 995, 910, 824, 768, 949, 841, 885, 980, 944, 984, 920, 825, 749, 963, 736, 759, 975, 893, 913, 931, 879, 966, 758, 1036, 739, 923, 797, 871, 1098, 821, 889, 806, 921, 933, 865, 851]

[btf]
  Promedio : 1269.8s
  Desvío   : 122.4s
  IC 95%   : [1266.4s, 1273.2s]
  Mínimo   : 842s
  Máximo   : 1687s
  Tiempos  : [1384, 1128, 1389, 1357, 1182, 1420, 1245, 1362, 1250, 1235, 1127, 1055, 991, 1181, 1281, 1214, 1125, 1232, 1273, 1150, 1169, 1108, 1316, 1102, 1277, 1553, 1040, 1302, 1264, 1048, 1249, 1054, 1177, 1190, 1356, 1243, 1311, 1299, 1490, 1359, 1250, 1502, 1285, 1363, 1169, 1279, 1289, 1482, 1206, 1343, 1322, 1381, 1200, 1328, 1293, 1064, 1160, 1260, 1169, 1083, 1170, 1348, 1215, 1293, 1066, 1135, 1091, 1185, 1235, 1416, 1623, 1243, 1455, 1318, 1319, 1059, 1280, 1386, 1086, 1233, 1213, 1428, 1302, 1174, 1109, 1335, 1252, 1248, 1204, 1391, 1243, 1147, 1193, 1160, 1211, 1391, 1047, 1108, 1273, 1389, 972, 1160, 1463, 1230, 1210, 1207, 1406, 1293, 1267, 1171, 1295, 1177, 1341, 1165, 1324, 1403, 1250, 1311, 1234, 1444, 1371, 1379, 1181, 1319, 1238, 1238, 1271, 1217, 1285, 1263, 1282, 1173, 1179, 1398, 1251, 1282, 1311, 1077, 1099, 1182, 1163, 1215, 1218, 1383, 1180, 1331, 1121, 1178, 1364, 1338, 1023, 1354, 1407, 1147, 1302, 1374, 1314, 1208, 1288, 1487, 1204, 1169, 1421, 1242, 1223, 1292, 1305, 1280, 1182, 1306, 1168, 1449, 1267, 1320, 1488, 1520, 1073, 1238, 1277, 1405, 1395, 1228, 1210, 1230, 1354, 1203, 1228, 1404, 1237, 1264, 1091, 1307, 1273, 1308, 1340, 1499, 1302, 1306, 1263, 1401, 1298, 1473, 1218, 1279, 1233, 1142, 1148, 1335, 1419, 1190, 1245, 1331, 1364, 1434, 1246, 1349, 1153, 1207, 1242, 1224, 1366, 1417, 1398, 1329, 1345, 1363, 1333, 1279, 1154, 1471, 1004, 1283, 1426, 1449, 1101, 1233, 1315, 1302, 1159, 1577, 1198, 1376, 1002, 1285, 1194, 1287, 1173, 1234, 1192, 1282, 1490, 1196, 1171, 1201, 1336, 1219, 1318, 1401, 1407, 1480, 1285, 1253, 1173, 1541, 1396, 1336, 1146, 1259, 1253, 1371, 1142, 1319, 1216, 1347, 1164, 1337, 999, 1128, 1173, 1634, 1362, 1477, 1227, 1125, 1167, 1200, 1477, 1411, 1100, 1195, 1239, 1410, 1405, 1368, 1267, 1317, 1224, 1227, 1113, 1243, 1576, 1314, 1277, 1202, 1355, 983, 1264, 1425, 1446, 1197, 1569, 1397, 1458, 1245, 1207, 1331, 1449, 1032, 1206, 1385, 1110, 1189, 1510, 1119, 1284, 1042, 1250, 1298, 1361, 1511, 1018, 1284, 1301, 1380, 1340, 1241, 1272, 1324, 1206, 1236, 1274, 1285, 1150, 1209, 1074, 1380, 1220, 1394, 1306, 1080, 911, 1262, 1256, 1375, 1517, 1458, 1436, 1078, 1325, 1409, 1152, 1327, 1335, 1185, 1126, 1184, 1231, 1092, 1391, 1239, 1229, 1187, 1199, 1309, 1280, 1358, 1428, 1051, 1297, 1574, 1312, 1386, 1546, 1196, 1251, 1235, 1251, 1372, 1366, 1280, 1326, 1279, 1221, 956, 1309, 1353, 1395, 1143, 1278, 1295, 1283, 1192, 1331, 1463, 1426, 1152, 1291, 1261, 1259, 1137, 1342, 1599, 1496, 1350, 1199, 1118, 1477, 1326, 1136, 1334, 1311, 1237, 1395, 1342, 1447, 1544, 1155, 1171, 1284, 1233, 1402, 1303, 1168, 1230, 1091, 1378, 1208, 1331, 1165, 1329, 1206, 988, 1141, 995, 1386, 1442, 1474, 1294, 1365, 1397, 1377, 1278, 1205, 1175, 1467, 1562, 1275, 1204, 1327, 1491, 1322, 1417, 1449, 1391, 1301, 1467, 1394, 1451, 1164, 1280, 1156, 1206, 1513, 1115, 1462, 1427, 1129, 1265, 1406, 1399, 1108, 1339, 1185, 1297, 1175, 1390, 1259, 1239, 1250, 1309, 949, 1368, 1180, 1095, 1268, 1185, 1416, 1385, 1383, 1463, 1108, 1054, 1240, 1349, 1096, 1323, 1078, 1399, 1228, 1139, 1290, 1129, 1257, 1239, 1461, 1100, 1389, 1335, 1236, 965, 1069, 1256, 1100, 1268, 1350, 1323, 1322, 1311, 1329, 1372, 1260, 1169, 1315, 1313, 1424, 1269, 1148, 1203, 1298, 1077, 1420, 1129, 1380, 1266, 1199, 1032, 1451, 1288, 1142, 1265, 1073, 1356, 1132, 1367, 1271, 1204, 1262, 1512, 1260, 1078, 1238, 1476, 1261, 1280, 961, 1359, 1126, 1321, 1428, 1364, 1318, 1202, 1044, 1181, 1299, 1248, 1182, 1295, 1399, 1307, 1119, 1402, 1458, 1135, 1334, 1217, 1123, 1317, 1137, 1072, 1279, 1198, 1509, 1438, 1275, 1359, 1092, 1242, 1440, 1112, 1269, 1435, 1279, 1288, 1195, 1194, 1240, 1255, 1252, 1100, 1237, 1224, 1327, 1184, 939, 1122, 1468, 1344, 1271, 1034, 1373, 1248, 1320, 1220, 1497, 1383, 1191, 1383, 1257, 1202, 1300, 1169, 1116, 1395, 1432, 1260, 1252, 1133, 1176, 1186, 1394, 1173, 1229, 954, 1367, 1429, 1228, 1159, 1203, 1402, 1328, 1526, 1105, 1371, 1436, 1351, 1248, 1081, 1230, 1323, 1140, 1262, 1455, 1189, 1238, 1197, 1070, 1476, 1493, 1412, 1343, 1454, 1474, 1192, 1037, 1274, 1083, 1207, 1187, 1243, 1202, 1274, 1219, 1412, 1299, 1432, 1137, 1361, 1106, 1241, 1329, 1214, 1012, 1127, 982, 1351, 1163, 1042, 1244, 1311, 1315, 1156, 1087, 1364, 1283, 1393, 1285, 1282, 1100, 1135, 1374, 1276, 1363, 1177, 1211, 1337, 1324, 1334, 1424, 1442, 1122, 1324, 1331, 1122, 1361, 1500, 1402, 1288, 1431, 1185, 1418, 1358, 1254, 1136, 1277, 1235, 1304, 1327, 1199, 1433, 1213, 1231, 1269, 1362, 1282, 1280, 1296, 1394, 1432, 1245, 1340, 1166, 1305, 1238, 1218, 1258, 1318, 1287, 1406, 1388, 1278, 1092, 1095, 1452, 1354, 1287, 1118, 1107, 1284, 1311, 1365, 1255, 1087, 1138, 1279, 1253, 1404, 1643, 1241, 1269, 1430, 1272, 1149, 1277, 1144, 1315, 1394, 1253, 1129, 1312, 1179, 1142, 1115, 1292, 1388, 1204, 1298, 1194, 1238, 1194, 1212, 1173, 1174, 1503, 1367, 1328, 1258, 1217, 1368, 1466, 1327, 1221, 1203, 1407, 1344, 1011, 1404, 1391, 1300, 1296, 1198, 1500, 1395, 1246, 1087, 1349, 1524, 1315, 1305, 1243, 1221, 1049, 1462, 1369, 1494, 1181, 1622, 1121, 1463, 1310, 1000, 1258, 1211, 1262, 1027, 1094, 1502, 1274, 1272, 1528, 1171, 1082, 1264, 1229, 1313, 1506, 1408, 1117, 1353, 1278, 1235, 1279, 1198, 1288, 1517, 1197, 1126, 1219, 1197, 1228, 1350, 1309, 1432, 1523, 1134, 1313, 1233, 1222, 1139, 1233, 1186, 1136, 1248, 1240, 1345, 1255, 1461, 1082, 1232, 1273, 1221, 1479, 1368, 1013, 1355, 1296, 1291, 1397, 1377, 1102, 1089, 1314, 1445, 1289, 1228, 1130, 1335, 1381, 1232, 1511, 1317, 1155, 1242, 1365, 1460, 1244, 1084, 1237, 1050, 1225, 1420, 1258, 1152, 1154, 1274, 1362, 1317, 1256, 1117, 1095, 1562, 1210, 1429, 1245, 1129, 1272, 1252, 1366, 1156, 1245, 1096, 1246, 1184, 1356, 1119, 1246, 1366, 1237, 1312, 1308, 1265, 1142, 1317, 1357, 1087, 1308, 1223, 1380, 1339, 1168, 1225, 962, 1307, 1403, 1189, 1285, 1513, 1255, 1224, 1230, 1258, 1525, 1116, 1040, 1469, 1414, 1436, 1593, 1189, 1351, 1163, 1397, 1295, 1456, 1492, 1487, 1201, 1174, 1203, 1255, 1004, 1405, 1185, 1089, 1277, 1339, 1516, 1384, 1286, 1434, 1335, 1312, 1238, 1161, 1290, 1289, 1370, 1208, 1359, 1327, 1297, 1201, 1398, 1264, 1256, 1176, 1247, 1471, 1164, 1195, 1660, 1584, 1208, 1251, 1310, 1200, 1143, 1411, 1307, 1067, 1412, 1157, 1251, 1165, 1159, 1104, 1462, 1182, 1193, 1342, 1539, 1264, 1201, 1245, 1456, 1160, 1219, 1281, 1184, 1329, 1163, 1254, 1413, 1173, 1118, 1333, 1187, 1231, 1230, 1260, 1282, 1387, 1215, 1261, 1146, 1310, 1254, 1244, 1200, 1093, 1295, 1234, 1238, 997, 1101, 1092, 1136, 1350, 1544, 1401, 1260, 1159, 1313, 1144, 1363, 1049, 1087, 1497, 1443, 1236, 1256, 1197, 1231, 1330, 1108, 1286, 1407, 1275, 1287, 1313, 1198, 1339, 1056, 1181, 1163, 1256, 1230, 1104, 1147, 1319, 1155, 1194, 1119, 1413, 1215, 1191, 1283, 1415, 1392, 1220, 1159, 1260, 1311, 1351, 997, 1102, 1216, 1454, 1257, 1223, 1216, 1103, 1343, 1245, 1194, 1221, 1287, 1311, 1377, 1106, 1311, 1220, 1498, 1263, 1269, 1320, 1353, 1265, 1298, 1315, 1267, 1157, 1291, 1255, 1429, 1272, 1206, 1085, 1363, 1266, 1354, 1255, 1236, 1061, 1178, 1276, 1270, 1150, 1181, 1177, 1189, 1543, 1290, 1030, 1361, 1382, 1195, 1243, 1254, 1001, 1363, 1302, 1167, 1395, 1330, 1475, 1302, 1305, 1538, 1176, 1071, 1377, 1286, 1223, 1174, 1327, 1299, 1169, 1278, 1207, 1330, 1350, 1091, 1223, 1186, 1106, 1193, 1358, 1229, 1179, 1161, 1533, 1439, 1213, 1188, 1219, 1412, 1250, 1310, 1402, 910, 1306, 1280, 1369, 1111, 1225, 1221, 1290, 1349, 1368, 1138, 1229, 1276, 1046, 1300, 1154, 1436, 1387, 1234, 1285, 1203, 935, 1136, 1206, 1191, 1467, 1136, 1141, 1288, 1411, 1119, 1162, 1245, 1162, 1442, 1322, 1253, 1319, 1177, 1380, 1468, 1318, 1210, 1286, 1216, 1291, 1410, 1181, 1144, 1447, 1368, 1278, 1093, 1168, 1119, 1490, 1224, 1006, 1269, 1165, 1291, 966, 1242, 1413, 1292, 1128, 1192, 1517, 1001, 1156, 1154, 1361, 1392, 1486, 1175, 1326, 1310, 1312, 1365, 1189, 1233, 1370, 1419, 1284, 1243, 1309, 1354, 1167, 1147, 1202, 1152, 1507, 1314, 1430, 1169, 1284, 1261, 1220, 1258, 1381, 1362, 1270, 1255, 1280, 1384, 1425, 1183, 1041, 1277, 1229, 1262, 1340, 1257, 1211, 1271, 1255, 1313, 1196, 1410, 1151, 1454, 1182, 1357, 1191, 1139, 1158, 1326, 1349, 1231, 1460, 1416, 1148, 1411, 1332, 1382, 1282, 1285, 1335, 1345, 1185, 1243, 1215, 1180, 1422, 1397, 1226, 1179, 1420, 1268, 1099, 1375, 1159, 1182, 1333, 1380, 1377, 1311, 1110, 1312, 1195, 1339, 1374, 1378, 1009, 1360, 1184, 1271, 1266, 1058, 1238, 1202, 1092, 1226, 1445, 1274, 1251, 1417, 1308, 1269, 1242, 1106, 1183, 994, 1342, 1176, 1539, 1447, 1301, 1260, 1356, 1235, 1408, 1256, 1337, 1373, 1229, 1284, 1364, 1348, 1231, 1065, 1078, 1019, 1236, 1200, 1064, 1230, 1293, 1100, 1481, 1103, 1211, 1260, 1236, 1334, 1335, 1337, 1471, 1422, 1398, 1081, 1312, 1141, 1370, 1345, 1445, 1500, 1324, 1275, 1265, 1433, 1222, 1169, 1370, 1100, 1447, 1274, 1173, 1293, 1159, 1339, 1154, 1158, 1315, 1208, 1344, 1527, 1224, 1247, 1401, 1389, 1328, 1149, 1148, 1302, 1355, 1460, 1133, 1207, 1310, 1188, 1193, 1204, 1252, 1442, 1377, 1412, 1362, 1198, 1265, 1110, 1171, 1353, 1371, 1126, 1158, 1069, 1434, 1471, 1640, 1348, 1375, 1452, 1484, 1263, 1372, 1365, 1252, 1171, 1291, 1338, 1258, 1259, 1248, 1246, 1430, 1304, 1323, 937, 1381, 1387, 1196, 1061, 1340, 1455, 1175, 1373, 1300, 1289, 1409, 1259, 1206, 1540, 1284, 1114, 1471, 1446, 1171, 1202, 1055, 1193, 1202, 981, 1324, 1229, 1349, 1081, 1140, 1155, 1322, 1266, 1166, 1276, 1233, 1319, 1279, 1363, 1301, 1244, 1206, 1115, 1442, 1345, 1280, 1421, 1239, 1234, 1401, 977, 1125, 1198, 1228, 1414, 1155, 1332, 1237, 1290, 1248, 982, 978, 986, 1208, 1288, 1177, 1518, 1217, 1150, 1336, 1165, 1235, 1025, 1218, 1191, 1220, 1183, 1431, 1379, 1362, 1350, 1205, 1385, 1358, 1264, 1535, 1221, 1187, 1364, 1422, 1176, 1131, 1143, 1207, 1285, 1237, 1191, 1344, 1162, 1459, 1232, 1362, 1494, 1321, 1319, 1312, 1291, 1219, 1227, 1191, 1265, 1078, 1350, 1160, 1242, 1452, 1464, 1189, 987, 1141, 1580, 1250, 1290, 1320, 1356, 1171, 1530, 1277, 1388, 1293, 1167, 1378, 1434, 1445, 1405, 1353, 1275, 1038, 1296, 1477, 1363, 1319, 1363, 1056, 1170, 1417, 1251, 1215, 1402, 1256, 1196, 1309, 1187, 1312, 1307, 1312, 1179, 1228, 1392, 1230, 1325, 1141, 1146, 1226, 1240, 1221, 1397, 1598, 1164, 1160, 1085, 1341, 1266, 1336, 1378, 1192, 1084, 1245, 1283, 1326, 1255, 1141, 1279, 1335, 1408, 1185, 1346, 1369, 1419, 1188, 1435, 1189, 1378, 1137, 1292, 1293, 1266, 1208, 989, 1129, 1184, 1360, 1226, 1213, 1122, 1354, 1244, 1422, 1237, 1515, 1397, 1205, 1261, 1299, 1103, 1139, 1150, 1404, 1049, 1165, 1257, 1265, 1179, 1431, 1232, 1093, 1235, 1206, 1174, 1546, 1391, 1270, 1413, 1388, 1216, 1257, 1240, 1196, 1306, 1256, 1350, 1273, 1119, 1220, 1276, 1177, 1187, 1375, 1422, 1365, 1269, 1444, 1277, 1436, 1278, 1427, 1255, 1198, 1243, 1257, 1257, 1259, 1351, 1304, 1144, 1234, 1352, 1117, 1204, 1179, 1165, 1354, 1333, 1226, 1426, 1117, 994, 1070, 1361, 1390, 1377, 1175, 1301, 1209, 1366, 1375, 1251, 1240, 1230, 1183, 1434, 1264, 1588, 1234, 1481, 1334, 1262, 1275, 1161, 1310, 1036, 1137, 1375, 1259, 1127, 1132, 1204, 1560, 1275, 1266, 1304, 1415, 1315, 1051, 1393, 1083, 1400, 1381, 1462, 1558, 1388, 1151, 1384, 1475, 1268, 1278, 1147, 1119, 1033, 1432, 1468, 1243, 1189, 1262, 1324, 1234, 1336, 1248, 1265, 1309, 1402, 1219, 1472, 1167, 1450, 1517, 1138, 1272, 1290, 1143, 1481, 1163, 1304, 1229, 945, 1353, 1151, 1247, 1215, 1449, 1357, 1479, 1159, 1334, 1300, 1124, 1219, 1119, 1243, 1192, 1122, 1228, 1225, 1164, 1245, 1137, 1412, 1514, 1306, 1159, 1302, 1138, 1234, 1203, 1235, 1139, 1264, 1209, 1339, 1392, 1268, 1199, 1152, 1202, 1376, 1340, 1263, 1393, 1284, 1254, 1143, 1227, 1210, 1165, 1307, 1295, 1389, 1283, 1271, 1503, 1369, 1257, 1163, 1244, 1251, 1245, 1075, 1120, 1150, 1368, 1286, 1353, 1429, 1364, 1373, 1302, 1326, 1175, 1451, 1272, 1431, 1209, 1274, 1264, 1027, 1336, 1245, 1293, 1568, 1362, 1210, 1387, 1207, 1237, 1264, 1415, 1330, 1566, 1297, 1243, 1276, 1151, 1452, 1349, 926, 1414, 1296, 1348, 1111, 1318, 1367, 1228, 1180, 1312, 1373, 1211, 1182, 1344, 1301, 1053, 1273, 1269, 1330, 1377, 1268, 1185, 1050, 1068, 1177, 1458, 1298, 1364, 1342, 1154, 1180, 1212, 1180, 1424, 1357, 937, 1197, 1135, 1272, 1170, 1390, 1226, 1348, 1231, 1191, 1096, 1307, 1260, 1298, 1378, 1256, 1170, 1605, 1353, 1272, 1173, 1268, 1202, 1264, 1169, 1313, 1082, 1259, 1058, 1068, 1364, 1195, 1435, 1160, 1354, 1244, 1242, 1545, 1077, 1163, 1375, 1340, 1527, 1254, 1229, 1189, 1250, 1285, 1289, 1198, 1132, 1228, 1431, 1195, 1274, 1283, 1449, 1341, 1206, 1228, 1138, 1387, 1454, 1133, 1254, 1382, 1233, 1345, 1188, 1302, 1192, 1323, 1026, 1188, 1300, 1336, 1321, 1459, 1280, 1395, 1068, 1280, 1445, 1270, 1251, 1281, 1328, 1142, 1433, 1121, 1274, 1468, 1175, 1171, 1026, 1331, 1122, 1415, 1102, 988, 1271, 1291, 1171, 1396, 1284, 1424, 1275, 1438, 1211, 1143, 1227, 1223, 1124, 1243, 1094, 1402, 1292, 1141, 1235, 1278, 1131, 1480, 1239, 1404, 1313, 1276, 1263, 1283, 1281, 1227, 1084, 1177, 1437, 1333, 1179, 1394, 1249, 1348, 1324, 1350, 1134, 1156, 1245, 1268, 1364, 1165, 1378, 1300, 1262, 1117, 1032, 1492, 1316, 1225, 1027, 1178, 1247, 1353, 1136, 1462, 1295, 1509, 1342, 1308, 1355, 1487, 1268, 1231, 1005, 1466, 1210, 1402, 1331, 1201, 1300, 1111, 1093, 1469, 1248, 1464, 1150, 1426, 1418, 1118, 1124, 1339, 998, 1233, 1273, 1351, 1308, 1145, 1306, 1139, 1278, 1085, 1178, 1197, 1311, 1110, 1261, 939, 1355, 1350, 1298, 1260, 1190, 1316, 1255, 1478, 1364, 1271, 1328, 1201, 1534, 1414, 1380, 1273, 1559, 1409, 1207, 1317, 1388, 1190, 1258, 1365, 1193, 1385, 1400, 1160, 1385, 1297, 1498, 1350, 1293, 1177, 1388, 1227, 1212, 1387, 1170, 1280, 1244, 1109, 1182, 1298, 1324, 1159, 1254, 1311, 1229, 1316, 1275, 1148, 1116, 1117, 1398, 1185, 1220, 1256, 1193, 1174, 1362, 1188, 1275, 1321, 1298, 1199, 1263, 1322, 1182, 1410, 1507, 1179, 1312, 995, 1192, 1092, 1293, 1099, 1039, 1065, 1266, 1306, 1235, 1291, 1492, 1182, 1190, 1654, 1320, 1206, 1194, 1451, 1274, 1544, 1195, 1291, 1178, 1355, 1123, 1333, 1084, 1340, 1196, 1242, 1364, 1297, 1227, 1128, 1199, 1304, 1230, 1335, 1149, 1303, 1309, 1031, 1388, 1425, 1282, 1483, 1244, 1418, 1188, 1466, 1180, 1473, 1352, 1169, 1369, 1511, 1157, 1543, 1443, 1033, 1297, 1140, 1632, 1371, 1419, 1272, 1339, 1456, 1089, 1205, 1186, 1456, 1281, 1240, 1322, 1260, 1361, 1052, 1362, 1158, 1312, 1376, 1162, 1310, 1240, 1345, 1088, 1267, 1405, 1378, 933, 1155, 1596, 1274, 1151, 1180, 1159, 1086, 1123, 1383, 1310, 1345, 1317, 1215, 1325, 1314, 1239, 1148, 1167, 1268, 1317, 1526, 1203, 1347, 1240, 1296, 1322, 1118, 1393, 1294, 1184, 1082, 1435, 1140, 1434, 1327, 1236, 1343, 1179, 1332, 1231, 1225, 1223, 1213, 1005, 1285, 1315, 1331, 1116, 1064, 1085, 1301, 1301, 1298, 1478, 1321, 1078, 1081, 1165, 1194, 1230, 1171, 1202, 1367, 1339, 1268, 1390, 1357, 1366, 1252, 1491, 1292, 1164, 1278, 1156, 1153, 1233, 1392, 1222, 1311, 1363, 1334, 1172, 1299, 1436, 1312, 1274, 963, 1313, 1014, 1376, 1138, 1406, 1173, 1431, 1239, 1183, 1138, 1239, 1280, 1319, 1259, 1314, 1035, 1322, 1392, 1183, 1190, 1357, 1414, 1265, 1374, 1105, 1310, 1343, 1264, 1301, 1104, 1372, 1070, 1309, 1330, 1185, 1311, 1251, 1248, 1362, 1256, 1260, 1208, 1177, 1302, 1331, 1265, 1284, 1424, 1303, 1263, 1424, 1193, 1309, 1103, 1266, 1113, 1305, 1243, 1373, 1381, 1235, 1333, 1227, 1187, 1243, 1175, 1407, 1011, 1285, 1189, 1224, 1189, 1605, 1147, 1201, 1350, 1448, 1336, 1158, 1356, 1261, 1218, 1383, 1408, 1160, 1119, 1286, 1202, 1301, 1234, 1338, 1333, 1334, 1242, 1207, 1207, 1370, 1315, 1125, 1214, 1136, 1058, 1279, 1399, 1033, 1522, 1014, 1271, 1203, 1327, 1202, 1510, 1253, 1157, 1216, 1226, 1337, 1423, 1344, 1204, 1244, 1342, 1371, 1276, 1164, 1316, 1074, 1099, 1257, 1278, 1315, 1321, 1207, 1034, 1351, 1129, 1206, 1472, 1251, 1153, 1427, 1380, 1292, 1133, 1142, 1096, 1121, 1226, 1496, 1106, 1410, 1084, 999, 1275, 1257, 1295, 1217, 1167, 1088, 1185, 1336, 1276, 1140, 1218, 1202, 1382, 1235, 1175, 1027, 1388, 1359, 1325, 1321, 1079, 1139, 1412, 1410, 1399, 1434, 864, 1456, 1133, 1414, 1324, 1432, 1366, 1249, 1387, 1390, 1538, 1353, 1400, 1339, 1285, 1517, 1221, 1165, 1365, 1354, 1320, 1268, 1319, 1210, 1137, 1335, 1349, 1491, 1501, 1217, 1147, 1325, 1255, 1443, 1181, 1086, 906, 1428, 1431, 1191, 1375, 1203, 1150, 1375, 1230, 1170, 1198, 1301, 1521, 1233, 1125, 1251, 1344, 1098, 1354, 1124, 1211, 1304, 1424, 1553, 1359, 1277, 1233, 1327, 1334, 1241, 1186, 978, 1387, 989, 1406, 1368, 1409, 1023, 1310, 1219, 1059, 1302, 1362, 1432, 1439, 1231, 1185, 1282, 1207, 1437, 1466, 1196, 1199, 1355, 1085, 1237, 1240, 1334, 1185, 1228, 1251, 1422, 1456, 1184, 1192, 1388, 1423, 1196, 1512, 1182, 1238, 1267, 1410, 1276, 1223, 1254, 1170, 1195, 1157, 1041, 1240, 1146, 1287, 1273, 1304, 1295, 1381, 1338, 1467, 1258, 1352, 1390, 1229, 1283, 1059, 1157, 1203, 1365, 1297, 1072, 1322, 1187, 1100, 1168, 1264, 1439, 1241, 1284, 1129, 1308, 1419, 1365, 1209, 1440, 1382, 1454, 1145, 1634, 1377, 1457, 1201, 1395, 1462, 982, 1372, 1294, 1160, 1204, 1427, 1242, 1352, 1386, 1339, 1429, 1365, 1414, 1254, 1079, 1148, 1197, 1070, 1367, 1268, 1327, 1442, 1400, 1065, 1071, 1369, 1314, 1167, 1224, 1387, 1309, 1171, 1247, 1248, 1192, 1347, 1160, 1115, 1225, 1069, 1240, 1461, 1375, 1044, 1031, 1289, 1178, 1149, 1411, 1198, 1213, 907, 1431, 1104, 1180, 1490, 1512, 1235, 1282, 1493, 1234, 1316, 1111, 1230, 1238, 1341, 1300, 1272, 1134, 1087, 1547, 1526, 1370, 1308, 1068, 1277, 1324, 1197, 1268, 1303, 1129, 1193, 1236, 1158, 1172, 1410, 1338, 1245, 1262, 1342, 1228, 1188, 1460, 1299, 1067, 1303, 1295, 1220, 1114, 1446, 1362, 1092, 1237, 1362, 1105, 1451, 1196, 1278, 1393, 1282, 1172, 1095, 1236, 1384, 1038, 1186, 1292, 1361, 1369, 1221, 1276, 1250, 1344, 1295, 1223, 1280, 1227, 1140, 1185, 1224, 1232, 1204, 1238, 1415, 1451, 1313, 1095, 1215, 1095, 1332, 1115, 1196, 1325, 1337, 1389, 1269, 1249, 1313, 1284, 1086, 1545, 1364, 1249, 1345, 1229, 951, 1376, 1230, 1176, 1327, 1108, 1404, 1127, 1279, 1353, 1454, 1151, 1299, 1434, 1354, 1211, 1184, 1030, 1153, 1315, 1262, 1255, 1425, 1027, 1199, 1264, 1261, 1185, 1067, 1197, 1318, 1277, 1193, 1119, 1108, 1299, 1263, 1253, 1226, 1272, 1272, 1236, 1395, 1312, 1305, 1323, 1126, 1312, 1047, 1208, 1339, 1228, 1106, 1279, 1221, 1281, 1261, 1339, 1344, 1259, 1277, 1302, 1253, 1315, 1083, 1320, 1207, 1391, 1283, 1376, 1096, 1232, 1105, 1233, 1285, 1335, 1310, 1423, 1506, 1202, 1327, 981, 1229, 1357, 1381, 1128, 1199, 1078, 1159, 1215, 1320, 1379, 1284, 1126, 1223, 1149, 1548, 1332, 1332, 1114, 1108, 1123, 1168, 959, 1171, 1224, 1520, 1335, 1168, 1218, 1306, 1392, 1180, 1208, 1242, 1500, 1253, 1165, 1265, 1380, 1244, 1317, 1348, 1221, 1059, 1380, 1174, 1195, 1185, 1306, 1333, 1514, 1414, 1257, 1288, 1440, 1241, 1237, 1226, 1304, 1491, 1101, 1107, 1286, 1286, 1234, 1292, 1218, 1139, 1269, 1319, 1160, 1468, 1179, 1315, 1289, 1374, 1155, 1446, 1537, 1431, 1136, 1339, 1328, 1479, 1390, 1288, 1512, 1140, 1220, 1303, 953, 1163, 1213, 1422, 1238, 1490, 1193, 1270, 1070, 1192, 1229, 1272, 1344, 1254, 1239, 1609, 1390, 1224, 1399, 1291, 1243, 1355, 1353, 1363, 1413, 1331, 1198, 1254, 1237, 1181, 1296, 1188, 1426, 1256, 1451, 1374, 1061, 1099, 1133, 1383, 1363, 1327, 1226, 1274, 1082, 1331, 1236, 1290, 979, 1361, 1570, 1109, 1325, 1296, 998, 1210, 1146, 1150, 985, 1387, 1245, 1084, 1222, 1247, 1148, 1398, 1228, 1210, 1210, 1276, 1255, 1176, 1274, 1204, 1189, 1465, 1310, 1304, 1287, 1292, 1334, 1405, 1132, 1422, 1241, 1304, 1295, 1297, 1379, 1273, 1265, 1311, 1278, 1393, 1218, 1215, 1549, 1484, 1277, 1322, 1457, 1223, 1258, 1391, 1387, 1352, 1349, 1179, 1185, 1129, 1373, 1190, 1143, 1203, 1306, 1553, 1211, 1380, 1223, 1202, 1263, 1393, 1194, 1370, 1262, 1359, 1322, 1112, 1190, 1209, 1205, 1317, 1030, 1373, 1204, 1355, 1178, 965, 1191, 1314, 1292, 1410, 1328, 1200, 1327, 1565, 1217, 1303, 1287, 1073, 1159, 1110, 1182, 1087, 1245, 1333, 1354, 1384, 1233, 1346, 1100, 1356, 1318, 1002, 1265, 1232, 1276, 1199, 1116, 1248, 1326, 1271, 1213, 1064, 1225, 1501, 1189, 1381, 1107, 1075, 1040, 1256, 1377, 1242, 1218, 1167, 1322, 1418, 1030, 1171, 1281, 1378, 1243, 1125, 1243, 1260, 1283, 1127, 1596, 1293, 1292, 1386, 1163, 1345, 1247, 1293, 1349, 1138, 1238, 1354, 1179, 1271, 1226, 1431, 1219, 1366, 1399, 1197, 1407, 1244, 1390, 1212, 1267, 1350, 1316, 923, 1234, 1438, 1330, 1404, 1543, 1212, 1409, 1284, 1387, 1362, 1273, 1185, 1494, 1275, 1286, 1209, 1285, 1475, 1294, 1383, 1287, 1216, 1349, 1329, 1298, 1363, 1314, 1128, 1396, 1279, 1338, 1182, 1057, 1180, 1319, 1350, 1146, 1172, 1364, 1384, 1418, 1391, 1352, 1321, 912, 1263, 1061, 1251, 1203, 1324, 1220, 1357, 1264, 1304, 1136, 1309, 1247, 1233, 1212, 1311, 1191, 1357, 1229, 1277, 1440, 1216, 1283, 1301, 1213, 1282, 1213, 1333, 1436, 1330, 1316, 1333, 1289, 967, 1200, 1300, 1223, 1343, 1472, 1468, 1429, 1232, 1427, 1158, 1297, 1413, 1244, 1243, 1457, 1109, 1160, 1127, 1560, 1240, 1282, 1040, 1524, 1196, 1102, 1374, 1094, 1166, 1298, 1033, 1308, 1049, 1348, 1411, 1433, 1111, 1146, 1181, 1200, 1209, 1100, 1278, 1236, 1294, 1298, 1299, 1444, 1285, 1362, 1412, 1324, 1117, 1349, 1087, 1254, 1250, 1429, 1440, 1203, 1331, 1093, 1299, 1192, 1277, 1319, 1211, 1136, 1406, 1208, 1210, 1232, 1246, 1107, 1339, 1313, 1265, 1278, 1275, 1386, 1148, 1144, 1114, 1178, 1347, 1288, 1236, 1154, 1443, 986, 1319, 1476, 1163, 1148, 1474, 1028, 1129, 1475, 1345, 1171, 1133, 1200, 1235, 1342, 984, 1256, 1142, 1242, 1262, 1080, 1272, 1416, 1274, 1223, 842, 1526, 1325, 1602, 1215, 1049, 1228, 1130, 1135, 1472, 1289, 1509, 1326, 1250, 1404, 1182, 1235, 1017, 1176, 1289, 1255, 1409, 1595, 1108, 1274, 1364, 1177, 1283, 1312, 1458, 1310, 1336, 1226, 1316, 1290, 1458, 1212, 1410, 1534, 1210, 990, 1388, 1375, 1254, 1229, 1212, 1245, 1462, 1275, 1203, 1289, 1284, 1500, 1259, 1007, 1054, 1083, 1374, 1367, 1425, 1517, 1168, 1176, 1454, 908, 1280, 1500, 1292, 1268, 1213, 1308, 1314, 1181, 1552, 1306, 1223, 1191, 1270, 1181, 1383, 1063, 1360, 1501, 1382, 1272, 1412, 1260, 1286, 1179, 1258, 1348, 1340, 1506, 1287, 1337, 1376, 1100, 1279, 1318, 1339, 1317, 1039, 1158, 1259, 1348, 1252, 1328, 1323, 1299, 1460, 1345, 1211, 1233, 1268, 1201, 1323, 1330, 1195, 1155, 1372, 1169, 1365, 1199, 1629, 1211, 1239, 1221, 1409, 1272, 1308, 1386, 1351, 1288, 1156, 1447, 1451, 1234, 1100, 1203, 1457, 1285, 1275, 1436, 1221, 1276, 1341, 1243, 1210, 959, 1457, 1496, 1243, 1250, 1275, 1200, 1183, 1222, 1152, 1256, 1361, 1351, 1628, 1116, 1326, 1360, 1404, 1351, 1593, 1192, 1396, 1117, 1097, 1484, 1232, 1343, 1231, 1019, 1059, 1283, 1220, 1361, 1243, 1148, 1034, 1384, 1286, 1375, 1366, 1048, 1385, 1314, 1255, 1087, 1429, 1290, 1200, 1278, 1558, 1057, 1165, 1327, 1227, 1298, 1256, 1293, 1348, 1302, 1232, 1322, 1239, 1678, 1459, 1569, 1348, 1297, 1586, 1282, 1439, 1210, 1336, 1180, 1153, 1071, 1211, 1220, 1218, 1324, 1246, 1372, 1162, 1210, 1561, 1287, 1069, 1273, 1261, 1109, 1377, 1248, 1350, 1346, 1377, 1264, 1491, 1263, 1333, 1232, 1218, 1293, 1350, 1287, 1203, 1140, 1270, 1327, 1049, 1334, 1221, 1120, 1157, 1297, 1091, 1117, 1340, 1330, 1181, 1230, 1141, 1336, 1328, 1181, 1278, 1266, 1405, 1047, 1094, 1338, 1270, 1386, 1294, 1423, 1218, 1049, 1239, 1189, 1321, 1217, 1331, 1157, 1430, 1350, 1099, 1297, 1430, 1110, 1416, 1012, 1401, 1235, 1289, 1313, 1404, 1514, 1161, 1191, 1269, 1393, 1648, 1152, 1323, 1174, 1272, 1245, 1350, 1208, 1361, 1118, 1295, 1149, 1307, 1240, 1353, 1326, 1467, 1277, 1377, 1230, 1289, 1284, 1195, 1305, 1436, 1253, 1204, 1308, 1245, 1182, 1244, 1109, 1174, 1380, 1341, 1408, 1296, 1153, 1316, 1542, 1398, 1445, 1486, 1239, 1427, 1300, 1375, 1305, 1233, 1221, 1278, 1380, 1378, 1219, 1222, 1284, 1553, 1130, 1339, 1142, 1131, 1275, 1275, 1252, 1199, 1392, 1250, 1426, 1271, 1285, 1310, 1247, 1215, 1221, 1320, 1336, 1103, 1244, 1326, 1377, 1420, 1255, 1419, 1122, 1274, 1346, 1199, 1145, 1281, 1412, 1462, 1341, 1224, 1375, 1350, 1270, 1041, 1150, 1313, 1379, 1111, 1343, 1381, 1266, 1382, 1232, 1100, 1252, 1381, 1123, 1206, 1359, 1239, 1269, 1418, 1304, 1261, 1247, 1172, 1116, 1337, 1221, 1265, 1276, 1470, 1477, 1152, 1273, 1236, 1205, 1247, 1320, 1253, 1105, 1373, 1186, 1342, 1280, 1344, 1387, 1348, 1170, 1149, 1254, 1327, 1104, 1364, 1255, 1197, 1385, 1357, 1377, 1382, 1049, 1108, 1338, 1326, 1266, 1399, 1380, 1322, 1367, 1220, 1403, 1275, 1217, 1143, 1155, 1204, 1407, 1322, 1296, 1228, 1372, 1398, 1371, 1268, 1300, 1366, 1204, 1262, 1274, 1317, 1301, 1250, 1217, 1290, 1247, 1291, 1219, 1322, 1410, 1335, 1417, 1169, 1273, 1185, 1477, 1333, 1350, 1307, 1259, 1331, 1249, 1470, 1222, 1189, 1306, 1321, 1354, 1307, 1463, 1187, 1427, 1414, 1340, 1309, 1187, 1304, 1345, 1165, 1174, 1182, 1210, 1118, 1394, 1212, 1207, 1220, 1149, 1442, 1465, 1240, 1136, 1340, 1287, 1446, 1330, 1461, 1293, 1161, 1348, 1166, 1452, 1172, 1241, 1530, 1000, 1442, 1323, 1314, 1268, 1188, 1344, 1077, 1466, 1098, 1451, 1205, 1065, 1372, 1424, 1278, 1222, 1319, 1291, 1124, 1501, 1222, 1439, 1469, 1264, 1299, 1396, 1291, 1326, 1196, 1633, 1144, 1195, 1349, 1377, 1473, 1247, 1097, 1489, 1170, 1186, 1160, 1467, 1236, 1266, 1207, 1363, 1122, 1504, 1282, 1100, 1433, 1387, 1091, 1297, 1394, 1264, 1083, 1289, 1370, 1273, 1102, 1281, 1195, 1117, 1171, 1637, 1205, 1235, 1181, 1247, 1190, 1422, 1189, 1059, 1130, 1139, 1433, 1142, 1285, 1190, 1187, 1490, 1358, 1248, 1079, 1429, 1173, 1252, 1271, 1062, 1272, 1190, 1244, 1420, 1244, 1292, 958, 1186, 1222, 1319, 998, 1356, 1309, 1069, 1278, 1373, 1119, 1173, 1242, 1065, 1569, 1104, 1066, 1302, 1331, 1133, 1365, 1198, 1243, 1117, 1285, 1371, 1340, 1189, 1313, 1147, 1293, 1212, 1476, 1229, 1331, 1163, 1250, 1131, 1555, 1031, 1286, 1145, 1063, 1316, 1228, 1272, 1351, 1291, 1267, 1443, 1196, 1459, 1231, 1267, 1224, 955, 1157, 1354, 1481, 1088, 1283, 1381, 1129, 1364, 1294, 1340, 1265, 1427, 1462, 1275, 1367, 1288, 1220, 1136, 1377, 1317, 1328, 1200, 1285, 1256, 1338, 1286, 1051, 1370, 1598, 1366, 1184, 1150, 1341, 1153, 1178, 1330, 1259, 1296, 1148, 1011, 1381, 1315, 932, 1192, 1322, 1210, 1361, 1367, 1259, 1372, 1289, 1102, 1268, 1160, 1326, 1142, 1161, 1282, 1213, 1480, 1466, 1122, 987, 1192, 1221, 1302, 1492, 1271, 1104, 1246, 1249, 1439, 1253, 1468, 1266, 1389, 1448, 1321, 1522, 1506, 1214, 1185, 1239, 1306, 1350, 1316, 1508, 1206, 1469, 1167, 1159, 1319, 1352, 1274, 1210, 1353, 1220, 1090, 1347, 1295, 1200, 1139, 1347, 1208, 1035, 1430, 1303, 1265, 1430, 1240, 1136, 1111, 1162, 1129, 1064, 1347, 899, 1132, 1439, 1212, 1075, 1246, 1267, 1092, 1298, 1331, 950, 1227, 1560, 1061, 1459, 1219, 1295, 1265, 1276, 1210, 1095, 1288, 1115, 1156, 1150, 1394, 1346, 1497, 1297, 1246, 1371, 1399, 1063, 1331, 1547, 1277, 1247, 1315, 1441, 1260, 1112, 1170, 1147, 1179, 1059, 1393, 1127, 1319, 1168, 1303, 1212, 1201, 1132, 1405, 1225, 1244, 1086, 1405, 1358, 1403, 1208, 1270, 1181, 1232, 1458, 1178, 1307, 1279, 1345, 1161, 1516, 1286, 1483, 1172, 1237, 1155, 1289, 1273, 1263, 1383, 1337, 1267, 1153, 1353, 1482, 1072, 1283, 1391, 1311, 1286, 1205, 1136, 1253, 1194, 1314, 1467, 1076, 1196, 1066, 1186, 1326, 1539, 1299, 1304, 1315, 1343, 1273, 1309, 1151, 1223, 1293, 1368, 1123, 1179, 1306, 1312, 1552, 1030, 1074, 1336, 1322, 1347, 1336, 1687, 1087, 1307, 1373, 1367, 1419, 1345, 1358, 1170, 1422, 1393, 1059, 1272, 1089, 1130, 1479, 1241, 1193, 1352, 1275, 1172, 973, 1204, 1137, 1228, 1218, 1312, 1389, 1261, 1177, 1343, 1285, 1022, 1376, 1371, 1471, 1137, 1283, 1101, 1459, 1228, 1292, 1387, 1391, 1389, 1032, 1202, 1196, 1201, 1243, 1417, 1273, 1235, 1017, 1280, 1357, 1155, 1399, 1249, 1149, 1256, 1328, 1354, 1161, 1293, 1378, 1140, 1340, 1275, 1374, 1229, 1220, 1460, 1194, 1204, 1116, 1273, 1351, 921, 1250, 1179, 1446, 1203, 1165, 918, 1419, 1350, 1374, 1276, 1308, 1483, 1320, 1293, 1293, 1103, 1414, 1263, 1160, 996, 1375, 1424, 1222, 1352, 1274, 1309, 1301, 1112, 1304, 1201, 1279, 1104, 1282, 1222, 1211, 1302, 1250, 1433, 1268, 1358, 1389, 1072, 1245, 1123, 1297, 1142, 1260, 1260, 1426, 1156, 1340, 1424, 1345, 1128, 1423, 1255, 1165, 1288, 1286, 1244, 1161, 1248, 1260, 1122, 1404, 1428, 1143, 1300, 1172, 1153, 1087, 1382, 1387, 1274, 1265, 1337, 1415, 1196, 1494, 1147, 1422, 1324, 1036, 1288, 1261, 1229, 1151, 1260, 1146, 1285, 1080, 1111, 1275, 1204, 1353, 1335, 1282, 1289, 1392, 1191, 1331, 1311, 1159, 1292, 1239, 1411, 1262, 1138, 1157, 1280, 1414, 1374, 1065, 1500, 1164, 1251, 1179, 1302, 1151, 1107, 1243, 1335, 1463, 1335, 1198, 1111, 1169, 1109, 1382, 1145, 1456, 1376, 1211, 1239, 1371, 1232, 1254, 1017, 1339, 1207, 1213, 1390, 1357, 1146, 1360, 1222, 1389, 1071, 1274, 1077, 1147, 1434, 1549, 1467, 1197, 1203, 1221, 1248, 1294, 1395, 1316, 1214, 1076, 1240, 1258, 1159, 1095, 1252, 1355, 1506, 1045, 1229, 1321, 1148, 1368, 1176, 1153, 1210, 1034, 1183, 998, 1139, 1256, 1336, 1360, 1285, 1053, 1417, 1190, 1174, 1344, 1059, 1354, 1124, 1175, 1336, 1271, 1390, 1350, 1234, 1344, 1376, 1326, 1088, 1354, 1357, 1145, 1363, 1530, 1328, 1342, 1312, 1199, 1385, 1138, 1180, 1297, 1393, 1413, 1136, 1506, 1136, 1127, 1317, 1183, 1308, 1261, 1343, 1235, 1224, 1479, 1198, 1318, 1177, 1287, 1505, 1136, 1134, 1293, 1444, 1167, 1196, 1250, 1229, 1222, 1237, 1352, 1227, 1295, 1315, 1221, 1167, 1026, 1336, 1335, 1177, 1438, 1328, 1061, 1190, 1069, 1330, 1374, 1120, 1225, 1081, 1289, 1104, 1083, 1471, 1140, 1037, 1463, 1423, 1286, 1184, 1237, 1245, 1442, 1137, 1294, 1322, 1310, 1293, 1203, 1323, 1141, 1140, 1266, 1168, 1194, 1410, 1288, 1300, 1197, 1317, 1137, 1403, 1198, 1255, 1244, 1312, 1392, 1320, 1340, 1364, 1389, 1229, 896, 1196, 1405, 1332, 1281, 1262, 1496, 1322, 1064, 1294, 1435, 1299, 1281, 1396, 1396, 1458, 1400, 1481, 1453, 1185, 877, 1127, 1349, 1204, 1446, 1448, 1576, 1152, 1198, 1333, 1317, 1451, 899, 1151, 1256, 1384, 1517, 1346, 1667, 1236, 1225, 1335, 1200, 1429, 1323, 1333, 1444, 1350, 1128, 1120, 898, 1287, 1173, 1270, 1009, 1146, 1176, 1206, 1502, 1396, 1327, 1381, 1243, 1205, 1254, 1099, 1161, 1029, 1092, 1238, 1110, 1372, 1179, 1189, 1269, 1170, 1251, 1429, 1209, 1222, 1395, 1187, 1056, 1209, 1245, 1142, 1453, 1333, 1271, 1043, 1188, 1261, 997, 1251, 1147, 1175, 1526, 1390, 1315, 1234, 1207, 1437, 1467, 1285, 1178, 1359, 1114, 1223, 1280, 1375, 1158, 1312, 1233, 1377, 1219, 1081, 1464, 1307, 1218, 1192, 1116, 1456, 1271, 1231, 1237]

[wilma]
  Promedio : 801.7s
  Desvío   : 93.4s
  IC 95%   : [799.1s, 804.3s]
  Mínimo   : 485s
  Máximo   : 1210s
  Tiempos  : [775, 870, 705, 598, 845, 831, 794, 838, 752, 823, 708, 920, 846, 950, 607, 796, 732, 668, 843, 869, 830, 820, 816, 940, 721, 797, 895, 582, 907, 762, 819, 879, 908, 821, 878, 590, 800, 724, 727, 636, 916, 946, 917, 838, 891, 740, 764, 732, 651, 810, 806, 790, 910, 668, 723, 755, 746, 814, 874, 633, 811, 903, 881, 975, 881, 806, 828, 949, 737, 617, 862, 940, 819, 725, 719, 790, 917, 777, 781, 797, 692, 814, 852, 720, 980, 820, 947, 779, 920, 731, 765, 760, 844, 800, 851, 674, 889, 749, 808, 746, 802, 1067, 724, 682, 892, 753, 894, 854, 899, 834, 735, 927, 930, 668, 890, 942, 799, 736, 843, 858, 724, 753, 944, 746, 892, 892, 721, 802, 742, 761, 883, 926, 874, 893, 725, 934, 865, 850, 847, 593, 940, 745, 1003, 644, 656, 679, 766, 989, 797, 744, 1012, 780, 839, 857, 868, 896, 785, 884, 911, 906, 869, 810, 745, 870, 816, 876, 761, 872, 856, 862, 805, 988, 822, 764, 815, 1001, 885, 734, 686, 792, 641, 918, 718, 757, 924, 698, 844, 952, 1006, 634, 846, 749, 908, 858, 636, 927, 897, 1027, 742, 855, 848, 774, 665, 906, 733, 842, 850, 829, 772, 827, 844, 957, 742, 779, 762, 862, 936, 936, 757, 854, 829, 660, 640, 872, 807, 750, 821, 844, 773, 800, 835, 786, 751, 1034, 887, 825, 802, 754, 860, 740, 875, 996, 760, 953, 689, 672, 856, 987, 1028, 801, 771, 761, 830, 745, 819, 906, 706, 814, 814, 989, 754, 659, 848, 819, 874, 755, 894, 701, 790, 963, 802, 702, 841, 909, 663, 670, 753, 895, 735, 790, 853, 886, 764, 693, 760, 579, 787, 632, 759, 602, 603, 762, 855, 773, 640, 723, 864, 794, 928, 810, 678, 748, 775, 752, 928, 678, 821, 758, 803, 655, 873, 807, 857, 753, 716, 683, 824, 937, 778, 880, 800, 777, 861, 896, 616, 794, 783, 743, 869, 914, 768, 751, 631, 709, 874, 771, 715, 856, 793, 809, 841, 924, 818, 773, 965, 896, 623, 885, 855, 662, 766, 720, 701, 771, 895, 832, 674, 821, 771, 665, 820, 879, 951, 867, 882, 723, 820, 1022, 885, 727, 856, 1014, 622, 634, 865, 804, 712, 810, 885, 736, 638, 736, 929, 853, 788, 821, 862, 929, 842, 821, 956, 734, 787, 787, 708, 775, 949, 965, 773, 996, 794, 751, 878, 770, 797, 861, 778, 699, 695, 841, 835, 664, 703, 825, 683, 709, 791, 834, 870, 840, 764, 771, 842, 815, 1054, 735, 813, 653, 849, 876, 815, 759, 710, 787, 761, 962, 669, 817, 797, 917, 894, 796, 843, 703, 661, 751, 778, 811, 668, 849, 784, 889, 673, 804, 759, 756, 748, 792, 826, 827, 814, 795, 717, 837, 782, 727, 765, 1023, 826, 790, 864, 823, 944, 738, 696, 810, 731, 800, 694, 737, 793, 674, 896, 809, 823, 882, 1073, 761, 748, 696, 857, 895, 788, 715, 925, 765, 769, 714, 765, 768, 788, 882, 627, 947, 823, 968, 892, 533, 638, 847, 864, 789, 857, 744, 741, 927, 833, 904, 752, 860, 760, 867, 738, 1045, 874, 926, 549, 741, 933, 826, 701, 976, 814, 693, 815, 826, 747, 846, 745, 665, 795, 718, 746, 764, 755, 688, 764, 914, 890, 787, 803, 881, 818, 844, 796, 876, 913, 852, 852, 790, 762, 855, 781, 985, 890, 719, 837, 666, 684, 751, 702, 775, 790, 753, 623, 801, 855, 869, 761, 705, 852, 884, 915, 707, 795, 617, 756, 815, 683, 786, 593, 928, 889, 984, 705, 825, 678, 826, 800, 863, 847, 788, 776, 778, 798, 831, 824, 824, 808, 971, 852, 785, 936, 822, 993, 874, 1006, 908, 813, 841, 649, 795, 604, 820, 705, 985, 892, 806, 819, 743, 645, 694, 719, 778, 780, 813, 825, 870, 716, 758, 582, 709, 904, 669, 579, 780, 811, 695, 843, 837, 880, 770, 737, 835, 842, 872, 860, 773, 700, 776, 670, 782, 741, 747, 795, 816, 738, 952, 727, 759, 740, 837, 746, 835, 843, 647, 784, 758, 649, 812, 824, 732, 808, 701, 803, 790, 916, 851, 896, 789, 821, 794, 992, 789, 863, 728, 725, 861, 863, 690, 772, 801, 793, 900, 940, 700, 681, 697, 709, 877, 772, 869, 785, 767, 776, 998, 837, 652, 904, 880, 769, 979, 707, 670, 831, 808, 612, 823, 735, 783, 825, 878, 868, 788, 846, 876, 740, 894, 877, 930, 784, 812, 867, 721, 765, 653, 859, 784, 778, 1053, 744, 722, 636, 881, 824, 957, 761, 727, 758, 712, 966, 643, 836, 885, 795, 712, 824, 886, 749, 769, 940, 859, 769, 819, 735, 894, 896, 855, 780, 873, 888, 702, 768, 851, 680, 801, 752, 716, 818, 836, 813, 760, 690, 900, 897, 867, 704, 953, 822, 777, 838, 621, 881, 851, 673, 880, 812, 1014, 748, 796, 729, 892, 856, 963, 853, 670, 863, 893, 806, 811, 876, 826, 851, 812, 835, 911, 1028, 992, 753, 810, 803, 910, 763, 955, 865, 829, 712, 823, 900, 722, 679, 790, 717, 682, 849, 818, 739, 569, 798, 762, 804, 839, 1035, 861, 678, 703, 873, 761, 652, 628, 871, 879, 730, 749, 698, 736, 920, 798, 532, 612, 822, 916, 812, 778, 859, 758, 621, 720, 636, 695, 735, 742, 776, 778, 737, 670, 806, 839, 744, 859, 868, 727, 792, 932, 839, 785, 818, 843, 708, 893, 879, 744, 844, 911, 732, 804, 754, 754, 834, 725, 868, 874, 865, 699, 707, 903, 841, 779, 1038, 954, 902, 891, 854, 721, 792, 900, 824, 755, 772, 781, 933, 808, 959, 898, 719, 836, 814, 629, 736, 857, 681, 741, 653, 854, 784, 987, 789, 763, 916, 907, 864, 797, 806, 863, 802, 1040, 658, 918, 728, 792, 841, 715, 788, 885, 695, 827, 930, 744, 881, 911, 608, 785, 669, 872, 721, 789, 834, 730, 782, 590, 751, 784, 650, 867, 830, 791, 852, 747, 696, 973, 749, 945, 927, 737, 873, 859, 760, 814, 956, 660, 598, 716, 884, 801, 836, 938, 815, 942, 886, 694, 683, 1047, 700, 832, 876, 807, 749, 798, 855, 687, 804, 829, 960, 785, 663, 725, 801, 855, 638, 882, 769, 723, 688, 719, 903, 717, 710, 837, 753, 987, 759, 877, 925, 752, 751, 681, 862, 720, 799, 735, 920, 872, 784, 789, 881, 526, 968, 796, 909, 769, 866, 927, 793, 867, 849, 850, 670, 704, 840, 815, 796, 796, 849, 825, 899, 740, 844, 658, 745, 776, 594, 850, 769, 809, 933, 951, 822, 852, 725, 803, 907, 783, 846, 703, 594, 952, 806, 749, 952, 618, 890, 798, 813, 871, 833, 812, 866, 744, 792, 723, 883, 930, 725, 754, 861, 805, 783, 726, 790, 804, 808, 777, 720, 728, 617, 768, 998, 682, 728, 820, 642, 779, 881, 864, 673, 786, 751, 727, 636, 840, 855, 931, 717, 893, 742, 643, 647, 710, 727, 621, 860, 736, 712, 1066, 797, 741, 678, 755, 830, 610, 908, 783, 748, 909, 720, 856, 714, 646, 813, 789, 844, 711, 777, 694, 773, 710, 1069, 789, 815, 879, 762, 917, 847, 713, 916, 829, 833, 806, 739, 800, 785, 713, 738, 917, 903, 762, 818, 822, 770, 776, 669, 937, 878, 817, 815, 871, 844, 870, 875, 800, 811, 700, 868, 768, 780, 929, 718, 730, 856, 762, 810, 733, 898, 815, 704, 972, 693, 655, 896, 957, 865, 703, 799, 793, 907, 822, 758, 804, 818, 1043, 634, 943, 776, 806, 761, 719, 737, 890, 531, 897, 754, 1041, 862, 896, 759, 725, 875, 698, 798, 745, 873, 927, 785, 807, 597, 955, 690, 818, 766, 827, 653, 685, 720, 719, 781, 939, 730, 702, 751, 815, 896, 710, 757, 712, 871, 977, 933, 791, 936, 655, 795, 645, 781, 669, 806, 815, 752, 723, 667, 785, 811, 757, 617, 897, 789, 786, 680, 654, 719, 873, 879, 735, 726, 627, 772, 778, 984, 745, 753, 660, 948, 704, 903, 1006, 722, 818, 814, 710, 838, 890, 791, 720, 822, 871, 1080, 737, 788, 654, 868, 757, 710, 762, 797, 715, 719, 747, 728, 983, 746, 931, 738, 661, 748, 916, 943, 840, 843, 710, 704, 869, 790, 816, 780, 844, 954, 841, 751, 804, 769, 785, 934, 798, 879, 931, 854, 776, 718, 769, 765, 883, 755, 859, 582, 783, 909, 947, 704, 872, 690, 885, 791, 770, 898, 763, 688, 734, 1067, 796, 836, 975, 840, 911, 809, 806, 710, 987, 761, 683, 972, 775, 683, 835, 658, 761, 804, 767, 936, 825, 809, 913, 818, 897, 869, 850, 918, 894, 779, 759, 711, 912, 762, 704, 670, 801, 873, 747, 687, 581, 807, 872, 764, 888, 573, 837, 802, 690, 784, 748, 841, 867, 794, 717, 811, 788, 866, 639, 710, 883, 820, 778, 730, 768, 808, 1015, 830, 779, 676, 875, 854, 834, 847, 721, 869, 729, 614, 851, 847, 874, 795, 948, 811, 801, 849, 698, 839, 821, 846, 748, 675, 903, 911, 850, 840, 859, 810, 626, 881, 826, 871, 926, 691, 689, 867, 701, 793, 850, 825, 884, 849, 810, 739, 877, 863, 728, 672, 775, 834, 738, 683, 853, 920, 843, 831, 762, 882, 637, 847, 663, 732, 622, 720, 747, 777, 839, 786, 846, 890, 699, 851, 745, 785, 765, 782, 872, 1034, 754, 739, 742, 922, 788, 600, 898, 657, 895, 675, 896, 818, 728, 865, 853, 801, 690, 713, 609, 835, 739, 667, 744, 779, 831, 767, 859, 794, 973, 960, 781, 779, 713, 875, 846, 787, 780, 837, 800, 708, 880, 802, 760, 743, 763, 867, 811, 888, 780, 827, 883, 774, 728, 914, 729, 754, 714, 815, 995, 811, 838, 803, 839, 621, 798, 817, 795, 624, 789, 841, 877, 865, 924, 682, 682, 839, 829, 777, 877, 1049, 645, 707, 710, 789, 696, 830, 820, 815, 815, 806, 908, 829, 853, 709, 723, 692, 938, 678, 865, 556, 964, 749, 847, 845, 682, 737, 775, 838, 764, 738, 654, 897, 662, 845, 764, 851, 919, 815, 630, 726, 672, 773, 807, 894, 754, 911, 942, 823, 642, 790, 839, 702, 804, 676, 812, 922, 643, 846, 798, 690, 612, 828, 957, 940, 872, 842, 843, 854, 766, 758, 776, 761, 746, 908, 894, 914, 657, 863, 912, 710, 879, 736, 798, 863, 857, 871, 721, 611, 712, 822, 730, 824, 837, 939, 668, 900, 712, 988, 782, 855, 952, 979, 915, 669, 932, 758, 863, 865, 729, 792, 750, 832, 885, 749, 828, 771, 867, 777, 816, 742, 749, 731, 705, 704, 704, 809, 1080, 843, 939, 922, 738, 692, 785, 706, 915, 835, 840, 823, 741, 732, 744, 866, 738, 753, 758, 734, 651, 803, 627, 848, 664, 792, 597, 758, 824, 738, 840, 857, 849, 947, 737, 833, 901, 775, 899, 757, 842, 985, 905, 807, 833, 829, 922, 731, 787, 903, 913, 825, 1051, 727, 930, 745, 884, 716, 864, 1026, 973, 856, 768, 838, 915, 871, 963, 868, 896, 910, 898, 771, 877, 933, 781, 935, 888, 821, 714, 861, 732, 803, 701, 737, 674, 807, 733, 805, 900, 754, 765, 664, 672, 781, 884, 683, 726, 843, 879, 964, 787, 945, 785, 642, 850, 787, 846, 803, 671, 732, 780, 821, 1074, 760, 908, 901, 883, 916, 801, 859, 923, 929, 979, 938, 760, 809, 698, 828, 1017, 845, 786, 725, 727, 723, 842, 771, 843, 548, 889, 796, 814, 859, 789, 834, 795, 842, 600, 663, 691, 955, 823, 842, 831, 710, 695, 772, 747, 985, 765, 798, 945, 667, 740, 707, 768, 893, 886, 821, 926, 881, 960, 678, 732, 826, 859, 869, 704, 863, 849, 673, 853, 805, 667, 826, 811, 900, 839, 881, 755, 857, 799, 852, 643, 835, 843, 787, 841, 794, 832, 727, 701, 802, 1036, 839, 936, 800, 745, 933, 867, 869, 892, 742, 616, 863, 888, 918, 800, 862, 902, 826, 941, 836, 840, 928, 931, 726, 766, 792, 871, 986, 615, 793, 766, 767, 831, 878, 769, 984, 877, 699, 864, 919, 848, 835, 637, 660, 789, 670, 766, 832, 889, 649, 732, 759, 788, 769, 895, 692, 891, 980, 903, 906, 637, 760, 934, 754, 848, 787, 741, 758, 809, 936, 699, 752, 833, 624, 786, 867, 931, 834, 768, 822, 859, 844, 915, 854, 633, 799, 874, 850, 925, 797, 1032, 945, 871, 767, 806, 992, 856, 804, 1015, 820, 749, 711, 905, 850, 678, 760, 891, 652, 718, 623, 789, 753, 909, 757, 753, 652, 793, 868, 742, 737, 563, 1016, 697, 764, 716, 904, 856, 717, 643, 630, 699, 796, 692, 661, 840, 751, 765, 795, 738, 834, 834, 785, 861, 737, 825, 881, 867, 751, 911, 737, 809, 792, 907, 926, 589, 828, 849, 801, 844, 924, 938, 795, 762, 836, 845, 827, 790, 846, 738, 812, 888, 828, 750, 826, 706, 702, 751, 724, 861, 690, 937, 738, 805, 836, 763, 743, 813, 821, 858, 649, 887, 777, 789, 746, 819, 913, 790, 722, 854, 681, 859, 795, 623, 949, 787, 749, 709, 822, 764, 652, 753, 815, 875, 803, 885, 697, 728, 863, 818, 892, 978, 796, 656, 658, 740, 775, 666, 653, 833, 1021, 751, 835, 922, 944, 927, 781, 798, 843, 677, 765, 809, 861, 789, 754, 957, 797, 724, 805, 694, 665, 857, 839, 855, 761, 787, 763, 763, 843, 869, 795, 617, 830, 714, 795, 731, 636, 770, 805, 712, 808, 748, 1040, 745, 834, 828, 925, 744, 865, 842, 705, 906, 716, 775, 814, 750, 869, 773, 803, 732, 831, 953, 805, 582, 732, 850, 610, 816, 871, 793, 923, 812, 806, 1015, 816, 573, 905, 651, 685, 808, 831, 670, 812, 872, 915, 831, 787, 642, 892, 639, 955, 779, 782, 746, 937, 777, 804, 741, 815, 694, 822, 880, 856, 813, 825, 740, 680, 657, 781, 667, 820, 844, 1013, 733, 708, 916, 834, 668, 945, 857, 558, 783, 746, 779, 900, 831, 820, 898, 906, 876, 822, 764, 695, 659, 891, 811, 919, 926, 763, 752, 728, 1021, 829, 703, 734, 764, 763, 899, 804, 758, 935, 950, 914, 887, 759, 689, 879, 1031, 609, 781, 957, 868, 874, 754, 678, 781, 779, 785, 866, 778, 757, 811, 772, 879, 900, 911, 799, 873, 934, 885, 988, 764, 836, 890, 843, 975, 734, 772, 854, 846, 877, 851, 779, 873, 1033, 721, 939, 795, 549, 828, 658, 750, 797, 690, 993, 797, 665, 749, 840, 834, 750, 908, 922, 735, 825, 860, 741, 803, 771, 653, 710, 817, 750, 691, 764, 885, 892, 769, 776, 767, 900, 904, 655, 893, 661, 774, 677, 778, 811, 881, 848, 836, 797, 907, 844, 544, 805, 823, 849, 770, 862, 756, 663, 690, 636, 790, 757, 990, 721, 718, 828, 840, 869, 839, 751, 642, 785, 643, 761, 696, 931, 828, 800, 904, 954, 793, 803, 951, 692, 884, 664, 676, 868, 796, 975, 697, 782, 849, 823, 773, 803, 579, 739, 785, 830, 783, 922, 682, 805, 848, 868, 713, 730, 702, 815, 796, 746, 970, 783, 844, 729, 798, 775, 915, 907, 815, 745, 865, 709, 894, 863, 575, 897, 1008, 891, 767, 826, 834, 767, 773, 993, 789, 936, 823, 734, 744, 851, 766, 839, 827, 874, 994, 808, 910, 899, 915, 807, 732, 771, 768, 700, 985, 873, 992, 592, 860, 782, 796, 666, 763, 867, 568, 784, 624, 1028, 947, 843, 802, 788, 854, 758, 919, 520, 876, 738, 668, 705, 1085, 681, 865, 873, 793, 695, 819, 952, 793, 832, 746, 877, 700, 694, 970, 888, 832, 761, 701, 749, 949, 746, 753, 725, 715, 711, 882, 771, 810, 854, 741, 911, 808, 618, 843, 697, 593, 866, 842, 755, 903, 751, 1036, 913, 771, 711, 768, 786, 781, 705, 790, 812, 915, 771, 759, 916, 751, 818, 695, 813, 835, 858, 959, 624, 975, 889, 783, 945, 633, 812, 804, 801, 757, 871, 741, 909, 722, 726, 1014, 731, 880, 858, 721, 877, 856, 761, 797, 607, 820, 857, 777, 827, 701, 815, 831, 904, 749, 723, 700, 853, 775, 766, 796, 740, 734, 816, 841, 865, 743, 831, 855, 811, 924, 753, 762, 745, 829, 675, 805, 850, 787, 769, 771, 963, 799, 835, 822, 845, 910, 846, 662, 922, 781, 850, 697, 912, 620, 803, 766, 852, 933, 824, 994, 756, 1013, 689, 820, 566, 582, 829, 803, 559, 695, 697, 907, 685, 796, 824, 975, 929, 703, 781, 789, 829, 552, 974, 1048, 562, 851, 735, 648, 668, 1023, 715, 806, 716, 638, 757, 731, 881, 686, 713, 810, 744, 807, 711, 782, 579, 848, 848, 875, 513, 844, 803, 608, 892, 810, 801, 544, 635, 789, 745, 864, 843, 634, 616, 832, 857, 784, 829, 854, 806, 650, 614, 852, 685, 606, 653, 816, 811, 775, 709, 818, 805, 790, 854, 737, 834, 859, 684, 701, 756, 776, 849, 836, 741, 845, 668, 817, 654, 1151, 953, 741, 807, 797, 842, 838, 775, 855, 846, 633, 844, 772, 920, 708, 777, 940, 865, 655, 763, 1005, 985, 885, 874, 708, 794, 679, 649, 880, 708, 673, 880, 868, 810, 819, 850, 771, 827, 760, 741, 787, 777, 804, 835, 747, 840, 838, 790, 670, 805, 782, 809, 746, 962, 871, 790, 517, 751, 726, 794, 658, 666, 790, 539, 745, 670, 865, 832, 738, 731, 774, 740, 873, 782, 747, 668, 883, 721, 1034, 838, 922, 832, 818, 832, 742, 902, 705, 716, 831, 708, 789, 787, 797, 861, 859, 685, 863, 857, 888, 722, 837, 837, 648, 757, 682, 993, 776, 732, 852, 894, 687, 815, 782, 865, 796, 764, 708, 726, 823, 668, 697, 798, 937, 751, 757, 828, 672, 872, 688, 752, 899, 757, 751, 797, 892, 863, 784, 814, 706, 826, 754, 924, 751, 846, 746, 674, 820, 866, 806, 719, 890, 956, 625, 968, 754, 818, 771, 760, 819, 809, 798, 738, 624, 763, 813, 743, 813, 834, 851, 968, 697, 941, 891, 852, 848, 862, 896, 843, 754, 824, 832, 853, 977, 782, 964, 686, 803, 784, 726, 852, 800, 703, 998, 740, 863, 642, 878, 835, 835, 730, 777, 682, 930, 683, 798, 893, 909, 799, 881, 863, 1011, 859, 588, 813, 735, 839, 998, 934, 831, 897, 815, 772, 883, 822, 640, 738, 939, 795, 719, 812, 849, 751, 855, 678, 839, 914, 806, 902, 753, 749, 818, 823, 576, 1004, 801, 804, 863, 707, 817, 759, 817, 768, 847, 729, 828, 855, 955, 904, 908, 697, 958, 859, 946, 735, 707, 783, 823, 688, 667, 843, 698, 847, 780, 748, 773, 727, 745, 637, 704, 937, 1003, 775, 783, 1014, 693, 800, 718, 835, 810, 708, 769, 757, 922, 892, 730, 876, 772, 780, 727, 797, 860, 895, 873, 758, 750, 837, 859, 808, 705, 812, 603, 794, 827, 870, 911, 743, 627, 873, 671, 758, 563, 805, 805, 702, 866, 677, 615, 995, 970, 776, 727, 929, 787, 834, 937, 911, 770, 702, 859, 841, 839, 796, 896, 738, 832, 867, 645, 829, 808, 818, 762, 790, 873, 842, 864, 832, 741, 802, 720, 942, 717, 874, 813, 943, 726, 781, 821, 812, 792, 886, 705, 895, 760, 833, 773, 828, 937, 864, 821, 845, 768, 677, 1090, 878, 654, 583, 763, 663, 812, 880, 938, 871, 823, 706, 896, 669, 774, 784, 893, 757, 691, 759, 921, 822, 631, 870, 853, 665, 780, 738, 742, 875, 726, 684, 691, 732, 732, 881, 791, 932, 721, 831, 636, 839, 750, 1053, 831, 785, 838, 801, 838, 754, 749, 737, 864, 750, 858, 742, 809, 882, 894, 741, 891, 876, 662, 614, 917, 860, 771, 722, 770, 609, 847, 860, 899, 866, 816, 774, 684, 831, 964, 803, 982, 898, 874, 737, 756, 734, 917, 944, 741, 810, 822, 692, 788, 808, 868, 962, 800, 840, 726, 817, 772, 783, 900, 797, 953, 873, 752, 950, 716, 725, 749, 837, 702, 771, 786, 823, 835, 788, 843, 835, 770, 745, 818, 847, 572, 853, 828, 862, 891, 769, 704, 851, 870, 813, 912, 791, 608, 848, 772, 757, 890, 891, 867, 794, 790, 817, 645, 877, 759, 652, 893, 918, 880, 939, 872, 706, 763, 813, 873, 858, 678, 957, 768, 722, 682, 690, 809, 891, 996, 843, 737, 859, 762, 829, 661, 786, 705, 839, 808, 852, 741, 511, 709, 764, 706, 806, 748, 753, 795, 852, 966, 918, 742, 879, 907, 672, 815, 821, 774, 849, 706, 890, 949, 638, 734, 703, 884, 867, 797, 744, 833, 955, 664, 842, 866, 763, 832, 979, 972, 878, 886, 870, 754, 788, 629, 1019, 848, 829, 859, 712, 784, 916, 922, 852, 739, 793, 793, 991, 738, 866, 979, 785, 714, 760, 849, 782, 843, 829, 903, 864, 882, 884, 825, 968, 778, 761, 744, 705, 914, 485, 711, 868, 751, 849, 799, 825, 736, 812, 756, 715, 785, 849, 801, 853, 809, 723, 940, 651, 841, 845, 855, 861, 992, 748, 714, 892, 689, 736, 889, 827, 900, 819, 787, 697, 955, 1004, 751, 712, 804, 850, 922, 829, 893, 791, 867, 759, 624, 948, 673, 954, 805, 847, 633, 886, 888, 786, 943, 752, 950, 942, 837, 633, 885, 648, 845, 604, 839, 765, 790, 786, 822, 880, 920, 998, 852, 899, 798, 841, 830, 906, 666, 842, 765, 837, 693, 689, 824, 726, 835, 759, 782, 893, 840, 840, 860, 898, 683, 886, 888, 808, 805, 910, 959, 952, 806, 954, 683, 905, 864, 784, 677, 870, 995, 861, 913, 782, 847, 918, 726, 775, 841, 707, 779, 741, 705, 859, 845, 597, 897, 889, 837, 845, 849, 795, 683, 895, 636, 882, 595, 700, 726, 828, 735, 842, 857, 855, 789, 861, 895, 847, 747, 674, 848, 803, 929, 775, 749, 786, 828, 769, 751, 811, 666, 700, 931, 793, 836, 823, 644, 873, 733, 819, 765, 771, 813, 696, 947, 678, 617, 726, 731, 781, 785, 808, 856, 885, 695, 1027, 740, 791, 861, 889, 747, 702, 773, 730, 861, 628, 753, 721, 697, 837, 795, 712, 738, 637, 814, 1065, 613, 920, 1023, 675, 750, 632, 827, 869, 730, 700, 913, 765, 788, 700, 728, 664, 760, 821, 732, 781, 800, 724, 828, 752, 855, 756, 823, 907, 817, 664, 797, 872, 814, 867, 954, 727, 851, 879, 839, 926, 623, 796, 873, 778, 772, 778, 931, 720, 888, 913, 849, 798, 742, 673, 792, 765, 653, 792, 862, 861, 914, 668, 906, 915, 778, 822, 819, 810, 761, 806, 893, 800, 720, 784, 710, 966, 875, 796, 790, 973, 798, 659, 881, 917, 827, 831, 811, 753, 910, 648, 840, 825, 774, 736, 957, 918, 859, 1018, 825, 848, 838, 683, 896, 875, 927, 740, 807, 869, 682, 723, 832, 768, 820, 797, 716, 594, 935, 803, 906, 838, 812, 901, 919, 886, 924, 779, 686, 887, 698, 604, 821, 805, 841, 738, 876, 843, 923, 835, 721, 746, 597, 937, 668, 786, 608, 738, 826, 869, 897, 853, 693, 961, 690, 789, 893, 576, 718, 761, 873, 782, 801, 708, 708, 663, 981, 818, 787, 794, 831, 907, 940, 772, 864, 790, 788, 823, 751, 853, 870, 693, 795, 730, 599, 864, 821, 895, 788, 838, 820, 787, 847, 890, 709, 902, 778, 744, 888, 795, 997, 790, 834, 783, 730, 766, 649, 749, 771, 875, 773, 657, 769, 853, 826, 832, 744, 752, 613, 832, 734, 911, 704, 869, 980, 759, 837, 792, 908, 802, 976, 848, 835, 741, 950, 763, 864, 788, 820, 752, 625, 851, 937, 774, 746, 662, 736, 797, 820, 754, 748, 702, 797, 894, 880, 905, 844, 650, 972, 855, 993, 775, 729, 771, 958, 758, 758, 854, 808, 620, 720, 787, 981, 902, 775, 738, 691, 807, 757, 720, 771, 565, 730, 801, 727, 918, 669, 806, 780, 613, 876, 786, 747, 714, 751, 800, 799, 778, 779, 778, 765, 749, 775, 817, 802, 674, 859, 683, 604, 899, 781, 866, 636, 744, 771, 916, 994, 953, 670, 744, 781, 738, 671, 886, 831, 733, 765, 917, 561, 976, 883, 739, 823, 648, 820, 830, 682, 692, 908, 714, 705, 826, 732, 784, 810, 731, 757, 762, 816, 737, 722, 918, 803, 918, 721, 697, 840, 929, 796, 680, 854, 687, 685, 852, 872, 623, 793, 870, 549, 804, 853, 851, 771, 808, 717, 770, 706, 933, 770, 710, 769, 787, 689, 840, 937, 906, 809, 766, 888, 629, 940, 913, 911, 790, 810, 811, 736, 862, 943, 865, 765, 883, 872, 1027, 906, 839, 990, 827, 874, 949, 915, 718, 845, 706, 819, 754, 710, 815, 803, 705, 828, 902, 801, 795, 719, 754, 785, 777, 699, 798, 941, 852, 804, 767, 833, 938, 674, 684, 857, 711, 915, 979, 817, 898, 727, 826, 729, 725, 691, 928, 628, 784, 781, 776, 733, 799, 692, 705, 728, 954, 729, 1070, 705, 862, 832, 885, 774, 766, 1011, 565, 835, 731, 930, 781, 686, 1024, 812, 630, 695, 608, 615, 716, 794, 897, 954, 745, 813, 500, 743, 845, 783, 811, 701, 899, 795, 896, 882, 787, 852, 765, 812, 890, 759, 926, 865, 954, 677, 752, 736, 737, 676, 839, 929, 787, 813, 784, 629, 733, 809, 737, 828, 974, 631, 924, 833, 829, 842, 723, 795, 912, 854, 721, 787, 889, 705, 807, 757, 804, 843, 835, 665, 816, 878, 640, 931, 740, 801, 698, 847, 868, 822, 804, 664, 926, 677, 692, 748, 798, 894, 964, 808, 908, 940, 768, 922, 731, 785, 757, 848, 721, 956, 898, 783, 884, 981, 800, 908, 862, 742, 795, 861, 770, 710, 828, 859, 915, 848, 966, 727, 852, 836, 854, 986, 900, 704, 783, 765, 789, 670, 703, 797, 870, 1000, 706, 801, 752, 918, 707, 916, 825, 686, 682, 812, 734, 773, 753, 785, 811, 746, 831, 932, 750, 737, 805, 779, 801, 835, 888, 850, 768, 886, 1045, 802, 829, 901, 958, 675, 518, 760, 739, 677, 761, 779, 760, 927, 879, 752, 681, 955, 778, 735, 920, 643, 814, 893, 794, 899, 732, 984, 801, 858, 943, 817, 863, 538, 879, 796, 1031, 890, 740, 938, 878, 834, 938, 755, 721, 677, 690, 820, 728, 819, 873, 733, 689, 745, 890, 802, 878, 794, 631, 799, 798, 830, 749, 790, 702, 836, 776, 798, 710, 715, 743, 781, 862, 807, 817, 759, 869, 820, 983, 834, 943, 852, 819, 877, 791, 804, 821, 821, 883, 898, 865, 760, 713, 730, 860, 734, 816, 806, 795, 820, 719, 745, 865, 909, 749, 1101, 823, 722, 572, 734, 645, 785, 778, 637, 684, 555, 571, 743, 918, 696, 541, 752, 642, 739, 738, 833, 746, 723, 755, 906, 744, 731, 757, 588, 922, 829, 813, 793, 753, 786, 865, 745, 841, 831, 747, 798, 698, 904, 851, 783, 832, 699, 696, 910, 714, 879, 728, 787, 812, 831, 891, 696, 752, 864, 756, 790, 705, 855, 775, 814, 709, 756, 715, 803, 820, 671, 855, 569, 896, 819, 629, 875, 714, 777, 621, 877, 799, 773, 656, 937, 798, 903, 623, 855, 643, 844, 773, 917, 672, 676, 783, 837, 639, 850, 1065, 814, 789, 754, 773, 693, 892, 723, 741, 871, 808, 653, 865, 782, 791, 680, 975, 805, 765, 739, 758, 762, 640, 906, 781, 898, 737, 833, 685, 938, 704, 845, 850, 819, 787, 808, 657, 883, 722, 699, 898, 694, 911, 605, 753, 643, 765, 906, 694, 781, 711, 740, 822, 827, 765, 816, 789, 883, 568, 767, 696, 968, 927, 670, 963, 742, 623, 713, 992, 830, 867, 769, 833, 688, 732, 834, 875, 824, 853, 883, 858, 708, 880, 839, 641, 813, 852, 693, 808, 846, 992, 675, 848, 825, 770, 786, 907, 843, 795, 912, 682, 704, 847, 716, 819, 923, 822, 649, 960, 780, 859, 647, 691, 939, 894, 807, 922, 711, 803, 772, 598, 731, 813, 894, 824, 939, 811, 848, 805, 625, 732, 880, 747, 725, 840, 763, 722, 836, 875, 801, 968, 872, 716, 939, 940, 743, 918, 757, 808, 854, 816, 861, 728, 740, 901, 773, 875, 719, 760, 908, 942, 843, 523, 808, 857, 898, 775, 921, 893, 644, 744, 725, 732, 829, 647, 701, 745, 838, 866, 939, 852, 1057, 709, 715, 795, 898, 887, 808, 659, 992, 1017, 969, 596, 786, 849, 780, 964, 731, 800, 870, 671, 739, 853, 788, 844, 772, 830, 702, 735, 880, 734, 757, 761, 845, 760, 674, 805, 860, 772, 844, 796, 851, 807, 778, 890, 836, 941, 753, 814, 923, 824, 795, 748, 666, 759, 724, 851, 831, 769, 823, 818, 848, 919, 787, 939, 684, 635, 991, 663, 817, 745, 727, 737, 734, 830, 851, 626, 845, 788, 668, 811, 632, 831, 911, 898, 828, 934, 877, 907, 803, 821, 864, 731, 834, 746, 835, 779, 873, 678, 841, 737, 629, 719, 751, 748, 920, 862, 1065, 844, 862, 882, 767, 610, 877, 794, 839, 877, 788, 761, 770, 832, 661, 727, 765, 911, 785, 846, 895, 634, 903, 823, 722, 842, 964, 904, 836, 625, 723, 703, 925, 771, 654, 658, 826, 774, 830, 871, 812, 794, 729, 779, 590, 813, 831, 745, 746, 840, 793, 845, 688, 854, 751, 714, 796, 817, 775, 914, 1097, 780, 776, 868, 740, 968, 750, 806, 803, 861, 720, 811, 695, 850, 761, 827, 687, 855, 722, 757, 908, 1035, 597, 916, 865, 960, 835, 788, 957, 861, 758, 826, 738, 639, 701, 903, 801, 781, 656, 771, 848, 708, 809, 803, 671, 700, 1017, 771, 804, 847, 793, 921, 780, 756, 914, 850, 770, 886, 788, 768, 750, 720, 697, 562, 865, 803, 735, 809, 637, 958, 775, 723, 789, 760, 790, 819, 842, 824, 876, 808, 892, 936, 806, 778, 711, 773, 721, 874, 700, 833, 887, 761, 919, 782, 802, 974, 748, 880, 819, 765, 795, 1063, 927, 810, 645, 768, 901, 837, 818, 807, 833, 762, 823, 740, 736, 614, 827, 897, 787, 788, 844, 871, 851, 861, 859, 751, 650, 759, 750, 778, 1030, 712, 776, 656, 674, 758, 851, 829, 775, 857, 795, 796, 762, 792, 898, 761, 902, 820, 920, 828, 853, 860, 802, 737, 914, 727, 720, 777, 812, 807, 1210, 754, 573, 879, 665, 724, 870, 736, 836, 767, 971]

[stfn]
  Promedio : 509.2s
  Desvío   : 54.9s
  IC 95%   : [507.7s, 510.7s]
  Mínimo   : 324s
  Máximo   : 687s
  Tiempos  : [484, 477, 493, 474, 496, 429, 484, 519, 541, 547, 449, 495, 499, 551, 581, 537, 538, 562, 491, 547, 431, 547, 421, 522, 503, 568, 493, 645, 468, 531, 540, 654, 502, 437, 586, 483, 479, 444, 566, 489, 459, 462, 522, 518, 525, 537, 480, 490, 524, 479, 398, 570, 496, 512, 563, 518, 512, 394, 538, 451, 484, 423, 457, 472, 495, 609, 522, 491, 467, 560, 441, 519, 525, 447, 477, 544, 554, 508, 459, 515, 523, 575, 562, 426, 537, 590, 551, 551, 612, 495, 522, 514, 542, 496, 511, 435, 591, 489, 523, 520, 559, 615, 502, 531, 510, 562, 522, 536, 624, 563, 528, 491, 545, 540, 505, 603, 489, 465, 494, 576, 493, 510, 594, 569, 532, 592, 417, 406, 539, 578, 511, 538, 455, 480, 603, 508, 503, 406, 426, 568, 459, 480, 592, 524, 513, 493, 459, 569, 536, 455, 585, 471, 540, 465, 518, 571, 600, 432, 512, 517, 576, 604, 483, 481, 574, 389, 449, 502, 548, 513, 463, 488, 372, 562, 496, 463, 569, 514, 469, 547, 577, 565, 620, 600, 382, 445, 494, 537, 486, 511, 483, 537, 504, 506, 498, 566, 408, 498, 402, 548, 446, 471, 495, 600, 498, 521, 522, 396, 519, 500, 636, 416, 549, 437, 568, 481, 594, 508, 550, 535, 507, 539, 444, 530, 499, 657, 521, 540, 434, 500, 427, 654, 447, 545, 441, 504, 587, 486, 513, 564, 578, 452, 517, 596, 431, 425, 532, 563, 561, 473, 482, 470, 515, 518, 543, 540, 431, 579, 632, 508, 484, 514, 473, 615, 481, 463, 378, 481, 589, 444, 544, 539, 505, 521, 474, 603, 508, 571, 558, 514, 515, 522, 526, 548, 564, 512, 494, 439, 562, 458, 560, 576, 608, 545, 515, 536, 557, 379, 521, 561, 484, 496, 549, 547, 554, 553, 456, 487, 535, 508, 534, 617, 502, 511, 490, 468, 482, 368, 503, 525, 582, 424, 487, 498, 503, 528, 565, 559, 441, 441, 407, 459, 565, 546, 525, 555, 387, 463, 575, 491, 510, 486, 606, 445, 581, 551, 548, 424, 538, 462, 532, 425, 507, 487, 561, 519, 577, 541, 539, 458, 540, 508, 430, 557, 551, 473, 479, 489, 472, 435, 535, 502, 523, 566, 501, 608, 582, 454, 540, 514, 534, 546, 544, 469, 489, 575, 501, 512, 594, 374, 513, 420, 466, 427, 465, 508, 547, 658, 588, 561, 606, 495, 517, 422, 580, 584, 475, 448, 564, 491, 413, 448, 555, 482, 485, 598, 488, 555, 491, 473, 507, 635, 532, 387, 532, 477, 391, 531, 492, 461, 539, 491, 451, 471, 601, 368, 437, 583, 447, 599, 464, 525, 613, 442, 406, 497, 531, 594, 387, 380, 519, 443, 495, 566, 494, 531, 539, 607, 394, 532, 594, 455, 520, 524, 568, 627, 632, 526, 584, 533, 572, 443, 440, 426, 490, 461, 634, 488, 463, 539, 520, 568, 473, 449, 571, 610, 483, 539, 513, 497, 615, 546, 605, 557, 594, 550, 522, 467, 486, 530, 538, 499, 458, 513, 520, 591, 482, 500, 484, 527, 514, 508, 532, 478, 410, 582, 599, 468, 501, 478, 439, 517, 577, 527, 539, 510, 600, 423, 438, 625, 362, 569, 581, 445, 539, 500, 496, 475, 551, 498, 552, 443, 551, 439, 595, 468, 610, 481, 530, 505, 513, 552, 547, 442, 522, 464, 494, 463, 527, 525, 560, 566, 530, 487, 411, 417, 507, 455, 443, 472, 499, 493, 537, 449, 445, 455, 585, 515, 534, 541, 377, 488, 487, 440, 481, 530, 539, 469, 511, 477, 485, 483, 519, 583, 540, 427, 587, 497, 384, 515, 439, 532, 453, 559, 544, 445, 507, 466, 485, 572, 555, 475, 542, 587, 642, 582, 497, 511, 535, 561, 490, 528, 484, 486, 474, 501, 574, 514, 474, 494, 525, 496, 570, 500, 517, 482, 500, 522, 483, 536, 481, 420, 530, 540, 530, 550, 560, 385, 479, 572, 554, 406, 490, 521, 416, 532, 562, 555, 557, 557, 399, 532, 567, 522, 477, 526, 471, 554, 451, 552, 404, 458, 487, 492, 505, 509, 594, 529, 546, 545, 456, 494, 463, 535, 514, 563, 591, 434, 524, 537, 479, 385, 494, 480, 527, 520, 558, 523, 457, 626, 509, 519, 530, 482, 520, 478, 518, 542, 486, 515, 594, 535, 536, 616, 530, 506, 486, 522, 572, 390, 462, 416, 457, 532, 421, 514, 492, 396, 461, 527, 596, 465, 406, 474, 453, 493, 572, 469, 496, 570, 558, 491, 546, 488, 498, 480, 477, 443, 535, 582, 478, 536, 515, 525, 468, 417, 469, 502, 465, 511, 563, 521, 461, 597, 496, 457, 598, 591, 439, 436, 497, 616, 562, 502, 544, 592, 487, 520, 512, 493, 404, 496, 520, 548, 563, 550, 437, 481, 497, 497, 459, 505, 457, 494, 495, 503, 491, 505, 415, 447, 512, 540, 511, 500, 425, 567, 549, 516, 512, 517, 506, 529, 538, 537, 490, 573, 481, 483, 609, 641, 470, 466, 589, 472, 490, 593, 564, 598, 502, 568, 568, 483, 594, 546, 475, 508, 423, 527, 576, 566, 467, 482, 568, 486, 585, 486, 561, 538, 503, 514, 453, 480, 592, 485, 464, 511, 542, 521, 477, 478, 453, 576, 408, 557, 449, 511, 439, 514, 478, 553, 473, 531, 561, 518, 553, 467, 473, 480, 577, 492, 547, 633, 476, 475, 479, 628, 493, 536, 594, 516, 419, 469, 628, 630, 534, 548, 474, 437, 516, 558, 512, 522, 486, 598, 458, 464, 475, 594, 494, 410, 467, 443, 456, 528, 511, 572, 538, 477, 480, 393, 509, 409, 522, 550, 509, 518, 553, 532, 634, 431, 544, 478, 482, 511, 486, 577, 397, 514, 496, 491, 551, 534, 360, 590, 450, 513, 607, 638, 459, 526, 441, 428, 543, 571, 470, 418, 557, 577, 409, 511, 512, 383, 532, 536, 486, 559, 524, 480, 509, 540, 533, 515, 507, 571, 420, 508, 567, 520, 631, 507, 511, 560, 515, 473, 522, 481, 419, 549, 573, 547, 548, 579, 421, 481, 475, 406, 437, 455, 492, 554, 506, 521, 591, 480, 492, 494, 436, 542, 462, 558, 421, 521, 455, 463, 607, 505, 537, 523, 541, 485, 562, 489, 409, 510, 552, 502, 492, 463, 471, 463, 460, 596, 541, 436, 514, 474, 505, 461, 560, 487, 447, 420, 421, 473, 514, 543, 579, 515, 579, 545, 563, 447, 483, 474, 482, 457, 516, 540, 503, 478, 451, 436, 461, 501, 446, 427, 508, 444, 422, 521, 519, 552, 432, 510, 454, 503, 600, 604, 544, 601, 488, 463, 593, 537, 535, 468, 496, 572, 575, 548, 447, 513, 460, 529, 474, 514, 547, 510, 508, 419, 559, 505, 548, 494, 443, 527, 542, 553, 538, 460, 601, 673, 469, 551, 544, 529, 560, 519, 542, 571, 579, 560, 500, 513, 551, 515, 546, 510, 528, 483, 619, 489, 512, 575, 521, 586, 462, 552, 480, 439, 462, 500, 538, 550, 443, 517, 518, 549, 599, 363, 468, 478, 460, 509, 592, 489, 428, 467, 505, 499, 565, 414, 525, 459, 527, 551, 555, 559, 525, 400, 324, 544, 497, 482, 486, 621, 585, 536, 484, 575, 432, 540, 496, 489, 490, 457, 510, 462, 526, 559, 531, 517, 489, 534, 575, 451, 551, 503, 413, 418, 603, 603, 475, 589, 604, 543, 517, 550, 526, 349, 509, 511, 497, 481, 502, 544, 416, 521, 499, 518, 481, 552, 575, 538, 523, 428, 508, 564, 570, 534, 572, 604, 568, 476, 478, 567, 526, 499, 542, 459, 486, 520, 476, 380, 489, 568, 494, 541, 396, 559, 522, 476, 557, 516, 445, 621, 505, 511, 565, 514, 559, 446, 466, 557, 473, 534, 466, 467, 512, 511, 473, 401, 519, 547, 484, 486, 555, 561, 459, 469, 450, 652, 422, 510, 473, 551, 528, 462, 542, 561, 498, 498, 574, 477, 490, 537, 520, 615, 570, 463, 533, 573, 453, 471, 488, 521, 500, 513, 541, 470, 454, 440, 533, 406, 548, 581, 535, 541, 627, 500, 620, 492, 489, 496, 501, 453, 497, 430, 501, 451, 521, 502, 510, 569, 538, 548, 551, 482, 544, 459, 552, 496, 550, 500, 505, 521, 508, 518, 470, 563, 532, 584, 467, 548, 561, 518, 502, 521, 569, 557, 582, 500, 585, 466, 537, 610, 521, 434, 480, 493, 489, 494, 524, 440, 463, 575, 567, 452, 514, 443, 387, 441, 447, 402, 445, 479, 619, 546, 521, 584, 555, 414, 532, 458, 565, 521, 461, 473, 449, 488, 468, 490, 542, 484, 505, 454, 446, 595, 493, 466, 490, 477, 470, 527, 505, 581, 487, 534, 572, 551, 451, 516, 470, 410, 516, 565, 508, 434, 512, 549, 444, 547, 497, 541, 509, 519, 459, 473, 583, 550, 555, 463, 465, 480, 503, 440, 598, 485, 482, 520, 459, 497, 500, 480, 483, 550, 525, 414, 441, 482, 420, 519, 559, 453, 480, 458, 512, 595, 535, 382, 507, 503, 454, 510, 554, 608, 518, 509, 468, 484, 541, 517, 519, 497, 561, 535, 618, 505, 533, 626, 536, 443, 488, 627, 542, 384, 561, 498, 601, 496, 585, 539, 438, 512, 495, 559, 498, 625, 487, 541, 469, 548, 584, 634, 476, 451, 549, 465, 518, 398, 495, 443, 562, 477, 501, 488, 521, 499, 520, 561, 562, 503, 476, 560, 459, 539, 578, 520, 613, 622, 498, 552, 493, 562, 471, 507, 548, 558, 495, 425, 547, 514, 436, 404, 531, 616, 479, 512, 535, 421, 479, 525, 562, 524, 443, 483, 602, 478, 510, 530, 621, 410, 445, 565, 480, 491, 504, 493, 504, 398, 574, 555, 516, 522, 576, 577, 508, 585, 552, 465, 438, 538, 486, 532, 451, 506, 544, 408, 504, 534, 480, 543, 455, 523, 524, 516, 478, 496, 414, 514, 520, 542, 536, 499, 454, 512, 475, 462, 407, 550, 645, 387, 539, 414, 472, 457, 561, 536, 414, 392, 538, 494, 424, 506, 535, 540, 630, 476, 477, 514, 513, 536, 406, 528, 523, 542, 605, 493, 344, 547, 545, 578, 474, 583, 380, 524, 402, 508, 548, 419, 493, 534, 513, 597, 529, 649, 455, 587, 534, 547, 534, 490, 545, 528, 504, 521, 442, 436, 471, 479, 483, 474, 553, 575, 483, 542, 477, 628, 651, 503, 460, 474, 443, 490, 465, 457, 552, 555, 454, 555, 523, 516, 476, 479, 579, 547, 611, 561, 476, 499, 468, 517, 413, 461, 529, 577, 608, 366, 597, 509, 510, 529, 508, 566, 527, 475, 585, 552, 521, 573, 488, 569, 566, 549, 530, 438, 489, 566, 408, 497, 441, 495, 527, 524, 446, 555, 562, 558, 495, 543, 397, 492, 497, 448, 537, 539, 567, 490, 537, 535, 500, 587, 519, 550, 564, 513, 524, 498, 436, 452, 491, 601, 463, 385, 588, 404, 479, 481, 555, 437, 513, 535, 484, 417, 434, 555, 540, 594, 500, 406, 520, 490, 514, 557, 578, 538, 398, 607, 643, 390, 486, 387, 506, 520, 433, 440, 470, 514, 574, 552, 512, 501, 457, 530, 507, 507, 435, 483, 471, 469, 467, 547, 449, 492, 532, 440, 525, 549, 555, 384, 485, 470, 560, 504, 518, 579, 467, 544, 520, 494, 544, 547, 499, 470, 546, 467, 591, 524, 626, 531, 538, 527, 524, 485, 495, 514, 485, 487, 554, 415, 537, 517, 478, 496, 454, 535, 584, 472, 547, 394, 438, 599, 548, 532, 554, 524, 542, 507, 592, 485, 510, 499, 448, 610, 516, 550, 403, 464, 485, 533, 493, 540, 481, 543, 498, 476, 420, 532, 503, 424, 406, 528, 508, 497, 519, 520, 549, 582, 424, 523, 540, 428, 496, 526, 572, 562, 522, 544, 524, 526, 494, 513, 526, 481, 499, 450, 444, 536, 478, 495, 549, 498, 415, 475, 409, 573, 480, 548, 494, 575, 579, 439, 456, 581, 573, 564, 488, 550, 495, 540, 496, 500, 412, 458, 563, 546, 454, 578, 442, 510, 516, 444, 587, 458, 488, 505, 480, 484, 476, 542, 524, 594, 586, 570, 570, 448, 490, 477, 484, 490, 445, 461, 455, 597, 563, 563, 563, 533, 426, 452, 500, 621, 404, 475, 504, 455, 541, 461, 496, 458, 509, 451, 410, 523, 498, 547, 532, 416, 540, 550, 556, 551, 613, 581, 553, 412, 454, 475, 464, 488, 550, 476, 572, 494, 416, 431, 467, 526, 510, 580, 467, 497, 498, 474, 568, 378, 434, 532, 572, 426, 511, 512, 606, 415, 509, 647, 626, 544, 541, 451, 445, 550, 482, 536, 516, 482, 579, 649, 518, 543, 544, 424, 480, 498, 512, 575, 501, 539, 570, 575, 499, 520, 451, 585, 538, 533, 399, 502, 489, 558, 457, 483, 508, 515, 558, 450, 502, 489, 569, 560, 442, 537, 504, 441, 504, 495, 465, 538, 524, 499, 503, 538, 517, 477, 590, 411, 491, 563, 507, 574, 491, 514, 460, 543, 463, 522, 532, 537, 409, 532, 523, 522, 528, 454, 510, 475, 411, 496, 401, 527, 653, 567, 520, 434, 514, 512, 470, 459, 503, 461, 516, 394, 426, 427, 492, 526, 539, 488, 545, 530, 442, 521, 524, 469, 590, 498, 510, 532, 388, 474, 441, 507, 494, 518, 558, 477, 528, 547, 528, 477, 462, 389, 500, 562, 454, 473, 494, 494, 436, 525, 541, 468, 500, 546, 522, 530, 550, 572, 537, 626, 466, 438, 532, 549, 486, 386, 449, 456, 586, 505, 572, 618, 628, 411, 545, 538, 459, 498, 520, 507, 507, 465, 427, 487, 519, 447, 521, 478, 442, 611, 480, 588, 537, 579, 504, 445, 425, 459, 499, 508, 502, 533, 510, 517, 544, 414, 485, 435, 473, 501, 552, 502, 492, 574, 446, 535, 608, 443, 620, 515, 525, 466, 521, 579, 493, 547, 626, 552, 477, 514, 524, 546, 436, 453, 416, 508, 484, 505, 493, 478, 523, 610, 558, 442, 499, 527, 497, 511, 539, 441, 526, 531, 435, 566, 582, 487, 469, 537, 490, 531, 567, 518, 490, 454, 476, 568, 453, 504, 494, 577, 469, 584, 559, 493, 515, 509, 439, 455, 509, 525, 559, 372, 553, 588, 451, 525, 524, 485, 448, 570, 443, 501, 454, 633, 562, 484, 539, 600, 466, 479, 523, 490, 592, 410, 517, 551, 527, 525, 425, 459, 538, 396, 517, 516, 486, 554, 597, 470, 483, 511, 452, 455, 523, 528, 538, 617, 451, 549, 505, 606, 568, 616, 599, 553, 505, 491, 555, 482, 430, 489, 447, 562, 450, 495, 510, 535, 572, 470, 455, 572, 536, 540, 473, 452, 450, 610, 504, 495, 517, 509, 502, 547, 562, 459, 508, 440, 477, 507, 444, 505, 469, 524, 485, 429, 578, 515, 526, 472, 456, 504, 378, 440, 586, 493, 494, 459, 509, 615, 442, 566, 499, 560, 419, 471, 476, 571, 541, 465, 563, 433, 566, 447, 457, 522, 566, 401, 519, 589, 581, 517, 548, 496, 580, 436, 567, 453, 538, 499, 573, 562, 510, 445, 543, 479, 580, 610, 571, 525, 566, 650, 537, 454, 532, 538, 516, 558, 490, 485, 524, 531, 498, 490, 499, 444, 482, 587, 466, 523, 545, 541, 595, 585, 355, 430, 534, 552, 427, 453, 507, 457, 495, 465, 414, 417, 466, 520, 458, 451, 524, 546, 558, 560, 475, 439, 448, 557, 566, 521, 539, 533, 427, 532, 452, 515, 503, 493, 550, 552, 576, 579, 468, 622, 562, 475, 497, 510, 564, 516, 517, 521, 509, 447, 497, 549, 470, 515, 570, 553, 502, 491, 412, 524, 466, 456, 511, 622, 503, 556, 549, 536, 509, 594, 478, 495, 543, 489, 533, 516, 509, 478, 623, 568, 499, 505, 398, 511, 449, 614, 532, 553, 463, 441, 509, 469, 526, 455, 472, 489, 559, 536, 461, 495, 543, 502, 601, 505, 468, 547, 468, 353, 499, 478, 524, 525, 473, 363, 532, 566, 503, 461, 476, 532, 493, 542, 500, 525, 533, 507, 542, 447, 497, 518, 574, 555, 537, 605, 516, 585, 521, 493, 551, 533, 564, 454, 436, 529, 442, 497, 558, 519, 592, 614, 525, 577, 554, 541, 488, 441, 500, 516, 467, 519, 531, 425, 526, 447, 474, 516, 493, 448, 491, 500, 537, 508, 552, 470, 469, 595, 448, 587, 492, 445, 543, 514, 486, 515, 516, 521, 624, 499, 527, 529, 458, 479, 503, 532, 558, 559, 611, 420, 463, 562, 563, 434, 425, 496, 506, 587, 522, 538, 462, 497, 505, 465, 372, 510, 508, 487, 592, 473, 534, 513, 582, 515, 505, 444, 530, 457, 515, 446, 597, 420, 539, 416, 499, 539, 633, 473, 466, 489, 450, 479, 543, 435, 415, 528, 438, 506, 502, 562, 471, 522, 529, 545, 549, 525, 570, 522, 492, 575, 451, 512, 484, 620, 567, 512, 455, 502, 580, 568, 631, 616, 549, 549, 620, 521, 451, 489, 436, 522, 499, 515, 465, 429, 437, 495, 454, 494, 568, 522, 574, 598, 620, 527, 425, 636, 448, 375, 457, 540, 515, 434, 527, 607, 478, 485, 470, 605, 481, 582, 496, 519, 504, 493, 496, 427, 573, 538, 561, 522, 522, 521, 548, 545, 547, 565, 421, 425, 460, 469, 527, 565, 510, 410, 455, 467, 515, 538, 397, 442, 470, 523, 583, 445, 544, 458, 416, 435, 528, 466, 614, 561, 520, 574, 575, 500, 520, 527, 485, 451, 484, 535, 547, 589, 490, 563, 542, 569, 522, 525, 453, 445, 525, 516, 459, 545, 662, 532, 487, 571, 516, 593, 537, 503, 571, 502, 496, 578, 641, 485, 427, 547, 540, 469, 491, 526, 611, 518, 567, 490, 453, 630, 536, 625, 512, 556, 491, 416, 506, 500, 523, 514, 452, 550, 575, 457, 525, 624, 498, 524, 473, 440, 508, 508, 562, 426, 449, 507, 536, 490, 484, 513, 400, 480, 574, 467, 494, 562, 507, 417, 621, 497, 506, 415, 475, 517, 480, 556, 510, 495, 609, 449, 455, 398, 466, 501, 515, 483, 483, 558, 547, 463, 437, 378, 459, 500, 506, 509, 490, 617, 453, 393, 467, 601, 483, 528, 546, 503, 519, 451, 520, 564, 484, 373, 548, 426, 566, 464, 585, 474, 520, 465, 517, 553, 524, 421, 512, 532, 530, 609, 475, 464, 571, 482, 539, 496, 446, 562, 587, 580, 404, 572, 532, 525, 468, 491, 522, 484, 471, 556, 486, 582, 528, 547, 490, 492, 551, 543, 461, 571, 384, 525, 447, 499, 615, 520, 471, 567, 507, 568, 582, 566, 515, 527, 536, 570, 424, 454, 455, 498, 568, 614, 477, 553, 421, 471, 524, 514, 559, 422, 405, 614, 509, 534, 559, 527, 499, 362, 468, 497, 418, 484, 535, 536, 540, 598, 518, 506, 492, 525, 574, 366, 469, 462, 502, 500, 590, 428, 562, 497, 468, 566, 525, 606, 528, 524, 572, 530, 525, 367, 477, 505, 489, 548, 555, 496, 463, 536, 542, 433, 514, 408, 518, 464, 570, 508, 517, 475, 589, 540, 566, 565, 496, 521, 469, 493, 417, 503, 538, 483, 445, 484, 527, 509, 608, 518, 479, 502, 586, 488, 493, 526, 486, 527, 560, 510, 600, 489, 576, 488, 577, 502, 507, 615, 569, 493, 408, 487, 513, 547, 518, 480, 490, 536, 579, 541, 523, 625, 551, 466, 509, 532, 491, 426, 511, 539, 468, 460, 567, 475, 555, 499, 537, 454, 633, 636, 593, 495, 489, 578, 472, 600, 563, 450, 596, 523, 541, 587, 557, 489, 467, 490, 431, 615, 519, 496, 514, 487, 583, 441, 497, 526, 602, 521, 478, 518, 535, 536, 514, 561, 534, 429, 425, 394, 523, 479, 470, 539, 474, 503, 488, 588, 450, 436, 502, 687, 471, 524, 487, 449, 561, 550, 527, 487, 458, 591, 541, 530, 462, 393, 473, 397, 490, 488, 464, 473, 512, 508, 558, 481, 517, 445, 527, 634, 561, 475, 515, 476, 517, 508, 524, 575, 522, 386, 540, 565, 529, 525, 415, 494, 538, 451, 554, 415, 545, 512, 500, 505, 525, 500, 499, 500, 434, 610, 548, 422, 468, 607, 563, 442, 560, 501, 512, 541, 537, 566, 520, 404, 508, 501, 562, 425, 524, 562, 518, 527, 635, 494, 507, 476, 526, 537, 558, 553, 421, 539, 468, 552, 568, 570, 432, 435, 521, 557, 538, 568, 509, 497, 501, 502, 489, 540, 467, 551, 533, 508, 515, 500, 547, 502, 484, 453, 572, 491, 494, 457, 495, 378, 519, 413, 530, 448, 495, 551, 508, 518, 491, 372, 474, 533, 498, 542, 567, 451, 541, 442, 436, 466, 593, 409, 512, 561, 509, 344, 454, 519, 525, 360, 474, 565, 593, 486, 521, 492, 534, 643, 547, 500, 593, 463, 510, 469, 477, 472, 582, 404, 620, 443, 556, 602, 495, 519, 635, 482, 436, 530, 523, 510, 496, 543, 504, 579, 575, 487, 456, 531, 442, 510, 567, 454, 454, 569, 462, 476, 475, 598, 557, 406, 480, 531, 465, 494, 392, 564, 496, 480, 514, 448, 470, 393, 524, 355, 502, 543, 455, 446, 481, 519, 483, 556, 577, 447, 528, 501, 557, 608, 416, 497, 531, 531, 500, 524, 511, 561, 409, 525, 564, 513, 474, 388, 347, 503, 592, 548, 460, 545, 504, 476, 502, 541, 529, 556, 495, 555, 493, 413, 620, 356, 614, 441, 480, 484, 542, 460, 511, 499, 514, 635, 565, 467, 431, 614, 555, 484, 407, 400, 574, 558, 585, 573, 463, 544, 494, 389, 438, 532, 493, 530, 511, 425, 455, 517, 523, 438, 598, 579, 565, 509, 488, 482, 595, 516, 574, 502, 559, 488, 488, 564, 482, 560, 532, 553, 519, 468, 501, 495, 467, 486, 518, 435, 485, 528, 414, 522, 560, 550, 448, 411, 487, 589, 497, 488, 457, 509, 533, 629, 522, 489, 526, 443, 485, 518, 565, 492, 534, 536, 527, 499, 570, 579, 583, 546, 553, 434, 504, 505, 448, 441, 576, 453, 491, 582, 488, 458, 515, 526, 466, 530, 523, 446, 531, 507, 490, 513, 437, 438, 510, 570, 616, 503, 517, 455, 454, 480, 638, 541, 521, 498, 545, 593, 325, 487, 482, 442, 479, 476, 547, 540, 458, 419, 492, 489, 498, 557, 442, 499, 488, 534, 530, 470, 502, 549, 542, 463, 503, 645, 545, 457, 680, 490, 481, 465, 583, 443, 399, 481, 473, 372, 517, 473, 469, 566, 555, 463, 430, 490, 528, 527, 533, 493, 468, 566, 527, 487, 472, 488, 419, 525, 486, 453, 406, 570, 563, 372, 474, 562, 532, 506, 438, 490, 470, 487, 445, 444, 472, 465, 456, 508, 475, 398, 500, 534, 546, 562, 560, 555, 628, 547, 530, 479, 460, 458, 485, 506, 454, 547, 474, 389, 534, 538, 586, 598, 500, 552, 433, 332, 500, 528, 523, 517, 554, 526, 469, 525, 504, 536, 573, 619, 471, 472, 491, 562, 549, 525, 515, 493, 416, 625, 408, 469, 542, 518, 528, 443, 600, 401, 540, 544, 542, 509, 525, 583, 460, 516, 493, 429, 553, 460, 466, 514, 561, 514, 525, 430, 508, 495, 577, 542, 414, 466, 540, 574, 434, 597, 472, 479, 468, 502, 597, 590, 624, 556, 503, 506, 525, 509, 477, 606, 534, 482, 568, 473, 464, 502, 419, 512, 499, 526, 383, 470, 518, 541, 523, 542, 545, 512, 467, 458, 479, 520, 492, 514, 431, 471, 480, 422, 523, 419, 479, 430, 547, 433, 497, 565, 539, 527, 550, 414, 522, 524, 424, 528, 420, 604, 498, 501, 501, 544, 446, 468, 587, 547, 425, 575, 457, 497, 588, 464, 618, 510, 429, 457, 589, 604, 389, 567, 416, 464, 473, 501, 539, 460, 460, 540, 573, 499, 470, 518, 419, 514, 488, 440, 471, 441, 487, 598, 556, 430, 612, 515, 492, 506, 578, 564, 507, 507, 497, 496, 515, 501, 511, 539, 423, 467, 472, 509, 559, 519, 470, 525, 561, 476, 551, 393, 523, 547, 641, 462, 470, 516, 600, 554, 430, 555, 557, 511, 578, 485, 467, 440, 483, 572, 526, 525, 564, 475, 512, 433, 418, 613, 489, 610, 521, 501, 409, 499, 453, 525, 460, 517, 548, 576, 503, 485, 428, 545, 533, 549, 668, 421, 465, 535, 513, 464, 439, 519, 605, 401, 413, 456, 468, 508, 531, 528, 553, 443, 441, 502, 543, 538, 612, 546, 522, 376, 331, 535, 441, 470, 596, 495, 491, 598, 472, 482, 583, 494, 538, 554, 529, 588, 498, 509, 521, 565, 437, 501, 502, 501, 584, 427, 606, 431, 523, 553, 550, 538, 443, 531, 455, 547, 535, 365, 579, 453, 481, 529, 573, 549, 460, 609, 461, 396, 532, 553, 506, 578, 519, 532, 597, 617, 555, 571, 499, 486, 559, 474, 473, 570, 463, 517, 482, 574, 451, 514, 498, 497, 536, 465, 536, 524, 528, 483, 525, 396, 608, 583, 445, 525, 532, 530, 590, 624, 539, 444, 611, 557, 506, 555, 506, 611, 522, 449, 521, 409, 510, 541, 442, 553, 442, 475, 474, 555, 577, 534, 389, 495, 518, 496, 441, 536, 542, 548, 481, 531, 534, 474, 519, 559, 546, 580, 493, 607, 618, 543, 489, 513, 560, 527, 469, 541, 465, 449, 528, 460, 548, 490, 510, 569, 424, 530, 544, 580, 477, 539, 429, 480, 496, 481, 425, 467, 437, 470, 543, 454, 438, 555, 542, 571, 572, 553, 400, 465, 539, 590, 515, 516, 559, 509, 577, 535, 522, 548, 573, 463, 448, 480, 394, 556, 431, 520, 531, 633, 380, 566, 518, 589, 574, 604, 510, 511, 535, 567, 535, 460, 571, 509, 539, 536, 560, 537, 512, 526, 503, 568, 425, 504, 550, 520, 540, 662, 547, 531, 372, 514, 399, 593, 532, 576, 522, 573, 542, 465, 508, 540, 466, 540, 515, 566, 569, 435, 509, 502, 493, 411, 540, 587, 532, 552, 539, 614, 557, 580, 467, 466, 499, 481, 440, 513, 405, 457, 522, 478, 439, 574, 593, 538, 450, 492, 440, 551, 486, 574, 471, 587, 488, 475, 478, 543, 401, 543, 520, 543, 468, 470, 607, 548, 576, 496, 554, 594, 510, 441, 538, 551, 483, 416, 518, 491, 547, 567, 481, 486, 531, 513, 405, 509, 491, 524, 566, 451, 575, 546, 531, 586, 443, 479, 494, 487, 552, 491, 457, 490, 485, 478, 402, 483, 556, 493, 479, 458, 549, 552, 478, 490, 499, 519, 453, 561, 436, 408, 421, 427, 510, 527, 552, 544, 539, 563, 454, 565, 450, 547, 442, 620, 454, 516, 447, 482, 621, 547, 493, 455, 412, 600, 504, 400, 555, 465, 473, 490, 568, 494, 536, 511, 601, 401, 404, 461, 531, 444, 495, 555, 595, 473, 585, 626, 446, 427, 543, 433, 559, 537, 570, 565, 437, 490, 499, 521, 485, 481, 473, 526, 531, 538, 558, 539, 453, 500, 525, 623, 459, 553, 532, 453, 513, 558, 480, 549, 494, 540, 481, 531, 385, 419, 561, 415, 545, 505, 502, 565, 491, 435, 437, 446, 547, 441, 424, 577, 521, 434, 527, 544, 617, 459, 597, 479, 586, 507, 516, 500, 445, 508, 542, 497, 497, 479, 486, 572, 474, 387, 470, 429, 446, 525, 528, 532, 538, 518, 512, 590, 465, 542, 566, 503, 401, 522, 668, 530, 541, 501, 406, 462, 533, 542, 464, 522, 489, 478, 495, 554, 591, 460, 507, 511, 483, 594, 489, 411, 573, 635, 550, 533, 395, 548, 510, 469, 573, 510, 533, 559, 442, 494, 558, 484, 463, 523, 410, 507, 640, 571, 495, 509, 546, 527, 447, 471, 455, 504, 436, 392, 484, 553, 461, 599, 627, 531, 494, 530, 531, 598, 517, 449, 611, 539, 487, 440, 553, 528, 472, 476, 537, 530, 491, 544, 504, 507, 468, 412, 607, 571, 527, 544, 485, 545, 585, 460, 604, 499, 468, 507, 607, 481, 528, 599, 608, 391, 481, 569, 550, 488, 587, 608, 529, 598, 500, 531, 595, 543, 451, 413, 460, 545, 529, 455, 464, 465, 549, 399, 411, 504, 376, 437, 480, 490, 586, 545, 528, 538, 551, 534, 443, 473, 495, 518, 571, 506, 534, 589, 502, 421, 512, 466, 561, 473, 453, 486, 504, 454, 521, 539, 458, 469, 452, 518, 425, 549, 470, 570, 533, 496, 508, 431, 547, 511, 489, 492, 471, 495, 628, 427, 515, 544, 551, 569, 507, 442, 664, 466, 538, 390, 512, 564, 448, 486, 465, 493, 546, 559, 407, 511, 595, 549, 412, 513, 500, 502, 458, 429, 544, 555, 538, 565, 405, 506, 403, 485, 569, 587, 485, 491, 340, 488, 387, 483, 472, 472, 566, 564, 590, 532, 594, 503, 560, 488, 422, 506, 449, 475, 477, 578, 576, 511, 522, 554, 552, 580, 511, 376, 575, 521, 538, 419, 518, 573, 621, 423, 415, 517, 490, 432, 427, 539, 583, 436, 452, 574, 445, 516, 478, 461, 512, 510, 493, 411, 571, 472, 416, 547, 502, 678, 392, 542, 573, 607, 497, 418, 533, 443, 488, 485, 542, 445, 438, 480, 551, 515, 461, 430, 518, 604, 480, 522, 485, 575, 579, 530, 612, 513, 517, 465, 571, 565, 483, 500, 472, 561, 550, 592, 528, 630, 468, 505, 590, 518, 476, 509, 487, 511, 541, 469, 538, 504, 626, 449, 454, 481, 577, 549, 533, 514, 512, 588, 431, 505, 485, 479, 461, 524, 471, 477, 565, 509, 505, 580, 464, 570, 532, 474, 535, 656, 571, 537, 565, 518, 592, 497, 451, 511, 523, 535, 463, 516, 565, 448, 521, 502, 599, 535, 342, 576, 461, 559, 459, 504, 408, 545, 505, 517, 578, 436, 494, 480, 559, 395, 563, 467, 461, 606, 583, 498, 445, 541, 447, 453, 462, 523, 468, 566, 572, 564, 619, 547, 553, 494, 569, 597, 558, 477, 499, 561, 455, 480, 447, 486, 493, 463, 588, 532, 496, 473, 550, 591, 453, 547, 532, 587, 570, 487, 480, 563, 523, 545, 546, 548, 498, 620, 500, 448, 622, 419, 567, 506, 529, 614, 520, 518, 423, 416, 521, 532, 503, 480, 518, 469, 464, 548, 530, 488, 544, 533, 561, 491, 443, 530, 518, 505, 438, 599, 497, 546, 429, 518, 483, 532, 546, 482, 387, 496, 492, 464, 564, 503, 547, 557, 502, 526, 501, 475, 530, 633, 413, 523, 475, 527, 406, 503, 419, 417, 485, 599, 503, 396, 422, 578, 564, 483, 482, 488, 499, 532, 546, 374, 598, 530, 495, 476, 478, 475, 425, 516, 392, 417, 593, 464, 515, 646, 513, 443, 516, 608, 430, 507, 546, 586, 543, 467, 608, 426, 594, 516, 469, 474, 475, 563, 456, 400, 518, 593, 566, 472]

