Resultados de simulación — 20260922_175609
Pasajeros: 100 | P(carry-on): 0.1 | Simulaciones por política: 5000
============================================================

[rand]
  Promedio : 580.5s
  Desvío   : 77.2s
  IC 95%   : [578.4s, 582.6s]
  Mínimo   : 323s
  Máximo   : 914s
  Tiempos  : [457, 416, 634, 523, 488, 388, 541, 536, 647, 583, 690, 558, 541, 730, 564, 545, 607, 567, 615, 881, 562, 611, 547, 532, 515, 489, 576, 571, 622, 615, 581, 492, 576, 768, 636, 636, 536, 464, 455, 555, 596, 552, 646, 624, 703, 630, 584, 613, 693, 668, 594, 683, 517, 654, 621, 366, 458, 572, 548, 596, 620, 601, 520, 573, 554, 668, 512, 573, 675, 619, 469, 502, 492, 532, 516, 573, 508, 507, 639, 635, 646, 615, 523, 704, 478, 588, 502, 669, 519, 575, 489, 532, 564, 539, 525, 596, 597, 545, 555, 439, 540, 487, 543, 446, 502, 571, 554, 512, 666, 526, 595, 538, 578, 382, 617, 408, 623, 602, 559, 549, 553, 466, 558, 614, 596, 649, 517, 561, 588, 608, 560, 504, 735, 581, 558, 752, 713, 586, 405, 607, 703, 674, 726, 555, 472, 666, 630, 513, 653, 572, 470, 552, 590, 508, 573, 474, 683, 659, 552, 599, 575, 534, 583, 569, 610, 657, 638, 622, 578, 651, 489, 621, 576, 515, 662, 482, 675, 708, 483, 610, 545, 521, 779, 561, 700, 568, 566, 620, 640, 533, 364, 558, 540, 520, 462, 435, 590, 608, 546, 479, 596, 559, 514, 757, 553, 554, 575, 591, 550, 597, 642, 498, 622, 590, 573, 577, 590, 546, 464, 464, 616, 459, 559, 601, 520, 510, 561, 573, 508, 666, 552, 706, 566, 705, 579, 581, 726, 669, 646, 551, 683, 648, 562, 652, 496, 416, 593, 619, 704, 668, 483, 648, 469, 454, 573, 625, 479, 617, 596, 534, 624, 593, 530, 625, 532, 634, 636, 510, 517, 658, 709, 686, 657, 683, 536, 610, 617, 607, 543, 483, 479, 616, 467, 687, 703, 544, 610, 715, 611, 604, 476, 579, 644, 588, 537, 648, 649, 519, 437, 504, 601, 501, 479, 645, 594, 545, 580, 579, 572, 547, 593, 535, 436, 612, 493, 665, 440, 605, 481, 585, 637, 670, 587, 500, 434, 498, 644, 585, 580, 625, 573, 681, 545, 582, 624, 561, 559, 691, 562, 573, 518, 500, 532, 368, 640, 477, 444, 583, 617, 501, 604, 588, 510, 525, 488, 692, 607, 617, 493, 556, 601, 538, 592, 486, 592, 573, 471, 740, 616, 578, 740, 623, 528, 612, 621, 541, 516, 481, 525, 614, 533, 603, 471, 591, 745, 545, 597, 571, 742, 545, 509, 581, 540, 655, 548, 576, 646, 782, 469, 574, 617, 600, 636, 563, 551, 474, 712, 576, 538, 553, 538, 651, 587, 686, 539, 560, 640, 540, 589, 600, 570, 625, 570, 566, 591, 541, 500, 565, 813, 619, 581, 496, 472, 670, 416, 617, 666, 550, 509, 633, 596, 537, 564, 760, 649, 560, 605, 529, 589, 550, 513, 631, 626, 551, 564, 479, 440, 541, 617, 482, 407, 469, 764, 445, 566, 527, 567, 520, 554, 498, 492, 470, 534, 508, 612, 786, 459, 689, 675, 622, 588, 637, 523, 611, 615, 701, 535, 684, 480, 518, 729, 555, 637, 674, 587, 719, 524, 630, 641, 701, 537, 736, 519, 690, 542, 637, 562, 490, 627, 543, 469, 599, 510, 592, 591, 619, 580, 570, 705, 599, 553, 439, 511, 619, 699, 570, 529, 615, 570, 622, 733, 451, 554, 819, 691, 621, 566, 713, 553, 608, 597, 511, 612, 538, 628, 615, 514, 486, 478, 689, 555, 708, 555, 643, 558, 654, 537, 583, 519, 432, 670, 557, 586, 542, 547, 515, 519, 600, 533, 622, 647, 622, 610, 486, 627, 665, 503, 549, 511, 555, 525, 422, 554, 627, 567, 511, 564, 574, 564, 649, 638, 598, 513, 556, 426, 605, 653, 543, 662, 647, 465, 541, 682, 534, 515, 648, 564, 489, 623, 522, 651, 515, 520, 669, 603, 719, 443, 517, 690, 466, 606, 551, 528, 535, 732, 752, 634, 666, 475, 640, 506, 488, 638, 566, 728, 578, 558, 627, 526, 504, 591, 622, 467, 589, 539, 601, 642, 465, 554, 536, 554, 533, 452, 578, 345, 505, 551, 648, 394, 421, 521, 642, 686, 545, 616, 569, 583, 611, 720, 696, 668, 637, 428, 509, 673, 589, 547, 571, 581, 534, 595, 567, 532, 474, 560, 755, 500, 672, 602, 512, 588, 798, 507, 483, 672, 597, 598, 729, 585, 560, 508, 657, 675, 575, 561, 449, 735, 709, 519, 603, 472, 468, 620, 559, 702, 631, 715, 475, 657, 531, 608, 615, 449, 537, 743, 649, 521, 715, 605, 526, 534, 558, 503, 503, 547, 732, 735, 702, 569, 599, 602, 750, 507, 671, 644, 572, 600, 662, 619, 533, 520, 544, 542, 496, 696, 579, 463, 619, 526, 667, 536, 716, 574, 580, 642, 679, 482, 553, 540, 530, 657, 592, 460, 539, 554, 493, 574, 462, 505, 484, 546, 711, 773, 562, 624, 761, 589, 605, 622, 593, 461, 661, 514, 589, 575, 612, 491, 532, 558, 599, 579, 490, 514, 626, 539, 548, 603, 575, 586, 589, 717, 547, 470, 631, 638, 607, 562, 643, 585, 647, 595, 595, 557, 563, 696, 513, 583, 597, 615, 584, 454, 729, 542, 691, 550, 545, 531, 579, 716, 606, 445, 618, 453, 552, 441, 664, 615, 629, 528, 657, 610, 644, 583, 600, 420, 576, 574, 662, 611, 437, 579, 619, 668, 676, 706, 544, 594, 550, 653, 501, 440, 542, 590, 790, 572, 495, 480, 612, 611, 572, 655, 662, 541, 586, 601, 593, 606, 647, 631, 536, 405, 603, 520, 504, 673, 616, 604, 597, 564, 686, 589, 661, 517, 545, 601, 640, 591, 570, 662, 564, 501, 590, 501, 638, 561, 636, 525, 538, 523, 581, 512, 448, 559, 649, 599, 628, 569, 489, 456, 571, 641, 646, 610, 665, 737, 696, 585, 527, 633, 581, 667, 498, 588, 699, 579, 727, 606, 444, 650, 615, 416, 707, 468, 663, 690, 551, 575, 446, 562, 571, 719, 656, 573, 610, 592, 522, 690, 633, 494, 615, 693, 618, 561, 511, 545, 744, 652, 669, 525, 621, 499, 759, 510, 615, 626, 633, 544, 557, 593, 697, 463, 494, 530, 598, 593, 506, 668, 670, 561, 513, 456, 730, 498, 665, 446, 595, 527, 570, 609, 462, 635, 590, 690, 706, 600, 611, 611, 502, 614, 563, 587, 627, 464, 491, 555, 631, 626, 468, 578, 512, 630, 569, 529, 646, 544, 578, 612, 635, 599, 686, 548, 610, 603, 639, 648, 590, 597, 525, 578, 577, 597, 572, 642, 555, 612, 602, 697, 471, 597, 545, 500, 592, 699, 594, 576, 755, 582, 542, 544, 684, 556, 616, 547, 624, 695, 586, 501, 566, 512, 617, 596, 653, 634, 492, 533, 586, 484, 496, 478, 683, 597, 645, 584, 606, 653, 614, 534, 615, 614, 655, 506, 447, 642, 719, 514, 569, 518, 615, 590, 557, 596, 556, 606, 539, 489, 596, 660, 615, 628, 530, 587, 597, 653, 463, 596, 704, 585, 668, 601, 478, 647, 581, 580, 619, 556, 642, 529, 685, 669, 599, 731, 579, 640, 638, 620, 581, 656, 623, 727, 575, 670, 584, 673, 741, 648, 594, 574, 405, 577, 453, 642, 436, 677, 562, 642, 538, 548, 538, 583, 549, 723, 532, 388, 570, 575, 557, 579, 569, 577, 488, 557, 549, 669, 487, 473, 549, 458, 559, 521, 483, 627, 605, 493, 559, 630, 542, 565, 508, 548, 729, 573, 459, 606, 514, 525, 596, 631, 583, 734, 552, 660, 733, 458, 700, 694, 524, 562, 526, 512, 578, 597, 542, 505, 483, 478, 619, 576, 585, 671, 601, 614, 531, 533, 538, 673, 536, 583, 612, 609, 526, 634, 745, 485, 493, 624, 543, 409, 551, 509, 567, 676, 538, 586, 567, 489, 670, 481, 653, 684, 644, 457, 593, 551, 519, 579, 606, 629, 592, 460, 553, 611, 581, 792, 619, 520, 496, 696, 649, 585, 577, 563, 437, 681, 601, 529, 607, 564, 538, 534, 515, 704, 480, 620, 486, 594, 475, 648, 436, 571, 649, 509, 685, 588, 728, 645, 455, 550, 464, 486, 562, 575, 411, 574, 485, 489, 603, 582, 586, 557, 390, 417, 631, 729, 592, 475, 709, 479, 608, 640, 606, 581, 566, 522, 513, 662, 545, 582, 519, 637, 553, 784, 689, 571, 498, 651, 453, 567, 576, 667, 602, 545, 542, 594, 748, 510, 467, 443, 571, 668, 579, 603, 456, 611, 552, 459, 601, 534, 604, 568, 599, 495, 616, 479, 590, 487, 592, 445, 596, 627, 640, 599, 616, 662, 465, 547, 621, 440, 700, 700, 602, 580, 685, 545, 595, 642, 503, 477, 593, 542, 665, 622, 546, 638, 541, 406, 633, 606, 496, 572, 570, 489, 640, 645, 636, 544, 543, 490, 585, 418, 479, 676, 588, 590, 679, 475, 461, 756, 464, 571, 665, 669, 561, 802, 602, 573, 520, 552, 552, 555, 478, 533, 715, 676, 563, 455, 564, 645, 458, 484, 659, 501, 687, 611, 684, 524, 477, 596, 556, 532, 690, 625, 555, 521, 716, 545, 497, 601, 524, 518, 491, 545, 580, 546, 463, 629, 633, 705, 645, 706, 340, 642, 648, 597, 604, 528, 566, 593, 590, 608, 469, 681, 627, 582, 565, 561, 587, 555, 584, 603, 506, 503, 650, 597, 469, 690, 545, 600, 456, 622, 571, 838, 601, 488, 626, 588, 524, 551, 524, 566, 630, 555, 644, 496, 597, 636, 486, 516, 592, 562, 507, 696, 561, 504, 638, 549, 629, 576, 723, 638, 560, 704, 560, 603, 451, 486, 491, 565, 482, 850, 561, 556, 489, 637, 485, 566, 494, 530, 515, 584, 658, 587, 520, 569, 473, 671, 611, 706, 493, 580, 645, 491, 617, 588, 588, 488, 630, 624, 565, 493, 730, 412, 572, 558, 585, 433, 531, 466, 572, 656, 599, 699, 557, 567, 658, 391, 612, 616, 508, 697, 718, 594, 660, 669, 613, 454, 511, 629, 505, 420, 610, 575, 720, 444, 541, 527, 606, 597, 691, 534, 544, 762, 507, 555, 669, 554, 639, 571, 624, 609, 746, 445, 511, 599, 620, 494, 543, 593, 594, 534, 525, 618, 617, 561, 651, 617, 564, 525, 705, 550, 560, 547, 529, 511, 568, 613, 630, 592, 519, 704, 551, 555, 589, 476, 552, 479, 635, 535, 612, 676, 609, 669, 662, 621, 572, 625, 574, 629, 619, 579, 483, 611, 582, 636, 515, 669, 622, 522, 467, 432, 654, 616, 655, 575, 522, 469, 476, 642, 607, 575, 582, 572, 505, 539, 769, 576, 600, 579, 691, 464, 562, 672, 565, 537, 547, 485, 491, 528, 494, 651, 617, 614, 638, 605, 534, 608, 736, 465, 645, 637, 559, 463, 555, 536, 441, 726, 586, 462, 614, 496, 562, 565, 690, 545, 523, 427, 503, 487, 724, 569, 507, 450, 604, 633, 639, 641, 465, 519, 588, 529, 643, 584, 599, 582, 611, 503, 488, 440, 597, 679, 556, 727, 455, 559, 389, 614, 604, 500, 487, 335, 607, 587, 515, 589, 402, 639, 533, 643, 576, 630, 560, 677, 478, 573, 593, 704, 508, 512, 649, 570, 559, 553, 522, 497, 673, 595, 627, 644, 612, 654, 593, 466, 779, 661, 577, 709, 525, 522, 656, 502, 494, 672, 630, 626, 493, 572, 616, 679, 496, 530, 562, 490, 603, 646, 607, 513, 618, 622, 618, 596, 586, 578, 486, 530, 524, 600, 509, 582, 562, 548, 512, 460, 708, 607, 479, 546, 525, 582, 573, 436, 578, 685, 643, 501, 500, 579, 576, 477, 523, 649, 553, 577, 667, 462, 516, 732, 527, 476, 629, 520, 638, 558, 576, 678, 559, 646, 603, 538, 452, 507, 629, 554, 478, 612, 527, 571, 478, 638, 664, 605, 621, 609, 485, 667, 694, 592, 739, 609, 801, 645, 620, 662, 607, 592, 656, 682, 684, 521, 613, 796, 619, 460, 703, 565, 557, 580, 575, 498, 522, 633, 597, 566, 524, 559, 685, 482, 525, 616, 443, 457, 610, 605, 622, 535, 441, 584, 592, 528, 556, 596, 522, 540, 713, 615, 537, 614, 625, 541, 598, 633, 681, 573, 560, 642, 660, 375, 525, 509, 622, 625, 619, 519, 602, 538, 607, 600, 651, 635, 640, 516, 539, 578, 432, 599, 612, 612, 479, 532, 502, 510, 701, 512, 477, 624, 538, 543, 652, 468, 442, 623, 606, 714, 643, 593, 503, 538, 445, 492, 719, 621, 701, 597, 767, 728, 595, 637, 495, 656, 584, 466, 589, 530, 563, 615, 660, 601, 542, 657, 708, 570, 639, 627, 657, 554, 597, 508, 727, 495, 556, 657, 591, 575, 726, 430, 756, 483, 598, 634, 578, 715, 731, 654, 481, 555, 653, 536, 534, 639, 510, 479, 720, 648, 644, 594, 524, 474, 557, 546, 620, 653, 461, 629, 595, 664, 570, 588, 593, 584, 478, 753, 789, 489, 538, 611, 590, 419, 456, 474, 474, 494, 687, 601, 668, 630, 603, 455, 645, 693, 627, 521, 599, 386, 551, 530, 520, 535, 615, 564, 542, 666, 725, 556, 671, 469, 523, 415, 573, 537, 506, 616, 534, 501, 448, 592, 566, 614, 610, 546, 574, 569, 736, 554, 572, 508, 739, 629, 603, 580, 467, 589, 599, 580, 546, 648, 510, 671, 600, 592, 514, 677, 677, 640, 617, 712, 577, 600, 436, 595, 438, 533, 667, 667, 535, 552, 630, 649, 632, 604, 547, 495, 581, 495, 589, 592, 660, 629, 579, 704, 597, 609, 490, 686, 517, 464, 686, 664, 688, 662, 644, 595, 748, 520, 573, 542, 529, 650, 694, 534, 510, 737, 577, 637, 521, 577, 567, 504, 624, 613, 735, 532, 616, 616, 661, 615, 533, 515, 658, 524, 636, 592, 580, 462, 678, 576, 570, 424, 487, 636, 614, 503, 518, 514, 467, 612, 547, 524, 707, 708, 517, 530, 762, 586, 627, 667, 547, 650, 529, 636, 595, 534, 723, 489, 441, 619, 564, 643, 588, 523, 585, 545, 701, 553, 646, 473, 495, 605, 572, 627, 497, 582, 615, 606, 580, 651, 525, 647, 530, 572, 584, 638, 446, 516, 425, 589, 650, 783, 617, 583, 472, 576, 510, 612, 596, 564, 559, 717, 617, 478, 591, 615, 661, 687, 693, 640, 484, 701, 659, 671, 499, 732, 493, 576, 567, 492, 617, 622, 451, 667, 602, 545, 549, 589, 517, 432, 552, 600, 560, 495, 501, 434, 732, 506, 596, 590, 523, 606, 485, 702, 645, 477, 622, 599, 596, 597, 588, 572, 454, 586, 561, 739, 611, 515, 855, 730, 850, 518, 624, 604, 627, 656, 690, 692, 624, 597, 602, 561, 619, 562, 536, 603, 763, 448, 511, 534, 646, 650, 735, 499, 658, 545, 746, 668, 561, 564, 567, 418, 643, 631, 596, 549, 612, 678, 550, 594, 537, 565, 620, 569, 423, 706, 659, 649, 530, 629, 547, 606, 500, 491, 662, 471, 658, 522, 699, 588, 552, 785, 491, 607, 619, 593, 659, 544, 477, 578, 717, 551, 626, 509, 609, 636, 478, 624, 482, 399, 431, 647, 520, 570, 579, 564, 590, 510, 645, 599, 553, 581, 676, 533, 509, 535, 645, 538, 585, 493, 672, 495, 607, 568, 526, 590, 585, 568, 609, 537, 534, 657, 653, 495, 570, 580, 615, 676, 545, 631, 516, 622, 620, 619, 739, 495, 551, 574, 572, 577, 537, 543, 411, 595, 482, 497, 629, 598, 530, 749, 665, 608, 612, 516, 642, 712, 600, 560, 524, 587, 669, 561, 666, 666, 632, 606, 631, 587, 614, 785, 662, 774, 428, 535, 553, 474, 596, 491, 545, 506, 583, 577, 541, 566, 440, 543, 565, 496, 548, 460, 620, 560, 798, 687, 617, 695, 719, 532, 689, 585, 760, 581, 593, 613, 570, 541, 540, 608, 555, 623, 548, 504, 483, 639, 621, 629, 686, 548, 543, 560, 629, 451, 438, 578, 492, 733, 545, 690, 593, 470, 584, 654, 459, 585, 609, 556, 773, 445, 665, 585, 577, 577, 543, 471, 574, 614, 569, 739, 514, 446, 540, 629, 617, 618, 617, 424, 568, 601, 566, 555, 632, 663, 383, 638, 586, 659, 517, 620, 428, 478, 519, 607, 560, 694, 542, 571, 596, 470, 521, 591, 799, 523, 532, 634, 666, 695, 756, 606, 617, 540, 636, 572, 670, 585, 647, 781, 753, 530, 619, 574, 542, 718, 652, 617, 627, 551, 914, 657, 616, 675, 551, 452, 508, 685, 571, 661, 559, 503, 700, 630, 514, 564, 678, 674, 492, 484, 471, 632, 539, 383, 530, 647, 518, 489, 454, 587, 578, 518, 611, 639, 483, 555, 563, 553, 713, 569, 574, 618, 433, 545, 765, 553, 537, 644, 551, 540, 581, 443, 458, 522, 685, 593, 614, 608, 649, 563, 589, 518, 426, 609, 477, 568, 583, 559, 427, 521, 709, 663, 647, 602, 706, 608, 431, 543, 560, 619, 502, 560, 511, 637, 504, 636, 455, 698, 584, 607, 619, 612, 650, 609, 657, 521, 678, 618, 583, 397, 494, 684, 653, 503, 512, 501, 557, 569, 735, 542, 545, 481, 658, 533, 644, 634, 500, 594, 663, 566, 545, 492, 557, 519, 611, 496, 522, 690, 562, 495, 556, 546, 622, 450, 684, 627, 573, 514, 544, 716, 536, 521, 482, 543, 713, 622, 570, 660, 571, 647, 518, 605, 512, 610, 494, 484, 591, 620, 432, 607, 624, 437, 552, 733, 545, 469, 460, 588, 625, 537, 738, 725, 624, 429, 586, 568, 680, 671, 493, 640, 625, 679, 671, 698, 497, 483, 750, 670, 500, 637, 642, 765, 494, 530, 397, 502, 591, 501, 516, 561, 563, 690, 416, 705, 591, 586, 654, 588, 428, 536, 551, 640, 644, 583, 596, 601, 772, 573, 624, 598, 590, 518, 418, 489, 552, 710, 607, 541, 515, 687, 523, 547, 598, 674, 476, 603, 671, 626, 492, 558, 448, 509, 659, 726, 538, 595, 466, 551, 576, 501, 573, 561, 552, 511, 617, 698, 639, 601, 659, 577, 650, 484, 668, 487, 554, 467, 528, 680, 454, 640, 742, 558, 590, 583, 494, 659, 673, 625, 661, 614, 695, 575, 654, 455, 546, 491, 596, 470, 748, 556, 572, 557, 717, 543, 569, 556, 527, 443, 762, 585, 616, 572, 457, 586, 574, 616, 685, 469, 640, 526, 588, 525, 634, 440, 603, 563, 545, 556, 524, 499, 565, 554, 621, 666, 465, 520, 520, 582, 561, 531, 500, 604, 592, 496, 776, 543, 544, 694, 458, 533, 496, 497, 524, 643, 662, 449, 666, 563, 658, 564, 412, 662, 578, 500, 578, 582, 542, 501, 740, 611, 606, 626, 512, 529, 548, 689, 454, 594, 454, 577, 588, 520, 725, 546, 638, 594, 738, 639, 720, 626, 686, 562, 512, 672, 596, 533, 489, 582, 604, 516, 621, 563, 634, 550, 412, 412, 509, 479, 479, 649, 639, 431, 598, 588, 395, 514, 512, 560, 676, 700, 506, 465, 583, 743, 708, 662, 505, 597, 581, 694, 587, 711, 580, 425, 497, 623, 623, 608, 653, 608, 634, 649, 629, 474, 489, 597, 616, 510, 523, 553, 546, 640, 545, 514, 506, 569, 529, 805, 568, 624, 547, 554, 542, 457, 533, 559, 494, 637, 481, 552, 600, 483, 641, 509, 607, 666, 586, 525, 581, 577, 680, 566, 560, 627, 575, 597, 501, 611, 525, 496, 617, 495, 486, 641, 599, 561, 672, 532, 642, 614, 572, 684, 631, 589, 477, 567, 566, 569, 688, 569, 631, 492, 514, 589, 557, 545, 583, 483, 542, 452, 529, 625, 613, 514, 589, 602, 571, 557, 624, 702, 541, 687, 540, 767, 662, 554, 688, 625, 583, 503, 607, 535, 583, 488, 515, 572, 632, 563, 635, 681, 516, 526, 533, 607, 475, 492, 745, 603, 703, 599, 578, 674, 630, 622, 637, 604, 536, 540, 499, 513, 642, 635, 636, 707, 618, 598, 614, 618, 608, 562, 558, 606, 722, 667, 529, 686, 546, 669, 655, 576, 642, 592, 373, 614, 634, 624, 680, 596, 614, 628, 583, 484, 478, 482, 578, 532, 598, 729, 619, 513, 732, 702, 582, 632, 671, 517, 514, 583, 539, 599, 643, 402, 468, 675, 525, 573, 600, 543, 637, 571, 612, 560, 587, 723, 636, 563, 488, 538, 495, 540, 657, 599, 588, 515, 648, 638, 546, 494, 461, 577, 631, 593, 572, 582, 618, 553, 465, 555, 582, 687, 543, 579, 656, 611, 553, 517, 547, 774, 640, 421, 498, 557, 608, 690, 415, 597, 611, 555, 606, 472, 684, 637, 459, 590, 521, 606, 710, 622, 636, 465, 791, 620, 660, 614, 554, 664, 649, 591, 468, 543, 551, 535, 626, 529, 597, 489, 634, 576, 604, 712, 596, 684, 466, 505, 587, 587, 444, 664, 542, 538, 574, 562, 549, 662, 599, 574, 734, 502, 626, 621, 608, 576, 535, 814, 479, 698, 615, 712, 621, 439, 547, 627, 410, 690, 579, 742, 689, 559, 521, 634, 523, 614, 558, 638, 621, 541, 543, 557, 523, 570, 693, 589, 491, 538, 673, 588, 473, 703, 564, 647, 646, 499, 497, 610, 536, 515, 488, 519, 709, 683, 632, 550, 590, 718, 388, 686, 509, 467, 585, 548, 653, 661, 580, 539, 638, 738, 501, 620, 644, 676, 541, 654, 500, 719, 422, 583, 551, 640, 675, 528, 498, 571, 623, 507, 594, 567, 728, 529, 528, 512, 630, 456, 555, 605, 516, 683, 606, 632, 564, 669, 506, 564, 682, 574, 581, 578, 552, 503, 673, 532, 559, 581, 555, 569, 740, 420, 612, 674, 516, 549, 598, 627, 582, 509, 634, 467, 597, 559, 604, 731, 502, 442, 434, 740, 537, 520, 510, 597, 597, 624, 633, 584, 562, 594, 564, 679, 539, 648, 651, 643, 631, 543, 614, 543, 749, 432, 540, 473, 543, 670, 696, 563, 427, 455, 713, 539, 549, 663, 628, 577, 749, 609, 580, 734, 518, 532, 571, 703, 474, 634, 455, 580, 596, 463, 526, 492, 565, 649, 487, 593, 488, 500, 628, 323, 571, 627, 587, 615, 606, 616, 460, 629, 668, 604, 548, 537, 689, 607, 619, 565, 544, 612, 684, 562, 580, 616, 627, 635, 624, 474, 574, 673, 519, 654, 585, 439, 611, 548, 557, 649, 594, 546, 490, 632, 630, 753, 574, 520, 523, 545, 602, 704, 622, 569, 597, 595, 536, 515, 655, 562, 544, 526, 776, 527, 600, 706, 594, 639, 553, 469, 600, 584, 433, 591, 550, 546, 478, 577, 534, 555, 602, 630, 552, 540, 527, 563, 483, 643, 679, 683, 601, 485, 508, 553, 679, 635, 523, 564, 599, 498, 647, 494, 588, 465, 646, 558, 670, 459, 635, 532, 599, 615, 534, 494, 726, 673, 635, 523, 459, 523, 699, 491, 563, 667, 510, 626, 513, 567, 576, 641, 381, 739, 578, 537, 613, 473, 591, 765, 650, 573, 660, 513, 673, 496, 409, 497, 604, 657, 578, 564, 571, 704, 555, 621, 553, 611, 573, 531, 592, 626, 644, 721, 494, 595, 552, 699, 563, 397, 663, 586, 458, 646, 515, 718, 670, 476, 542, 580, 607, 593, 698, 491, 501, 534, 667, 755, 498, 530, 587, 604, 557, 569, 534, 534, 647, 669, 657, 731, 546, 604, 669, 741, 594, 624, 589, 599, 463, 557, 476, 493, 614, 574, 529, 637, 598, 620, 570, 567, 452, 706, 605, 643, 371, 621, 597, 436, 618, 643, 466, 519, 632, 627, 687, 509, 521, 698, 620, 596, 602, 650, 537, 450, 508, 534, 602, 616, 598, 564, 625, 612, 662, 524, 579, 616, 552, 561, 538, 549, 523, 492, 552, 556, 667, 584, 676, 706, 655, 578, 572, 632, 606, 456, 670, 607, 662, 543, 529, 536, 614, 613, 570, 573, 523, 668, 562, 607, 588, 590, 664, 597, 522, 620, 606, 701, 556, 553, 732, 575, 577, 698, 459, 470, 583, 513, 593, 601, 430, 610, 445, 706, 567, 650, 663, 516, 592, 577, 552, 672, 674, 710, 637, 488, 449, 631, 543, 633, 459, 538, 592, 675, 594, 502, 542, 696, 600, 505, 618, 469, 646, 540, 603, 481, 668, 460, 554, 654, 524, 567, 687, 672, 499, 609, 585, 518, 599, 771, 640, 585, 431, 579, 641, 633, 534, 625, 403, 566, 552, 584, 482, 602, 540, 627, 588, 463, 515, 601, 512, 569, 613, 574, 492, 420, 675, 581, 613, 586, 660, 635, 691, 564, 613, 562, 690, 526, 626, 406, 584, 574, 606, 541, 727, 644, 548, 567, 528, 531, 500, 510, 525, 457, 576, 579, 608, 399, 633, 510, 528, 618, 678, 642, 632, 551, 525, 632, 673, 550, 515, 710, 686, 464, 527, 494, 606, 469, 510, 630, 752, 550, 674, 541, 724, 669, 639, 735, 645, 655, 541, 495, 546, 598, 520, 718, 638, 663, 651, 616, 776, 569, 699, 552, 575, 597, 534, 608, 636, 715, 628, 569, 531, 489, 536, 547, 555, 596, 626, 489, 574, 559, 583, 667, 514, 626, 624, 548, 544, 578, 417, 505, 530, 513, 704, 515, 635, 607, 640, 547, 479, 633, 551, 563, 520, 681, 473, 593, 569, 701, 563, 703, 514, 700, 592, 663, 537, 500, 565, 590, 531, 548, 631, 512, 612, 575, 501, 487, 482, 417, 596, 623, 672, 561, 561, 533, 724, 715, 532, 635, 468, 543, 508, 624, 567, 547, 592, 526, 636, 579, 589, 610, 574, 655, 630, 588, 569, 644, 657, 562, 638, 499, 610, 612, 551, 612, 561, 540, 577, 563, 538, 644, 589, 583, 614, 544, 556, 677, 709, 585, 649, 594, 502, 532, 542, 687, 612, 638, 502, 550, 505, 610, 562, 604, 484, 428, 449, 626, 643, 395, 513, 658, 541, 475, 527, 624, 648, 579, 491, 663, 664, 656, 618, 553, 492, 516, 694, 527, 547, 653, 495, 669, 558, 685, 534, 665, 661, 626, 581, 564, 713, 526, 621, 545, 585, 577, 677, 732, 594, 631, 601, 584, 692, 465, 539, 741, 504, 575, 541, 548, 429, 556, 500, 643, 692, 677, 549, 514, 658, 548, 669, 632, 608, 599, 575, 556, 550, 450, 512, 681, 692, 515, 502, 686, 783, 797, 547, 372, 617, 593, 426, 544, 573, 649, 604, 524, 468, 582, 458, 475, 623, 654, 527, 715, 596, 596, 539, 500, 452, 703, 463, 614, 482, 590, 585, 523, 571, 543, 409, 599, 693, 601, 424, 489, 594, 676, 510, 499, 408, 516, 538, 436, 571, 649, 666, 492, 411, 605, 765, 643, 494, 653, 540, 519, 716, 484, 681, 617, 488, 674, 738, 601, 587, 505, 544, 604, 565, 484, 597, 516, 509, 464, 651, 691, 674, 690, 608, 469, 551, 511, 555, 478, 645, 648, 576, 658, 624, 575, 603, 552, 572, 634, 534, 536, 576, 643, 604, 543, 574, 510, 543, 472, 480, 634, 492, 481, 638, 578, 568, 496, 538, 581, 567, 490, 574, 622, 539, 559, 487, 639, 591, 731, 571, 559, 494, 433, 547, 547, 633, 641, 498, 637, 619, 577, 545, 561, 533, 523, 582, 576, 596, 612, 566, 595, 671, 524, 531, 549, 486, 541, 538, 614, 545, 526, 557, 523, 572, 595, 454, 574, 585, 479, 518, 648, 574, 403, 656, 557, 438, 483, 526, 648, 639, 623, 532, 506, 671, 644, 526, 534, 688, 634, 640, 674, 595, 498, 783, 375, 617, 437, 757, 583, 637, 699, 637, 504, 656, 804, 524, 646, 515, 542, 696, 549, 519, 432, 590, 563, 529, 695, 496, 487, 636, 624, 527, 587, 582, 652, 547, 531, 560, 682, 639, 665, 680, 666, 603, 642, 555, 503, 467, 647, 673, 593, 656, 632, 636, 587, 605, 581, 610, 614, 552, 670, 612, 532, 730, 697, 591, 529, 567, 536, 436, 480, 415, 574, 609, 478, 698, 590, 637, 497, 481, 560, 558, 589, 568, 755, 621, 684, 655, 572, 483, 519, 582, 591, 422, 521, 562, 652, 781, 631, 590, 450, 580, 646, 436, 726, 600, 403, 553, 587, 529, 560, 565, 698, 623, 733, 592, 564, 680, 576, 550, 687, 505, 580, 542, 768, 803, 611, 533, 601, 513, 801, 636, 500, 541, 723, 615, 676, 723, 529, 503, 676, 502, 611, 566, 496, 692, 750, 488, 700, 408, 672, 704, 571, 585, 594, 456, 506, 635, 652, 607, 511, 610, 564, 571, 611, 551, 658, 542, 554, 573, 530, 684, 520, 525, 513, 414, 485, 550, 590, 472, 677, 478, 589, 677, 502, 606, 621, 613, 542, 561, 530, 698, 603, 587, 628, 504, 608, 536, 589, 550, 578, 676, 531, 631, 670, 590, 583, 612, 611, 523, 631, 616, 487, 484, 590, 561, 490, 591, 573, 608, 516, 491, 651, 503, 682, 430, 467, 563, 526, 493, 653, 613, 577, 517, 479, 459, 667, 440, 556, 531, 599, 581, 488, 672, 539, 643, 527, 697, 613, 539, 566, 636, 417, 638, 672, 445, 604, 600, 415, 559, 474, 654, 629, 407, 608, 502, 656, 614, 528, 472, 633, 645, 616, 501, 707, 536, 523, 483, 547, 455, 483, 527, 575, 649, 632, 603, 564, 491, 437, 650, 516, 602, 603, 556, 500, 538, 617, 534, 615, 622, 606, 551, 564, 597, 530, 633, 464, 620, 693, 569, 571, 472, 617, 621, 532, 501, 540, 708, 553, 611, 551, 487, 623, 584, 622, 487, 649, 593, 589, 526, 521, 630, 612, 641, 556, 624, 549, 585, 506, 718, 604, 640, 510, 651, 558, 564, 560, 621, 526, 662, 549, 654, 688, 604, 534, 517, 592, 451, 638, 502, 527, 482, 573, 616, 561, 589, 565, 561, 551, 580, 659, 566, 547, 556, 679, 679, 655, 614, 534, 442, 554, 489, 544, 711, 651, 666, 484, 546, 490, 600, 539, 732, 640, 690, 631, 521, 499, 715, 587, 671, 829, 524, 626, 540, 616, 598, 589, 563, 618, 615, 687, 572, 457, 564, 562, 672, 544, 631, 591, 634, 649, 601, 611, 619, 642, 480, 536, 631, 614, 571, 756, 492, 609, 601, 625, 628, 531, 638, 540, 565, 552, 542, 422, 633, 539, 485, 741, 491, 612, 573, 567, 680, 637, 427, 537, 704, 603, 523, 640, 641, 620, 527, 593, 482, 527, 567, 591, 626, 582, 629, 620, 618, 552, 536, 665, 583, 491, 537, 644, 672, 612, 557, 581, 756, 627, 564, 682, 379, 530, 494, 531, 632, 678, 494, 565, 489, 565, 468, 563, 655, 575, 580, 721, 644, 683, 475, 486, 502, 592, 469, 556, 592, 523, 600, 736, 695, 571, 630, 546, 549, 563, 553, 658, 564, 472, 619, 570, 760, 519, 530, 594, 464, 519, 556, 431, 629, 543, 627, 597, 519, 571, 591, 598, 598, 686, 458, 595, 498, 492, 527, 628, 455, 443, 552, 677, 498, 566, 602, 739, 440, 545, 691, 644, 678, 632, 592, 595, 478, 493, 622, 574, 598, 502, 522, 752, 630, 649, 721, 651, 588, 549, 440]

[btf]
  Promedio : 822.0s
  Desvío   : 94.0s
  IC 95%   : [819.4s, 824.6s]
  Mínimo   : 435s
  Máximo   : 1152s
  Tiempos  : [865, 931, 766, 717, 771, 945, 732, 681, 758, 877, 777, 706, 837, 831, 844, 877, 900, 693, 600, 732, 828, 720, 583, 784, 652, 774, 635, 758, 974, 807, 745, 857, 817, 748, 841, 933, 862, 872, 854, 807, 800, 763, 941, 802, 670, 952, 748, 946, 906, 737, 861, 768, 768, 749, 764, 701, 909, 827, 836, 771, 802, 888, 883, 770, 812, 749, 672, 670, 740, 806, 868, 737, 763, 931, 726, 1009, 801, 867, 874, 819, 823, 935, 756, 852, 828, 752, 733, 820, 835, 819, 686, 896, 928, 661, 948, 748, 874, 655, 709, 888, 986, 641, 860, 879, 745, 754, 772, 959, 642, 791, 803, 811, 869, 865, 827, 1017, 582, 614, 951, 695, 764, 768, 929, 640, 767, 854, 615, 912, 956, 820, 760, 878, 882, 886, 715, 865, 727, 883, 732, 834, 791, 668, 926, 871, 688, 990, 743, 891, 932, 901, 961, 773, 853, 823, 680, 855, 746, 789, 865, 1108, 836, 979, 886, 829, 839, 913, 637, 799, 925, 686, 804, 764, 691, 770, 761, 862, 776, 715, 793, 830, 576, 827, 870, 846, 836, 950, 734, 884, 752, 912, 840, 872, 780, 857, 903, 633, 857, 789, 751, 900, 889, 729, 814, 930, 935, 887, 800, 956, 915, 899, 711, 1008, 743, 847, 710, 812, 691, 665, 736, 607, 968, 961, 903, 722, 755, 815, 796, 773, 700, 940, 970, 872, 810, 706, 807, 777, 828, 861, 918, 739, 791, 769, 789, 869, 837, 817, 754, 658, 786, 696, 879, 705, 827, 859, 902, 620, 864, 810, 828, 776, 703, 839, 879, 709, 874, 921, 764, 936, 687, 780, 862, 789, 905, 791, 754, 998, 845, 936, 699, 680, 700, 888, 729, 792, 833, 883, 727, 772, 786, 707, 804, 740, 801, 642, 794, 1093, 747, 761, 704, 761, 809, 759, 793, 859, 839, 713, 647, 794, 983, 738, 941, 805, 792, 666, 958, 757, 814, 705, 760, 862, 898, 889, 781, 919, 929, 831, 927, 678, 856, 803, 919, 868, 788, 799, 809, 809, 778, 752, 736, 884, 877, 1013, 831, 716, 818, 819, 891, 729, 810, 1058, 940, 876, 931, 817, 806, 870, 740, 1009, 933, 902, 731, 888, 881, 908, 898, 853, 825, 946, 823, 743, 889, 831, 870, 713, 849, 984, 849, 771, 903, 720, 730, 709, 667, 620, 830, 736, 847, 886, 870, 837, 969, 892, 840, 901, 856, 757, 945, 910, 912, 849, 862, 839, 893, 838, 924, 899, 708, 695, 843, 802, 858, 975, 975, 789, 755, 700, 1094, 905, 868, 707, 897, 891, 689, 769, 716, 665, 761, 635, 941, 919, 778, 771, 790, 780, 789, 826, 993, 749, 895, 789, 728, 802, 705, 927, 796, 897, 671, 888, 607, 794, 909, 861, 918, 823, 819, 757, 682, 1011, 858, 761, 822, 820, 860, 835, 820, 961, 870, 913, 871, 828, 693, 820, 953, 948, 979, 742, 735, 892, 813, 906, 917, 817, 762, 783, 820, 789, 998, 755, 1006, 889, 851, 753, 895, 906, 784, 643, 857, 848, 812, 844, 738, 685, 751, 958, 903, 975, 756, 720, 765, 847, 805, 917, 786, 675, 784, 817, 761, 864, 812, 894, 889, 883, 738, 942, 795, 687, 732, 506, 685, 730, 896, 951, 1018, 812, 811, 838, 677, 797, 911, 718, 840, 744, 832, 872, 833, 943, 821, 865, 842, 902, 743, 974, 840, 658, 783, 910, 777, 890, 981, 703, 730, 832, 839, 646, 894, 717, 757, 812, 834, 1005, 946, 990, 813, 789, 920, 930, 753, 793, 869, 787, 993, 789, 903, 720, 851, 709, 763, 895, 735, 819, 1002, 760, 749, 871, 807, 700, 703, 802, 894, 784, 811, 793, 913, 768, 1020, 661, 829, 839, 876, 852, 905, 875, 835, 778, 733, 676, 907, 753, 862, 974, 886, 803, 766, 824, 719, 727, 867, 872, 765, 891, 819, 818, 877, 739, 804, 836, 741, 813, 749, 910, 891, 709, 901, 807, 724, 916, 867, 829, 728, 710, 879, 924, 862, 946, 902, 665, 788, 817, 857, 636, 826, 806, 962, 869, 1041, 929, 896, 769, 849, 792, 834, 653, 840, 733, 714, 861, 707, 708, 689, 998, 788, 971, 1011, 798, 785, 900, 907, 750, 804, 932, 878, 804, 656, 995, 907, 698, 803, 825, 839, 778, 736, 880, 998, 742, 435, 764, 844, 908, 813, 643, 929, 869, 862, 898, 772, 993, 827, 827, 755, 812, 862, 871, 865, 785, 775, 798, 842, 757, 800, 884, 877, 732, 717, 637, 853, 843, 834, 773, 1009, 868, 847, 922, 857, 813, 906, 598, 758, 746, 960, 823, 953, 812, 892, 931, 807, 610, 779, 839, 696, 755, 823, 792, 844, 733, 804, 958, 965, 744, 801, 928, 738, 931, 804, 836, 956, 847, 840, 698, 875, 868, 857, 863, 787, 925, 886, 960, 952, 745, 783, 698, 756, 956, 801, 878, 841, 827, 826, 893, 793, 905, 689, 681, 660, 953, 907, 799, 852, 873, 879, 889, 786, 989, 844, 901, 816, 755, 709, 877, 903, 839, 656, 852, 865, 781, 652, 817, 916, 788, 907, 909, 773, 799, 771, 871, 833, 817, 642, 859, 633, 947, 843, 593, 635, 881, 843, 809, 774, 733, 915, 940, 892, 888, 677, 805, 808, 738, 746, 775, 853, 866, 699, 879, 947, 724, 865, 972, 837, 700, 827, 966, 729, 920, 868, 820, 819, 800, 753, 805, 872, 725, 876, 881, 900, 932, 769, 756, 795, 771, 741, 799, 703, 763, 889, 907, 581, 806, 879, 945, 795, 748, 777, 712, 816, 762, 741, 768, 862, 928, 881, 1021, 808, 855, 740, 693, 704, 674, 909, 815, 759, 790, 922, 869, 873, 891, 816, 744, 777, 678, 800, 787, 958, 888, 732, 755, 856, 770, 777, 847, 827, 868, 804, 821, 896, 975, 842, 812, 761, 806, 869, 728, 808, 841, 644, 794, 802, 866, 811, 672, 817, 824, 738, 811, 868, 872, 778, 841, 833, 732, 899, 680, 887, 794, 913, 642, 1057, 743, 889, 726, 907, 804, 830, 860, 756, 816, 879, 732, 859, 786, 716, 854, 772, 890, 873, 631, 904, 852, 957, 800, 776, 959, 684, 868, 767, 704, 790, 844, 897, 659, 936, 756, 840, 791, 900, 1072, 894, 805, 840, 709, 854, 810, 810, 877, 873, 842, 698, 867, 826, 830, 791, 853, 743, 1021, 704, 962, 802, 872, 925, 887, 941, 766, 890, 886, 881, 760, 827, 781, 1047, 697, 869, 807, 745, 1006, 974, 736, 706, 874, 785, 563, 886, 1032, 1094, 839, 849, 838, 843, 821, 861, 854, 850, 759, 732, 858, 970, 940, 882, 837, 793, 820, 856, 816, 734, 706, 906, 794, 897, 869, 901, 746, 900, 805, 962, 727, 617, 781, 861, 818, 822, 844, 722, 967, 807, 841, 790, 876, 890, 766, 756, 791, 754, 694, 966, 967, 812, 1084, 911, 785, 800, 919, 850, 822, 843, 782, 872, 858, 759, 892, 882, 847, 779, 623, 636, 772, 856, 778, 789, 797, 879, 888, 811, 760, 816, 721, 844, 770, 774, 825, 804, 742, 872, 935, 668, 643, 782, 805, 916, 843, 941, 784, 724, 837, 719, 707, 1152, 852, 938, 781, 848, 812, 847, 805, 653, 665, 777, 805, 884, 846, 822, 700, 826, 948, 844, 875, 875, 858, 870, 839, 681, 812, 910, 763, 805, 859, 876, 781, 794, 758, 729, 744, 969, 948, 844, 785, 1006, 1040, 790, 924, 780, 912, 857, 791, 857, 946, 812, 811, 785, 858, 857, 869, 703, 846, 818, 912, 916, 653, 754, 735, 815, 949, 781, 865, 802, 793, 829, 695, 747, 790, 877, 851, 834, 953, 730, 764, 861, 766, 762, 901, 687, 752, 767, 978, 838, 967, 870, 810, 824, 904, 811, 859, 840, 849, 779, 822, 790, 702, 839, 806, 786, 786, 928, 802, 805, 708, 819, 732, 828, 711, 758, 793, 807, 846, 862, 768, 875, 949, 929, 752, 748, 790, 957, 902, 688, 814, 888, 785, 783, 861, 719, 869, 866, 728, 892, 860, 941, 757, 854, 725, 990, 786, 729, 1010, 1040, 743, 648, 840, 826, 677, 799, 915, 878, 976, 898, 751, 815, 876, 733, 763, 880, 746, 681, 899, 732, 813, 758, 709, 849, 774, 769, 731, 741, 750, 801, 612, 964, 878, 777, 672, 897, 936, 484, 748, 911, 917, 847, 1029, 689, 926, 921, 611, 878, 885, 1051, 859, 718, 770, 748, 839, 603, 796, 751, 813, 940, 611, 926, 775, 858, 828, 721, 954, 889, 831, 864, 826, 980, 734, 798, 910, 765, 717, 716, 957, 849, 814, 807, 952, 898, 847, 637, 924, 863, 752, 821, 888, 760, 562, 755, 837, 951, 907, 828, 690, 963, 886, 671, 828, 752, 852, 824, 830, 813, 706, 792, 937, 907, 842, 614, 897, 871, 1042, 936, 864, 918, 858, 629, 750, 808, 1009, 814, 848, 860, 709, 910, 683, 884, 760, 765, 904, 810, 771, 912, 837, 874, 727, 744, 966, 989, 917, 745, 678, 881, 870, 816, 794, 843, 1032, 831, 940, 582, 903, 841, 695, 652, 728, 817, 760, 879, 1049, 622, 714, 814, 692, 807, 677, 761, 946, 725, 765, 758, 861, 737, 677, 755, 881, 887, 838, 649, 696, 828, 851, 926, 1006, 835, 982, 852, 745, 744, 875, 816, 944, 736, 723, 874, 797, 662, 687, 747, 811, 844, 901, 849, 727, 665, 922, 746, 845, 930, 930, 783, 772, 581, 745, 725, 707, 996, 755, 757, 839, 893, 826, 797, 738, 965, 743, 928, 897, 959, 930, 839, 572, 740, 945, 954, 848, 647, 819, 790, 921, 707, 905, 925, 882, 763, 932, 895, 862, 829, 905, 845, 850, 829, 632, 695, 733, 942, 1005, 843, 857, 777, 822, 750, 757, 942, 772, 826, 805, 697, 708, 793, 829, 806, 833, 859, 790, 924, 663, 949, 1050, 737, 892, 898, 961, 937, 816, 794, 838, 1040, 900, 752, 918, 905, 693, 731, 653, 827, 727, 867, 1034, 747, 1050, 805, 798, 704, 918, 931, 882, 857, 872, 816, 836, 762, 713, 946, 852, 795, 739, 993, 895, 905, 881, 974, 926, 1101, 862, 828, 867, 648, 1014, 960, 797, 770, 845, 689, 980, 1002, 863, 791, 842, 933, 824, 745, 631, 822, 888, 849, 763, 804, 770, 746, 765, 710, 824, 804, 793, 826, 827, 746, 876, 816, 903, 767, 909, 913, 939, 840, 909, 922, 1000, 880, 851, 699, 842, 831, 748, 830, 969, 603, 850, 738, 638, 883, 771, 904, 789, 817, 779, 909, 834, 915, 810, 876, 803, 691, 890, 733, 798, 622, 824, 840, 751, 809, 834, 859, 832, 784, 646, 820, 834, 695, 845, 1068, 879, 803, 552, 806, 840, 774, 850, 725, 883, 844, 678, 897, 838, 863, 921, 885, 914, 777, 832, 805, 687, 887, 853, 742, 882, 834, 891, 743, 805, 803, 797, 946, 881, 760, 942, 733, 773, 869, 762, 822, 793, 783, 908, 658, 849, 900, 765, 765, 710, 687, 738, 881, 785, 917, 842, 775, 836, 776, 858, 896, 778, 677, 873, 900, 957, 820, 854, 784, 808, 879, 937, 880, 804, 820, 813, 873, 949, 652, 826, 883, 756, 831, 998, 799, 728, 928, 713, 752, 718, 680, 689, 741, 758, 804, 680, 693, 733, 920, 984, 919, 1022, 908, 820, 828, 911, 791, 812, 1007, 784, 836, 858, 852, 791, 652, 576, 925, 936, 866, 844, 887, 1017, 681, 660, 839, 703, 923, 734, 805, 786, 936, 806, 904, 866, 835, 815, 725, 982, 780, 1077, 881, 843, 729, 896, 599, 964, 853, 755, 964, 817, 594, 819, 833, 849, 726, 845, 1038, 662, 984, 941, 855, 731, 893, 807, 782, 772, 826, 808, 660, 841, 853, 796, 940, 818, 923, 833, 693, 816, 747, 837, 940, 780, 786, 918, 982, 963, 832, 754, 938, 975, 869, 837, 823, 812, 924, 782, 794, 640, 828, 628, 823, 908, 934, 816, 719, 876, 770, 700, 956, 684, 859, 873, 851, 795, 631, 787, 719, 956, 801, 843, 852, 666, 736, 855, 856, 766, 828, 819, 832, 842, 768, 801, 809, 889, 871, 715, 863, 725, 711, 876, 853, 800, 867, 838, 691, 622, 1066, 780, 700, 742, 742, 887, 762, 932, 745, 841, 836, 702, 866, 832, 905, 701, 949, 925, 792, 905, 708, 1005, 892, 844, 936, 816, 679, 882, 796, 876, 809, 814, 779, 766, 738, 806, 1057, 773, 824, 840, 814, 740, 926, 678, 754, 865, 848, 928, 889, 865, 779, 854, 895, 831, 694, 826, 878, 762, 876, 777, 683, 872, 882, 817, 793, 608, 847, 704, 870, 747, 956, 952, 754, 784, 917, 970, 867, 787, 762, 950, 778, 909, 914, 682, 847, 901, 844, 773, 873, 847, 652, 863, 849, 797, 737, 798, 941, 861, 827, 787, 955, 775, 898, 841, 704, 852, 868, 768, 752, 782, 829, 835, 925, 795, 779, 832, 919, 866, 776, 806, 785, 779, 704, 798, 886, 714, 813, 543, 800, 858, 960, 933, 852, 450, 763, 895, 781, 711, 944, 775, 792, 841, 892, 961, 785, 879, 852, 853, 644, 744, 807, 982, 756, 867, 752, 819, 682, 873, 861, 797, 605, 928, 974, 882, 811, 959, 1047, 880, 800, 1015, 682, 764, 808, 844, 791, 893, 708, 785, 809, 658, 821, 814, 1091, 866, 827, 794, 1016, 810, 954, 557, 703, 881, 761, 762, 879, 830, 808, 821, 976, 827, 909, 830, 662, 712, 791, 866, 919, 1006, 745, 878, 859, 653, 865, 762, 698, 862, 751, 978, 827, 720, 881, 736, 776, 623, 846, 773, 850, 1009, 821, 911, 858, 699, 1021, 908, 760, 819, 946, 775, 815, 807, 820, 869, 735, 877, 928, 810, 920, 779, 851, 818, 860, 914, 771, 828, 928, 944, 752, 865, 919, 729, 873, 1009, 976, 840, 791, 717, 848, 883, 975, 831, 842, 753, 851, 779, 796, 869, 792, 850, 739, 802, 827, 961, 875, 1068, 909, 770, 931, 968, 906, 945, 834, 919, 982, 796, 859, 773, 824, 973, 995, 991, 708, 815, 865, 602, 793, 822, 858, 668, 774, 819, 755, 1001, 909, 818, 943, 1019, 761, 801, 753, 926, 684, 896, 854, 886, 762, 822, 982, 868, 831, 963, 938, 717, 830, 814, 800, 871, 762, 1007, 917, 809, 919, 866, 976, 818, 813, 923, 728, 930, 802, 792, 667, 879, 908, 804, 842, 730, 717, 749, 716, 839, 871, 933, 718, 761, 807, 712, 819, 920, 890, 769, 716, 774, 806, 795, 848, 882, 864, 734, 871, 761, 810, 942, 860, 922, 808, 854, 828, 787, 875, 855, 706, 777, 848, 766, 917, 860, 931, 661, 865, 676, 788, 833, 739, 780, 810, 857, 721, 900, 737, 850, 951, 962, 631, 779, 717, 768, 941, 797, 947, 859, 856, 851, 867, 847, 792, 1052, 992, 1025, 786, 784, 795, 758, 824, 788, 732, 639, 751, 933, 712, 753, 832, 845, 813, 813, 861, 846, 827, 862, 932, 724, 752, 775, 746, 743, 727, 816, 832, 711, 975, 948, 705, 791, 750, 858, 832, 549, 867, 818, 906, 771, 653, 777, 944, 715, 675, 969, 849, 903, 842, 986, 945, 899, 1056, 873, 676, 890, 987, 751, 837, 734, 741, 881, 807, 751, 831, 940, 908, 709, 751, 908, 909, 711, 887, 929, 890, 937, 1015, 811, 758, 884, 845, 686, 946, 895, 886, 786, 692, 860, 765, 822, 835, 772, 687, 749, 770, 757, 767, 850, 779, 925, 919, 667, 888, 797, 888, 787, 835, 802, 821, 827, 752, 912, 830, 819, 801, 687, 837, 801, 852, 904, 861, 811, 924, 894, 812, 944, 836, 932, 776, 805, 809, 852, 825, 804, 815, 951, 762, 768, 847, 852, 784, 762, 886, 814, 947, 656, 824, 905, 538, 1003, 874, 1059, 764, 729, 722, 775, 898, 933, 821, 869, 837, 733, 937, 929, 864, 901, 823, 948, 778, 926, 725, 694, 956, 834, 749, 992, 584, 732, 853, 738, 780, 757, 696, 744, 840, 797, 851, 773, 782, 962, 833, 892, 761, 716, 780, 802, 952, 840, 820, 798, 838, 870, 876, 736, 668, 865, 1016, 730, 1000, 743, 787, 890, 835, 897, 814, 675, 682, 759, 781, 909, 766, 787, 823, 969, 617, 654, 866, 846, 699, 899, 926, 895, 822, 950, 768, 787, 794, 697, 859, 699, 936, 926, 862, 843, 836, 808, 850, 926, 709, 769, 848, 878, 887, 831, 665, 772, 924, 819, 893, 885, 789, 878, 700, 805, 935, 917, 779, 893, 700, 702, 820, 680, 845, 814, 758, 686, 874, 881, 646, 753, 849, 760, 942, 906, 736, 832, 739, 870, 846, 835, 814, 701, 744, 695, 779, 865, 811, 797, 917, 845, 882, 694, 1059, 910, 932, 812, 734, 781, 869, 783, 737, 804, 904, 843, 987, 844, 982, 785, 899, 834, 830, 887, 854, 722, 806, 883, 882, 804, 960, 678, 927, 743, 853, 694, 622, 926, 761, 857, 702, 873, 735, 750, 891, 796, 845, 842, 786, 863, 864, 876, 814, 878, 785, 763, 900, 845, 779, 810, 938, 838, 747, 863, 859, 829, 804, 933, 907, 886, 735, 837, 795, 860, 792, 777, 874, 946, 702, 754, 772, 786, 739, 649, 1071, 752, 916, 693, 876, 733, 696, 768, 735, 788, 575, 889, 877, 690, 875, 724, 774, 758, 727, 856, 866, 1044, 792, 814, 1002, 809, 759, 727, 769, 764, 829, 868, 768, 682, 667, 942, 741, 856, 1007, 923, 866, 838, 709, 860, 1023, 814, 715, 870, 837, 866, 810, 986, 688, 839, 718, 852, 783, 867, 823, 839, 820, 693, 717, 639, 811, 867, 766, 886, 746, 956, 766, 850, 802, 701, 925, 792, 773, 720, 866, 861, 868, 629, 833, 1060, 810, 667, 756, 879, 855, 965, 1019, 737, 803, 924, 713, 742, 755, 779, 839, 718, 802, 836, 758, 886, 852, 902, 744, 756, 925, 841, 822, 773, 799, 833, 621, 827, 687, 579, 1021, 758, 799, 891, 675, 820, 814, 856, 773, 770, 838, 963, 673, 824, 662, 757, 855, 871, 807, 901, 903, 1038, 887, 900, 844, 916, 759, 755, 831, 767, 883, 870, 948, 702, 830, 806, 907, 819, 885, 845, 757, 645, 955, 814, 862, 863, 891, 736, 864, 926, 840, 812, 760, 831, 879, 827, 820, 908, 646, 802, 983, 918, 751, 745, 820, 742, 792, 845, 909, 793, 920, 787, 659, 886, 593, 727, 834, 879, 834, 932, 654, 810, 847, 768, 843, 883, 688, 806, 805, 888, 811, 810, 928, 846, 787, 692, 708, 797, 651, 812, 777, 752, 820, 734, 843, 818, 826, 825, 782, 940, 782, 866, 751, 825, 812, 791, 688, 735, 932, 875, 830, 894, 902, 782, 817, 836, 753, 854, 825, 729, 797, 764, 955, 932, 876, 774, 807, 618, 717, 837, 1041, 660, 763, 849, 794, 873, 1027, 861, 799, 801, 812, 852, 856, 653, 836, 671, 918, 892, 742, 834, 713, 693, 926, 751, 808, 859, 541, 874, 859, 790, 782, 796, 933, 751, 747, 673, 943, 855, 975, 879, 713, 585, 795, 790, 818, 696, 834, 863, 593, 818, 815, 925, 807, 675, 864, 811, 751, 871, 680, 743, 654, 1043, 735, 779, 746, 763, 870, 990, 896, 919, 761, 815, 826, 705, 758, 746, 926, 925, 762, 865, 963, 925, 762, 744, 890, 905, 661, 840, 760, 871, 679, 851, 837, 554, 838, 838, 885, 880, 812, 868, 847, 971, 831, 851, 800, 722, 855, 823, 760, 681, 849, 833, 889, 821, 775, 923, 785, 806, 964, 865, 879, 906, 830, 787, 717, 758, 768, 928, 623, 854, 717, 850, 643, 663, 884, 872, 735, 802, 855, 792, 805, 907, 820, 960, 789, 868, 671, 926, 745, 840, 869, 703, 833, 886, 632, 811, 802, 534, 857, 799, 981, 719, 723, 813, 1059, 691, 628, 675, 717, 686, 902, 792, 892, 914, 996, 884, 948, 861, 904, 682, 704, 729, 948, 685, 710, 884, 733, 1071, 911, 717, 881, 880, 864, 795, 859, 1055, 770, 686, 807, 827, 900, 868, 951, 947, 770, 882, 880, 710, 791, 973, 802, 940, 734, 795, 947, 853, 782, 910, 913, 868, 768, 932, 894, 801, 962, 711, 898, 757, 962, 932, 721, 778, 686, 680, 949, 820, 663, 828, 950, 845, 892, 805, 719, 941, 936, 763, 905, 943, 707, 865, 803, 902, 725, 917, 863, 945, 787, 813, 815, 655, 672, 813, 756, 1040, 809, 827, 985, 787, 772, 755, 735, 822, 751, 851, 610, 672, 771, 842, 691, 780, 1007, 704, 720, 915, 816, 738, 921, 622, 909, 864, 887, 683, 844, 719, 980, 845, 956, 666, 712, 738, 714, 875, 853, 744, 735, 774, 851, 806, 978, 887, 808, 803, 872, 760, 820, 862, 955, 885, 726, 802, 719, 877, 747, 869, 878, 746, 876, 827, 892, 573, 693, 825, 825, 631, 946, 975, 833, 876, 837, 914, 662, 846, 922, 824, 766, 837, 740, 781, 756, 807, 960, 885, 823, 864, 861, 790, 944, 810, 879, 891, 853, 947, 879, 809, 672, 751, 878, 808, 798, 874, 903, 920, 881, 923, 774, 867, 974, 1030, 996, 856, 926, 766, 888, 782, 724, 756, 962, 763, 733, 760, 797, 784, 857, 845, 743, 613, 828, 981, 847, 857, 749, 1040, 922, 961, 910, 766, 894, 747, 1031, 810, 715, 802, 801, 762, 851, 744, 826, 612, 858, 690, 626, 744, 794, 880, 980, 890, 841, 900, 874, 966, 716, 931, 705, 745, 927, 849, 712, 804, 826, 823, 873, 752, 926, 700, 660, 963, 772, 909, 750, 882, 929, 797, 845, 867, 788, 857, 924, 681, 950, 924, 817, 739, 781, 846, 1027, 903, 645, 706, 804, 867, 845, 889, 971, 721, 805, 714, 595, 1110, 732, 772, 805, 927, 669, 815, 748, 941, 826, 851, 827, 938, 858, 837, 862, 872, 844, 653, 978, 965, 839, 858, 741, 770, 830, 826, 746, 782, 641, 904, 912, 944, 916, 987, 963, 775, 874, 837, 797, 874, 883, 812, 872, 832, 876, 763, 812, 651, 765, 687, 765, 720, 747, 967, 1017, 784, 863, 791, 860, 901, 933, 816, 883, 774, 882, 732, 768, 739, 869, 892, 946, 699, 722, 679, 796, 844, 721, 887, 697, 902, 892, 880, 774, 827, 682, 715, 722, 700, 839, 671, 946, 926, 743, 876, 744, 721, 752, 938, 876, 769, 644, 883, 825, 930, 1128, 726, 707, 846, 823, 743, 845, 725, 873, 789, 802, 928, 785, 588, 589, 736, 751, 739, 870, 703, 823, 755, 812, 821, 798, 889, 902, 983, 788, 790, 644, 836, 750, 793, 850, 892, 952, 843, 940, 948, 765, 1052, 861, 862, 661, 950, 875, 785, 834, 946, 758, 647, 905, 695, 999, 908, 715, 914, 900, 741, 849, 830, 841, 779, 928, 676, 710, 745, 860, 995, 803, 821, 913, 821, 829, 971, 860, 695, 813, 780, 854, 969, 692, 937, 865, 686, 1014, 866, 746, 898, 863, 797, 958, 785, 688, 805, 677, 1019, 854, 764, 834, 772, 801, 948, 743, 950, 801, 772, 653, 881, 823, 1009, 628, 864, 654, 889, 889, 850, 913, 813, 762, 934, 790, 749, 834, 767, 861, 694, 889, 792, 626, 615, 901, 768, 763, 844, 837, 735, 630, 866, 871, 978, 712, 972, 676, 822, 781, 807, 767, 1005, 851, 791, 851, 714, 801, 763, 896, 911, 854, 678, 893, 680, 826, 846, 682, 931, 689, 785, 670, 851, 1031, 716, 853, 818, 766, 919, 808, 823, 757, 830, 774, 672, 884, 727, 881, 758, 782, 830, 853, 922, 752, 881, 851, 701, 940, 658, 853, 814, 648, 750, 996, 666, 822, 930, 805, 687, 771, 654, 728, 856, 801, 745, 768, 809, 794, 809, 877, 855, 834, 739, 796, 888, 755, 676, 698, 853, 890, 866, 707, 892, 919, 858, 774, 785, 870, 896, 865, 1033, 915, 816, 721, 952, 840, 836, 756, 784, 918, 973, 1125, 800, 813, 742, 810, 928, 703, 828, 798, 608, 697, 809, 909, 863, 741, 834, 780, 828, 802, 956, 803, 872, 828, 910, 823, 859, 1050, 797, 867, 871, 948, 965, 752, 651, 899, 876, 849, 907, 810, 718, 992, 763, 889, 811, 834, 799, 827, 996, 672, 754, 890, 819, 937, 857, 807, 769, 796, 830, 726, 828, 938, 890, 696, 716, 805, 805, 929, 668, 761, 854, 729, 710, 981, 854, 830, 831, 970, 800, 852, 781, 990, 793, 905, 808, 871, 828, 966, 734, 733, 1027, 951, 818, 613, 754, 876, 896, 847, 754, 650, 806, 1004, 878, 633, 833, 794, 834, 681, 855, 1055, 1052, 987, 879, 927, 897, 700, 901, 752, 922, 877, 975, 823, 897, 703, 1005, 731, 802, 958, 1006, 874, 770, 819, 799, 882, 771, 488, 742, 734, 945, 841, 971, 934, 778, 889, 1052, 746, 601, 790, 731, 781, 862, 728, 647, 733, 853, 804, 784, 809, 870, 792, 834, 755, 715, 787, 775, 885, 844, 717, 831, 827, 734, 798, 758, 874, 851, 772, 921, 768, 904, 945, 791, 1021, 920, 766, 861, 745, 790, 727, 755, 713, 782, 830, 807, 891, 779, 867, 786, 892, 822, 593, 860, 844, 728, 865, 756, 790, 892, 845, 689, 764, 794, 736, 741, 725, 624, 863, 875, 954, 768, 807, 806, 811, 647, 890, 615, 831, 737, 811, 718, 778, 822, 877, 929, 924, 1041, 727, 850, 866, 931, 866, 760, 892, 659, 1039, 810, 689, 850, 941, 919, 683, 832, 722, 888, 811, 972, 794, 851, 932, 778, 868, 852, 834, 818, 794, 816, 894, 814, 869, 802, 687, 721, 873, 946, 884, 726, 669, 794, 858, 633, 857, 762, 734, 899, 862, 1081, 702, 874, 732, 847, 688, 995, 960, 866, 948, 898, 970, 628, 686, 856, 892, 968, 848, 890, 909, 813, 857, 739, 829, 736, 836, 898, 953, 781, 767, 754, 822, 854, 791, 770, 782, 940, 853, 1014, 789, 796, 733, 832, 810, 709, 857, 745, 731, 756, 857, 829, 920, 865, 739, 749, 829, 796, 804, 888, 639, 809, 948, 1053, 860, 694, 787, 880, 738, 802, 979, 815, 1030, 780, 806, 762, 826, 1001, 971, 659, 729, 803, 848, 623, 785, 761, 957, 797, 751, 588, 908, 799, 809, 816, 894, 749, 712, 1099, 782, 779, 1053, 911, 887, 709, 877, 874, 887, 821, 930, 802, 792, 799, 788, 828, 815, 1035, 715, 880, 847, 640, 892, 907, 853, 814, 915, 790, 842, 813, 828, 939, 676, 1002, 977, 980, 812, 991, 887, 878, 762, 858, 929, 763, 518, 686, 843, 911, 647, 892, 747, 695, 719, 694, 874, 873, 639, 847, 720, 642, 865, 886, 736, 541, 844, 744, 937, 830, 876, 947, 740, 938, 867, 683, 789, 782, 808, 891, 899, 798, 834, 893, 900, 731, 1039, 742, 911, 841, 785, 809, 809, 644, 856, 525, 950, 691, 784, 889, 819, 1021, 821, 967, 659, 959, 781, 761, 984, 824, 781, 860, 964, 864, 944, 842, 949, 674, 812, 924, 777, 801, 743, 706, 954, 837, 822, 840, 802, 915, 630, 754, 905, 893, 895, 774, 654, 940, 807, 749, 746, 910, 556, 749, 943, 807, 814, 926, 813, 926, 888, 913, 792, 827, 692, 783, 869, 880, 887, 929, 791, 879, 705, 809, 859, 834, 854, 795, 900, 826, 718, 820, 880, 756, 954, 712, 856, 735, 771, 742, 814, 643, 786, 735, 749, 759, 900, 966, 633, 903, 834, 799, 781, 794, 771, 785, 786, 811, 747, 732, 628, 841, 850, 800, 831, 751, 914, 801, 956, 963, 984, 762, 763, 727, 819, 906, 849, 738, 733, 797, 901, 783, 887, 941, 781, 856, 882, 887, 899, 786, 932, 783, 993, 893, 829, 899, 841, 679, 800, 617, 815, 848, 811, 729, 926, 801, 895, 847, 979, 920, 806, 878, 1049, 926, 797, 761, 564, 781, 633, 893, 961, 825, 777, 823, 796, 833, 692, 763, 916, 902, 891, 932, 728, 792, 790, 838, 678, 797, 932, 770, 806, 932, 713, 826, 831, 889, 750, 767, 693, 890, 619, 953, 786, 809, 837, 687, 738, 775, 694, 699, 807, 1046, 778, 885, 876, 664, 843, 914, 751, 754, 735, 963, 1121, 864, 872, 960, 944, 953, 721, 880, 725, 986, 813, 848, 985, 528, 777, 793, 822, 808, 812, 781, 964, 991, 807, 798, 720, 933, 606, 854, 844, 890, 921, 853, 837, 832, 889, 872, 769, 669, 793, 901, 898, 869, 797, 834, 708, 892, 1009, 704, 659, 713, 882, 912, 689, 883, 807, 877, 884, 759, 699, 1090, 914, 807, 902, 715, 648, 842, 727, 797, 647, 792, 878, 788, 792, 872, 962, 892, 745, 683, 733, 890, 797, 750, 882, 732, 860, 942, 720, 897, 920, 923, 850, 930, 859, 819, 737, 705, 929, 709, 773, 837, 836, 914, 607, 778, 749, 888, 908, 797, 896, 867, 730, 784, 898, 640, 791, 841, 972, 971, 776, 975, 770, 887, 788, 761, 809, 708, 707, 841, 864, 681, 890, 806, 660, 783, 812, 800, 781, 690, 804, 937, 744, 761, 833, 790, 745, 824, 919, 865, 673, 713, 789, 734, 989, 963, 735, 654, 865, 731, 558, 817, 732, 844, 892, 877, 796, 852, 718, 683, 814, 944, 661, 676, 785, 664, 813, 864, 918, 720, 740, 642, 794, 896, 977, 952, 871, 725, 1045, 1008, 670, 823, 797, 1006, 864, 962, 781, 869, 655, 882, 883, 802, 767, 966, 959, 791, 825, 961, 745, 828, 808, 871, 664, 864, 815, 813, 884, 905, 934, 799, 664, 947, 863, 847, 831, 881, 820, 826, 887, 788, 904, 1026, 783, 783, 779, 910, 980, 856, 798, 729, 651, 685, 758, 775, 807, 769, 951, 727, 761, 722, 868, 727, 875, 816, 803, 803, 742, 916, 745, 888, 967, 638, 877, 850, 874, 935, 821, 810, 895, 730, 859, 691, 728, 956, 1080, 965, 716, 761, 757, 678, 691, 778, 917, 561, 916, 898, 719, 786, 820, 778, 790, 871, 905, 773, 841, 835, 792, 939, 793, 801, 868, 721, 648, 787, 818, 933, 710, 867, 888, 630, 803, 658, 679, 803, 863, 681, 818, 929, 818, 776, 689, 827, 798, 853, 895, 943, 864, 845, 905, 779, 1018, 857, 878, 899, 935, 758, 883, 859, 684, 873, 777, 856, 925, 827, 849, 837, 933, 846, 811, 1027, 931, 638, 601, 963, 869, 667, 881, 869, 835, 695, 889, 773, 576, 843, 884, 1054, 765, 1000, 639, 908, 754, 995, 864, 870, 836, 901, 856, 683, 948, 852, 992, 884, 722, 841, 868, 842, 946, 852, 859, 870, 856, 846, 844, 872, 846, 563, 746, 722, 858, 851, 878, 853, 643, 887, 713, 810, 1018, 894, 800, 835, 763, 749, 882, 907, 848, 718, 787, 822, 739, 927, 851, 814, 700, 942, 851, 863, 853, 802, 773, 666, 859, 840, 776, 672, 972, 641, 910, 754]

[wilma]
  Promedio : 476.2s
  Desvío   : 92.5s
  IC 95%   : [473.6s, 478.7s]
  Mínimo   : 158s
  Máximo   : 831s
  Tiempos  : [457, 467, 580, 505, 447, 326, 376, 523, 601, 305, 379, 667, 352, 565, 659, 401, 545, 539, 380, 437, 386, 621, 552, 594, 328, 492, 465, 546, 444, 589, 385, 413, 334, 333, 452, 454, 461, 291, 506, 491, 622, 367, 606, 294, 584, 590, 359, 549, 305, 578, 369, 399, 495, 326, 547, 468, 518, 352, 458, 522, 434, 579, 571, 544, 389, 412, 418, 415, 389, 548, 473, 669, 386, 403, 341, 532, 482, 370, 476, 672, 606, 464, 454, 446, 545, 524, 558, 568, 371, 439, 499, 560, 522, 430, 457, 403, 423, 417, 665, 434, 643, 456, 293, 674, 582, 542, 342, 472, 397, 350, 546, 578, 389, 577, 470, 550, 412, 366, 497, 421, 404, 555, 470, 399, 609, 461, 721, 473, 514, 434, 419, 407, 678, 606, 411, 487, 584, 346, 555, 489, 568, 511, 471, 229, 546, 501, 462, 533, 453, 337, 507, 450, 320, 510, 500, 568, 582, 556, 544, 437, 472, 477, 413, 297, 545, 492, 372, 325, 243, 416, 527, 622, 603, 532, 451, 549, 486, 500, 447, 648, 665, 425, 588, 733, 560, 309, 321, 505, 498, 557, 425, 617, 544, 534, 432, 493, 415, 497, 464, 496, 519, 364, 496, 427, 547, 573, 463, 462, 306, 421, 572, 252, 509, 509, 519, 524, 403, 331, 532, 500, 474, 488, 465, 460, 347, 491, 333, 447, 314, 442, 598, 417, 509, 574, 490, 648, 554, 627, 512, 656, 587, 508, 429, 446, 545, 537, 584, 331, 500, 390, 339, 547, 245, 363, 371, 458, 544, 458, 580, 385, 400, 531, 585, 418, 443, 667, 483, 660, 373, 453, 613, 456, 397, 421, 565, 365, 539, 545, 440, 508, 474, 428, 474, 651, 397, 373, 567, 535, 586, 557, 445, 446, 449, 566, 319, 441, 397, 608, 506, 647, 463, 406, 547, 434, 399, 492, 594, 588, 684, 541, 396, 433, 360, 459, 363, 580, 424, 560, 426, 407, 528, 334, 479, 470, 672, 501, 484, 401, 344, 501, 479, 652, 598, 435, 454, 512, 357, 618, 338, 576, 457, 520, 612, 728, 483, 514, 541, 688, 476, 581, 537, 406, 464, 437, 448, 563, 438, 471, 446, 570, 554, 408, 511, 415, 528, 625, 377, 424, 536, 462, 516, 486, 571, 479, 426, 604, 355, 461, 459, 534, 394, 483, 331, 516, 609, 461, 282, 445, 451, 549, 451, 530, 469, 511, 552, 510, 446, 430, 372, 618, 444, 546, 492, 591, 461, 709, 335, 500, 588, 401, 551, 353, 583, 474, 552, 576, 467, 468, 643, 306, 382, 480, 337, 378, 436, 423, 481, 455, 433, 561, 470, 538, 637, 494, 452, 640, 536, 498, 441, 542, 414, 374, 364, 474, 447, 418, 262, 635, 554, 513, 648, 390, 685, 427, 573, 450, 547, 475, 409, 439, 499, 401, 457, 276, 474, 503, 435, 514, 532, 482, 468, 499, 691, 631, 543, 462, 647, 505, 587, 457, 486, 605, 641, 383, 438, 332, 579, 501, 532, 524, 639, 441, 542, 429, 461, 350, 499, 368, 598, 666, 430, 779, 660, 455, 535, 493, 348, 425, 459, 413, 455, 442, 531, 428, 391, 550, 390, 475, 503, 438, 378, 548, 551, 398, 242, 446, 587, 631, 430, 436, 406, 497, 559, 435, 367, 519, 595, 533, 465, 200, 405, 433, 516, 526, 484, 542, 311, 533, 441, 442, 351, 611, 518, 595, 484, 531, 524, 539, 577, 270, 493, 544, 651, 348, 462, 421, 412, 513, 600, 474, 592, 568, 376, 470, 547, 441, 415, 370, 469, 393, 360, 487, 548, 433, 259, 473, 524, 529, 387, 480, 561, 358, 520, 313, 400, 506, 442, 286, 471, 305, 439, 616, 362, 360, 415, 378, 462, 500, 470, 593, 543, 528, 301, 386, 546, 359, 340, 566, 582, 650, 519, 383, 412, 547, 433, 460, 508, 466, 557, 426, 429, 427, 523, 545, 562, 505, 543, 399, 482, 520, 633, 479, 400, 448, 437, 498, 534, 549, 473, 472, 506, 575, 429, 460, 509, 550, 619, 465, 561, 501, 357, 405, 418, 588, 416, 530, 324, 559, 375, 307, 402, 407, 407, 251, 432, 521, 336, 535, 459, 476, 367, 554, 560, 423, 599, 289, 575, 415, 452, 440, 572, 412, 455, 385, 474, 571, 520, 405, 535, 447, 475, 460, 563, 410, 504, 630, 412, 620, 543, 487, 423, 335, 471, 495, 549, 498, 558, 437, 449, 489, 428, 610, 476, 358, 568, 456, 617, 505, 336, 278, 646, 473, 356, 398, 511, 675, 504, 254, 525, 371, 459, 477, 298, 571, 512, 355, 442, 610, 497, 443, 447, 499, 452, 370, 560, 396, 570, 451, 534, 488, 461, 402, 613, 364, 520, 594, 459, 503, 518, 580, 409, 353, 502, 395, 518, 606, 541, 473, 282, 495, 536, 451, 371, 340, 548, 477, 513, 496, 608, 678, 505, 366, 654, 456, 489, 341, 532, 496, 444, 662, 366, 457, 595, 386, 395, 556, 516, 513, 625, 418, 513, 382, 494, 501, 358, 507, 357, 320, 443, 472, 388, 388, 581, 402, 514, 363, 428, 345, 360, 439, 614, 468, 662, 463, 496, 480, 320, 497, 397, 535, 497, 562, 399, 245, 601, 534, 520, 488, 380, 620, 470, 382, 365, 437, 362, 488, 411, 514, 540, 384, 647, 591, 603, 570, 477, 381, 444, 534, 383, 374, 470, 618, 504, 349, 535, 400, 545, 257, 486, 546, 666, 420, 459, 561, 502, 495, 589, 568, 653, 523, 395, 326, 533, 399, 489, 505, 476, 480, 533, 361, 450, 466, 305, 427, 663, 537, 584, 389, 509, 727, 395, 319, 436, 353, 377, 527, 484, 339, 394, 487, 476, 529, 479, 402, 412, 381, 472, 280, 411, 354, 547, 294, 407, 690, 376, 509, 365, 340, 589, 499, 563, 568, 568, 403, 446, 530, 516, 347, 612, 487, 561, 596, 478, 417, 391, 550, 399, 296, 414, 549, 329, 439, 376, 459, 476, 341, 414, 278, 477, 417, 405, 438, 583, 446, 546, 460, 638, 479, 515, 444, 562, 431, 456, 236, 491, 402, 624, 677, 617, 502, 538, 332, 394, 411, 542, 351, 613, 508, 448, 459, 415, 393, 484, 404, 423, 497, 394, 427, 531, 581, 495, 458, 371, 431, 598, 518, 493, 473, 391, 543, 479, 406, 521, 450, 528, 440, 643, 492, 463, 439, 396, 446, 460, 516, 340, 463, 663, 360, 553, 331, 562, 442, 514, 483, 481, 460, 531, 557, 361, 589, 486, 311, 431, 449, 353, 502, 582, 552, 434, 557, 365, 387, 574, 426, 519, 458, 319, 413, 397, 375, 502, 523, 546, 535, 629, 501, 517, 416, 639, 406, 508, 443, 533, 454, 385, 548, 574, 411, 633, 374, 666, 592, 312, 509, 408, 522, 451, 541, 439, 516, 616, 437, 593, 454, 588, 428, 344, 514, 435, 455, 472, 465, 572, 465, 611, 367, 507, 378, 419, 452, 392, 446, 544, 642, 445, 536, 465, 468, 556, 651, 603, 484, 496, 432, 537, 579, 421, 418, 522, 365, 498, 571, 450, 385, 380, 358, 472, 320, 403, 435, 432, 486, 447, 447, 542, 387, 644, 519, 603, 577, 514, 429, 449, 391, 443, 686, 521, 542, 514, 443, 395, 422, 380, 373, 462, 571, 504, 494, 366, 509, 418, 444, 360, 548, 451, 411, 643, 482, 660, 633, 586, 741, 521, 295, 398, 606, 408, 481, 531, 303, 513, 661, 381, 324, 585, 440, 471, 481, 434, 604, 374, 600, 375, 445, 471, 685, 412, 447, 493, 606, 449, 693, 345, 366, 628, 452, 626, 473, 521, 492, 389, 558, 539, 543, 242, 785, 597, 531, 580, 428, 395, 516, 385, 519, 462, 452, 472, 474, 601, 446, 560, 504, 487, 411, 445, 452, 449, 471, 406, 473, 604, 482, 422, 475, 520, 499, 419, 587, 388, 489, 355, 436, 610, 498, 626, 611, 571, 553, 534, 418, 256, 610, 646, 546, 606, 434, 507, 560, 292, 479, 570, 475, 349, 379, 439, 509, 488, 368, 451, 289, 513, 502, 545, 470, 411, 465, 575, 473, 519, 364, 385, 429, 550, 457, 535, 559, 457, 640, 389, 394, 586, 427, 357, 350, 575, 471, 602, 527, 438, 476, 594, 605, 501, 412, 436, 393, 607, 524, 444, 363, 583, 506, 535, 489, 386, 491, 601, 381, 480, 461, 378, 619, 714, 294, 303, 398, 530, 451, 520, 519, 414, 347, 570, 416, 414, 479, 655, 439, 373, 621, 436, 417, 539, 492, 407, 374, 519, 486, 301, 461, 383, 454, 588, 454, 559, 290, 576, 330, 396, 598, 524, 430, 494, 412, 482, 490, 741, 554, 382, 431, 352, 595, 466, 454, 439, 425, 554, 453, 430, 586, 553, 679, 388, 416, 588, 357, 349, 541, 551, 704, 506, 467, 554, 432, 470, 348, 664, 538, 391, 452, 616, 467, 510, 367, 523, 683, 399, 566, 476, 383, 424, 314, 427, 558, 618, 456, 731, 532, 456, 616, 407, 499, 583, 506, 486, 449, 398, 574, 510, 537, 334, 513, 442, 504, 542, 454, 721, 503, 527, 327, 339, 224, 330, 225, 430, 441, 273, 559, 558, 549, 414, 479, 490, 703, 549, 560, 380, 592, 314, 608, 533, 542, 486, 440, 541, 413, 449, 450, 509, 291, 425, 600, 562, 559, 705, 511, 386, 544, 531, 484, 378, 413, 578, 553, 454, 399, 546, 469, 494, 503, 410, 488, 380, 443, 512, 487, 357, 508, 213, 550, 648, 400, 518, 360, 570, 383, 295, 512, 519, 635, 591, 474, 517, 298, 432, 462, 389, 353, 391, 375, 525, 411, 517, 406, 505, 353, 324, 500, 500, 350, 451, 458, 411, 438, 397, 387, 381, 756, 387, 526, 572, 430, 340, 370, 347, 479, 508, 158, 581, 380, 509, 440, 355, 470, 386, 509, 332, 378, 437, 439, 373, 428, 655, 325, 343, 390, 421, 703, 474, 421, 327, 449, 469, 608, 407, 536, 612, 360, 507, 560, 313, 381, 630, 545, 553, 378, 600, 510, 451, 403, 562, 589, 509, 378, 531, 346, 517, 280, 480, 408, 622, 504, 722, 590, 600, 369, 396, 361, 447, 488, 578, 440, 335, 623, 451, 409, 342, 617, 336, 446, 423, 480, 462, 551, 446, 579, 469, 384, 533, 398, 556, 461, 479, 530, 477, 603, 583, 269, 507, 468, 335, 335, 522, 590, 507, 579, 494, 448, 364, 671, 418, 488, 522, 447, 492, 432, 408, 506, 472, 595, 362, 508, 523, 411, 466, 487, 452, 485, 535, 502, 436, 573, 391, 512, 379, 392, 428, 461, 488, 436, 541, 527, 488, 651, 564, 275, 445, 423, 505, 364, 481, 397, 459, 417, 558, 547, 514, 472, 564, 466, 649, 366, 453, 478, 348, 543, 371, 555, 403, 427, 612, 482, 486, 534, 396, 446, 482, 420, 493, 478, 511, 553, 428, 355, 466, 378, 669, 384, 390, 490, 470, 442, 333, 440, 339, 509, 484, 439, 399, 541, 611, 579, 416, 653, 618, 532, 430, 471, 398, 461, 435, 326, 301, 383, 449, 344, 457, 517, 509, 460, 441, 429, 694, 588, 401, 571, 419, 470, 410, 397, 518, 652, 515, 367, 539, 537, 580, 506, 492, 484, 348, 466, 430, 415, 497, 500, 390, 662, 546, 381, 376, 447, 567, 434, 678, 431, 432, 485, 524, 361, 490, 639, 477, 523, 467, 527, 537, 447, 513, 460, 461, 605, 445, 466, 434, 522, 506, 282, 419, 448, 399, 590, 443, 519, 388, 409, 495, 598, 544, 532, 357, 448, 380, 478, 521, 354, 529, 349, 405, 304, 508, 546, 489, 429, 530, 409, 540, 412, 460, 368, 539, 518, 460, 653, 319, 491, 599, 349, 411, 502, 541, 499, 339, 446, 572, 557, 476, 488, 484, 466, 522, 464, 507, 475, 399, 437, 478, 584, 495, 451, 516, 469, 467, 500, 429, 548, 487, 285, 390, 488, 415, 416, 257, 463, 505, 669, 436, 449, 494, 569, 375, 329, 360, 417, 402, 408, 444, 399, 491, 529, 285, 421, 421, 413, 469, 415, 584, 374, 526, 525, 229, 552, 566, 523, 469, 398, 389, 502, 515, 422, 467, 586, 446, 359, 442, 603, 361, 367, 635, 437, 434, 499, 466, 610, 561, 498, 330, 581, 340, 516, 379, 566, 502, 570, 402, 376, 475, 491, 560, 525, 574, 507, 441, 693, 524, 519, 596, 435, 605, 541, 421, 485, 469, 422, 453, 330, 573, 486, 733, 363, 444, 463, 548, 324, 529, 391, 468, 398, 559, 458, 387, 417, 588, 384, 608, 589, 634, 627, 595, 535, 442, 448, 389, 504, 467, 528, 503, 465, 480, 606, 448, 551, 594, 460, 355, 560, 526, 710, 490, 462, 469, 619, 563, 405, 530, 399, 537, 485, 422, 481, 530, 619, 468, 553, 414, 594, 303, 601, 534, 462, 390, 532, 442, 553, 506, 528, 497, 589, 525, 356, 389, 552, 501, 407, 498, 387, 343, 467, 463, 397, 629, 399, 390, 557, 330, 458, 580, 538, 285, 482, 571, 449, 496, 201, 458, 505, 607, 230, 484, 529, 517, 626, 488, 486, 610, 397, 600, 782, 420, 430, 434, 465, 550, 422, 442, 357, 460, 526, 418, 565, 383, 592, 428, 480, 331, 624, 581, 625, 294, 594, 352, 478, 467, 396, 401, 371, 561, 340, 613, 367, 382, 532, 387, 450, 582, 159, 655, 478, 349, 623, 583, 391, 307, 500, 699, 517, 391, 592, 642, 543, 387, 416, 466, 615, 504, 537, 402, 503, 538, 619, 360, 483, 479, 565, 538, 365, 425, 444, 475, 401, 463, 441, 569, 530, 475, 442, 529, 421, 487, 567, 618, 320, 481, 486, 524, 513, 361, 369, 558, 325, 462, 572, 420, 394, 565, 524, 349, 463, 424, 476, 398, 681, 454, 341, 398, 568, 620, 549, 429, 428, 467, 302, 298, 414, 456, 481, 378, 393, 476, 409, 482, 648, 672, 560, 413, 431, 589, 396, 281, 592, 488, 463, 515, 697, 527, 526, 552, 678, 458, 669, 413, 442, 685, 508, 420, 540, 523, 695, 507, 551, 300, 468, 575, 518, 489, 515, 426, 491, 343, 381, 388, 602, 467, 435, 431, 501, 331, 554, 541, 495, 658, 434, 518, 613, 444, 368, 580, 331, 536, 484, 579, 384, 537, 405, 580, 476, 414, 408, 393, 330, 466, 504, 421, 623, 606, 522, 446, 569, 427, 490, 501, 498, 434, 517, 416, 396, 536, 496, 448, 579, 576, 387, 378, 496, 485, 388, 463, 546, 509, 510, 441, 401, 563, 412, 471, 403, 447, 417, 441, 609, 418, 503, 354, 552, 631, 498, 317, 539, 529, 433, 500, 533, 481, 287, 347, 506, 568, 620, 633, 580, 408, 514, 532, 421, 717, 433, 641, 473, 495, 477, 333, 439, 278, 641, 455, 282, 653, 361, 345, 463, 465, 381, 446, 363, 612, 542, 580, 410, 518, 494, 636, 468, 386, 465, 481, 353, 428, 474, 490, 517, 348, 493, 444, 255, 363, 427, 374, 591, 413, 558, 443, 578, 604, 392, 457, 393, 519, 383, 395, 507, 499, 346, 473, 376, 377, 447, 663, 534, 519, 719, 437, 418, 568, 524, 451, 471, 498, 273, 561, 412, 439, 526, 540, 510, 463, 384, 355, 567, 603, 644, 357, 511, 374, 481, 601, 456, 416, 615, 472, 534, 371, 369, 447, 608, 437, 539, 384, 338, 333, 497, 299, 480, 540, 535, 474, 630, 533, 581, 609, 405, 541, 447, 605, 437, 300, 566, 437, 333, 495, 440, 441, 512, 566, 326, 488, 462, 499, 505, 466, 589, 453, 297, 389, 606, 481, 492, 551, 434, 603, 381, 583, 684, 475, 409, 407, 641, 477, 439, 503, 487, 377, 530, 619, 518, 450, 489, 516, 254, 625, 382, 474, 599, 529, 365, 548, 377, 514, 351, 596, 394, 425, 501, 542, 436, 517, 497, 370, 398, 396, 378, 491, 571, 542, 621, 578, 538, 433, 462, 501, 443, 472, 603, 396, 453, 280, 389, 300, 614, 376, 601, 363, 500, 493, 381, 356, 481, 562, 508, 459, 443, 406, 561, 394, 360, 434, 429, 470, 534, 413, 549, 485, 586, 421, 432, 396, 412, 513, 441, 598, 566, 360, 373, 547, 591, 412, 461, 636, 584, 418, 724, 483, 454, 655, 386, 516, 555, 545, 479, 547, 359, 494, 444, 514, 517, 556, 461, 339, 500, 435, 458, 264, 313, 290, 413, 449, 462, 400, 345, 400, 448, 416, 481, 539, 708, 437, 560, 404, 452, 358, 571, 464, 318, 419, 508, 478, 487, 320, 422, 538, 496, 353, 526, 524, 545, 442, 427, 498, 484, 445, 624, 487, 444, 410, 457, 313, 452, 423, 421, 471, 645, 502, 314, 609, 523, 528, 395, 461, 410, 491, 517, 542, 522, 434, 580, 496, 468, 477, 297, 393, 462, 449, 480, 478, 578, 495, 507, 621, 478, 553, 299, 552, 587, 627, 447, 538, 623, 477, 599, 310, 341, 460, 489, 678, 443, 507, 441, 423, 450, 452, 472, 491, 384, 673, 590, 406, 475, 418, 487, 516, 503, 460, 464, 406, 412, 516, 515, 447, 640, 469, 454, 492, 400, 500, 595, 610, 401, 492, 555, 444, 526, 409, 371, 535, 519, 578, 536, 465, 466, 422, 562, 576, 574, 343, 403, 601, 424, 384, 421, 355, 586, 486, 485, 578, 347, 496, 486, 505, 384, 492, 697, 404, 370, 475, 296, 597, 340, 578, 543, 474, 402, 575, 460, 411, 651, 381, 648, 502, 506, 439, 417, 344, 389, 664, 268, 465, 328, 536, 544, 599, 500, 707, 511, 413, 392, 498, 375, 460, 448, 442, 530, 500, 365, 528, 357, 343, 301, 555, 465, 485, 239, 589, 418, 608, 406, 398, 441, 628, 589, 504, 475, 340, 518, 341, 386, 304, 597, 439, 466, 527, 521, 434, 679, 399, 643, 399, 473, 485, 447, 393, 507, 507, 671, 381, 625, 394, 495, 477, 498, 641, 393, 530, 693, 510, 564, 519, 498, 458, 514, 398, 529, 447, 553, 564, 385, 392, 442, 536, 502, 605, 570, 485, 478, 648, 373, 397, 651, 465, 424, 448, 424, 459, 412, 342, 370, 480, 597, 718, 530, 483, 409, 493, 369, 302, 473, 389, 538, 408, 382, 482, 462, 549, 413, 565, 401, 681, 567, 483, 384, 511, 476, 450, 318, 592, 411, 492, 396, 570, 239, 373, 457, 391, 633, 489, 482, 568, 413, 304, 360, 434, 586, 470, 463, 443, 537, 456, 367, 467, 462, 382, 553, 488, 466, 526, 270, 636, 536, 547, 753, 302, 461, 364, 470, 435, 441, 427, 319, 561, 346, 478, 315, 394, 454, 390, 355, 382, 599, 444, 409, 442, 379, 460, 592, 395, 465, 498, 495, 342, 280, 488, 420, 373, 514, 471, 537, 693, 369, 420, 499, 509, 518, 354, 515, 470, 521, 429, 548, 430, 455, 565, 564, 442, 334, 429, 402, 449, 510, 620, 649, 518, 526, 499, 414, 527, 714, 447, 408, 478, 335, 356, 520, 352, 497, 623, 426, 513, 468, 691, 562, 454, 647, 600, 530, 380, 539, 344, 404, 632, 464, 409, 437, 631, 545, 436, 491, 413, 373, 468, 224, 306, 510, 435, 565, 629, 425, 492, 477, 499, 433, 495, 340, 249, 473, 391, 435, 503, 373, 497, 485, 495, 362, 375, 681, 352, 354, 275, 406, 346, 575, 462, 631, 547, 320, 545, 552, 441, 512, 508, 479, 446, 393, 451, 578, 422, 437, 463, 382, 544, 411, 295, 246, 425, 289, 458, 371, 537, 603, 489, 396, 391, 512, 560, 548, 453, 448, 658, 433, 553, 467, 394, 598, 618, 363, 415, 338, 507, 458, 557, 502, 353, 545, 606, 636, 358, 508, 408, 588, 545, 390, 563, 394, 551, 441, 450, 417, 536, 606, 514, 379, 454, 503, 433, 467, 515, 474, 488, 583, 611, 559, 495, 537, 705, 487, 494, 474, 581, 459, 568, 535, 419, 599, 544, 402, 414, 429, 538, 521, 512, 373, 419, 528, 446, 280, 412, 477, 406, 556, 454, 436, 356, 493, 573, 285, 542, 381, 445, 433, 540, 354, 478, 410, 579, 573, 380, 306, 469, 358, 623, 320, 343, 353, 451, 580, 616, 502, 427, 601, 491, 442, 592, 522, 512, 408, 465, 375, 381, 581, 613, 463, 419, 419, 450, 218, 638, 566, 394, 478, 558, 355, 454, 438, 549, 433, 476, 470, 655, 490, 560, 561, 516, 487, 542, 543, 505, 527, 684, 362, 474, 393, 311, 545, 467, 566, 462, 642, 414, 547, 229, 565, 533, 543, 475, 429, 457, 522, 515, 490, 514, 537, 419, 648, 534, 397, 461, 373, 492, 530, 445, 568, 569, 511, 424, 484, 447, 494, 378, 284, 332, 348, 335, 536, 589, 457, 543, 582, 533, 367, 446, 441, 518, 429, 607, 446, 668, 394, 528, 534, 431, 541, 424, 520, 475, 661, 599, 506, 310, 411, 463, 502, 354, 373, 677, 316, 475, 522, 495, 583, 421, 414, 589, 502, 422, 398, 432, 345, 492, 432, 542, 399, 412, 537, 532, 449, 649, 531, 551, 329, 631, 483, 611, 504, 581, 480, 431, 484, 494, 503, 449, 567, 488, 477, 273, 472, 447, 489, 380, 381, 395, 288, 667, 581, 392, 661, 394, 295, 609, 454, 481, 431, 470, 666, 528, 316, 397, 483, 432, 391, 411, 597, 458, 316, 599, 431, 306, 424, 486, 463, 521, 472, 604, 494, 269, 396, 344, 471, 352, 449, 527, 588, 464, 374, 576, 495, 424, 487, 615, 219, 593, 655, 532, 405, 374, 501, 352, 458, 467, 474, 368, 498, 404, 395, 360, 575, 590, 584, 492, 490, 641, 592, 432, 517, 384, 499, 485, 480, 683, 450, 428, 519, 329, 497, 383, 460, 525, 536, 254, 415, 438, 472, 560, 564, 360, 430, 348, 379, 524, 264, 488, 441, 390, 525, 382, 381, 587, 535, 425, 425, 444, 496, 399, 445, 484, 542, 562, 444, 479, 520, 518, 419, 471, 392, 631, 432, 630, 355, 326, 640, 395, 342, 528, 442, 443, 409, 562, 607, 465, 641, 298, 415, 612, 395, 503, 536, 417, 505, 528, 666, 505, 716, 443, 446, 635, 591, 576, 478, 422, 447, 599, 331, 591, 524, 460, 312, 359, 497, 444, 432, 473, 564, 492, 537, 487, 565, 467, 587, 463, 429, 432, 448, 480, 406, 487, 408, 328, 512, 377, 655, 692, 357, 520, 553, 623, 438, 515, 509, 595, 578, 349, 515, 578, 466, 361, 319, 517, 370, 668, 477, 444, 612, 728, 392, 513, 508, 451, 575, 428, 460, 442, 438, 401, 582, 489, 435, 532, 459, 526, 489, 547, 380, 472, 465, 370, 487, 508, 488, 439, 372, 481, 450, 542, 534, 423, 559, 421, 411, 495, 393, 518, 287, 574, 398, 622, 524, 358, 473, 464, 498, 383, 391, 431, 454, 543, 540, 328, 402, 370, 513, 570, 568, 501, 507, 516, 517, 540, 468, 481, 431, 544, 569, 518, 575, 484, 462, 572, 516, 439, 501, 384, 460, 464, 382, 422, 515, 504, 469, 449, 412, 535, 501, 392, 509, 440, 351, 381, 482, 451, 435, 410, 397, 500, 390, 513, 514, 437, 509, 562, 535, 571, 509, 374, 442, 513, 586, 417, 435, 421, 538, 531, 492, 393, 412, 394, 610, 428, 433, 415, 701, 615, 394, 521, 316, 505, 619, 429, 364, 534, 431, 426, 687, 489, 414, 632, 574, 548, 462, 541, 330, 682, 433, 603, 648, 324, 532, 537, 370, 369, 517, 515, 503, 498, 499, 429, 474, 498, 451, 404, 541, 279, 542, 434, 440, 239, 560, 555, 326, 342, 514, 632, 523, 367, 399, 527, 490, 380, 499, 426, 420, 518, 399, 423, 452, 548, 406, 413, 529, 563, 595, 427, 505, 541, 545, 439, 711, 564, 317, 413, 468, 575, 474, 489, 533, 706, 400, 376, 560, 615, 481, 495, 412, 380, 372, 481, 471, 655, 551, 573, 550, 519, 605, 508, 594, 535, 491, 568, 506, 415, 671, 480, 661, 351, 264, 461, 398, 471, 580, 412, 464, 491, 540, 586, 385, 831, 429, 522, 443, 502, 271, 388, 375, 488, 490, 477, 498, 501, 542, 628, 416, 583, 399, 461, 432, 528, 476, 367, 481, 408, 497, 642, 450, 501, 515, 489, 269, 729, 554, 482, 424, 639, 472, 491, 584, 575, 373, 326, 508, 444, 459, 467, 357, 538, 407, 442, 576, 244, 459, 471, 509, 422, 444, 314, 591, 562, 492, 565, 441, 580, 569, 555, 212, 483, 463, 670, 394, 590, 441, 544, 432, 607, 676, 361, 513, 479, 578, 535, 388, 348, 319, 417, 481, 540, 572, 423, 341, 484, 423, 348, 646, 549, 504, 353, 414, 493, 423, 370, 502, 422, 479, 461, 565, 576, 592, 428, 661, 381, 529, 400, 358, 462, 607, 395, 372, 362, 501, 468, 362, 439, 373, 446, 439, 425, 493, 514, 407, 495, 401, 559, 331, 617, 473, 435, 292, 460, 411, 550, 309, 379, 545, 590, 544, 405, 384, 492, 496, 521, 452, 510, 664, 479, 695, 531, 267, 658, 497, 391, 466, 549, 441, 466, 604, 556, 532, 429, 375, 506, 450, 598, 465, 420, 409, 425, 257, 557, 428, 606, 390, 567, 435, 465, 617, 481, 448, 281, 358, 512, 606, 434, 490, 311, 495, 458, 406, 622, 422, 611, 255, 540, 403, 626, 464, 461, 506, 454, 699, 490, 418, 487, 498, 456, 407, 524, 464, 428, 309, 416, 432, 523, 518, 398, 565, 688, 303, 462, 386, 446, 411, 437, 485, 533, 599, 395, 523, 418, 429, 521, 405, 523, 580, 520, 612, 431, 562, 380, 387, 517, 501, 601, 510, 332, 353, 445, 643, 588, 543, 531, 512, 448, 437, 405, 439, 312, 513, 373, 589, 503, 464, 412, 384, 529, 463, 429, 446, 481, 596, 381, 488, 414, 442, 531, 498, 525, 573, 354, 500, 376, 692, 316, 489, 326, 528, 523, 577, 641, 402, 394, 495, 496, 441, 635, 421, 533, 548, 499, 571, 435, 514, 420, 422, 255, 421, 459, 541, 333, 510, 473, 570, 422, 511, 418, 677, 301, 450, 463, 516, 479, 230, 327, 461, 444, 464, 384, 598, 586, 423, 554, 409, 488, 595, 542, 430, 366, 538, 555, 405, 464, 734, 413, 461, 449, 387, 629, 626, 609, 289, 516, 524, 603, 619, 324, 578, 444, 444, 363, 714, 483, 589, 439, 528, 450, 530, 294, 432, 336, 411, 363, 455, 569, 469, 469, 453, 552, 429, 660, 426, 629, 504, 540, 516, 429, 536, 418, 560, 632, 424, 408, 512, 564, 604, 421, 425, 497, 365, 326, 613, 479, 464, 564, 657, 677, 481, 555, 499, 459, 534, 482, 496, 615, 386, 629, 428, 496, 392, 379, 427, 610, 437, 453, 550, 555, 590, 308, 573, 646, 564, 574, 374, 687, 429, 288, 580, 530, 479, 508, 393, 541, 431, 485, 473, 306, 520, 450, 488, 489, 505, 435, 458, 550, 479, 489, 476, 434, 467, 393, 416, 482, 658, 394, 562, 516, 529, 484, 373, 628, 528, 592, 303, 401, 474, 586, 363, 466, 582, 489, 553, 528, 662, 502, 384, 401, 433, 475, 523, 363, 670, 375, 491, 428, 475, 443, 323, 482, 495, 429, 478, 643, 367, 612, 506, 243, 386, 674, 442, 453, 507, 413, 411, 625, 481, 398, 459, 436, 356, 511, 382, 594, 683, 473, 481, 355, 521, 475, 331, 288, 525, 325, 476, 482, 494, 566, 503, 418, 393, 426, 550, 631, 408, 443, 445, 669, 363, 451, 449, 607, 401, 532, 505, 627, 590, 504, 593, 521, 499, 618, 305, 530, 380, 450, 401, 558, 415, 378, 444, 432, 469, 459, 467, 456, 480, 445, 568, 517, 420, 309, 530, 475, 340, 600, 461, 474, 438, 525, 469, 234, 380, 424, 610, 392, 385, 531, 539, 546, 452, 447, 485, 612, 425, 652, 572, 471, 418, 293, 505, 339, 431, 390, 549, 527, 345, 514, 404, 449, 526, 465, 524, 477, 473, 412, 473, 544, 404, 627, 330, 435, 537, 468, 522, 339, 435, 470, 506, 511, 525, 505, 598, 531, 465, 432, 341, 461, 474, 446, 603, 582, 638, 487, 492, 530, 613, 380, 499, 559, 640, 474, 575, 379, 496, 500, 266, 421, 415, 383, 309, 343, 510, 558, 602, 502, 445, 387, 354, 499, 289, 370, 389, 600, 468, 445, 542, 482, 602, 458, 469, 495, 558, 473, 459, 358, 604, 596, 501, 518, 603, 500, 460, 511, 468, 476, 395, 339, 629, 492, 553, 407, 452, 416, 440, 363, 421, 480, 569, 560, 549, 310, 435, 462, 455, 570, 464, 529, 472, 449, 378, 490, 558, 581, 523, 399, 473, 470, 532, 453, 502, 506, 254, 419, 381, 289, 331, 381, 445, 470, 448, 385, 425, 578, 392, 363, 538, 359, 653, 493, 504, 589, 495, 405, 505, 514, 504, 526, 522, 705, 604, 557, 435, 424, 608, 588, 432, 535, 528, 607, 564, 449, 359, 351, 476, 485, 528, 596, 537, 536, 469, 524, 525, 307, 577, 386, 448, 450, 656, 458, 355, 487, 490, 533, 422, 582, 376, 450, 544, 500, 538, 542, 441, 514, 315, 485, 560, 456, 627, 572, 521, 370, 623, 639, 564, 351, 559, 411, 565, 354, 637, 453, 468, 314, 426, 295, 381, 563, 484, 376, 508, 495, 615, 503, 331, 436, 473, 722, 522, 520, 459, 490, 518, 493, 426, 426, 327, 395, 473, 546, 319, 471, 526, 532, 351, 503, 377, 394, 298, 416, 289, 480, 377, 472, 502, 484, 390, 503, 355, 554, 602, 527, 422, 258, 649, 510, 435, 565, 322, 454, 443, 346, 512, 507, 510, 344, 426, 390, 358, 395, 519, 482, 486, 495, 510, 586, 402, 461, 446, 494, 443, 622, 453, 471, 414, 407, 416, 488, 577, 405, 366, 569, 527, 686, 477, 555, 401, 469, 457, 498, 469, 557, 377, 339, 377, 515, 372, 413, 380, 251, 490, 566, 461, 352, 435, 386, 466, 597, 378, 386, 394, 478, 394, 538, 530, 420, 483, 298, 355, 407, 359, 629, 693, 514, 385, 510, 483, 551, 603, 505, 530, 432, 489, 527, 499, 555, 446, 484, 526, 399, 497, 392, 674, 701, 328, 600, 548, 570, 530, 524, 403, 364, 484, 559, 425, 417, 406, 380, 329, 447, 384, 385, 402, 522, 424, 561, 495, 405, 542, 578, 372, 332, 497, 491, 338, 508, 641, 380, 387, 518, 637, 297, 530, 548, 561, 605, 556, 437, 456, 508, 567, 558, 447, 414, 339, 370, 464, 464, 355, 543, 482, 424, 485, 411, 348, 493, 501, 304, 465, 334, 407, 484, 505, 476, 559, 456, 472, 321, 580, 425, 386, 448, 436, 425, 636, 541, 357, 408, 339, 592, 440, 348, 501, 507, 424, 446, 563, 476, 518, 606, 354, 460, 330, 457, 506, 428, 415, 527, 579, 488, 463, 431, 729, 373, 461, 359, 567, 542, 544, 513, 478, 348, 611, 415, 379, 601, 606, 337, 419, 519, 387]

[stfn]
  Promedio : 396.4s
  Desvío   : 70.7s
  IC 95%   : [394.4s, 398.3s]
  Mínimo   : 154s
  Máximo   : 640s
  Tiempos  : [271, 341, 454, 502, 469, 383, 473, 302, 417, 409, 265, 347, 258, 473, 417, 462, 457, 483, 355, 326, 288, 358, 535, 414, 488, 300, 411, 394, 465, 412, 485, 326, 421, 359, 467, 479, 383, 383, 335, 405, 435, 417, 415, 368, 263, 415, 385, 431, 391, 378, 478, 317, 323, 343, 348, 346, 267, 391, 455, 355, 449, 406, 467, 338, 451, 386, 326, 398, 449, 319, 473, 313, 443, 325, 430, 375, 405, 368, 437, 385, 402, 376, 333, 383, 440, 298, 400, 321, 449, 432, 462, 384, 488, 457, 490, 464, 370, 436, 364, 349, 339, 299, 375, 393, 375, 400, 483, 361, 492, 499, 475, 382, 362, 354, 372, 522, 448, 274, 415, 291, 394, 424, 463, 374, 468, 396, 370, 421, 398, 433, 391, 526, 389, 490, 308, 426, 532, 402, 351, 407, 377, 401, 475, 493, 316, 392, 441, 406, 306, 325, 515, 386, 330, 434, 467, 472, 345, 402, 330, 416, 438, 274, 423, 403, 439, 420, 366, 420, 429, 487, 345, 443, 322, 395, 427, 325, 478, 432, 424, 283, 385, 476, 404, 410, 275, 391, 453, 433, 331, 537, 436, 439, 371, 236, 479, 426, 424, 438, 411, 446, 372, 342, 526, 371, 442, 422, 485, 336, 413, 542, 342, 462, 426, 580, 335, 319, 423, 406, 412, 434, 423, 463, 438, 470, 361, 303, 281, 461, 415, 284, 398, 354, 467, 425, 425, 281, 429, 364, 542, 340, 415, 389, 290, 303, 340, 457, 306, 432, 328, 506, 396, 480, 417, 405, 276, 486, 265, 392, 462, 338, 469, 359, 418, 465, 339, 397, 384, 532, 467, 442, 422, 461, 251, 391, 404, 468, 404, 433, 483, 305, 397, 476, 221, 459, 545, 393, 353, 377, 411, 535, 471, 295, 425, 461, 367, 416, 394, 377, 218, 447, 352, 489, 257, 399, 331, 310, 391, 361, 334, 473, 378, 329, 399, 545, 374, 475, 462, 522, 509, 351, 499, 348, 360, 381, 565, 433, 307, 279, 393, 492, 453, 410, 329, 437, 293, 425, 395, 348, 254, 394, 561, 419, 452, 351, 450, 405, 301, 313, 455, 439, 318, 399, 506, 386, 416, 446, 342, 449, 328, 342, 247, 374, 495, 339, 481, 291, 400, 369, 388, 455, 423, 393, 417, 386, 460, 419, 449, 524, 345, 339, 426, 520, 391, 331, 441, 336, 332, 378, 555, 359, 274, 290, 432, 189, 383, 369, 405, 295, 438, 468, 355, 346, 355, 498, 392, 335, 339, 529, 305, 431, 443, 423, 449, 459, 384, 424, 375, 356, 348, 360, 324, 493, 293, 542, 325, 445, 415, 398, 319, 356, 381, 342, 436, 331, 524, 393, 323, 407, 318, 384, 338, 433, 274, 358, 486, 377, 453, 480, 361, 366, 325, 440, 404, 362, 408, 264, 350, 350, 298, 281, 294, 403, 409, 488, 444, 478, 358, 333, 290, 331, 322, 438, 516, 567, 332, 395, 380, 337, 426, 313, 277, 401, 477, 465, 284, 407, 458, 415, 405, 392, 417, 439, 400, 425, 405, 450, 411, 435, 360, 441, 582, 426, 359, 403, 402, 429, 271, 387, 425, 381, 321, 335, 413, 459, 356, 400, 316, 448, 357, 446, 299, 397, 399, 440, 354, 254, 437, 429, 386, 442, 361, 401, 289, 365, 434, 395, 438, 493, 295, 445, 399, 366, 299, 365, 458, 369, 407, 307, 402, 454, 409, 435, 295, 487, 274, 310, 360, 317, 391, 403, 468, 414, 450, 374, 344, 379, 405, 532, 422, 434, 372, 465, 347, 319, 381, 419, 471, 372, 399, 271, 430, 414, 306, 396, 398, 325, 341, 271, 439, 349, 460, 420, 382, 430, 480, 516, 393, 486, 345, 432, 482, 455, 459, 281, 290, 519, 373, 429, 364, 525, 407, 226, 431, 527, 426, 277, 406, 545, 395, 336, 424, 442, 327, 434, 323, 508, 365, 534, 449, 352, 521, 393, 501, 438, 421, 312, 512, 365, 413, 303, 370, 417, 422, 410, 325, 363, 518, 393, 365, 292, 331, 450, 355, 401, 408, 464, 370, 443, 358, 431, 472, 454, 397, 497, 399, 443, 452, 324, 367, 374, 288, 374, 396, 442, 355, 443, 444, 286, 484, 319, 365, 418, 475, 365, 306, 381, 424, 473, 346, 530, 368, 318, 313, 426, 276, 455, 389, 400, 346, 473, 411, 336, 508, 442, 288, 310, 509, 416, 352, 322, 382, 419, 449, 388, 197, 457, 407, 401, 439, 364, 443, 293, 412, 462, 388, 408, 415, 365, 404, 304, 367, 442, 379, 395, 391, 370, 310, 312, 365, 310, 539, 435, 471, 411, 363, 447, 405, 484, 429, 381, 416, 319, 240, 421, 404, 307, 508, 326, 488, 410, 329, 337, 426, 427, 372, 438, 452, 284, 329, 336, 335, 475, 341, 444, 351, 442, 501, 437, 344, 487, 399, 464, 392, 536, 361, 330, 442, 370, 283, 306, 332, 382, 373, 328, 487, 434, 455, 424, 301, 305, 372, 389, 361, 515, 425, 257, 424, 383, 390, 348, 424, 408, 333, 388, 452, 386, 306, 291, 476, 396, 456, 336, 309, 379, 373, 486, 423, 300, 435, 241, 502, 458, 465, 483, 438, 436, 259, 387, 453, 349, 428, 365, 474, 376, 445, 455, 438, 381, 291, 460, 342, 487, 335, 382, 209, 412, 341, 465, 357, 387, 354, 469, 447, 299, 434, 237, 364, 448, 369, 377, 439, 385, 440, 422, 299, 280, 428, 371, 361, 345, 305, 406, 496, 205, 426, 379, 436, 422, 493, 368, 451, 482, 324, 408, 431, 347, 332, 459, 469, 421, 533, 374, 347, 554, 364, 321, 302, 385, 318, 354, 323, 460, 321, 210, 577, 455, 446, 427, 264, 384, 369, 492, 392, 332, 382, 396, 543, 373, 502, 456, 357, 251, 375, 436, 438, 354, 481, 565, 366, 407, 387, 342, 327, 440, 450, 381, 515, 228, 381, 386, 305, 509, 389, 328, 283, 403, 344, 413, 430, 433, 476, 434, 406, 506, 494, 324, 424, 457, 486, 401, 460, 414, 379, 400, 343, 252, 360, 378, 379, 443, 474, 415, 372, 462, 488, 433, 370, 457, 341, 494, 320, 312, 523, 324, 337, 520, 485, 390, 346, 501, 290, 338, 244, 415, 386, 375, 416, 321, 263, 452, 429, 333, 527, 497, 468, 273, 447, 278, 252, 403, 344, 461, 346, 367, 395, 415, 424, 390, 376, 398, 436, 443, 245, 363, 362, 369, 278, 488, 362, 423, 385, 347, 567, 518, 494, 404, 423, 330, 435, 474, 347, 315, 376, 329, 306, 437, 364, 270, 401, 423, 315, 403, 237, 457, 329, 401, 352, 460, 272, 341, 306, 464, 421, 376, 227, 249, 209, 179, 384, 368, 400, 372, 264, 451, 417, 315, 355, 486, 396, 444, 430, 369, 354, 299, 424, 344, 330, 374, 348, 395, 427, 456, 435, 384, 358, 329, 310, 470, 547, 395, 381, 447, 302, 479, 339, 450, 327, 361, 240, 440, 343, 421, 420, 398, 475, 267, 361, 367, 385, 571, 470, 238, 444, 406, 357, 407, 392, 390, 265, 362, 525, 455, 479, 303, 274, 447, 359, 274, 412, 538, 289, 334, 461, 460, 391, 412, 367, 351, 430, 469, 411, 441, 510, 370, 421, 369, 352, 336, 470, 419, 405, 387, 459, 390, 342, 430, 438, 302, 575, 363, 441, 591, 335, 337, 397, 404, 450, 374, 301, 388, 309, 464, 395, 393, 379, 389, 597, 465, 317, 277, 328, 393, 409, 443, 376, 485, 179, 565, 323, 392, 378, 499, 450, 512, 408, 346, 456, 402, 399, 438, 457, 509, 460, 383, 277, 398, 370, 550, 443, 395, 388, 432, 410, 406, 377, 352, 515, 476, 403, 257, 333, 265, 446, 344, 414, 355, 344, 466, 358, 316, 474, 305, 296, 402, 341, 522, 466, 301, 455, 376, 300, 455, 227, 327, 406, 322, 398, 426, 302, 259, 399, 371, 251, 397, 458, 422, 474, 465, 458, 409, 416, 374, 331, 333, 340, 512, 411, 338, 465, 251, 458, 399, 428, 427, 387, 469, 363, 476, 309, 456, 367, 392, 346, 417, 395, 332, 366, 390, 390, 297, 412, 453, 269, 304, 436, 374, 476, 326, 431, 447, 518, 354, 345, 341, 418, 471, 519, 299, 302, 401, 427, 550, 443, 465, 482, 379, 399, 452, 492, 471, 309, 448, 485, 343, 457, 376, 331, 375, 265, 327, 452, 348, 355, 382, 535, 394, 307, 269, 428, 457, 491, 339, 435, 346, 398, 360, 434, 342, 407, 306, 394, 278, 462, 417, 295, 466, 380, 522, 479, 488, 419, 385, 350, 434, 365, 339, 362, 280, 548, 466, 389, 357, 371, 389, 409, 392, 314, 358, 525, 411, 430, 508, 373, 368, 372, 330, 428, 319, 314, 353, 339, 421, 477, 339, 323, 394, 409, 268, 345, 507, 474, 546, 502, 366, 416, 449, 427, 297, 296, 402, 280, 385, 431, 415, 390, 493, 334, 446, 417, 346, 426, 365, 495, 305, 400, 275, 349, 348, 409, 424, 382, 533, 416, 324, 342, 384, 346, 426, 389, 562, 415, 492, 336, 375, 282, 325, 491, 266, 426, 413, 415, 373, 400, 406, 412, 358, 387, 503, 407, 425, 464, 369, 383, 392, 313, 402, 281, 400, 363, 328, 309, 489, 469, 347, 347, 325, 507, 280, 474, 432, 368, 513, 561, 364, 490, 404, 332, 359, 428, 398, 464, 431, 411, 362, 376, 371, 270, 422, 394, 423, 353, 430, 334, 359, 249, 398, 469, 302, 394, 446, 346, 329, 476, 276, 413, 448, 297, 382, 487, 514, 323, 301, 481, 460, 433, 404, 383, 426, 423, 389, 479, 422, 346, 492, 404, 384, 437, 401, 399, 513, 580, 438, 302, 358, 339, 406, 403, 484, 458, 505, 477, 429, 301, 431, 503, 438, 358, 274, 407, 255, 485, 453, 426, 340, 375, 529, 443, 338, 419, 456, 436, 341, 392, 391, 388, 459, 431, 380, 307, 306, 370, 392, 412, 383, 366, 365, 357, 340, 375, 541, 277, 421, 375, 352, 474, 340, 354, 450, 489, 501, 412, 429, 478, 343, 391, 513, 387, 378, 380, 354, 433, 457, 547, 333, 326, 367, 313, 513, 373, 368, 353, 426, 464, 446, 347, 494, 197, 391, 369, 343, 447, 438, 556, 468, 429, 419, 422, 530, 449, 497, 469, 478, 341, 325, 478, 501, 360, 305, 393, 435, 482, 369, 188, 244, 381, 368, 385, 458, 442, 491, 297, 239, 306, 524, 472, 320, 458, 361, 583, 458, 293, 354, 337, 380, 528, 354, 472, 491, 461, 544, 495, 340, 479, 506, 403, 421, 315, 382, 300, 339, 335, 387, 471, 459, 428, 397, 446, 438, 350, 247, 583, 377, 354, 450, 429, 349, 419, 450, 358, 370, 335, 454, 345, 260, 485, 449, 478, 477, 306, 399, 377, 330, 275, 313, 461, 387, 438, 451, 290, 339, 333, 477, 326, 509, 338, 534, 517, 411, 491, 271, 388, 271, 497, 332, 416, 276, 443, 343, 362, 376, 264, 455, 203, 396, 513, 456, 427, 395, 262, 416, 438, 506, 372, 388, 418, 352, 412, 337, 267, 368, 415, 260, 357, 390, 389, 271, 469, 337, 437, 403, 319, 287, 284, 433, 340, 296, 373, 339, 455, 347, 390, 401, 421, 475, 520, 427, 447, 293, 441, 378, 503, 305, 358, 443, 510, 317, 380, 438, 367, 390, 283, 417, 382, 366, 378, 374, 320, 301, 505, 385, 412, 390, 372, 373, 398, 452, 431, 466, 327, 348, 401, 389, 443, 363, 420, 488, 443, 439, 355, 421, 450, 373, 315, 342, 430, 377, 464, 345, 441, 527, 548, 470, 449, 343, 420, 287, 420, 310, 343, 437, 327, 443, 451, 360, 357, 586, 404, 477, 523, 399, 402, 453, 303, 570, 329, 369, 435, 405, 384, 427, 458, 529, 399, 453, 397, 534, 347, 442, 347, 471, 362, 462, 442, 411, 434, 491, 418, 388, 413, 432, 444, 496, 334, 415, 557, 337, 414, 349, 418, 424, 484, 465, 400, 402, 430, 441, 366, 484, 355, 427, 460, 423, 274, 468, 439, 463, 445, 309, 194, 341, 397, 492, 465, 354, 386, 455, 436, 324, 285, 405, 496, 454, 386, 309, 451, 265, 447, 306, 362, 461, 379, 321, 188, 426, 431, 471, 389, 424, 396, 381, 348, 308, 311, 287, 360, 424, 432, 271, 494, 415, 496, 247, 361, 448, 365, 520, 531, 473, 458, 330, 311, 466, 502, 364, 330, 436, 300, 383, 459, 299, 446, 376, 404, 333, 368, 361, 458, 369, 463, 382, 329, 480, 256, 405, 482, 460, 391, 477, 363, 454, 471, 359, 435, 462, 519, 543, 503, 400, 444, 337, 403, 349, 305, 440, 411, 451, 472, 423, 351, 482, 514, 433, 431, 443, 486, 446, 388, 421, 437, 386, 275, 346, 436, 305, 345, 335, 367, 466, 491, 471, 486, 500, 429, 322, 433, 269, 413, 439, 416, 340, 408, 492, 411, 299, 400, 480, 363, 533, 384, 420, 343, 473, 413, 470, 353, 437, 421, 425, 323, 314, 440, 380, 445, 486, 379, 240, 407, 440, 407, 356, 464, 332, 377, 413, 430, 496, 451, 475, 449, 406, 434, 429, 354, 297, 353, 402, 416, 373, 414, 434, 393, 434, 444, 331, 423, 381, 348, 321, 438, 418, 429, 353, 381, 418, 480, 436, 269, 396, 296, 439, 418, 577, 306, 414, 451, 386, 387, 441, 505, 444, 312, 391, 394, 509, 342, 294, 292, 349, 416, 434, 370, 514, 337, 533, 410, 333, 505, 363, 366, 364, 307, 521, 373, 351, 401, 431, 395, 326, 370, 327, 479, 513, 437, 372, 427, 478, 360, 405, 459, 365, 472, 355, 452, 420, 329, 308, 369, 460, 375, 411, 399, 371, 346, 448, 437, 348, 345, 433, 359, 418, 434, 336, 379, 427, 434, 433, 400, 413, 353, 329, 367, 432, 414, 470, 510, 344, 558, 261, 351, 525, 483, 301, 305, 397, 298, 366, 559, 479, 353, 417, 309, 582, 391, 458, 503, 456, 350, 398, 385, 422, 430, 347, 358, 406, 301, 451, 348, 538, 371, 399, 549, 333, 380, 457, 372, 433, 397, 335, 276, 442, 393, 483, 365, 182, 416, 240, 454, 329, 350, 471, 319, 290, 452, 388, 478, 375, 455, 514, 364, 347, 287, 357, 442, 374, 378, 476, 364, 445, 434, 372, 487, 344, 271, 342, 433, 288, 373, 465, 463, 542, 427, 450, 331, 431, 271, 431, 400, 282, 304, 379, 450, 395, 445, 330, 346, 514, 376, 481, 411, 348, 359, 406, 326, 401, 367, 431, 322, 406, 411, 305, 507, 334, 311, 253, 418, 431, 350, 472, 402, 424, 337, 412, 443, 522, 309, 424, 443, 295, 545, 452, 310, 404, 211, 335, 383, 414, 544, 347, 473, 380, 401, 462, 321, 429, 404, 407, 285, 387, 291, 384, 323, 391, 468, 425, 354, 452, 374, 499, 347, 385, 516, 381, 380, 379, 426, 480, 350, 392, 336, 441, 418, 430, 482, 363, 376, 554, 457, 498, 465, 302, 356, 453, 312, 447, 421, 524, 361, 329, 343, 524, 292, 409, 354, 466, 440, 513, 273, 362, 568, 326, 421, 410, 426, 364, 396, 426, 448, 338, 359, 384, 408, 460, 441, 577, 469, 391, 342, 364, 435, 447, 403, 352, 368, 441, 306, 277, 393, 259, 449, 423, 406, 431, 468, 435, 387, 292, 429, 345, 535, 351, 439, 572, 414, 399, 430, 338, 517, 489, 478, 313, 328, 352, 498, 438, 367, 331, 357, 501, 444, 379, 430, 443, 355, 374, 359, 347, 489, 387, 317, 261, 391, 374, 386, 331, 358, 537, 325, 499, 415, 376, 409, 336, 375, 373, 460, 473, 372, 336, 388, 326, 373, 355, 317, 395, 362, 295, 409, 419, 328, 333, 366, 388, 502, 464, 584, 414, 465, 391, 387, 413, 294, 384, 483, 369, 488, 328, 372, 476, 454, 293, 322, 423, 451, 282, 509, 487, 509, 303, 429, 367, 460, 604, 378, 342, 325, 502, 389, 344, 370, 461, 383, 250, 486, 394, 386, 454, 444, 474, 460, 361, 503, 443, 550, 349, 490, 610, 438, 439, 376, 403, 384, 394, 315, 531, 515, 435, 493, 412, 446, 355, 389, 327, 434, 344, 452, 449, 291, 500, 364, 493, 488, 373, 473, 440, 407, 290, 323, 409, 469, 334, 304, 460, 385, 415, 407, 426, 397, 401, 415, 544, 321, 382, 348, 271, 332, 469, 511, 300, 478, 422, 369, 473, 311, 323, 459, 524, 277, 354, 450, 455, 409, 303, 488, 347, 415, 502, 476, 465, 305, 325, 403, 416, 405, 424, 364, 362, 385, 323, 389, 430, 334, 428, 417, 402, 445, 419, 364, 401, 399, 458, 297, 350, 421, 277, 438, 367, 482, 507, 413, 344, 485, 559, 308, 303, 496, 304, 438, 251, 394, 423, 465, 392, 470, 276, 517, 330, 305, 410, 414, 378, 383, 441, 428, 390, 418, 374, 514, 434, 205, 414, 419, 398, 452, 468, 504, 419, 340, 479, 306, 343, 505, 353, 317, 326, 389, 367, 355, 499, 452, 430, 535, 409, 381, 403, 493, 297, 299, 523, 452, 396, 340, 383, 224, 290, 410, 347, 301, 356, 390, 231, 425, 226, 367, 361, 305, 433, 385, 438, 340, 440, 394, 360, 421, 407, 290, 320, 334, 315, 422, 379, 425, 533, 458, 416, 465, 447, 443, 453, 330, 403, 292, 329, 473, 399, 268, 416, 344, 463, 363, 314, 390, 476, 498, 296, 337, 297, 433, 468, 364, 308, 353, 426, 348, 397, 363, 560, 504, 249, 381, 401, 409, 477, 485, 368, 467, 436, 397, 501, 454, 272, 319, 394, 421, 456, 477, 321, 423, 407, 323, 402, 385, 425, 512, 535, 366, 504, 319, 453, 226, 467, 458, 422, 474, 419, 371, 411, 516, 434, 543, 286, 429, 421, 379, 465, 339, 393, 441, 333, 311, 432, 449, 377, 426, 287, 452, 331, 394, 338, 393, 363, 470, 318, 394, 394, 329, 423, 464, 433, 403, 470, 422, 448, 278, 374, 351, 349, 442, 348, 439, 451, 408, 415, 368, 410, 261, 353, 437, 393, 471, 444, 392, 476, 500, 477, 469, 398, 314, 417, 467, 424, 413, 580, 261, 429, 541, 354, 334, 309, 373, 344, 505, 536, 414, 312, 380, 385, 401, 327, 374, 443, 297, 298, 448, 423, 344, 409, 330, 339, 462, 431, 408, 482, 457, 388, 374, 322, 523, 467, 340, 456, 350, 338, 308, 314, 265, 329, 497, 409, 391, 295, 529, 412, 404, 460, 397, 408, 488, 487, 332, 441, 343, 245, 347, 347, 353, 421, 441, 472, 305, 514, 368, 264, 318, 278, 504, 346, 378, 388, 324, 392, 346, 487, 387, 413, 300, 464, 422, 379, 389, 432, 479, 331, 427, 359, 507, 233, 400, 366, 251, 402, 276, 572, 347, 376, 413, 512, 413, 248, 475, 483, 360, 399, 323, 367, 434, 253, 458, 517, 445, 420, 433, 385, 364, 511, 446, 425, 439, 471, 359, 441, 385, 428, 398, 330, 411, 258, 456, 469, 462, 437, 477, 402, 249, 447, 414, 371, 493, 424, 396, 429, 253, 476, 381, 402, 404, 346, 448, 335, 427, 433, 450, 408, 387, 454, 451, 290, 557, 392, 275, 348, 397, 297, 236, 351, 516, 488, 469, 510, 386, 404, 392, 392, 247, 522, 502, 336, 291, 330, 403, 375, 289, 441, 327, 527, 482, 431, 347, 479, 376, 293, 518, 421, 365, 303, 405, 327, 415, 391, 374, 460, 415, 429, 449, 581, 357, 336, 419, 418, 462, 421, 404, 439, 340, 347, 460, 373, 324, 419, 332, 347, 407, 353, 416, 452, 325, 397, 331, 445, 399, 420, 467, 493, 434, 422, 435, 408, 358, 438, 451, 449, 474, 407, 481, 239, 352, 402, 335, 364, 425, 423, 547, 528, 436, 402, 179, 517, 455, 322, 401, 358, 437, 370, 415, 347, 483, 390, 377, 413, 397, 384, 420, 359, 418, 263, 441, 464, 399, 311, 398, 460, 445, 418, 400, 397, 351, 373, 457, 340, 350, 422, 413, 451, 427, 479, 450, 348, 546, 481, 267, 295, 400, 517, 333, 282, 501, 399, 460, 406, 458, 402, 339, 445, 499, 390, 415, 308, 349, 407, 316, 459, 449, 411, 375, 450, 368, 369, 467, 337, 479, 390, 405, 426, 341, 384, 466, 271, 380, 419, 359, 374, 389, 355, 358, 334, 373, 335, 354, 406, 384, 460, 345, 449, 241, 483, 346, 482, 328, 326, 351, 337, 253, 402, 406, 437, 472, 423, 323, 481, 365, 288, 325, 501, 259, 458, 330, 258, 293, 382, 359, 390, 263, 430, 375, 500, 367, 433, 325, 395, 398, 503, 475, 436, 413, 298, 423, 309, 511, 390, 452, 357, 387, 458, 355, 442, 424, 424, 477, 299, 340, 283, 343, 537, 390, 375, 391, 446, 345, 489, 377, 385, 431, 356, 381, 313, 429, 484, 345, 371, 410, 324, 419, 221, 288, 485, 324, 247, 302, 469, 302, 463, 345, 357, 417, 389, 309, 441, 356, 405, 367, 476, 416, 380, 362, 344, 411, 396, 358, 504, 393, 278, 462, 219, 482, 470, 388, 384, 425, 452, 445, 335, 403, 360, 331, 382, 481, 501, 346, 354, 279, 427, 471, 499, 223, 491, 473, 391, 411, 467, 473, 427, 314, 476, 501, 405, 341, 350, 359, 436, 292, 298, 265, 390, 512, 480, 505, 466, 368, 502, 440, 421, 404, 364, 442, 318, 485, 404, 313, 403, 370, 372, 353, 422, 397, 308, 437, 408, 498, 370, 363, 253, 433, 425, 350, 485, 430, 428, 389, 406, 564, 405, 367, 209, 445, 529, 364, 383, 436, 399, 421, 398, 359, 347, 438, 454, 421, 395, 379, 481, 284, 237, 383, 466, 394, 343, 428, 389, 376, 374, 422, 342, 265, 371, 442, 340, 408, 471, 300, 480, 401, 421, 407, 347, 351, 333, 389, 384, 154, 365, 351, 437, 325, 413, 408, 427, 517, 488, 317, 359, 472, 408, 305, 529, 561, 449, 526, 398, 433, 476, 337, 434, 411, 458, 318, 291, 376, 366, 281, 618, 367, 376, 368, 496, 352, 360, 361, 422, 504, 302, 433, 324, 357, 386, 316, 307, 517, 516, 347, 374, 421, 342, 372, 369, 451, 389, 412, 400, 330, 370, 258, 381, 463, 426, 337, 481, 448, 415, 479, 284, 256, 367, 393, 532, 568, 431, 462, 347, 185, 226, 402, 204, 293, 307, 572, 398, 408, 444, 404, 345, 324, 358, 517, 312, 447, 374, 395, 392, 307, 342, 540, 448, 288, 388, 414, 467, 303, 506, 487, 390, 407, 515, 463, 382, 344, 349, 438, 279, 360, 513, 434, 285, 393, 370, 220, 353, 368, 415, 338, 462, 300, 246, 397, 372, 313, 412, 451, 384, 347, 388, 327, 318, 462, 401, 375, 438, 473, 401, 323, 404, 345, 326, 252, 418, 406, 318, 332, 266, 478, 273, 237, 325, 313, 339, 494, 436, 402, 286, 347, 410, 426, 361, 345, 434, 380, 414, 445, 446, 418, 475, 348, 438, 338, 402, 342, 437, 408, 419, 387, 360, 360, 245, 364, 503, 527, 514, 351, 435, 450, 509, 423, 397, 379, 404, 319, 331, 435, 307, 406, 393, 425, 363, 558, 310, 368, 407, 286, 239, 250, 443, 424, 411, 332, 232, 389, 350, 570, 416, 349, 383, 302, 482, 416, 479, 361, 462, 378, 441, 330, 289, 315, 440, 333, 430, 378, 205, 287, 294, 331, 392, 302, 363, 531, 260, 205, 478, 440, 361, 437, 298, 559, 552, 332, 381, 331, 304, 459, 464, 441, 363, 342, 482, 464, 426, 297, 210, 333, 389, 417, 373, 394, 350, 492, 538, 439, 305, 304, 494, 472, 413, 408, 426, 469, 367, 351, 378, 522, 438, 379, 366, 316, 504, 399, 301, 507, 425, 363, 478, 516, 419, 413, 330, 473, 360, 365, 447, 323, 392, 395, 462, 564, 281, 377, 363, 410, 315, 394, 314, 287, 396, 420, 445, 467, 401, 469, 360, 316, 279, 268, 324, 399, 502, 334, 374, 417, 488, 430, 349, 367, 462, 278, 366, 548, 461, 413, 345, 332, 385, 342, 496, 462, 377, 251, 385, 369, 388, 498, 393, 419, 364, 337, 433, 353, 425, 351, 279, 409, 484, 342, 375, 411, 319, 279, 345, 392, 359, 348, 437, 322, 382, 425, 535, 412, 507, 470, 462, 244, 425, 390, 444, 339, 317, 502, 271, 409, 511, 402, 382, 287, 346, 445, 474, 495, 403, 371, 271, 242, 350, 389, 347, 449, 381, 466, 365, 289, 508, 408, 383, 306, 366, 460, 412, 431, 342, 452, 505, 454, 417, 374, 430, 537, 438, 307, 404, 319, 383, 478, 465, 364, 476, 319, 396, 428, 463, 433, 375, 318, 349, 337, 482, 424, 513, 425, 379, 254, 426, 469, 192, 337, 416, 401, 439, 290, 312, 382, 356, 415, 308, 330, 445, 431, 465, 490, 424, 332, 385, 406, 426, 456, 353, 467, 415, 337, 329, 352, 307, 416, 323, 474, 305, 326, 395, 413, 445, 315, 463, 391, 382, 421, 478, 365, 379, 229, 358, 435, 442, 369, 424, 396, 517, 420, 388, 289, 379, 370, 353, 427, 228, 463, 439, 418, 429, 393, 498, 474, 464, 424, 393, 395, 394, 401, 326, 469, 323, 384, 384, 444, 384, 284, 413, 346, 291, 467, 538, 436, 354, 262, 411, 382, 358, 513, 487, 417, 439, 501, 344, 429, 406, 369, 353, 395, 409, 423, 402, 464, 369, 499, 445, 400, 351, 321, 422, 468, 412, 377, 256, 475, 401, 358, 261, 259, 424, 382, 346, 459, 225, 368, 357, 459, 411, 370, 457, 495, 375, 361, 435, 521, 295, 434, 360, 495, 396, 396, 523, 448, 418, 272, 443, 353, 363, 507, 470, 434, 426, 222, 575, 464, 386, 475, 422, 515, 334, 364, 404, 366, 295, 390, 373, 454, 307, 420, 325, 326, 494, 297, 375, 354, 282, 340, 509, 424, 378, 413, 394, 554, 357, 411, 362, 411, 258, 260, 559, 613, 543, 423, 345, 325, 264, 330, 317, 398, 456, 387, 361, 338, 295, 472, 366, 374, 448, 264, 265, 398, 300, 447, 324, 499, 420, 401, 301, 480, 424, 455, 357, 394, 395, 352, 531, 339, 381, 383, 411, 540, 410, 546, 374, 397, 472, 387, 397, 423, 470, 387, 298, 545, 369, 469, 279, 251, 459, 425, 314, 482, 400, 430, 403, 403, 370, 341, 366, 318, 264, 398, 453, 435, 479, 305, 345, 317, 465, 390, 499, 294, 424, 448, 379, 398, 362, 433, 361, 462, 228, 357, 285, 383, 506, 447, 294, 464, 435, 294, 372, 381, 374, 339, 353, 408, 263, 254, 399, 434, 371, 548, 401, 329, 329, 366, 358, 415, 497, 276, 505, 400, 230, 364, 452, 373, 433, 376, 198, 463, 381, 380, 313, 371, 385, 269, 451, 447, 507, 258, 336, 532, 389, 401, 388, 482, 402, 306, 493, 358, 448, 416, 419, 353, 230, 400, 499, 371, 397, 331, 435, 409, 392, 424, 398, 392, 322, 348, 474, 489, 539, 313, 354, 478, 374, 370, 335, 382, 451, 468, 329, 425, 439, 423, 490, 364, 383, 317, 380, 523, 377, 363, 498, 454, 367, 324, 318, 358, 447, 391, 430, 294, 390, 415, 294, 429, 426, 424, 530, 404, 404, 346, 304, 422, 388, 476, 399, 247, 341, 424, 202, 382, 367, 537, 323, 436, 494, 300, 376, 465, 296, 436, 550, 599, 340, 533, 383, 348, 375, 514, 463, 515, 527, 539, 337, 357, 313, 402, 218, 517, 388, 369, 442, 487, 516, 380, 411, 378, 416, 287, 380, 461, 404, 343, 462, 447, 228, 408, 429, 344, 388, 366, 395, 463, 448, 457, 362, 449, 377, 378, 306, 426, 390, 377, 315, 391, 375, 380, 358, 378, 388, 445, 382, 420, 369, 499, 472, 400, 433, 270, 351, 487, 269, 351, 530, 350, 349, 196, 425, 352, 371, 360, 517, 408, 415, 455, 386, 392, 343, 398, 366, 371, 510, 436, 511, 453, 302, 479, 451, 567, 450, 438, 349, 440, 261, 323, 369, 322, 272, 533, 382, 190, 395, 361, 293, 420, 451, 601, 433, 387, 426, 483, 396, 399, 354, 394, 371, 411, 353, 342, 241, 492, 399, 426, 342, 468, 440, 364, 242, 350, 465, 400, 488, 480, 354, 479, 466, 464, 411, 398, 339, 423, 394, 384, 387, 439, 400, 374, 424, 402, 443, 463, 403, 352, 391, 398, 483, 394, 465, 322, 301, 361, 466, 324, 470, 434, 221, 360, 542, 400, 319, 458, 343, 409, 395, 467, 376, 345, 491, 357, 429, 445, 306, 497, 367, 412, 379, 336, 478, 434, 516, 286, 349, 383, 364, 276, 435, 400, 355, 331, 389, 390, 416, 430, 467, 371, 480, 405, 352, 340, 375, 386, 467, 468, 413, 479, 454, 351, 505, 437, 312, 364, 440, 432, 437, 445, 402, 458, 536, 357, 412, 355, 337, 316, 369, 313, 337, 227, 462, 443, 430, 472, 409, 369, 543, 414, 379, 351, 396, 472, 397, 368, 379, 399, 300, 445, 397, 333, 390, 368, 364, 285, 385, 256, 486, 306, 452, 331, 419, 373, 336, 471, 330, 341, 369, 512, 485, 470, 291, 335, 401, 353, 497, 375, 371, 491, 206, 512, 533, 369, 373, 356, 495, 382, 318, 497, 479, 358, 328, 443, 341, 406, 375, 315, 409, 458, 427, 640, 514, 367, 333, 376, 281, 307, 361, 315, 430, 342, 334, 528, 391, 453, 517, 369, 340, 352, 395, 444, 452, 486, 434, 417, 395, 351, 361, 374, 373, 375, 485, 417, 359, 382, 252, 296, 401, 469, 400, 439, 437, 471, 467, 407, 378, 599, 370, 412, 372, 422, 443, 441, 345, 347, 431, 427, 432, 471, 382, 319, 303, 419, 384, 267, 313, 312, 484, 410, 438, 431, 466, 386, 320, 277, 384, 347, 261, 373, 321, 438, 347, 346, 384, 324, 353, 397, 258, 402, 295, 425, 428, 363, 393, 373, 426, 438, 548, 375, 472, 319, 426, 369, 384, 513, 369, 583, 346, 395, 430, 353, 324, 382, 427, 435, 317, 350, 384, 448, 369, 281, 460, 365, 454, 321, 397, 404, 341, 240, 421, 430, 345, 393, 382, 403, 455, 436, 434, 497, 408, 329, 333, 302, 277, 289, 496, 422, 485, 386, 340, 325, 335, 482, 334, 446, 436, 418, 326, 448, 363, 449, 205, 330, 482, 402, 404, 316, 384, 343, 423, 489, 519, 299, 399, 385, 417, 263, 423, 424, 360, 397, 440, 548, 375, 393, 406, 353, 288, 395, 405, 477, 317, 305, 491, 338, 433, 413, 382, 276, 408, 431, 352, 338, 297, 282, 428, 361, 413, 346, 385, 431, 366, 462, 330, 361, 366, 343, 343, 461, 450, 422, 390, 303, 408, 356, 392, 320, 416, 366, 424, 317, 351, 411, 372, 390, 500, 504, 282, 400, 351, 442, 368, 553, 320, 362, 370, 324, 474, 481, 415, 422, 409, 282, 428, 453, 333, 442, 346, 455, 534, 418, 324, 429, 410]

