Resultados de simulación — 20260922_181859
Pasajeros: 100 | P(carry-on): 0.4 | Simulaciones por política: 5000
============================================================

[rand]
  Promedio : 964.7s
  Desvío   : 89.1s
  IC 95%   : [962.2s, 967.1s]
  Mínimo   : 652s
  Máximo   : 1290s
  Tiempos  : [1039, 918, 1053, 1003, 979, 836, 1116, 1059, 1003, 849, 1018, 846, 921, 988, 1022, 990, 1149, 879, 927, 947, 791, 969, 961, 822, 1062, 891, 845, 855, 1015, 979, 1060, 993, 1198, 790, 1137, 981, 1012, 955, 934, 1058, 909, 1101, 984, 910, 1079, 1017, 816, 1011, 958, 917, 998, 950, 930, 1091, 1000, 1048, 983, 872, 889, 885, 1075, 1103, 1060, 816, 1034, 948, 998, 1004, 1031, 1095, 1038, 942, 986, 1227, 944, 856, 862, 985, 917, 1040, 978, 1028, 893, 939, 986, 946, 943, 1132, 911, 831, 879, 1041, 1088, 1022, 843, 992, 1051, 875, 1022, 796, 979, 959, 935, 945, 1036, 912, 903, 953, 853, 1068, 902, 1016, 978, 1031, 1023, 993, 918, 951, 1125, 858, 913, 1072, 850, 1025, 999, 931, 904, 958, 863, 1009, 1101, 912, 904, 1076, 995, 876, 885, 995, 1008, 959, 1027, 915, 1020, 1025, 916, 1081, 875, 978, 985, 949, 1078, 816, 1069, 1035, 996, 850, 929, 999, 1065, 892, 1067, 853, 978, 784, 1061, 1124, 1080, 1018, 904, 878, 975, 975, 903, 1131, 1084, 954, 1003, 1158, 1049, 914, 964, 870, 818, 946, 825, 875, 1064, 971, 922, 857, 1038, 935, 978, 845, 1009, 1006, 851, 925, 1064, 1170, 958, 772, 857, 960, 936, 1029, 896, 852, 951, 907, 885, 840, 997, 860, 1012, 981, 974, 970, 815, 883, 778, 1055, 980, 1071, 1039, 867, 879, 801, 853, 804, 909, 1022, 969, 881, 927, 910, 1027, 1023, 957, 933, 829, 981, 918, 1035, 823, 937, 922, 974, 944, 843, 943, 1014, 949, 1050, 855, 1163, 969, 1099, 933, 945, 987, 968, 1174, 1012, 1205, 866, 1010, 879, 1100, 998, 854, 879, 849, 1203, 971, 1021, 925, 989, 983, 1023, 983, 995, 982, 942, 907, 1068, 988, 994, 1029, 915, 1179, 742, 968, 982, 966, 959, 958, 1055, 938, 1052, 1020, 884, 762, 992, 1039, 1011, 1039, 949, 942, 1006, 1194, 1011, 862, 943, 1003, 1085, 894, 787, 871, 1056, 1010, 956, 877, 1050, 1005, 1107, 1055, 1037, 974, 786, 981, 950, 874, 956, 948, 1004, 870, 1032, 994, 990, 814, 1047, 815, 939, 886, 1129, 1009, 903, 952, 1062, 967, 865, 938, 1208, 990, 1041, 1005, 969, 930, 988, 1020, 1043, 1067, 940, 908, 978, 986, 930, 944, 1115, 913, 933, 932, 877, 979, 652, 1078, 876, 893, 979, 995, 785, 1012, 1008, 1099, 886, 913, 1127, 1077, 997, 931, 1056, 1147, 1099, 1057, 830, 811, 938, 1032, 1025, 962, 1034, 940, 1104, 1125, 1030, 1016, 999, 1078, 1016, 978, 897, 1079, 1025, 1013, 981, 1008, 945, 1008, 1098, 985, 982, 903, 956, 972, 1029, 964, 982, 902, 909, 893, 1009, 897, 834, 1090, 883, 942, 704, 1054, 905, 914, 891, 990, 1021, 1080, 932, 811, 927, 885, 880, 890, 911, 831, 1011, 824, 830, 1034, 870, 1070, 989, 1011, 1047, 926, 910, 1061, 971, 797, 912, 1028, 930, 957, 972, 869, 1035, 917, 935, 940, 942, 977, 1061, 836, 1018, 930, 962, 1028, 1006, 992, 857, 957, 1067, 983, 882, 853, 1134, 931, 916, 884, 985, 846, 1002, 1007, 862, 866, 917, 1058, 1066, 973, 857, 950, 865, 938, 923, 929, 1061, 1143, 1034, 971, 956, 855, 972, 865, 951, 1086, 767, 1032, 935, 896, 1012, 983, 1250, 1023, 888, 878, 936, 928, 984, 952, 1119, 1080, 973, 1048, 892, 880, 912, 910, 937, 1053, 934, 1055, 908, 1066, 902, 1027, 831, 887, 929, 880, 1156, 1035, 883, 1075, 855, 898, 944, 1009, 1038, 1023, 976, 984, 931, 952, 1003, 834, 793, 984, 951, 959, 1030, 1124, 976, 1070, 840, 989, 908, 814, 960, 807, 1139, 885, 933, 751, 986, 1001, 977, 835, 833, 882, 964, 988, 1009, 989, 1007, 968, 840, 939, 1101, 858, 1099, 1096, 942, 937, 997, 791, 1015, 865, 767, 1013, 1001, 981, 883, 1073, 1052, 957, 920, 1041, 1168, 900, 954, 902, 1007, 908, 963, 1055, 901, 1129, 1005, 988, 862, 853, 864, 805, 970, 881, 926, 983, 1051, 1127, 936, 1079, 954, 995, 909, 1130, 915, 847, 949, 1099, 896, 1006, 1133, 998, 986, 820, 1062, 993, 1056, 990, 776, 1030, 913, 982, 1118, 960, 717, 948, 1040, 1010, 940, 960, 998, 933, 940, 806, 898, 963, 917, 979, 875, 1037, 909, 950, 995, 832, 959, 1037, 992, 1061, 1087, 825, 887, 1091, 941, 878, 937, 1057, 970, 900, 882, 885, 1099, 981, 1018, 951, 1183, 905, 917, 1039, 1021, 924, 853, 868, 1028, 1041, 1041, 1060, 1039, 877, 937, 988, 863, 963, 952, 932, 1136, 939, 895, 1035, 1053, 930, 947, 941, 954, 973, 1043, 1121, 990, 953, 929, 967, 940, 1055, 950, 1117, 963, 890, 1132, 933, 1000, 1173, 1029, 1043, 894, 808, 1008, 1086, 966, 834, 1005, 918, 1090, 1074, 785, 928, 862, 803, 858, 1210, 900, 1134, 999, 880, 1025, 929, 912, 942, 1035, 951, 1045, 1122, 953, 1099, 1046, 985, 918, 702, 1236, 897, 1014, 1049, 793, 923, 1022, 893, 876, 938, 981, 932, 1003, 764, 795, 916, 1008, 882, 1105, 838, 1024, 975, 879, 875, 897, 898, 1041, 969, 975, 825, 906, 988, 946, 1023, 994, 1151, 1002, 936, 1038, 893, 913, 994, 895, 887, 898, 978, 1056, 1026, 989, 935, 1058, 866, 997, 954, 937, 1084, 1122, 934, 840, 1109, 950, 984, 938, 830, 912, 1106, 959, 989, 870, 898, 1043, 756, 702, 964, 982, 1000, 846, 1020, 1046, 868, 888, 970, 1003, 1012, 1107, 904, 994, 918, 942, 1002, 980, 1006, 1077, 951, 975, 957, 762, 765, 948, 847, 874, 1049, 1012, 990, 859, 889, 913, 1103, 1051, 934, 923, 848, 960, 899, 890, 899, 1002, 941, 962, 928, 1089, 985, 984, 944, 1036, 883, 1029, 874, 1222, 1037, 1115, 876, 1032, 897, 1098, 887, 1003, 930, 881, 860, 1055, 1086, 765, 929, 829, 1045, 913, 998, 1041, 945, 970, 985, 1021, 990, 897, 986, 1005, 869, 862, 1042, 983, 908, 957, 918, 1073, 977, 1009, 940, 891, 1097, 1076, 1211, 958, 872, 897, 967, 1022, 1008, 1171, 851, 834, 981, 930, 971, 834, 911, 903, 1140, 864, 1032, 1082, 899, 1004, 980, 1087, 879, 966, 889, 921, 920, 945, 1094, 940, 969, 1020, 819, 975, 944, 1082, 889, 811, 808, 969, 934, 930, 958, 977, 811, 905, 945, 933, 1007, 1183, 935, 1058, 1050, 878, 811, 1069, 861, 820, 1088, 976, 744, 960, 1018, 1077, 1105, 990, 1031, 1041, 971, 1003, 891, 930, 1052, 928, 989, 842, 971, 910, 888, 997, 1054, 817, 1006, 889, 997, 960, 930, 1163, 1066, 842, 1077, 876, 847, 1045, 956, 967, 1007, 1014, 1038, 989, 999, 848, 1120, 1021, 951, 958, 971, 785, 907, 935, 954, 1118, 972, 959, 714, 837, 1092, 807, 843, 1070, 955, 998, 959, 881, 919, 990, 900, 990, 921, 978, 981, 919, 1142, 808, 945, 889, 818, 896, 1057, 1006, 931, 884, 907, 830, 1013, 968, 861, 973, 818, 898, 1028, 1112, 970, 975, 1115, 1021, 766, 1030, 818, 1035, 973, 968, 1047, 750, 1061, 981, 805, 893, 1017, 968, 945, 1131, 1025, 1004, 1007, 1000, 930, 933, 973, 1018, 825, 927, 1019, 980, 1020, 915, 950, 1007, 991, 1078, 834, 904, 1106, 832, 937, 995, 978, 889, 1058, 887, 963, 1062, 947, 810, 869, 903, 1055, 1047, 1026, 1112, 771, 835, 724, 865, 1081, 931, 1068, 826, 1008, 979, 969, 895, 950, 939, 887, 950, 974, 991, 873, 878, 973, 896, 935, 956, 881, 981, 997, 919, 934, 980, 930, 1109, 933, 1028, 1004, 680, 963, 905, 1039, 1162, 820, 1062, 1126, 938, 926, 1048, 1036, 850, 1058, 1018, 1098, 970, 905, 846, 966, 844, 1140, 1017, 854, 1035, 847, 914, 1001, 1043, 1072, 957, 974, 1066, 1011, 876, 1133, 1004, 835, 1080, 1074, 982, 805, 838, 1006, 993, 1049, 864, 1049, 927, 1018, 902, 912, 1020, 1038, 974, 1142, 1035, 815, 1026, 923, 1102, 964, 745, 891, 925, 884, 1112, 920, 893, 991, 1058, 848, 856, 832, 897, 1043, 1045, 998, 846, 945, 937, 887, 1053, 1102, 1026, 990, 981, 1038, 996, 1005, 958, 880, 896, 1199, 976, 899, 992, 1007, 948, 948, 907, 1023, 939, 928, 1005, 1025, 1030, 974, 966, 825, 871, 934, 1132, 984, 983, 840, 1012, 826, 977, 1003, 941, 890, 1048, 863, 1054, 1002, 953, 994, 1036, 961, 926, 919, 898, 965, 873, 891, 1073, 965, 920, 969, 903, 898, 915, 993, 862, 1084, 1017, 1065, 875, 967, 949, 869, 1119, 1103, 964, 1017, 931, 969, 924, 941, 965, 954, 1016, 1146, 1116, 1118, 925, 993, 969, 884, 947, 894, 790, 885, 988, 867, 965, 917, 1032, 828, 1080, 956, 1053, 1163, 1084, 855, 918, 981, 902, 1017, 981, 929, 869, 978, 887, 988, 910, 876, 988, 1092, 939, 1018, 978, 868, 1009, 1002, 1087, 1056, 1108, 1024, 1067, 806, 856, 954, 803, 998, 882, 1038, 856, 1005, 867, 1043, 896, 1053, 875, 1007, 907, 911, 1056, 793, 828, 988, 1044, 1023, 976, 935, 924, 921, 926, 902, 892, 1034, 1101, 887, 825, 1002, 890, 969, 983, 961, 988, 782, 928, 1010, 837, 1026, 1041, 983, 868, 1048, 1020, 980, 979, 804, 1036, 1017, 851, 970, 997, 916, 989, 1033, 1112, 925, 994, 980, 908, 1163, 807, 823, 830, 832, 1074, 1079, 1052, 877, 1087, 1048, 868, 873, 1088, 1006, 1001, 956, 1066, 1045, 906, 848, 801, 1122, 986, 959, 1097, 890, 932, 1057, 909, 918, 944, 1081, 860, 906, 1001, 1126, 988, 1016, 940, 1018, 919, 918, 959, 963, 866, 1052, 905, 958, 988, 808, 939, 971, 985, 918, 848, 1015, 1031, 830, 898, 1038, 937, 1029, 956, 898, 813, 868, 973, 840, 1034, 850, 880, 935, 897, 970, 1020, 875, 745, 970, 1077, 970, 1013, 892, 870, 1120, 1024, 983, 928, 995, 997, 1028, 895, 967, 1069, 1054, 969, 1018, 773, 1010, 924, 865, 964, 880, 996, 1012, 1198, 955, 776, 997, 926, 970, 1073, 1056, 961, 758, 1028, 1086, 1105, 932, 772, 884, 950, 912, 1062, 945, 1009, 945, 1114, 974, 1006, 971, 1025, 992, 949, 1098, 1004, 1015, 927, 971, 886, 859, 935, 1024, 973, 886, 1146, 912, 974, 895, 1131, 964, 938, 825, 1013, 934, 1026, 946, 934, 919, 952, 989, 1034, 839, 707, 1080, 1055, 890, 882, 1110, 1056, 845, 1132, 902, 945, 872, 961, 917, 957, 910, 823, 1043, 857, 1115, 1071, 874, 1070, 870, 1043, 889, 831, 982, 850, 1031, 1085, 1030, 947, 949, 838, 879, 903, 1054, 978, 1146, 762, 950, 1017, 826, 1014, 829, 975, 1084, 860, 974, 1095, 1029, 1097, 789, 908, 969, 920, 973, 954, 930, 1079, 942, 919, 969, 898, 879, 1045, 948, 1155, 979, 819, 949, 1104, 739, 983, 1007, 874, 960, 1047, 1041, 876, 1041, 1100, 1036, 871, 1048, 1003, 896, 932, 1067, 1001, 962, 926, 1124, 982, 949, 841, 746, 881, 924, 951, 901, 1002, 953, 866, 896, 1013, 888, 864, 783, 923, 882, 952, 1123, 942, 1034, 975, 847, 937, 1031, 875, 997, 902, 1088, 1194, 939, 873, 911, 746, 901, 983, 1036, 986, 979, 929, 845, 851, 805, 995, 810, 976, 1063, 1102, 1109, 923, 865, 955, 977, 994, 883, 982, 1012, 886, 1154, 1115, 993, 943, 903, 865, 944, 873, 1014, 885, 1037, 1000, 913, 988, 918, 965, 981, 919, 956, 863, 1025, 1060, 900, 1094, 910, 1009, 1036, 871, 895, 899, 766, 914, 889, 953, 998, 942, 998, 921, 937, 935, 845, 1040, 909, 908, 894, 940, 930, 937, 959, 908, 854, 954, 987, 857, 828, 994, 857, 964, 1042, 1056, 881, 1016, 945, 1084, 1018, 941, 1013, 834, 877, 1085, 944, 1008, 990, 802, 936, 945, 1044, 953, 857, 904, 969, 1019, 1222, 1050, 1026, 1080, 1030, 847, 713, 974, 851, 1039, 875, 1072, 831, 954, 1032, 812, 1024, 950, 890, 957, 945, 847, 1004, 1047, 957, 1071, 1057, 962, 910, 1054, 931, 855, 987, 926, 947, 878, 1077, 888, 1016, 918, 940, 955, 993, 944, 1113, 775, 1073, 865, 1005, 1047, 1048, 749, 939, 1009, 1093, 965, 1034, 942, 960, 920, 980, 1085, 859, 1014, 899, 1033, 1151, 907, 909, 1056, 967, 903, 930, 976, 949, 971, 940, 882, 945, 851, 998, 979, 1068, 984, 1002, 1035, 1001, 991, 1143, 1024, 1055, 1035, 949, 1000, 1026, 1182, 1124, 967, 1027, 834, 916, 1136, 1030, 1021, 945, 1057, 917, 1014, 1004, 850, 823, 830, 953, 989, 1016, 1061, 934, 959, 813, 889, 823, 908, 959, 990, 1045, 953, 1003, 847, 979, 923, 1015, 926, 915, 973, 1080, 898, 905, 1027, 889, 990, 1071, 1024, 972, 896, 911, 1046, 1020, 908, 921, 1037, 899, 894, 898, 927, 1055, 999, 1061, 1126, 1076, 1018, 827, 993, 1038, 939, 1075, 890, 1062, 924, 811, 1099, 908, 894, 1003, 908, 897, 988, 1048, 901, 931, 948, 878, 823, 957, 1031, 1046, 996, 771, 995, 864, 929, 1170, 1048, 986, 1184, 884, 893, 982, 848, 1290, 1063, 953, 956, 1018, 972, 1018, 1081, 1037, 1020, 940, 999, 1056, 1025, 895, 1120, 979, 936, 903, 970, 979, 914, 1006, 876, 909, 828, 745, 892, 871, 1070, 1165, 950, 929, 977, 894, 747, 877, 975, 934, 857, 1029, 969, 850, 1041, 952, 895, 1044, 995, 933, 880, 1067, 1015, 1203, 975, 933, 930, 1117, 964, 1056, 832, 959, 893, 864, 989, 924, 1077, 860, 1024, 1086, 1000, 840, 917, 1094, 1026, 956, 1088, 927, 1120, 861, 942, 896, 895, 855, 1022, 1087, 952, 950, 895, 863, 907, 979, 964, 997, 1098, 1079, 958, 979, 1012, 992, 1070, 1069, 909, 1030, 1006, 1109, 984, 879, 1011, 869, 1104, 1030, 1172, 966, 925, 849, 847, 964, 973, 991, 920, 1029, 840, 862, 788, 997, 957, 932, 952, 934, 1029, 956, 962, 890, 774, 906, 1020, 1036, 904, 1017, 932, 835, 1008, 1092, 895, 942, 1037, 963, 984, 836, 941, 1015, 1067, 1195, 925, 920, 1133, 1068, 803, 1010, 960, 1047, 1038, 979, 1150, 987, 928, 754, 1056, 948, 987, 1112, 987, 862, 982, 989, 947, 978, 1141, 930, 1000, 958, 1003, 1122, 970, 957, 989, 1004, 941, 1021, 1015, 867, 931, 852, 1126, 919, 1026, 1073, 881, 1065, 869, 852, 860, 961, 1068, 993, 1009, 808, 1107, 941, 1037, 833, 894, 1040, 975, 885, 858, 979, 1014, 973, 879, 808, 980, 948, 970, 848, 997, 1029, 1035, 838, 941, 946, 962, 837, 1114, 983, 954, 882, 1027, 1070, 942, 1090, 926, 999, 980, 1019, 728, 889, 1065, 1008, 1169, 897, 937, 914, 756, 793, 1045, 994, 1003, 948, 922, 943, 928, 855, 923, 1051, 950, 732, 885, 938, 1083, 858, 877, 975, 1004, 904, 816, 933, 965, 1107, 995, 952, 996, 975, 902, 881, 1084, 865, 767, 880, 815, 1092, 850, 1123, 1117, 900, 771, 1048, 914, 1025, 1032, 1193, 1016, 1005, 918, 934, 1012, 849, 1013, 917, 978, 1071, 1057, 1008, 952, 1087, 837, 924, 990, 876, 1058, 939, 845, 1123, 930, 932, 933, 919, 991, 1137, 977, 858, 846, 974, 941, 1073, 1034, 827, 1085, 1101, 909, 983, 1069, 1019, 970, 880, 1071, 1080, 1014, 1041, 998, 1173, 884, 1197, 977, 1106, 1033, 943, 918, 795, 1044, 1024, 922, 880, 890, 978, 863, 1031, 915, 957, 846, 893, 958, 1083, 1027, 956, 1084, 876, 930, 866, 938, 1004, 1042, 824, 912, 862, 778, 987, 897, 937, 1042, 1029, 1120, 957, 1016, 953, 879, 895, 1041, 1038, 1007, 908, 862, 840, 949, 1023, 991, 949, 975, 1045, 769, 945, 972, 993, 770, 875, 1096, 927, 811, 1050, 986, 946, 1080, 1047, 898, 909, 967, 885, 811, 1124, 934, 957, 980, 914, 965, 1046, 844, 1133, 955, 996, 1091, 961, 937, 1072, 716, 1005, 877, 883, 930, 974, 1123, 1014, 999, 1012, 1020, 917, 1004, 785, 1002, 1010, 926, 929, 1075, 892, 909, 847, 827, 953, 888, 1009, 960, 1013, 1095, 927, 999, 847, 909, 851, 878, 992, 1117, 915, 878, 878, 893, 1076, 975, 992, 934, 973, 955, 840, 924, 889, 967, 1095, 1072, 1100, 900, 915, 1093, 831, 1086, 1100, 892, 951, 1110, 983, 989, 909, 963, 900, 827, 1060, 1044, 854, 990, 871, 931, 930, 925, 951, 990, 1055, 814, 899, 955, 944, 950, 979, 906, 807, 937, 1224, 1081, 901, 963, 880, 939, 857, 959, 1091, 1014, 906, 1061, 882, 917, 883, 1013, 1007, 1061, 1035, 992, 873, 1102, 974, 983, 983, 910, 880, 1146, 906, 748, 989, 1013, 958, 858, 805, 944, 732, 968, 945, 1089, 928, 972, 739, 908, 965, 845, 754, 1044, 1130, 897, 1087, 1088, 947, 923, 1014, 930, 1152, 1091, 911, 977, 997, 1030, 925, 891, 910, 1159, 871, 1128, 949, 1102, 1044, 987, 978, 1007, 1050, 934, 901, 907, 887, 981, 1006, 937, 1042, 1061, 808, 961, 984, 938, 985, 917, 1056, 1125, 1032, 897, 802, 971, 1032, 904, 1082, 978, 799, 1018, 1111, 1004, 778, 1031, 1093, 1025, 1065, 946, 823, 1027, 1005, 1051, 982, 1077, 865, 1056, 976, 862, 1204, 1055, 953, 1143, 929, 983, 1124, 1022, 926, 992, 851, 948, 1056, 939, 1086, 1036, 782, 977, 965, 974, 1118, 952, 907, 934, 893, 869, 897, 892, 1009, 872, 883, 1011, 825, 1057, 927, 1054, 1116, 898, 999, 880, 947, 1006, 897, 985, 1032, 930, 1053, 1209, 978, 1048, 884, 978, 1098, 953, 914, 973, 1058, 1087, 972, 981, 1035, 902, 966, 857, 862, 956, 926, 1008, 884, 1012, 982, 1064, 851, 987, 1096, 1023, 941, 1044, 986, 959, 889, 967, 1083, 1003, 972, 929, 1033, 993, 1017, 870, 734, 938, 1075, 961, 1013, 917, 979, 1046, 873, 984, 1020, 974, 918, 1082, 1016, 937, 1018, 1060, 967, 997, 828, 876, 1085, 1077, 1067, 949, 1116, 1016, 892, 1022, 946, 948, 1005, 959, 871, 1049, 980, 1040, 880, 1105, 1204, 1051, 889, 892, 878, 961, 947, 962, 797, 1219, 908, 927, 868, 835, 957, 868, 823, 1145, 1072, 896, 863, 943, 843, 940, 874, 863, 1160, 917, 861, 954, 896, 872, 918, 1092, 825, 859, 939, 1067, 907, 819, 1121, 990, 1078, 821, 1103, 845, 964, 1213, 836, 910, 1068, 865, 1140, 1107, 961, 980, 980, 951, 849, 945, 893, 863, 850, 1023, 980, 871, 941, 1098, 904, 986, 1031, 785, 928, 1030, 1011, 985, 753, 881, 799, 936, 813, 959, 1192, 832, 848, 952, 768, 882, 959, 955, 983, 1132, 952, 1091, 1056, 966, 971, 1048, 967, 1027, 1050, 692, 929, 1119, 1015, 908, 976, 1031, 923, 1019, 1099, 945, 1062, 997, 972, 846, 915, 916, 1093, 898, 930, 1100, 1044, 863, 997, 903, 925, 784, 969, 1077, 883, 896, 998, 902, 1026, 968, 843, 1013, 979, 875, 1104, 807, 865, 839, 1184, 909, 1119, 971, 1055, 940, 986, 1021, 842, 939, 882, 960, 969, 1022, 1003, 995, 905, 956, 915, 1245, 1163, 904, 1118, 1016, 861, 965, 1077, 911, 1034, 894, 889, 896, 910, 897, 1025, 1032, 1060, 976, 960, 1021, 932, 792, 809, 873, 950, 1087, 1136, 1037, 942, 1022, 1004, 1043, 976, 1006, 899, 864, 947, 894, 1024, 996, 881, 1031, 965, 1020, 998, 825, 922, 978, 942, 1025, 1044, 1021, 966, 1077, 854, 772, 930, 1002, 934, 1210, 839, 1007, 1072, 933, 886, 952, 1034, 996, 1110, 1023, 1080, 942, 1024, 1001, 885, 995, 979, 894, 766, 892, 988, 817, 861, 837, 969, 876, 989, 1100, 903, 830, 1037, 940, 976, 816, 991, 940, 869, 970, 988, 915, 1033, 903, 953, 955, 990, 989, 1054, 952, 1018, 1084, 996, 921, 1082, 1074, 839, 1093, 948, 934, 1062, 969, 1079, 938, 957, 1092, 948, 898, 802, 995, 960, 949, 886, 927, 974, 840, 1259, 1020, 1116, 1119, 1039, 1025, 948, 1040, 1098, 813, 1014, 890, 1085, 935, 944, 1024, 1053, 958, 1103, 1000, 958, 1035, 876, 832, 777, 945, 880, 908, 1068, 934, 917, 1015, 939, 896, 849, 876, 1034, 1087, 924, 924, 825, 1063, 990, 1018, 940, 1140, 925, 1039, 980, 926, 1077, 1152, 1015, 942, 862, 964, 881, 945, 980, 968, 962, 989, 1029, 1036, 1105, 948, 936, 790, 1070, 1001, 903, 1039, 1133, 784, 991, 955, 961, 898, 928, 1036, 952, 832, 1006, 933, 919, 963, 1005, 1068, 1138, 1021, 939, 842, 1049, 873, 901, 922, 959, 855, 813, 1050, 796, 825, 1078, 964, 839, 843, 971, 989, 1073, 1149, 875, 967, 929, 1072, 1105, 911, 884, 861, 1131, 872, 967, 1023, 970, 820, 882, 977, 1012, 1104, 889, 897, 917, 1053, 1091, 802, 1085, 994, 899, 1000, 1182, 1127, 908, 861, 980, 935, 1103, 908, 1102, 814, 922, 960, 945, 1048, 874, 960, 905, 935, 961, 1095, 945, 930, 983, 1068, 1024, 937, 936, 891, 920, 826, 1007, 951, 874, 1079, 1006, 989, 1046, 863, 1005, 906, 1068, 1041, 889, 970, 830, 903, 1041, 996, 814, 890, 966, 824, 1032, 982, 1012, 1016, 1072, 973, 1061, 1006, 869, 1040, 926, 897, 815, 917, 1008, 882, 996, 962, 964, 958, 804, 925, 929, 972, 995, 975, 1012, 948, 939, 837, 1019, 864, 1231, 850, 941, 1016, 984, 806, 1078, 992, 983, 987, 971, 1008, 1118, 997, 920, 998, 1159, 998, 916, 1096, 974, 998, 1210, 963, 1034, 899, 855, 1005, 830, 976, 1096, 1019, 963, 1025, 1015, 871, 967, 924, 993, 1050, 1004, 935, 883, 998, 947, 852, 1026, 1187, 1065, 1065, 910, 869, 939, 833, 1095, 802, 1095, 794, 834, 992, 951, 976, 976, 921, 997, 954, 1015, 1026, 970, 1043, 896, 1023, 891, 1027, 984, 955, 886, 1025, 857, 871, 1069, 898, 851, 1038, 946, 955, 940, 962, 911, 939, 910, 1117, 1026, 775, 848, 941, 1020, 1130, 994, 1068, 1105, 1047, 820, 1013, 956, 954, 1008, 904, 1050, 1172, 1012, 1025, 1028, 975, 885, 809, 1069, 1013, 781, 795, 1043, 871, 1037, 1011, 994, 833, 878, 1003, 1014, 1040, 1015, 850, 1115, 962, 1025, 1107, 1050, 921, 1020, 861, 991, 965, 1013, 997, 892, 991, 891, 1036, 1004, 1029, 1064, 944, 986, 1125, 1035, 1014, 1033, 954, 884, 971, 772, 1249, 926, 967, 901, 846, 987, 964, 995, 881, 913, 913, 772, 887, 1015, 959, 904, 888, 887, 1057, 1057, 942, 1040, 990, 1040, 1068, 1012, 1006, 1132, 1089, 887, 926, 1031, 982, 1092, 967, 1001, 862, 978, 1091, 1038, 957, 920, 956, 1100, 1055, 837, 821, 1074, 959, 970, 962, 1039, 1034, 938, 950, 1048, 973, 934, 954, 998, 912, 881, 1038, 967, 903, 1026, 1052, 807, 914, 921, 1029, 973, 998, 867, 903, 825, 947, 963, 845, 808, 1046, 909, 1018, 1058, 1018, 893, 1033, 1061, 1174, 1163, 1088, 1022, 913, 1116, 944, 912, 899, 982, 980, 898, 878, 936, 992, 993, 1101, 729, 905, 965, 1046, 1060, 961, 1044, 970, 1099, 722, 1018, 1001, 842, 1111, 1100, 939, 1015, 896, 833, 914, 1034, 964, 1000, 1007, 1000, 1004, 1029, 1111, 927, 975, 1042, 880, 981, 1030, 1046, 834, 1009, 865, 987, 998, 935, 994, 1051, 847, 1014, 805, 891, 873, 1072, 960, 941, 935, 856, 974, 931, 983, 870, 917, 1038, 1054, 776, 1179, 927, 912, 919, 879, 838, 1031, 922, 904, 851, 1070, 989, 821, 913, 907, 1031, 1051, 916, 951, 860, 982, 1106, 1001, 899, 901, 866, 1012, 849, 1017, 1005, 953, 954, 954, 941, 911, 869, 1180, 848, 1078, 909, 1027, 991, 1002, 819, 997, 1006, 934, 1089, 913, 1011, 1018, 977, 803, 882, 1063, 1037, 979, 809, 1101, 985, 810, 1128, 937, 891, 979, 1084, 1000, 772, 899, 1055, 1008, 860, 961, 1014, 1003, 984, 844, 1022, 1151, 874, 988, 871, 915, 1032, 916, 1043, 978, 930, 1081, 817, 991, 1075, 1016, 859, 1241, 893, 938, 1121, 903, 990, 937, 1093, 908, 940, 877, 1000, 1140, 908, 941, 947, 963, 955, 1004, 868, 1002, 997, 1097, 1020, 1144, 973, 1121, 975, 1059, 1016, 1101, 847, 785, 1035, 1086, 923, 913, 989, 765, 960, 751, 1002, 980, 833, 1113, 915, 1017, 872, 913, 1024, 1080, 899, 892, 974, 1039, 949, 854, 1016, 896, 1109, 888, 937, 1087, 938, 961, 972, 962, 810, 1046, 921, 951, 998, 996, 997, 907, 921, 917, 873, 1087, 975, 1049, 913, 862, 1063, 988, 1069, 1016, 831, 993, 882, 949, 959, 1063, 951, 977, 855, 764, 846, 978, 825, 1048, 822, 976, 1044, 902, 988, 1016, 1014, 886, 1027, 984, 909, 867, 998, 875, 1004, 793, 1053, 935, 947, 885, 1074, 965, 915, 1088, 1005, 974, 874, 934, 843, 758, 954, 1040, 1050, 941, 1101, 1021, 917, 964, 955, 1025, 904, 941, 1016, 1034, 945, 826, 837, 934, 931, 859, 1142, 886, 864, 991, 889, 929, 1063, 896, 825, 1054, 910, 983, 911, 1061, 854, 1005, 864, 1024, 867, 958, 1030, 1063, 1056, 892, 1056, 922, 1027, 1031, 964, 1012, 1065, 984, 1007, 974, 863, 966, 955, 861, 1015, 849, 1034, 984, 934, 888, 1054, 1105, 939, 1031, 851, 1009, 1026, 1164, 918, 898, 1013, 937, 987, 970, 1152, 1095, 938, 1015, 862, 915, 988, 830, 963, 928, 1018, 912, 878, 941, 1074, 1049, 1088, 827, 1067, 822, 1012, 946, 890, 1020, 767, 986, 920, 873, 1097, 1022, 905, 869, 1007, 976, 970, 980, 876, 1044, 955, 934, 1063, 979, 1113, 941, 963, 1134, 884, 950, 1049, 981, 863, 790, 1139, 1033, 1120, 726, 916, 1030, 948, 1042, 1019, 1056, 990, 896, 1002, 1041, 929, 933, 853, 1044, 957, 1029, 1011, 950, 911, 876, 851, 961, 1052, 929, 881, 1092, 815, 792, 921, 898, 1147, 1001, 930, 903, 726, 784, 906, 1020, 977, 1155, 853, 828, 828, 899, 995, 914, 1024, 890, 1032, 1117, 858, 1090, 940, 944, 1125, 986, 925, 848, 867, 981, 1076, 915, 774, 857, 982, 921, 857, 1027, 914, 1009, 936, 1136, 959, 979, 1169, 924, 898, 936, 1053, 766, 1019, 898, 966, 1013, 1073, 815, 1086, 920, 963, 972, 972, 852, 1036, 1123, 899, 928, 995, 970, 994, 1022, 1023, 974, 999, 981, 882, 1107, 1120, 999, 852, 1013, 938, 920, 841, 1007, 978, 931, 983, 1032, 920, 1111, 937, 864, 944, 990, 858, 880, 1134, 955, 939, 921, 863, 902, 919, 878, 876, 982, 912, 1009, 865, 1101, 974, 851, 1004, 868, 968, 1049, 967, 968, 1038, 894, 834, 947, 923, 1089, 1024, 1139, 910, 973, 1027, 1072, 988, 929, 1065, 780, 880, 845, 958, 970, 1013, 991, 1020, 1090, 846, 871, 1015, 829, 991, 1153, 937, 864, 1043, 1085, 962, 924, 1007, 838, 975, 999, 937, 1105, 1121, 1057, 1067, 936, 919, 981, 833, 990, 1019, 950, 970, 1155, 914, 1181, 889, 989, 948, 896, 986, 1011, 877, 838, 980, 1092, 1078, 956, 1001, 921, 870, 910, 942, 917, 1013, 1073, 815, 948, 789, 856, 782, 889, 991, 812, 851, 945, 982, 879, 931, 1016, 892, 965, 741, 961, 1095, 1138, 900, 1045, 960, 1099, 867, 875, 1077, 998, 1040, 902, 997, 1163, 932, 952, 1079, 887, 770, 963, 908, 1066, 1027, 1060, 995, 909, 907, 997, 915, 922, 900, 974, 989, 1093, 960, 1082, 1097, 915, 934, 994, 974, 1080, 921, 1050, 883, 956, 928, 1003, 1022, 1005, 1015, 904, 983, 1184, 1014, 1022, 948, 781, 1046, 913, 835, 896, 999, 889, 910, 1072, 931, 921, 921, 1081, 973, 732, 979, 1023, 925, 1003, 960, 960, 990, 1016, 910, 922, 990, 898, 777, 809, 918, 1065, 960, 958, 865, 1059, 881, 921, 994, 1022, 918, 1006, 1022, 908, 932, 1164, 916, 918, 972, 826, 955, 896, 998, 855, 1034, 1039, 1039, 986, 908, 1084, 917, 842, 753, 1004, 854, 977, 947, 928, 902, 1070, 982, 932, 988, 811, 856, 903, 1032, 1001, 980, 1060, 911, 945, 949, 930, 992, 871, 911, 1075, 997, 841, 975, 1154, 1016, 1015, 885, 1102, 870, 797, 976, 939, 1075, 989, 966, 777, 840, 935, 885, 957, 978, 996, 949, 1113, 980, 845, 946, 1008, 1065, 1061, 998, 915, 964, 806, 1047, 858, 1029, 903, 998, 1031, 876, 931, 944, 896, 979, 966, 853, 985, 1035, 999, 1042, 1047, 1084, 874, 907, 846, 827, 892, 1032, 984, 800, 1087, 1059, 984, 979, 950, 1022, 824, 997, 843, 914, 1029, 853, 1029, 1079, 965, 1149, 1027, 987, 1057, 903, 1006, 795, 1015, 1069, 1102, 1129, 948, 1037, 950, 1116, 1014, 1051, 1057, 975, 1058, 871, 1001, 1131, 1116, 1007, 1099, 862, 991, 901, 1000, 988, 860, 930, 966, 883, 1070, 1064, 1029, 926, 933, 975, 1055, 930, 877, 1110, 1090, 819, 955, 1062, 1005, 1056, 1024, 916, 908, 965, 1193, 823, 908, 989, 1009, 950, 938, 957, 917, 992, 806, 986, 927, 1147, 975, 1088, 916, 928, 1022, 1063, 957, 1033, 1049, 962, 911, 1034, 1065, 1020, 1010, 916, 1039, 1005, 952, 944, 1193, 1074, 1116, 980, 971, 908, 1012, 946, 985, 1058, 956, 903, 925, 825, 984, 1115, 1102, 981, 970, 984, 977, 931, 929, 1020, 932, 863, 967, 1067, 944, 924, 933, 952, 967, 816, 927, 914, 873, 877, 933, 958, 779, 1100, 972, 1038, 1192, 1019, 1065, 979, 920, 926, 1021, 982, 847, 871, 931, 977, 874, 1007, 1022, 1034, 1057, 950, 931, 992, 1004, 987, 1036, 836, 1141, 1102, 1030, 852, 977, 991, 1227, 806, 875, 864, 1237, 874, 942, 1001, 903, 1001, 1000, 898, 861, 951, 970, 930, 779, 948, 1081, 1006, 972, 962, 967, 1076, 965, 941, 836, 833, 929, 808, 1124, 924, 829, 979, 979, 1005, 978, 886, 1035, 940, 1011, 1002, 1092, 990, 1050, 1121, 1030, 913, 1040, 1039, 1139, 998, 891, 1012, 793, 1004, 815, 1000, 993, 936, 1057, 854, 1075, 917, 1023, 801, 1052, 939, 921, 1002, 983, 932, 926, 909, 995, 951, 983, 743, 878, 858, 909, 917, 927, 888, 1046, 987, 1068, 1192, 909, 1023, 1205, 1096, 855, 958, 930, 933, 973, 1057, 1015, 915, 863, 1075, 982, 1067, 952, 920, 1069, 867, 813, 1113, 955, 875, 945, 787, 933, 1015, 1063, 1026, 925, 952, 975, 1018, 1087, 1013, 1032, 1186, 896, 1038, 883, 938, 950, 896, 1030, 892, 975, 1033, 1028, 888, 876, 959, 874, 977, 975, 906, 914, 1101, 953, 984, 1051, 933, 827, 1011, 1023, 812, 1004, 1120, 1072, 1005, 897, 853, 1057, 914, 1009, 1139, 1023, 878, 1012, 1002, 1022, 875, 938, 931, 1004, 1053, 986, 947, 793, 1038, 952, 907, 944, 983, 901, 986, 794, 880, 796, 946, 955, 931, 876, 970, 963, 848, 925, 914, 1047, 950, 924, 892, 996, 876, 976, 1176, 1066, 1081, 1077, 1025, 1093, 1120, 943, 823, 937, 993, 1038, 836, 879, 850, 1006, 905, 886, 977, 892, 1072, 1006, 1006, 845, 940, 941, 1054, 814, 946, 893, 1163, 1120, 1064, 1011, 1133, 866, 1138, 860, 922, 1053, 991, 1090, 1013, 999, 818, 896, 1000, 886, 996, 1050, 997, 863, 1114, 1110, 816, 1070, 1081, 927, 864, 911, 783, 1124, 919, 1001, 960, 1064, 825, 1013, 839, 972, 864, 956, 945, 1055, 936, 910, 775, 1025, 938, 983, 979, 919, 982, 955, 809, 1022, 1037, 963, 1059, 882, 1045, 1024, 1074, 888, 1034, 1088, 956, 952]

[btf]
  Promedio : 1489.4s
  Desvío   : 123.0s
  IC 95%   : [1486.0s, 1492.8s]
  Mínimo   : 1077s
  Máximo   : 2038s
  Tiempos  : [1743, 1460, 1441, 1438, 1567, 1477, 1549, 1587, 1435, 1257, 1506, 1767, 1364, 1592, 1391, 1539, 1471, 1533, 1654, 1431, 1556, 1665, 1532, 1629, 1540, 1582, 1352, 1519, 1457, 1369, 1661, 1432, 1492, 1541, 1509, 1448, 1577, 1498, 1445, 1537, 1517, 1707, 1284, 1441, 1423, 1383, 1692, 1602, 1388, 1601, 1551, 1502, 1583, 1577, 1509, 1617, 1517, 1288, 1430, 1258, 1686, 1563, 1416, 1464, 1535, 1368, 1523, 1244, 1254, 1491, 1368, 1440, 1382, 1522, 1776, 1509, 1313, 1337, 1446, 1346, 1583, 1365, 1702, 1489, 1604, 1596, 1665, 1434, 1407, 1470, 1505, 1425, 1499, 1783, 1511, 1713, 1424, 1534, 1528, 1500, 1382, 1486, 1600, 1587, 1617, 1555, 1556, 1573, 1395, 1677, 1346, 1550, 1555, 1664, 1355, 1322, 1530, 1596, 1603, 1535, 1475, 1758, 1463, 1619, 1739, 1274, 1455, 1792, 1282, 1546, 1744, 1609, 1493, 1411, 1503, 1419, 1312, 1412, 1386, 1416, 1516, 1626, 1405, 1564, 1467, 1629, 1711, 1539, 1466, 1230, 1370, 1513, 1381, 1671, 1428, 1625, 1392, 1649, 1480, 1729, 1685, 1623, 1715, 1552, 1430, 1585, 1428, 1501, 1397, 1597, 1522, 1474, 1477, 1605, 1392, 1533, 1498, 1457, 1518, 1432, 1402, 1582, 1360, 1395, 1399, 1470, 1341, 1686, 1492, 1369, 1648, 1284, 1670, 1599, 1599, 1316, 1558, 1514, 1797, 1426, 1626, 1492, 1492, 1588, 1465, 1493, 1373, 1528, 1745, 1563, 1519, 1468, 1522, 1469, 1332, 1461, 1613, 1418, 1514, 1330, 1307, 1384, 1533, 1657, 1396, 1322, 1434, 1385, 1525, 1474, 1552, 1380, 1463, 1283, 1457, 1362, 1415, 1316, 1732, 1625, 1709, 1321, 1417, 1451, 1577, 1502, 1584, 1401, 1352, 1435, 1290, 1529, 1365, 1570, 1366, 1342, 1558, 1421, 1666, 1467, 1514, 1332, 1550, 1634, 1372, 1460, 1430, 1390, 1453, 1470, 1409, 1428, 1437, 1576, 1531, 1353, 1456, 1328, 1473, 1505, 1416, 1404, 1437, 1491, 1170, 1590, 1595, 1450, 1360, 1433, 1654, 1370, 1590, 1397, 1495, 1546, 1484, 1469, 1262, 1460, 1605, 1397, 1342, 1515, 1541, 1509, 1315, 1314, 1339, 1475, 1615, 1407, 1354, 1529, 1672, 1357, 1475, 1626, 1325, 1333, 1773, 1582, 1505, 1488, 1565, 1454, 1746, 1310, 1454, 1433, 1667, 1315, 1287, 1626, 1535, 1391, 1798, 1495, 1461, 1511, 1489, 1408, 1561, 1618, 1555, 1515, 1545, 1253, 1456, 1389, 1457, 1489, 1579, 1404, 1345, 1451, 1437, 1420, 1535, 1358, 1373, 1649, 1506, 1642, 1626, 1462, 1317, 1560, 1327, 1529, 1422, 1726, 1625, 1502, 1702, 1566, 1664, 1554, 1440, 1538, 1430, 1478, 1644, 1633, 1517, 1530, 1399, 1696, 1553, 1655, 1464, 1503, 1463, 1540, 1541, 1369, 1471, 1387, 1265, 1464, 1274, 1559, 2038, 1420, 1277, 1515, 1461, 1417, 1830, 1519, 1474, 1349, 1508, 1606, 1524, 1434, 1767, 1526, 1567, 1464, 1621, 1455, 1266, 1421, 1475, 1542, 1664, 1409, 1329, 1606, 1367, 1412, 1381, 1366, 1648, 1599, 1349, 1397, 1385, 1445, 1597, 1680, 1499, 1508, 1400, 1306, 1562, 1438, 1405, 1472, 1487, 1393, 1619, 1481, 1362, 1439, 1468, 1421, 1286, 1369, 1362, 1549, 1356, 1610, 1553, 1546, 1552, 1494, 1623, 1502, 1290, 1434, 1483, 1371, 1472, 1290, 1566, 1491, 1688, 1477, 1316, 1483, 1363, 1512, 1660, 1376, 1596, 1463, 1438, 1319, 1516, 1466, 1630, 1695, 1487, 1614, 1677, 1652, 1548, 1338, 1535, 1201, 1633, 1364, 1624, 1713, 1447, 1174, 1478, 1666, 1419, 1276, 1509, 1146, 1491, 1553, 1565, 1762, 1426, 1529, 1738, 1522, 1582, 1478, 1408, 1332, 1599, 1492, 1327, 1461, 1312, 1595, 1469, 1538, 1646, 1503, 1402, 1468, 1519, 1532, 1627, 1514, 1284, 1355, 1559, 1480, 1422, 1591, 1266, 1528, 1394, 1353, 1299, 1600, 1595, 1608, 1432, 1686, 1330, 1362, 1410, 1485, 1499, 1494, 1593, 1464, 1420, 1483, 1565, 1586, 1457, 1639, 1443, 1374, 1583, 1606, 1505, 1538, 1374, 1340, 1485, 1559, 1591, 1472, 1591, 1311, 1424, 1647, 1406, 1547, 1346, 1351, 1426, 1561, 1369, 1849, 1576, 1622, 1523, 1501, 1469, 1722, 1393, 1604, 1444, 1444, 1362, 1596, 1529, 1344, 1541, 1521, 1642, 1481, 1503, 1502, 1331, 1485, 1598, 1479, 1501, 1413, 1454, 1507, 1610, 1464, 1382, 1562, 1555, 1299, 1576, 1458, 1413, 1407, 1579, 1429, 1279, 1460, 1467, 1597, 1612, 1448, 1405, 1673, 1603, 1438, 1450, 1410, 1694, 1498, 1619, 1388, 1478, 1730, 1437, 1455, 1626, 1535, 1343, 1534, 1306, 1631, 1385, 1477, 1560, 1637, 1555, 1647, 1582, 1395, 1483, 1693, 1587, 1380, 1395, 1768, 1272, 1526, 1531, 1519, 1807, 1473, 1405, 1466, 1293, 1363, 1496, 1545, 1439, 1278, 1543, 1494, 1651, 1603, 1477, 1515, 1389, 1596, 1477, 1389, 1815, 1602, 1270, 1480, 1503, 1316, 1490, 1360, 1288, 1344, 1558, 1668, 1559, 1704, 1412, 1342, 1357, 1487, 1419, 1437, 1435, 1447, 1239, 1574, 1671, 1358, 1403, 1433, 1536, 1582, 1553, 1662, 1416, 1509, 1360, 1575, 1667, 1669, 1753, 1480, 1457, 1304, 1480, 1327, 1591, 1513, 1595, 1463, 1537, 1323, 1401, 1593, 1576, 1844, 1739, 1435, 1578, 1737, 1484, 1320, 1499, 1467, 1363, 1502, 1554, 1524, 1387, 1525, 1556, 1440, 1451, 1186, 1240, 1468, 1649, 1392, 1695, 1347, 1646, 1602, 1429, 1286, 1443, 1540, 1724, 1307, 1532, 1341, 1456, 1465, 1451, 1604, 1448, 1422, 1667, 1370, 1418, 1360, 1431, 1398, 1461, 1472, 1409, 1584, 1463, 1431, 1398, 1623, 1584, 1710, 1768, 1635, 1458, 1802, 1284, 1265, 1640, 1534, 1700, 1517, 1698, 1329, 1524, 1518, 1459, 1435, 1535, 1487, 1536, 1691, 1453, 1236, 1510, 1486, 1358, 1302, 1338, 1522, 1496, 1211, 1505, 1475, 1432, 1636, 1636, 1477, 1574, 1428, 1415, 1690, 1291, 1495, 1596, 1555, 1398, 1556, 1560, 1376, 1512, 1286, 1786, 1375, 1390, 1546, 1554, 1561, 1391, 1527, 1491, 1643, 1388, 1448, 1636, 1283, 1694, 1622, 1525, 1469, 1511, 1427, 1544, 1570, 1411, 1679, 1499, 1331, 1527, 1498, 1350, 1511, 1492, 1461, 1505, 1467, 1372, 1429, 1577, 1366, 1529, 1616, 1278, 1492, 1578, 1371, 1550, 1309, 1243, 1252, 1413, 1527, 1454, 1438, 1530, 1501, 1533, 1252, 1345, 1200, 1548, 1433, 1603, 1662, 1524, 1423, 1615, 1710, 1512, 1508, 1563, 1763, 1331, 1349, 1350, 1579, 1362, 1502, 1503, 1585, 1430, 1424, 1495, 1486, 1466, 1278, 1565, 1390, 1528, 1558, 1508, 1609, 1315, 1613, 1514, 1175, 1492, 1679, 1373, 1493, 1439, 1390, 1635, 1541, 1443, 1479, 1300, 1460, 1370, 1530, 1370, 1377, 1306, 1434, 1695, 1511, 1288, 1597, 1374, 1633, 1434, 1404, 1586, 1346, 1676, 1559, 1655, 1578, 1583, 1530, 1603, 1360, 1392, 1257, 1617, 1223, 1350, 1330, 1510, 1303, 1560, 1482, 1618, 1366, 1308, 1267, 1632, 1313, 1354, 1589, 1449, 1527, 1264, 1290, 1581, 1533, 1485, 1431, 1566, 1267, 1496, 1420, 1736, 1229, 1369, 1531, 1602, 1578, 1354, 1624, 1403, 1664, 1404, 1602, 1442, 1424, 1561, 1596, 1444, 1780, 1469, 1484, 1596, 1367, 1701, 1437, 1527, 1631, 1462, 1578, 1345, 1465, 1534, 1397, 1466, 1583, 1441, 1517, 1422, 1456, 1265, 1213, 1503, 1592, 1594, 1654, 1358, 1512, 1330, 1415, 1863, 1601, 1535, 1583, 1731, 1495, 1237, 1476, 1661, 1452, 1572, 1443, 1401, 1552, 1613, 1559, 1528, 1523, 1634, 1444, 1466, 1682, 1274, 1552, 1732, 1722, 1475, 1524, 1371, 1464, 1740, 1682, 1469, 1325, 1760, 1469, 1587, 1524, 1527, 1562, 1504, 1376, 1596, 1518, 1648, 1657, 1565, 1479, 1465, 1398, 1608, 1716, 1475, 1451, 1534, 1688, 1378, 1380, 1691, 1594, 1520, 1344, 1129, 1506, 1709, 1463, 1443, 1596, 1518, 1368, 1387, 1567, 1494, 1503, 1196, 1333, 1479, 1324, 1520, 1524, 1459, 1444, 1792, 1433, 1421, 1387, 1733, 1399, 1503, 1595, 1478, 1441, 1596, 1486, 1723, 1327, 1468, 1384, 1479, 1562, 1475, 1413, 1565, 1385, 1498, 1293, 1456, 1494, 1448, 1403, 1565, 1440, 1509, 1475, 1529, 1363, 1370, 1479, 1338, 1356, 1657, 1546, 1511, 1556, 1430, 1377, 1622, 1236, 1520, 1411, 1602, 1590, 1582, 1543, 1483, 1327, 1323, 1477, 1597, 1696, 1526, 1505, 1608, 1319, 1472, 1498, 1352, 1443, 1330, 1597, 1630, 1537, 1564, 1493, 1450, 1635, 1836, 1711, 1158, 1461, 1421, 1493, 1564, 1614, 1264, 1465, 1588, 1326, 1523, 1257, 1660, 1611, 1582, 1365, 1355, 1527, 1494, 1721, 1534, 1402, 1586, 1403, 1591, 1423, 1476, 1421, 1430, 1517, 1512, 1596, 1536, 1665, 1251, 1540, 1632, 1537, 1547, 1551, 1326, 1641, 1413, 1494, 1414, 1293, 1562, 1560, 1768, 1530, 1164, 1434, 1564, 1482, 1434, 1666, 1473, 1509, 1281, 1572, 1508, 1506, 1458, 1678, 1612, 1502, 1345, 1630, 1539, 1342, 1286, 1464, 1412, 1634, 1396, 1434, 1388, 1443, 1384, 1579, 1351, 1437, 1377, 1408, 1431, 1575, 1590, 1664, 1552, 1441, 1627, 1616, 1421, 1405, 1247, 1288, 1414, 1202, 1342, 1763, 1379, 1411, 1308, 1501, 1369, 1427, 1506, 1235, 1315, 1219, 1357, 1272, 1466, 1428, 1710, 1483, 1633, 1529, 1638, 1317, 1502, 1550, 1502, 1140, 1704, 1563, 1467, 1326, 1387, 1629, 1475, 1411, 1337, 1495, 1275, 1530, 1271, 1405, 1518, 1287, 1493, 1512, 1389, 1608, 1545, 1554, 1476, 1534, 1643, 1416, 1651, 1425, 1316, 1497, 1613, 1511, 1470, 1612, 1461, 1651, 1395, 1683, 1565, 1508, 1560, 1429, 1387, 1545, 1542, 1270, 1484, 1514, 1398, 1452, 1622, 1582, 1433, 1593, 1555, 1811, 1388, 1495, 1570, 1370, 1561, 1483, 1526, 1554, 1505, 1392, 1532, 1251, 1598, 1499, 1473, 1475, 1488, 1469, 1573, 1524, 1577, 1644, 1480, 1591, 1570, 1559, 1486, 1529, 1560, 1571, 1516, 1148, 1424, 1554, 1212, 1358, 1640, 1502, 1494, 1463, 1409, 1598, 1388, 1357, 1610, 1751, 1385, 1518, 1454, 1395, 1684, 1110, 1551, 1467, 1491, 1501, 1675, 1472, 1558, 1351, 1389, 1590, 1654, 1328, 1623, 1381, 1418, 1465, 1523, 1551, 1569, 1526, 1335, 1408, 1590, 1471, 1490, 1440, 1698, 1421, 1407, 1188, 1665, 1472, 1412, 1575, 1583, 1562, 1753, 1560, 1660, 1429, 1779, 1491, 1397, 1544, 1635, 1538, 1361, 1518, 1523, 1523, 1539, 1435, 1509, 1429, 1537, 1606, 1581, 1351, 1469, 1330, 1412, 1412, 1443, 1350, 1464, 1492, 1660, 1729, 1235, 1506, 1212, 1389, 1453, 1335, 1422, 1638, 1523, 1474, 1483, 1457, 1454, 1453, 1544, 1596, 1424, 1462, 1606, 1404, 1644, 1543, 1598, 1453, 1492, 1439, 1475, 1379, 1319, 1563, 1159, 1478, 1437, 1372, 1660, 1421, 1601, 1869, 1443, 1360, 1392, 1459, 1635, 1521, 1581, 1169, 1557, 1375, 1510, 1417, 1313, 1322, 1420, 1568, 1396, 1748, 1368, 1419, 1600, 1446, 1664, 1549, 1596, 1561, 1292, 1582, 1374, 1679, 1693, 1405, 1575, 1522, 1643, 1545, 1737, 1622, 1471, 1686, 1507, 1601, 1416, 1548, 1635, 1493, 1481, 1346, 1578, 1372, 1457, 1388, 1329, 1392, 1383, 1318, 1353, 1549, 1450, 1506, 1519, 1459, 1753, 1499, 1588, 1448, 1318, 1242, 1665, 1597, 1494, 1512, 1551, 1383, 1340, 1484, 1529, 1520, 1497, 1579, 1400, 1291, 1400, 1512, 1431, 1529, 1369, 1476, 1512, 1546, 1683, 1762, 1576, 1467, 1529, 1406, 1482, 1380, 1431, 1442, 1852, 1427, 1512, 1335, 1559, 1597, 1506, 1587, 1702, 1514, 1499, 1368, 1487, 1474, 1449, 1405, 1305, 1449, 1587, 1310, 1475, 1265, 1623, 1422, 1372, 1274, 1404, 1701, 1503, 1573, 1445, 1375, 1422, 1522, 1402, 1302, 1550, 1546, 1480, 1568, 1325, 1546, 1458, 1388, 1302, 1380, 1456, 1327, 1462, 1508, 1535, 1433, 1269, 1522, 1405, 1329, 1539, 1381, 1699, 1489, 1478, 1505, 1384, 1659, 1417, 1417, 1578, 1496, 1429, 1570, 1322, 1563, 1421, 1561, 1419, 1663, 1531, 1569, 1619, 1691, 1580, 1574, 1462, 1386, 1333, 1358, 1453, 1621, 1545, 1131, 1570, 1593, 1457, 1425, 1562, 1448, 1479, 1557, 1553, 1532, 1617, 1432, 1493, 1435, 1585, 1353, 1587, 1351, 1794, 1658, 1321, 1630, 1549, 1450, 1596, 1646, 1604, 1573, 1212, 1455, 1661, 1579, 1347, 1484, 1440, 1444, 1410, 1601, 1553, 1432, 1246, 1476, 1516, 1565, 1535, 1498, 1478, 1451, 1231, 1488, 1355, 1389, 1516, 1473, 1624, 1542, 1528, 1306, 1403, 1651, 1318, 1534, 1530, 1457, 1613, 1510, 1485, 1437, 1450, 1778, 1369, 1445, 1505, 1665, 1619, 1487, 1324, 1374, 1584, 1447, 1614, 1485, 1737, 1476, 1556, 1378, 1586, 1477, 1575, 1590, 1285, 1450, 1594, 1482, 1420, 1485, 1592, 1585, 1403, 1413, 1389, 1486, 1547, 1212, 1618, 1459, 1552, 1275, 1544, 1490, 1396, 1484, 1328, 1634, 1374, 1302, 1431, 1500, 1372, 1475, 1379, 1371, 1270, 1421, 1532, 1364, 1611, 1321, 1428, 1538, 1661, 1485, 1703, 1607, 1414, 1499, 1597, 1559, 1421, 1856, 1629, 1534, 1302, 1660, 1390, 1423, 1567, 1397, 1665, 1714, 1412, 1762, 1550, 1524, 1324, 1387, 1668, 1362, 1750, 1381, 1526, 1544, 1558, 1600, 1605, 1303, 1425, 1422, 1422, 1706, 1491, 1403, 1435, 1429, 1443, 1497, 1407, 1508, 1379, 1370, 1635, 1448, 1589, 1376, 1592, 1527, 1429, 1411, 1515, 1515, 1370, 1712, 1467, 1452, 1375, 1336, 1563, 1406, 1605, 1436, 1563, 1616, 1710, 1481, 1559, 1473, 1437, 1540, 1412, 1392, 1539, 1436, 1639, 1575, 1547, 1519, 1586, 1564, 1532, 1600, 1522, 1339, 1652, 1416, 1505, 1302, 1425, 1347, 1696, 1395, 1465, 1495, 1355, 1425, 1630, 1643, 1561, 1550, 1654, 1488, 1348, 1452, 1394, 1353, 1471, 1537, 1704, 1429, 1502, 1201, 1585, 1661, 1599, 1634, 1660, 1258, 1709, 1386, 1512, 1314, 1516, 1577, 1769, 1760, 1320, 1378, 1636, 1427, 1785, 1342, 1452, 1506, 1445, 1518, 1404, 1441, 1331, 1588, 1519, 1489, 1255, 1459, 1377, 1395, 1338, 1707, 1231, 1451, 1383, 1512, 1629, 1491, 1359, 1399, 1464, 1517, 1341, 1453, 1289, 1595, 1549, 1879, 1384, 1587, 1490, 1538, 1443, 1479, 1365, 1594, 1306, 1449, 1415, 1347, 1498, 1619, 1605, 1462, 1396, 1331, 1610, 1652, 1584, 1359, 1520, 1482, 1360, 1385, 1540, 1605, 1475, 1465, 1478, 1599, 1257, 1448, 1425, 1439, 1366, 1648, 1361, 1691, 1600, 1540, 1518, 1400, 1389, 1466, 1515, 1505, 1642, 1595, 1327, 1510, 1463, 1519, 1550, 1474, 1492, 1435, 1327, 1517, 1302, 1399, 1392, 1435, 1566, 1443, 1472, 1479, 1505, 1470, 1413, 1401, 1474, 1569, 1506, 1426, 1683, 1617, 1695, 1727, 1195, 1570, 1576, 1544, 1428, 1244, 1351, 1409, 1484, 1516, 1362, 1400, 1631, 1437, 1464, 1552, 1368, 1588, 1301, 1503, 1653, 1556, 1652, 1754, 1459, 1404, 1460, 1509, 1448, 1597, 1376, 1476, 1314, 1550, 1500, 1589, 1445, 1468, 1475, 1469, 1597, 1441, 1681, 1503, 1403, 1329, 1484, 1251, 1468, 1488, 1466, 1347, 1877, 1598, 1425, 1632, 1463, 1448, 1421, 1512, 1388, 1149, 1437, 1461, 1461, 1596, 1644, 1532, 1370, 1440, 1272, 1729, 1461, 1478, 1648, 1484, 1452, 1451, 1583, 1424, 1508, 1499, 1561, 1680, 1394, 1444, 1625, 1621, 1559, 1488, 1440, 1531, 1533, 1621, 1328, 1330, 1595, 1523, 1328, 1375, 1517, 1625, 1540, 1585, 1538, 1708, 1408, 1575, 1468, 1077, 1387, 1643, 1383, 1656, 1514, 1525, 1377, 1671, 1643, 1381, 1360, 1423, 1565, 1378, 1299, 1514, 1327, 1587, 1450, 1713, 1230, 1487, 1529, 1511, 1457, 1700, 1504, 1390, 1531, 1577, 1311, 1651, 1569, 1543, 1543, 1431, 1602, 1527, 1459, 1655, 1323, 1552, 1474, 1530, 1432, 1663, 1267, 1717, 1389, 1557, 1604, 1305, 1169, 1281, 1318, 1347, 1418, 1315, 1479, 1446, 1371, 1554, 1398, 1686, 1390, 1332, 1485, 1383, 1418, 1527, 1531, 1715, 1332, 1388, 1521, 1806, 1557, 1507, 1343, 1509, 1198, 1231, 1346, 1635, 1429, 1649, 1460, 1416, 1530, 1624, 1484, 1576, 1650, 1334, 1484, 1377, 1541, 1266, 1222, 1429, 1539, 1536, 1349, 1626, 1568, 1581, 1448, 1558, 1503, 1435, 1492, 1636, 1469, 1369, 1391, 1529, 1382, 1381, 1489, 1337, 1166, 1461, 1333, 1347, 1614, 1593, 1454, 1553, 1354, 1468, 1336, 1686, 1572, 1445, 1590, 1586, 1726, 1468, 1341, 1712, 1251, 1503, 1526, 1183, 1563, 1447, 1393, 1345, 1517, 1428, 1394, 1576, 1360, 1629, 1460, 1652, 1527, 1385, 1710, 1313, 1417, 1522, 1677, 1568, 1620, 1411, 1455, 1702, 1452, 1279, 1378, 1551, 1511, 1432, 1348, 1512, 1452, 1328, 1501, 1479, 1397, 1544, 1443, 1512, 1550, 1586, 1367, 1373, 1671, 1527, 1572, 1638, 1589, 1550, 1375, 1513, 1614, 1466, 1617, 1477, 1640, 1532, 1389, 1432, 1436, 1581, 1389, 1578, 1308, 1565, 1507, 1559, 1350, 1422, 1677, 1465, 1516, 1363, 1504, 1555, 1478, 1553, 1354, 1729, 1459, 1475, 1480, 1292, 1645, 1495, 1453, 1456, 1724, 1446, 1607, 1387, 1360, 1509, 1442, 1545, 1631, 1592, 1439, 1573, 1514, 1520, 1632, 1471, 1486, 1562, 1289, 1656, 1455, 1388, 1607, 1381, 1563, 1457, 1669, 1362, 1328, 1540, 1636, 1634, 1793, 1389, 1596, 1461, 1625, 1383, 1567, 1436, 1616, 1407, 1629, 1480, 1305, 1207, 1570, 1549, 1703, 1531, 1564, 1437, 1524, 1470, 1458, 1230, 1470, 1714, 1130, 1518, 1769, 1341, 1501, 1793, 1619, 1813, 1398, 1610, 1335, 1516, 1577, 1483, 1510, 1498, 1478, 1560, 1439, 1650, 1452, 1314, 1376, 1493, 1560, 1675, 1471, 1282, 1444, 1287, 1553, 1616, 1499, 1545, 1408, 1456, 1267, 1607, 1490, 1698, 1286, 1452, 1379, 1358, 1423, 1369, 1440, 1385, 1413, 1629, 1459, 1516, 1467, 1426, 1416, 1759, 1384, 1477, 1492, 1589, 1607, 1334, 1590, 1293, 1246, 1430, 1595, 1528, 1676, 1478, 1603, 1721, 1543, 1586, 1616, 1493, 1184, 1398, 1663, 1477, 1528, 1578, 1487, 1660, 1727, 1561, 1627, 1577, 1610, 1691, 1433, 1327, 1481, 1340, 1445, 1678, 1412, 1570, 1316, 1419, 1454, 1593, 1376, 1444, 1402, 1452, 1777, 1551, 1356, 1575, 1654, 1676, 1525, 1424, 1532, 1582, 1634, 1490, 1731, 1522, 1562, 1401, 1397, 1283, 1732, 1669, 1393, 1880, 1605, 1730, 1180, 1446, 1194, 1299, 1592, 1634, 1459, 1729, 1412, 1696, 1622, 1473, 1499, 1501, 1332, 1442, 1558, 1364, 1347, 1600, 1462, 1504, 1363, 1713, 1530, 1652, 1412, 1647, 1576, 1475, 1485, 1363, 1515, 1636, 1414, 1492, 1339, 1263, 1428, 1478, 1423, 1415, 1478, 1393, 1593, 1475, 1636, 1493, 1323, 1444, 1338, 1637, 1525, 1386, 1754, 1294, 1441, 1600, 1410, 1552, 1359, 1429, 1448, 1384, 1401, 1456, 1564, 1453, 1901, 1437, 1468, 1621, 1374, 1560, 1522, 1361, 1417, 1278, 1461, 1613, 1466, 1417, 1435, 1582, 1590, 1656, 1671, 1139, 1389, 1805, 1710, 1528, 1328, 1494, 1504, 1383, 1520, 1334, 1399, 1543, 1643, 1629, 1599, 1451, 1301, 1749, 1574, 1415, 1566, 1656, 1419, 1593, 1539, 1574, 1426, 1390, 1690, 1460, 1398, 1273, 1455, 1541, 1509, 1239, 1698, 1555, 1582, 1447, 1358, 1519, 1407, 1566, 1385, 1483, 1452, 1458, 1428, 1575, 1556, 1524, 1517, 1688, 1641, 1549, 1565, 1536, 1541, 1349, 1379, 1422, 1539, 1461, 1429, 1350, 1751, 1603, 1687, 1282, 1485, 1478, 1452, 1274, 1597, 1305, 1487, 1305, 1343, 1479, 1614, 1598, 1336, 1482, 1670, 1481, 1409, 1359, 1595, 1426, 1477, 1589, 1367, 1443, 1394, 1293, 1311, 1458, 1655, 1494, 1406, 1476, 1606, 1424, 1571, 1295, 1480, 1591, 1594, 1619, 1361, 1442, 1593, 1490, 1559, 1519, 1425, 1498, 1332, 1550, 1467, 1573, 1514, 1463, 1418, 1519, 1351, 1339, 1468, 1827, 1451, 1448, 1602, 1364, 1656, 1453, 1452, 1380, 1425, 1545, 1547, 1483, 1483, 1610, 1523, 1388, 1494, 1611, 1308, 1673, 1486, 1399, 1290, 1469, 1573, 1341, 1481, 1279, 1540, 1719, 1333, 1517, 1373, 1567, 1486, 1631, 1170, 1580, 1476, 1554, 1485, 1601, 1862, 1599, 1481, 1604, 1496, 1523, 1539, 1327, 1460, 1573, 1585, 1332, 1577, 1277, 1421, 1477, 1532, 1288, 1489, 1536, 1521, 1575, 1682, 1607, 1225, 1429, 1281, 1447, 1504, 1655, 1284, 1485, 1578, 1590, 1570, 1591, 1707, 1565, 1684, 1463, 1445, 1497, 1446, 1551, 1441, 1264, 1284, 1472, 1361, 1419, 1601, 1586, 1453, 1409, 1437, 1462, 1476, 1630, 1301, 1563, 1419, 1701, 1515, 1426, 1573, 1551, 1563, 1612, 1601, 1533, 1558, 1339, 1464, 1181, 1416, 1554, 1158, 1632, 1410, 1514, 1588, 1379, 1503, 1471, 1434, 1405, 1659, 1475, 1435, 1495, 1337, 1543, 1535, 1338, 1461, 1468, 1372, 1411, 1712, 1265, 1293, 1605, 1496, 1601, 1394, 1519, 1519, 1687, 1441, 1418, 1383, 1403, 1238, 1523, 1517, 1509, 1370, 1203, 1408, 1376, 1511, 1423, 1553, 1722, 1484, 1375, 1705, 1612, 1455, 1768, 1604, 1345, 1487, 1681, 1503, 1568, 1568, 1619, 1482, 1538, 1646, 1540, 1713, 1314, 1539, 1606, 1304, 1469, 1423, 1309, 1538, 1273, 1433, 1512, 1697, 1574, 1631, 1428, 1488, 1428, 1410, 1716, 1390, 1493, 1470, 1275, 1456, 1431, 1424, 1680, 1515, 1616, 1561, 1567, 1443, 1446, 1321, 1406, 1613, 1475, 1387, 1342, 1426, 1370, 1566, 1524, 1586, 1455, 1520, 1336, 1433, 1369, 1565, 1436, 1566, 1398, 1485, 1636, 1377, 1520, 1272, 1290, 1442, 1425, 1568, 1494, 1449, 1440, 1541, 1753, 1474, 1572, 1569, 1565, 1475, 1715, 1526, 1767, 1451, 1568, 1533, 1487, 1456, 1418, 1354, 1422, 1540, 1659, 1434, 1418, 1356, 1537, 1409, 1575, 1527, 1606, 1606, 1701, 1453, 1671, 1563, 1595, 1566, 1224, 1453, 1589, 1715, 1528, 1498, 1501, 1472, 1528, 1454, 1499, 1711, 1419, 1498, 1401, 1264, 1435, 1628, 1708, 1426, 1490, 1525, 1470, 1624, 1571, 1534, 1470, 1422, 1434, 1360, 1522, 1421, 1639, 1441, 1608, 1478, 1302, 1692, 1454, 1523, 1536, 1437, 1835, 1424, 1422, 1334, 1367, 1664, 1716, 1446, 1452, 1442, 1347, 1161, 1566, 1585, 1389, 1535, 1467, 1781, 1679, 1525, 1492, 1423, 1468, 1682, 1497, 1458, 1519, 1547, 1385, 1232, 1720, 1557, 1587, 1397, 1306, 1604, 1140, 1479, 1572, 1571, 1507, 1634, 1534, 1772, 1537, 1201, 1548, 1445, 1338, 1550, 1507, 1436, 1547, 1451, 1565, 1546, 1737, 1499, 1577, 1527, 1474, 1523, 1495, 1327, 1615, 1571, 1591, 1670, 1465, 1447, 1541, 1380, 1420, 1460, 1505, 1425, 1402, 1665, 1493, 1468, 1448, 1432, 1529, 1529, 1483, 1539, 1408, 1541, 1669, 1554, 1154, 1544, 1385, 1449, 1473, 1323, 1400, 1326, 1404, 1484, 1526, 1598, 1597, 1367, 1552, 1425, 1477, 1515, 1703, 1424, 1268, 1389, 1488, 1548, 1474, 1598, 1393, 1565, 1690, 1482, 1427, 1531, 1605, 1573, 1426, 1362, 1465, 1715, 1460, 1555, 1545, 1475, 1425, 1533, 1533, 1622, 1628, 1300, 1740, 1546, 1597, 1602, 1644, 1551, 1458, 1696, 1478, 1323, 1337, 1525, 1580, 1636, 1481, 1462, 1486, 1639, 1648, 1368, 1466, 1464, 1323, 1409, 1583, 1529, 1466, 1654, 1480, 1485, 1632, 1456, 1323, 1571, 1513, 1493, 1445, 1519, 1404, 1423, 1424, 1573, 1519, 1501, 1402, 1427, 1463, 1524, 1298, 1595, 1503, 1577, 1611, 1382, 1621, 1584, 1382, 1699, 1510, 1453, 1599, 1413, 1499, 1481, 1548, 1469, 1584, 1308, 1458, 1523, 1488, 1411, 1386, 1439, 1579, 1554, 1675, 1275, 1476, 1383, 1424, 1754, 1415, 1645, 1561, 1333, 1510, 1677, 1331, 1424, 1508, 1315, 1389, 1460, 1295, 1565, 1379, 1469, 1612, 1319, 1467, 1596, 1595, 1371, 1549, 1420, 1705, 1663, 1376, 1540, 1394, 1259, 1390, 1452, 1451, 1327, 1479, 1666, 1352, 1444, 1678, 1404, 1301, 1508, 1607, 1461, 1446, 1438, 1575, 1396, 1469, 1416, 1500, 1461, 1275, 1808, 1317, 1520, 1528, 1511, 1525, 1435, 1558, 1741, 1603, 1153, 1547, 1544, 1699, 1341, 1576, 1472, 1424, 1605, 1762, 1610, 1525, 1727, 1697, 1582, 1382, 1668, 1437, 1253, 1451, 1709, 1311, 1464, 1442, 1330, 1423, 1378, 1765, 1484, 1623, 1961, 1506, 1424, 1565, 1595, 1781, 1716, 1331, 1363, 1615, 1452, 1484, 1506, 1760, 1435, 1557, 1497, 1319, 1351, 1492, 1539, 1295, 1419, 1591, 1559, 1504, 1518, 1413, 1482, 1461, 1632, 1622, 1733, 1409, 1521, 1588, 1510, 1451, 1524, 1541, 1369, 1478, 1392, 1531, 1648, 1547, 1365, 1380, 1431, 1620, 1352, 1434, 1472, 1246, 1403, 1459, 1227, 1619, 1547, 1384, 1605, 1448, 1220, 1380, 1525, 1464, 1304, 1401, 1374, 1412, 1702, 1468, 1538, 1530, 1464, 1609, 1652, 1648, 1583, 1523, 1475, 1588, 1489, 1518, 1610, 1376, 1436, 1413, 1469, 1546, 1394, 1438, 1322, 1489, 1290, 1505, 1272, 1515, 1354, 1700, 1654, 1616, 1444, 1863, 1571, 1375, 1758, 1432, 1344, 1403, 1355, 1592, 1476, 1493, 1671, 1594, 1551, 1330, 1280, 1496, 1728, 1647, 1373, 1606, 1537, 1469, 1300, 1266, 1484, 1391, 1480, 1553, 1500, 1469, 1534, 1406, 1348, 1570, 1401, 1426, 1530, 1712, 1115, 1460, 1549, 1292, 1351, 1390, 1453, 1534, 1494, 1498, 1326, 1731, 1497, 1492, 1829, 1362, 1692, 1404, 1357, 1521, 1457, 1381, 1725, 1711, 1532, 1392, 1458, 1323, 1434, 1579, 1666, 1579, 1812, 1600, 1487, 1515, 1276, 1556, 1415, 1493, 1667, 1425, 1533, 1352, 1309, 1448, 1489, 1256, 1542, 1326, 1566, 1577, 1501, 1403, 1408, 1534, 1506, 1447, 1449, 1442, 1494, 1451, 1689, 1569, 1257, 1362, 1365, 1435, 1500, 1534, 1366, 1250, 1438, 1349, 1629, 1465, 1425, 1456, 1261, 1582, 1523, 1790, 1616, 1437, 1358, 1503, 1470, 1449, 1651, 1692, 1115, 1605, 1302, 1468, 1698, 1462, 1595, 1662, 1511, 1807, 1433, 1574, 1552, 1401, 1398, 1593, 1766, 1705, 1664, 1366, 1412, 1557, 1398, 1509, 1747, 1466, 1687, 1544, 1240, 1435, 1633, 1387, 1560, 1482, 1473, 1376, 1711, 1574, 1262, 1503, 1425, 1373, 1485, 1264, 1378, 1576, 1497, 1356, 1404, 1782, 1398, 1535, 1692, 1314, 1624, 1284, 1523, 1539, 1354, 1275, 1531, 1666, 1568, 1556, 1588, 1359, 1667, 1352, 1573, 1347, 1520, 1524, 1512, 1313, 1633, 1474, 1526, 1481, 1498, 1583, 1559, 1436, 1599, 1595, 1731, 1538, 1443, 1197, 1378, 1486, 1527, 1443, 1627, 1522, 1332, 1547, 1447, 1474, 1583, 1385, 1568, 1498, 1216, 1728, 1693, 1403, 1603, 1599, 1341, 1610, 1617, 1316, 1551, 1182, 1664, 1432, 1526, 1393, 1456, 1363, 1682, 1421, 1340, 1359, 1647, 1638, 1344, 1370, 1518, 1519, 1329, 1408, 1351, 1495, 1512, 1310, 1570, 1512, 1551, 1633, 1324, 1349, 1845, 1755, 1583, 1541, 1508, 1697, 1741, 1541, 1452, 1430, 1394, 1327, 1616, 1441, 1647, 1443, 1457, 1519, 1445, 1482, 1404, 1571, 1611, 1370, 1563, 1234, 1502, 1454, 1565, 1391, 1595, 1619, 1483, 1649, 1634, 1349, 1496, 1463, 1421, 1523, 1560, 1473, 1502, 1499, 1442, 1634, 1468, 1383, 1498, 1264, 1619, 1374, 1456, 1492, 1502, 1601, 1636, 1398, 1351, 1324, 1628, 1555, 1688, 1285, 1424, 1394, 1648, 1635, 1326, 1520, 1409, 1311, 1323, 1410, 1400, 1518, 1595, 1365, 1434, 1555, 1693, 1611, 1611, 1477, 1374, 1218, 1675, 1499, 1432, 1457, 1493, 1553, 1541, 1456, 1697, 1442, 1360, 1530, 1526, 1471, 1629, 1601, 1627, 1394, 1600, 1450, 1474, 1688, 1594, 1647, 1419, 1487, 1652, 1606, 1544, 1580, 1528, 1491, 1499, 1456, 1423, 1234, 1425, 1429, 1440, 1338, 1666, 1539, 1579, 1420, 1418, 1389, 1604, 1544, 1372, 1564, 1501, 1410, 1589, 1433, 1522, 1474, 1444, 1426, 1465, 1551, 1689, 1528, 1487, 1375, 1735, 1333, 1666, 1642, 1677, 1296, 1495, 1556, 1623, 1453, 1216, 1436, 1563, 1506, 1499, 1547, 1496, 1357, 1756, 1648, 1480, 1428, 1572, 1443, 1478, 1494, 1585, 1473, 1695, 1369, 1300, 1641, 1776, 1509, 1376, 1399, 1563, 1443, 1549, 1397, 1422, 1523, 1360, 1696, 1559, 1536, 1599, 1785, 1578, 1486, 1536, 1415, 1379, 1529, 1417, 1361, 1405, 1529, 1494, 1540, 1498, 1549, 1570, 1854, 1549, 1427, 1284, 1542, 1544, 1576, 1632, 1731, 1605, 1431, 1532, 1615, 1567, 1342, 1360, 1537, 1511, 1617, 1514, 1254, 1225, 1506, 1524, 1574, 1378, 1684, 1518, 1442, 1420, 1491, 1549, 1498, 1644, 1558, 1493, 1358, 1519, 1285, 1518, 1434, 1505, 1382, 1527, 1776, 1323, 1655, 1366, 1441, 1637, 1394, 1452, 1541, 1280, 1548, 1401, 1762, 1455, 1399, 1552, 1306, 1275, 1454, 1604, 1420, 1457, 1293, 1406, 1402, 1660, 1305, 1301, 1458, 1520, 1478, 1385, 1473, 1529, 1568, 1441, 1636, 1471, 1598, 1642, 1436, 1445, 1169, 1465, 1405, 1408, 1527, 1618, 1591, 1654, 1385, 1596, 1626, 1448, 1719, 1477, 1473, 1487, 1670, 1324, 1453, 1670, 1677, 1421, 1555, 1497, 1444, 1384, 1667, 1530, 1475, 1724, 1432, 1329, 1232, 1570, 1456, 1486, 1558, 1488, 1368, 1569, 1367, 1493, 1440, 1469, 1404, 1421, 1522, 1543, 1435, 1456, 1482, 1445, 1559, 1573, 1428, 1359, 1540, 1632, 1586, 1443, 1529, 1329, 1525, 1351, 1302, 1348, 1602, 1704, 1466, 1241, 1607, 1629, 1339, 1692, 1744, 1512, 1445, 1489, 1484, 1410, 1338, 1707, 1365, 1312, 1307, 1584, 1352, 1503, 1298, 1652, 1486, 1397, 1388, 1500, 1572, 1714, 1495, 1504, 1446, 1407, 1718, 1599, 1379, 1675, 1491, 1663, 1466, 1500, 1637, 1618, 1431, 1400, 1693, 1674, 1455, 1731, 1429, 1361, 1330, 1550, 1470, 1377, 1333, 1510, 1482, 1642, 1602, 1417, 1535, 1559, 1442, 1618, 1457, 1408, 1315, 1589, 1537, 1352, 1481, 1434, 1552, 1401, 1523, 1519, 1598, 1572, 1315, 1629, 1611, 1848, 1459, 1594, 1675, 1451, 1461, 1402, 1534, 1237, 1643, 1490, 1403, 1476, 1484, 1541, 1320, 1482, 1293, 1460, 1441, 1427, 1450, 1182, 1548, 1496, 1555, 1459, 1410, 1587, 1578, 1235, 1474, 1599, 1580, 1519, 1414, 1584, 1328, 1512, 1486, 1510, 1592, 1476, 1465, 1449, 1554, 1610, 1589, 1533, 1501, 1592, 1468, 1374, 1505, 1443, 1487, 1466, 1424, 1584, 1398, 1162, 1393, 1446, 1514, 1354, 1573, 1624, 1414, 1410, 1156, 1544, 1423, 1657, 1462, 1410, 1307, 1582, 1422, 1534, 1500, 1412, 1278, 1612, 1612, 1538, 1607, 1389, 1646, 1204, 1587, 1620, 1194, 1502, 1354, 1529, 1542, 1578, 1439, 1303, 1352, 1396, 1477, 1357, 1489, 1456, 1446, 1241, 1417, 1485, 1820, 1431, 1591, 1475, 1586, 1540, 1307, 1512, 1664, 1357, 1456, 1518, 1228, 1504, 1333, 1388, 1371, 1533, 1603, 1273, 1655, 1482, 1629, 1556, 1320, 1541, 1442, 1589, 1476, 1357, 1462, 1635, 1525, 1278, 1326, 1230, 1499, 1291, 1561, 1587, 1637, 1436, 1429, 1350, 1394, 1555, 1661, 1705, 1426, 1633, 1333, 1383, 1573, 1609, 1435, 1709, 1476, 1478, 1427, 1613, 1565, 1316, 1623, 1389, 1757, 1547, 1547, 1330, 1464, 1471, 1754, 1534, 1735, 1571, 1405, 1487, 1311, 1610, 1558, 1433, 1476, 1481, 1550, 1605, 1439, 1489, 1687, 1308, 1545, 1417, 1484, 1175, 1446, 1342, 1651, 1431, 1455, 1442, 1308, 1502, 1330, 1424, 1453, 1511, 1702, 1426, 1451, 1310, 1600, 1450, 1510, 1456, 1591, 1550, 1363, 1504, 1519, 1505, 1567, 1504, 1211, 1338, 1663, 1299, 1375, 1470, 1459, 1233, 1504, 1366, 1300, 1444, 1449, 1278, 1450, 1502, 1508, 1656, 1627, 1540, 1639, 1478, 1339, 1748, 1397, 1637, 1415, 1590, 1557, 1413, 1518, 1298, 1548, 1456, 1423, 1502, 1544, 1517, 1382, 1344, 1609, 1490, 1265, 1641, 1324, 1310, 1332, 1410, 1562, 1640, 1835, 1574, 1373, 1645, 1564, 1370, 1602, 1420, 1469, 1430, 1484, 1457, 1451, 1187, 1103, 1298, 1340, 1406, 1424, 1504, 1446, 1455, 1697, 1291, 1347, 1578, 1441, 1545, 1180, 1444, 1548, 1615, 1548, 1502, 1471, 1632, 1684, 1353, 1522, 1535, 1349, 1181, 1364, 1361, 1468, 1297, 1391, 1536, 1591, 1489, 1344, 1631, 1254, 1392, 1497, 1598, 1650, 1468, 1551, 1365, 1535, 1423, 1436, 1641, 1520, 1351, 1439, 1521, 1420, 1306, 1342, 1760, 1404, 1350, 1586, 1341, 1722, 1387, 1595, 1635, 1386, 1402, 1356, 1585, 1565, 1368, 1450, 1506, 1563, 1427, 1533, 1689, 1699, 1413, 1687, 1572, 1548, 1654, 1421, 1503, 1298, 1616, 1533, 1541, 1442, 1672, 1655, 1387, 1500, 1418, 1438, 1555, 1517, 1556, 1621, 1511, 1482, 1725, 1292, 1477, 1621, 1426, 1451, 1624, 1649, 1615, 1317, 1327, 1468, 1601, 1509, 1413, 1373, 1531, 1358, 1450, 1536, 1382, 1467, 1445, 1595, 1322, 1567, 1533, 1583, 1444, 1568, 1468, 1485, 1384, 1366, 1538, 1329, 1537, 1273, 1583, 1463, 1417, 1523, 1574, 1576, 1447, 1547, 1582, 1381, 1400, 1362, 1390, 1531, 1161, 1537, 1534, 1484, 1720, 1372, 1351, 1476, 1515, 1227, 1583, 1541, 1606, 1547, 1402, 1283, 1523, 1578, 1365, 1797, 1330, 1440, 1239, 1665, 1425, 1202, 1481, 1589, 1397, 1450, 1543, 1506, 1434, 1451, 1441, 1384, 1381, 1664, 1622, 1302, 1646, 1497, 1408, 1595, 1518, 1615, 1614, 1422, 1321, 1575, 1576, 1460, 1793, 1420, 1478, 1370, 1424, 1501, 1506, 1447, 1299, 1391, 1476, 1472, 1359, 1616, 1537, 1427, 1547, 1517, 1476, 1395, 1476, 1375, 1440, 1361, 1304, 1503, 1627, 1400, 1479, 1428, 1481, 1429, 1553, 1465, 1494, 1440, 1377, 1373, 1284, 1741, 1502, 1526, 1537, 1602, 1608, 1627, 1412, 1525, 1320, 1528, 1448, 1567, 1688, 1460, 1466, 1436, 1474, 1385, 1538, 1562, 1311, 1502, 1322, 1595, 1267, 1631, 1462, 1438, 1765, 1521, 1469, 1472, 1488, 1435, 1456, 1475, 1486, 1631, 1470, 1518, 1484, 1589, 1311, 1568, 1267, 1531, 1544, 1516, 1383, 1573, 1428, 1602, 1416, 1522, 1476, 1513, 1350, 1411, 1356, 1600, 1582, 1639, 1554, 1435, 1621, 1560, 1436, 1565, 1481, 1532, 1521, 1599, 1241, 1624, 1411, 1579, 1450, 1421, 1486, 1493, 1414, 1293, 1720, 1343, 1600, 1415, 1540, 1321, 1501, 1492, 1484, 1294, 1343, 1462, 1726, 1401, 1670, 1574, 1589, 1352, 1471, 1468, 1704, 1663, 1634, 1583, 1560, 1484, 1663, 1331, 1412, 1452, 1540, 1519]

[wilma]
  Promedio : 917.5s
  Desvío   : 91.4s
  IC 95%   : [915.0s, 920.1s]
  Mínimo   : 568s
  Máximo   : 1306s
  Tiempos  : [916, 793, 741, 1004, 931, 924, 934, 950, 853, 926, 1013, 835, 958, 818, 802, 867, 831, 904, 784, 932, 856, 924, 1078, 972, 888, 842, 947, 815, 738, 862, 881, 933, 895, 894, 790, 1099, 892, 936, 856, 881, 859, 955, 793, 790, 1093, 883, 972, 1001, 847, 984, 920, 919, 931, 863, 873, 916, 1071, 902, 894, 826, 876, 901, 858, 892, 830, 876, 872, 778, 980, 1028, 920, 941, 992, 986, 943, 988, 946, 1031, 1003, 1046, 850, 894, 910, 941, 940, 1020, 834, 872, 936, 690, 920, 788, 999, 793, 789, 921, 938, 870, 935, 867, 974, 921, 1113, 907, 921, 1086, 774, 977, 975, 993, 979, 944, 929, 1100, 898, 803, 985, 957, 966, 1002, 877, 963, 943, 938, 935, 1064, 983, 915, 1018, 763, 1036, 791, 954, 942, 834, 825, 1036, 1002, 1064, 941, 830, 983, 968, 1044, 1016, 1028, 822, 719, 805, 992, 951, 934, 1009, 878, 953, 1055, 950, 880, 742, 743, 890, 918, 905, 876, 944, 925, 906, 775, 849, 773, 810, 958, 1062, 913, 868, 907, 929, 795, 952, 933, 861, 913, 920, 976, 971, 857, 725, 768, 749, 780, 849, 1042, 1022, 819, 1027, 962, 841, 690, 1006, 950, 844, 1056, 950, 972, 823, 1111, 1004, 878, 935, 857, 759, 739, 1078, 973, 941, 1023, 840, 977, 968, 755, 986, 1001, 881, 946, 953, 977, 906, 1130, 912, 932, 1032, 944, 1019, 1080, 960, 949, 951, 846, 1087, 1016, 1038, 927, 1027, 1040, 871, 950, 801, 984, 820, 928, 1001, 824, 812, 895, 1056, 792, 825, 919, 883, 943, 941, 807, 961, 990, 990, 889, 991, 826, 1022, 926, 987, 869, 744, 904, 952, 996, 1014, 998, 1027, 898, 826, 950, 968, 791, 866, 989, 965, 1135, 1043, 966, 1161, 743, 914, 1028, 875, 970, 928, 789, 992, 1072, 871, 880, 978, 928, 908, 878, 859, 997, 904, 746, 857, 1033, 958, 998, 814, 839, 999, 901, 802, 923, 1041, 900, 1158, 1026, 939, 727, 972, 899, 890, 1000, 877, 892, 757, 955, 951, 896, 962, 1067, 957, 913, 976, 860, 944, 1087, 830, 916, 786, 979, 852, 898, 910, 1007, 651, 935, 814, 793, 954, 838, 1033, 1043, 919, 834, 933, 1034, 820, 915, 901, 971, 1116, 847, 898, 887, 864, 867, 792, 977, 928, 930, 864, 945, 996, 721, 957, 834, 921, 835, 894, 930, 907, 939, 893, 967, 905, 948, 1023, 903, 1001, 1008, 812, 940, 937, 756, 761, 910, 897, 814, 1011, 885, 858, 931, 848, 958, 1160, 909, 890, 924, 980, 669, 1042, 812, 786, 810, 1009, 836, 750, 1072, 861, 991, 932, 937, 1014, 940, 844, 914, 1039, 952, 759, 969, 928, 772, 817, 855, 1013, 936, 957, 811, 817, 1008, 811, 759, 909, 1046, 834, 822, 748, 957, 1018, 955, 963, 893, 1095, 821, 1022, 842, 850, 859, 884, 864, 1025, 744, 958, 958, 766, 911, 1014, 993, 966, 924, 925, 875, 961, 838, 860, 1022, 1057, 984, 885, 996, 981, 886, 900, 874, 1002, 865, 742, 870, 876, 901, 942, 797, 903, 870, 920, 942, 923, 1097, 892, 832, 917, 909, 931, 801, 768, 939, 915, 1011, 850, 1015, 1011, 895, 1040, 995, 895, 1007, 1008, 960, 928, 879, 912, 945, 795, 949, 1083, 679, 945, 1023, 794, 850, 806, 788, 866, 1004, 946, 929, 818, 866, 989, 895, 928, 928, 913, 885, 916, 786, 833, 862, 921, 874, 822, 861, 832, 1038, 830, 982, 946, 960, 970, 954, 789, 919, 1002, 776, 935, 904, 849, 934, 877, 964, 1130, 826, 1021, 966, 848, 934, 787, 966, 892, 894, 977, 907, 795, 1064, 1013, 1011, 989, 807, 898, 798, 972, 1013, 962, 946, 815, 943, 871, 991, 929, 916, 838, 937, 869, 841, 773, 894, 961, 861, 919, 934, 872, 927, 835, 739, 913, 851, 1122, 992, 1097, 838, 1106, 918, 910, 872, 895, 847, 882, 996, 828, 979, 953, 982, 860, 913, 804, 860, 817, 991, 863, 1214, 1076, 1074, 1031, 988, 973, 1112, 983, 829, 1112, 921, 836, 955, 1064, 901, 998, 991, 1013, 856, 1017, 1138, 834, 846, 1078, 879, 998, 1063, 940, 879, 838, 969, 1024, 918, 914, 784, 1015, 1052, 979, 734, 974, 801, 666, 1056, 826, 1055, 857, 804, 974, 1028, 902, 1013, 930, 920, 828, 799, 926, 891, 976, 1065, 911, 945, 1038, 874, 1042, 1084, 994, 981, 785, 888, 1086, 932, 955, 975, 1088, 874, 926, 993, 910, 802, 870, 1016, 817, 919, 929, 931, 1061, 953, 949, 896, 798, 839, 894, 660, 1024, 862, 1012, 886, 990, 1073, 930, 1028, 1022, 832, 949, 988, 922, 894, 928, 974, 781, 816, 1181, 916, 1012, 849, 1057, 895, 843, 1017, 878, 899, 844, 893, 946, 861, 877, 860, 952, 745, 965, 919, 850, 883, 1096, 1070, 897, 1021, 972, 802, 1052, 1001, 938, 782, 1039, 872, 1108, 880, 827, 847, 935, 787, 969, 895, 994, 897, 941, 981, 930, 824, 902, 1030, 972, 771, 1011, 940, 991, 958, 848, 879, 654, 905, 904, 873, 1009, 968, 866, 797, 972, 640, 947, 994, 915, 873, 970, 984, 896, 1006, 842, 885, 921, 1057, 920, 957, 948, 825, 939, 818, 942, 963, 884, 963, 870, 916, 923, 950, 987, 895, 1087, 1105, 772, 989, 1014, 849, 888, 856, 1048, 968, 864, 811, 780, 1108, 716, 1037, 965, 991, 1109, 835, 821, 1066, 1032, 1008, 811, 1052, 1024, 888, 944, 1031, 826, 816, 947, 945, 953, 948, 1111, 1022, 1021, 891, 966, 1005, 858, 1114, 938, 948, 955, 880, 860, 1091, 968, 816, 1028, 1091, 782, 989, 785, 838, 930, 741, 892, 962, 792, 940, 860, 914, 890, 931, 691, 796, 851, 959, 788, 835, 957, 1063, 971, 859, 918, 757, 932, 991, 685, 1061, 854, 1071, 884, 857, 924, 823, 914, 931, 929, 928, 836, 922, 1038, 949, 1048, 1025, 950, 997, 967, 736, 1041, 771, 801, 824, 1006, 918, 954, 856, 811, 965, 977, 826, 1142, 808, 970, 902, 768, 914, 1043, 796, 997, 779, 1046, 1118, 900, 897, 1040, 897, 1067, 853, 952, 1044, 953, 837, 915, 1059, 959, 944, 820, 833, 1082, 898, 926, 799, 982, 920, 898, 1004, 987, 935, 970, 984, 1097, 1072, 907, 960, 815, 937, 1143, 829, 899, 1008, 957, 882, 991, 889, 738, 961, 900, 977, 1038, 820, 862, 890, 1062, 903, 865, 923, 928, 717, 1018, 842, 948, 890, 857, 933, 950, 908, 901, 887, 861, 911, 1046, 965, 912, 824, 1029, 896, 887, 885, 940, 926, 985, 824, 789, 1012, 936, 1137, 877, 759, 947, 865, 808, 825, 906, 889, 876, 915, 995, 989, 997, 1053, 794, 781, 925, 945, 1030, 908, 918, 975, 644, 1070, 817, 1105, 885, 1059, 965, 973, 959, 919, 933, 983, 923, 938, 740, 994, 749, 860, 982, 780, 793, 898, 862, 1019, 1048, 1118, 920, 719, 847, 1012, 887, 899, 931, 946, 993, 929, 827, 945, 721, 901, 879, 915, 731, 851, 726, 893, 868, 869, 958, 1125, 777, 877, 882, 921, 1030, 877, 908, 872, 849, 992, 1052, 1003, 877, 875, 870, 804, 974, 859, 929, 911, 936, 946, 1102, 1020, 918, 848, 875, 936, 728, 729, 778, 871, 993, 1106, 995, 872, 835, 959, 906, 935, 960, 920, 995, 1014, 838, 747, 816, 833, 1045, 953, 837, 986, 880, 806, 870, 1049, 1002, 907, 825, 812, 992, 965, 1088, 884, 810, 922, 967, 922, 1000, 944, 826, 1028, 690, 865, 785, 1169, 967, 1001, 875, 936, 876, 1088, 953, 876, 884, 860, 914, 1072, 823, 887, 1017, 877, 986, 873, 928, 942, 846, 985, 1015, 717, 972, 679, 892, 970, 817, 1012, 956, 1000, 891, 998, 820, 998, 881, 947, 947, 925, 813, 849, 740, 868, 829, 722, 880, 950, 908, 899, 1084, 950, 1065, 783, 755, 864, 831, 934, 861, 888, 953, 868, 764, 761, 896, 1028, 879, 1035, 1145, 804, 926, 915, 929, 925, 808, 940, 1008, 853, 984, 893, 1148, 878, 1038, 842, 933, 855, 878, 985, 1011, 945, 917, 809, 929, 1021, 880, 809, 828, 753, 735, 688, 906, 828, 1002, 877, 860, 987, 1004, 1018, 766, 934, 992, 1017, 882, 792, 1090, 774, 786, 889, 899, 980, 835, 1046, 1045, 1016, 855, 901, 828, 984, 1081, 1082, 958, 962, 1030, 823, 918, 879, 857, 879, 951, 947, 918, 994, 960, 848, 870, 1024, 924, 922, 910, 764, 948, 973, 851, 939, 1008, 964, 759, 1041, 891, 860, 1145, 1033, 986, 819, 871, 802, 981, 825, 1003, 871, 934, 814, 926, 819, 926, 796, 943, 957, 965, 817, 1102, 950, 927, 967, 932, 923, 929, 976, 840, 1002, 942, 1047, 807, 977, 950, 812, 948, 849, 977, 985, 828, 995, 796, 818, 790, 859, 1020, 1063, 1053, 956, 1014, 1220, 911, 956, 948, 965, 1048, 910, 890, 930, 1025, 1047, 1031, 928, 1096, 872, 1029, 987, 950, 1113, 1017, 970, 1093, 1036, 948, 949, 873, 832, 974, 943, 782, 966, 1038, 870, 939, 1030, 899, 982, 907, 894, 783, 903, 773, 776, 994, 973, 924, 1023, 705, 1035, 926, 992, 876, 834, 892, 832, 740, 877, 941, 919, 890, 887, 949, 788, 949, 1047, 782, 973, 948, 809, 964, 875, 1090, 916, 1065, 1026, 927, 792, 914, 1048, 950, 782, 889, 936, 1004, 1009, 915, 909, 807, 841, 823, 990, 1013, 1009, 977, 1111, 950, 982, 1069, 933, 888, 839, 730, 1076, 884, 896, 841, 927, 979, 894, 820, 945, 869, 765, 987, 756, 1037, 1100, 921, 836, 917, 974, 979, 987, 943, 945, 912, 957, 910, 872, 974, 797, 945, 969, 829, 859, 811, 1023, 998, 1155, 1034, 866, 970, 855, 878, 899, 878, 932, 886, 921, 953, 863, 916, 844, 879, 914, 890, 888, 994, 893, 951, 915, 1024, 885, 794, 982, 984, 793, 938, 940, 855, 1014, 935, 959, 826, 923, 1077, 959, 847, 860, 1041, 1027, 816, 789, 906, 986, 905, 925, 868, 998, 910, 810, 906, 970, 926, 965, 815, 928, 951, 911, 942, 835, 883, 911, 1019, 1017, 1026, 907, 994, 795, 845, 913, 1084, 1087, 875, 703, 942, 945, 1041, 800, 965, 883, 988, 933, 974, 963, 932, 818, 911, 875, 806, 1050, 926, 889, 938, 915, 987, 779, 969, 958, 1038, 862, 1165, 874, 797, 821, 879, 837, 891, 1034, 907, 924, 900, 684, 828, 900, 973, 816, 1101, 833, 649, 820, 722, 877, 1058, 989, 866, 1052, 946, 1029, 805, 989, 984, 922, 854, 931, 906, 969, 1088, 851, 784, 1089, 817, 986, 792, 828, 987, 944, 876, 913, 882, 941, 909, 779, 936, 936, 884, 750, 747, 897, 819, 782, 918, 940, 1007, 871, 858, 918, 873, 869, 1062, 855, 964, 833, 832, 870, 1009, 906, 1004, 935, 977, 787, 816, 986, 972, 1007, 952, 1010, 919, 883, 805, 946, 1029, 1166, 967, 1013, 957, 968, 920, 964, 958, 973, 787, 819, 910, 851, 884, 1046, 853, 833, 833, 1027, 966, 872, 853, 889, 827, 891, 853, 1125, 951, 817, 1010, 910, 916, 944, 756, 795, 761, 907, 876, 903, 822, 739, 980, 911, 1116, 1046, 1145, 909, 1111, 1038, 954, 1073, 1009, 1002, 1104, 906, 903, 1076, 1011, 827, 902, 710, 871, 1016, 846, 814, 1096, 922, 923, 1010, 866, 952, 989, 700, 971, 872, 899, 879, 821, 856, 801, 959, 835, 1024, 846, 887, 920, 984, 951, 893, 742, 1068, 863, 830, 902, 1027, 1020, 1073, 974, 891, 889, 969, 993, 916, 976, 1047, 961, 875, 867, 1015, 773, 908, 695, 883, 838, 1067, 941, 1050, 973, 1128, 924, 978, 980, 980, 928, 985, 961, 1008, 956, 1021, 1002, 838, 1021, 997, 793, 1062, 1006, 815, 1052, 989, 826, 785, 935, 942, 846, 992, 904, 863, 950, 1070, 839, 741, 813, 887, 784, 928, 872, 876, 1035, 970, 750, 1023, 797, 934, 831, 971, 927, 953, 822, 1127, 863, 965, 954, 959, 954, 908, 964, 853, 1064, 913, 794, 817, 929, 1020, 853, 1018, 911, 903, 828, 834, 953, 1011, 827, 972, 894, 958, 892, 984, 984, 828, 1069, 1003, 846, 1028, 705, 774, 864, 1137, 721, 849, 982, 946, 827, 910, 1261, 867, 1054, 924, 948, 850, 919, 1083, 794, 939, 967, 845, 986, 876, 794, 806, 1018, 883, 970, 907, 913, 743, 947, 869, 1066, 914, 1057, 812, 950, 1042, 929, 975, 972, 1020, 965, 791, 964, 1084, 944, 961, 977, 984, 931, 909, 776, 690, 996, 959, 871, 907, 867, 895, 798, 883, 859, 869, 796, 797, 827, 843, 903, 907, 774, 882, 766, 756, 1089, 881, 932, 904, 814, 896, 955, 975, 814, 870, 930, 956, 1048, 1034, 786, 915, 904, 969, 1000, 872, 980, 1016, 889, 1042, 962, 949, 1015, 1034, 1010, 983, 936, 992, 946, 885, 928, 821, 805, 731, 928, 910, 1037, 843, 869, 871, 837, 969, 833, 932, 963, 849, 955, 954, 796, 967, 931, 945, 842, 915, 1117, 893, 941, 939, 971, 1027, 816, 967, 996, 853, 961, 876, 1033, 916, 880, 819, 1001, 1006, 1026, 1165, 854, 903, 1044, 859, 888, 1103, 1013, 905, 816, 925, 1095, 1048, 838, 846, 914, 924, 949, 837, 831, 881, 871, 769, 996, 918, 898, 926, 909, 931, 859, 1005, 1062, 878, 874, 784, 925, 883, 912, 917, 980, 991, 912, 835, 851, 1009, 998, 803, 797, 909, 1117, 774, 901, 754, 1041, 986, 940, 813, 974, 1065, 955, 892, 992, 948, 906, 885, 949, 890, 871, 905, 825, 1001, 877, 890, 886, 1039, 849, 949, 876, 985, 993, 824, 810, 980, 902, 869, 859, 908, 991, 897, 857, 895, 874, 993, 972, 986, 1007, 943, 622, 939, 956, 805, 811, 935, 904, 908, 965, 939, 896, 1073, 809, 904, 800, 942, 823, 737, 832, 1090, 856, 786, 893, 973, 974, 1089, 801, 1069, 857, 916, 971, 912, 904, 956, 920, 919, 991, 866, 777, 880, 955, 833, 991, 957, 942, 1029, 955, 1018, 1090, 962, 1065, 786, 741, 987, 1028, 903, 886, 1075, 1042, 959, 1053, 869, 1085, 1029, 794, 842, 912, 905, 805, 950, 855, 975, 756, 901, 824, 766, 812, 1033, 959, 1021, 895, 776, 869, 1181, 1034, 785, 858, 1048, 766, 869, 921, 832, 1107, 890, 765, 1019, 948, 869, 876, 910, 925, 903, 812, 882, 978, 956, 821, 862, 849, 908, 768, 998, 1036, 877, 791, 821, 999, 803, 805, 1057, 957, 961, 988, 834, 938, 971, 870, 1091, 897, 967, 867, 1029, 1020, 1030, 956, 754, 894, 880, 1080, 1106, 787, 715, 1045, 805, 929, 1056, 1018, 892, 963, 1098, 836, 944, 1017, 819, 962, 1038, 904, 1006, 878, 856, 814, 920, 852, 871, 839, 971, 790, 913, 870, 953, 876, 826, 1040, 910, 1044, 881, 973, 862, 1027, 989, 1072, 799, 924, 976, 901, 935, 911, 1073, 798, 1009, 1040, 884, 849, 928, 853, 844, 863, 955, 918, 870, 971, 1058, 940, 965, 842, 857, 833, 882, 979, 884, 749, 924, 692, 756, 895, 899, 864, 1036, 945, 1023, 936, 952, 794, 994, 899, 1006, 906, 883, 990, 979, 857, 1040, 1150, 847, 934, 842, 1001, 723, 1083, 636, 990, 877, 970, 905, 946, 813, 943, 859, 905, 996, 939, 847, 1039, 915, 767, 1008, 931, 1000, 797, 980, 1009, 928, 995, 880, 1078, 939, 877, 1070, 872, 856, 1026, 926, 654, 747, 789, 1051, 883, 871, 824, 912, 1031, 868, 1017, 1008, 1006, 800, 963, 789, 846, 930, 836, 899, 947, 969, 742, 920, 1009, 851, 981, 936, 881, 904, 955, 913, 923, 801, 756, 830, 883, 1066, 1068, 887, 820, 999, 1067, 1135, 960, 905, 861, 874, 726, 919, 1138, 1066, 953, 871, 940, 683, 762, 886, 1039, 1041, 1123, 890, 940, 913, 811, 1108, 1105, 940, 847, 963, 953, 893, 979, 810, 889, 781, 882, 898, 845, 890, 896, 742, 882, 1034, 879, 980, 908, 891, 1000, 975, 1082, 956, 720, 879, 960, 914, 986, 794, 818, 1127, 997, 952, 1082, 864, 874, 779, 862, 1107, 962, 980, 962, 1003, 808, 684, 890, 987, 915, 882, 781, 884, 763, 841, 926, 863, 881, 779, 846, 920, 958, 801, 1052, 932, 994, 937, 758, 1088, 867, 924, 862, 1044, 867, 920, 787, 1060, 1008, 983, 962, 1038, 890, 938, 810, 900, 963, 915, 965, 876, 829, 1113, 1000, 953, 977, 841, 868, 1041, 988, 904, 918, 981, 913, 914, 846, 871, 860, 859, 755, 929, 927, 985, 1020, 834, 999, 1124, 1051, 817, 894, 880, 802, 835, 980, 941, 911, 963, 803, 826, 961, 787, 896, 905, 770, 1088, 819, 864, 809, 911, 903, 1038, 896, 863, 772, 988, 775, 816, 882, 1020, 827, 952, 804, 842, 1022, 904, 807, 813, 829, 1152, 825, 967, 900, 791, 1067, 873, 855, 765, 837, 875, 888, 880, 906, 1000, 885, 881, 770, 1088, 844, 965, 825, 1156, 995, 996, 924, 850, 928, 843, 851, 942, 996, 870, 885, 1139, 850, 958, 978, 885, 893, 903, 902, 1086, 713, 803, 880, 963, 892, 916, 906, 795, 875, 863, 925, 1083, 871, 852, 940, 984, 862, 969, 955, 1025, 941, 920, 1057, 828, 860, 739, 897, 874, 845, 835, 1038, 898, 972, 957, 789, 929, 844, 927, 948, 773, 957, 791, 820, 972, 876, 985, 948, 792, 896, 1022, 892, 905, 715, 933, 858, 915, 927, 950, 992, 1064, 857, 986, 1163, 1072, 1068, 884, 908, 918, 937, 1005, 881, 808, 944, 1083, 981, 784, 779, 750, 797, 967, 989, 989, 969, 881, 961, 936, 864, 966, 871, 965, 749, 837, 847, 900, 979, 950, 797, 860, 853, 1013, 1004, 878, 932, 927, 845, 770, 850, 901, 828, 822, 874, 875, 961, 860, 986, 916, 833, 938, 981, 1036, 926, 985, 897, 1015, 816, 861, 931, 853, 844, 888, 934, 847, 855, 962, 806, 815, 969, 760, 880, 718, 882, 1003, 1029, 968, 977, 960, 908, 972, 919, 929, 1015, 1021, 927, 810, 991, 827, 937, 1030, 648, 1014, 784, 795, 837, 875, 938, 1017, 940, 1001, 846, 975, 1099, 823, 970, 775, 779, 904, 914, 743, 855, 702, 898, 958, 851, 961, 885, 880, 941, 913, 850, 928, 1158, 856, 980, 682, 945, 1015, 944, 879, 1028, 944, 898, 918, 752, 871, 832, 852, 839, 952, 974, 907, 1054, 746, 997, 903, 970, 847, 888, 945, 955, 941, 1029, 883, 1011, 866, 915, 976, 856, 971, 931, 830, 809, 918, 858, 987, 940, 1018, 920, 947, 989, 789, 898, 1039, 896, 903, 851, 807, 851, 866, 863, 828, 932, 972, 835, 895, 1016, 950, 783, 1009, 908, 966, 729, 857, 902, 898, 919, 926, 907, 1017, 812, 955, 884, 918, 935, 1048, 1023, 912, 864, 907, 1054, 983, 948, 906, 974, 834, 925, 918, 773, 928, 847, 866, 722, 1047, 1037, 827, 870, 886, 990, 747, 1028, 1052, 887, 763, 880, 912, 842, 897, 906, 974, 886, 861, 778, 1011, 990, 1102, 962, 973, 815, 992, 1034, 931, 1071, 999, 972, 1088, 970, 863, 899, 861, 939, 1015, 944, 993, 908, 893, 977, 1085, 842, 976, 928, 922, 979, 888, 761, 811, 768, 881, 897, 871, 905, 868, 889, 923, 1022, 858, 799, 785, 773, 826, 971, 897, 808, 987, 874, 747, 956, 810, 1008, 916, 915, 802, 1126, 840, 892, 1081, 908, 803, 881, 1042, 1015, 856, 1024, 831, 921, 1025, 753, 890, 1076, 844, 907, 848, 973, 1004, 888, 1059, 781, 939, 789, 979, 942, 733, 757, 735, 870, 920, 993, 823, 981, 978, 958, 904, 827, 720, 920, 841, 922, 879, 1178, 838, 856, 960, 888, 806, 869, 1063, 1061, 921, 887, 976, 822, 868, 816, 1021, 985, 893, 973, 967, 903, 872, 1086, 1068, 882, 863, 884, 1033, 760, 928, 821, 847, 827, 826, 879, 885, 893, 921, 904, 925, 918, 946, 755, 914, 745, 893, 865, 860, 889, 972, 851, 1019, 903, 975, 646, 888, 923, 905, 953, 1016, 932, 979, 878, 927, 855, 909, 1063, 1059, 1025, 817, 736, 958, 793, 911, 930, 1086, 1058, 984, 889, 968, 1039, 732, 899, 883, 904, 976, 957, 938, 994, 948, 941, 886, 1020, 962, 874, 934, 1000, 980, 957, 1042, 942, 926, 1000, 1072, 979, 864, 823, 824, 997, 833, 994, 928, 1036, 978, 930, 1008, 793, 697, 983, 860, 987, 958, 894, 960, 913, 1034, 1049, 872, 941, 1022, 839, 1070, 960, 953, 884, 665, 930, 820, 815, 932, 1039, 956, 925, 828, 1016, 982, 931, 833, 895, 954, 949, 1003, 929, 1021, 1047, 1065, 815, 948, 925, 1053, 822, 863, 958, 981, 846, 768, 994, 1059, 944, 948, 1074, 971, 961, 751, 974, 1156, 1019, 852, 940, 1079, 907, 920, 808, 960, 930, 977, 909, 847, 961, 933, 906, 967, 951, 924, 1035, 938, 876, 908, 961, 991, 970, 984, 879, 934, 1064, 1044, 892, 1038, 958, 905, 887, 947, 862, 975, 907, 881, 836, 968, 826, 768, 976, 1056, 917, 893, 822, 931, 984, 1019, 1005, 917, 852, 861, 1060, 890, 874, 838, 899, 693, 846, 868, 883, 857, 963, 957, 909, 806, 784, 944, 818, 985, 864, 831, 963, 962, 910, 1082, 945, 809, 768, 912, 970, 895, 710, 829, 793, 876, 903, 966, 938, 876, 930, 1067, 1111, 782, 845, 1042, 958, 944, 878, 666, 885, 784, 888, 862, 977, 835, 865, 1013, 814, 988, 710, 942, 710, 810, 1017, 950, 763, 1016, 909, 1009, 846, 1011, 838, 806, 770, 891, 1016, 914, 886, 884, 853, 950, 856, 1013, 864, 937, 1077, 943, 880, 830, 916, 885, 896, 863, 878, 876, 878, 863, 958, 882, 920, 806, 1073, 807, 865, 1077, 958, 741, 1030, 906, 1068, 1066, 946, 852, 932, 949, 827, 918, 894, 1004, 1012, 929, 1077, 842, 894, 882, 774, 883, 881, 958, 918, 913, 836, 979, 1131, 980, 1055, 1059, 1032, 904, 927, 836, 880, 773, 832, 964, 1110, 904, 930, 879, 794, 903, 852, 898, 893, 855, 1008, 843, 957, 727, 996, 985, 888, 985, 858, 1012, 1010, 983, 1031, 1053, 977, 994, 958, 811, 808, 1032, 816, 835, 1013, 1019, 982, 897, 801, 941, 995, 960, 870, 951, 943, 778, 1017, 815, 805, 964, 898, 750, 826, 977, 992, 902, 910, 1035, 933, 978, 841, 905, 832, 902, 905, 982, 824, 869, 846, 985, 854, 904, 972, 736, 895, 872, 884, 815, 956, 824, 928, 1002, 957, 850, 856, 967, 903, 944, 786, 913, 762, 819, 747, 962, 974, 920, 995, 974, 749, 784, 928, 987, 728, 1030, 1048, 878, 863, 1105, 865, 779, 870, 880, 1053, 1017, 962, 830, 898, 973, 999, 908, 991, 883, 751, 1005, 826, 978, 896, 934, 898, 940, 917, 1015, 821, 970, 949, 890, 749, 814, 1034, 790, 829, 923, 921, 806, 726, 914, 782, 912, 801, 969, 764, 827, 859, 896, 892, 950, 1130, 894, 903, 984, 784, 1000, 933, 1013, 992, 1009, 957, 930, 787, 929, 907, 859, 979, 909, 961, 1017, 1055, 1029, 967, 957, 1015, 975, 946, 973, 999, 826, 871, 760, 832, 920, 902, 1000, 922, 901, 946, 901, 879, 784, 972, 971, 1070, 779, 923, 884, 1056, 991, 1077, 867, 926, 862, 889, 864, 982, 800, 880, 901, 794, 934, 764, 945, 909, 831, 942, 966, 995, 935, 771, 1014, 798, 1114, 902, 1036, 944, 923, 1007, 822, 886, 768, 970, 863, 775, 924, 969, 843, 913, 1009, 838, 896, 869, 1060, 796, 951, 887, 878, 1202, 890, 813, 854, 824, 1105, 891, 1000, 950, 1071, 915, 967, 832, 854, 919, 927, 957, 829, 1007, 869, 989, 1120, 685, 1001, 948, 791, 958, 943, 993, 754, 1000, 747, 914, 1025, 854, 754, 928, 922, 1010, 1083, 891, 802, 1028, 1015, 948, 958, 1035, 1100, 956, 886, 930, 950, 891, 924, 730, 857, 829, 1017, 934, 1065, 994, 964, 877, 1015, 998, 947, 934, 888, 911, 759, 780, 975, 1052, 775, 928, 879, 862, 938, 1053, 848, 789, 845, 845, 857, 959, 955, 805, 906, 935, 957, 941, 906, 1052, 821, 802, 872, 967, 896, 914, 1010, 780, 952, 811, 881, 818, 923, 962, 914, 883, 750, 811, 1120, 862, 832, 797, 931, 1007, 1108, 880, 834, 862, 792, 1003, 768, 854, 1045, 1012, 836, 790, 800, 950, 723, 895, 953, 909, 823, 889, 949, 895, 976, 947, 970, 897, 765, 932, 853, 799, 973, 834, 830, 941, 861, 815, 978, 891, 852, 897, 985, 869, 857, 930, 1008, 967, 943, 1031, 998, 1006, 887, 1075, 998, 1055, 840, 972, 853, 877, 1047, 889, 866, 904, 832, 1063, 949, 650, 813, 795, 992, 987, 855, 949, 878, 808, 913, 805, 753, 853, 1012, 925, 668, 1004, 891, 887, 1067, 911, 959, 1037, 1029, 925, 1023, 1045, 1083, 904, 1011, 832, 883, 937, 890, 1030, 914, 962, 908, 971, 863, 1046, 812, 869, 928, 996, 1029, 922, 941, 983, 1003, 999, 743, 914, 891, 861, 942, 916, 1049, 864, 841, 913, 1022, 952, 986, 899, 815, 875, 1027, 794, 946, 774, 1069, 953, 878, 684, 865, 1018, 940, 761, 889, 904, 928, 867, 990, 1041, 919, 912, 1106, 863, 913, 842, 1001, 869, 909, 913, 898, 988, 1014, 933, 806, 997, 932, 1006, 821, 831, 977, 876, 568, 825, 905, 1024, 1033, 937, 977, 867, 1020, 926, 899, 970, 990, 1047, 1062, 831, 882, 953, 835, 881, 732, 945, 862, 913, 959, 956, 828, 992, 944, 929, 992, 889, 927, 986, 970, 917, 942, 916, 941, 982, 884, 1033, 972, 923, 903, 860, 877, 867, 806, 896, 765, 1036, 1021, 817, 800, 994, 952, 1084, 968, 881, 844, 1027, 884, 794, 980, 932, 1055, 853, 810, 993, 976, 936, 695, 969, 939, 898, 910, 774, 917, 775, 866, 953, 892, 1138, 758, 1002, 1079, 969, 836, 911, 898, 795, 849, 998, 831, 945, 816, 851, 993, 1065, 1056, 867, 942, 1039, 999, 819, 761, 893, 1087, 1023, 904, 1052, 1067, 1037, 864, 894, 924, 922, 931, 926, 841, 778, 987, 965, 848, 940, 1050, 900, 944, 1056, 968, 1001, 832, 996, 910, 1035, 770, 1029, 895, 1031, 1019, 825, 967, 893, 883, 903, 889, 989, 916, 651, 930, 837, 813, 898, 763, 1015, 880, 963, 945, 777, 973, 883, 739, 1018, 866, 901, 803, 812, 966, 992, 875, 944, 842, 820, 863, 1035, 816, 855, 1103, 806, 819, 843, 786, 771, 888, 951, 1067, 846, 962, 899, 946, 841, 911, 1079, 1002, 924, 1005, 990, 1010, 974, 759, 940, 864, 927, 799, 795, 1061, 907, 727, 812, 879, 886, 865, 683, 1068, 870, 922, 930, 1009, 1012, 1132, 970, 871, 808, 976, 951, 784, 994, 919, 810, 999, 821, 971, 975, 854, 908, 746, 971, 967, 836, 947, 895, 965, 1023, 1000, 1009, 810, 917, 947, 859, 931, 873, 962, 1012, 1018, 912, 1048, 850, 925, 879, 942, 892, 962, 775, 919, 1024, 890, 1053, 975, 923, 752, 1030, 799, 925, 992, 1017, 983, 922, 950, 755, 1010, 922, 767, 936, 955, 967, 961, 914, 1024, 803, 919, 1052, 855, 792, 947, 1073, 1103, 939, 890, 831, 1027, 882, 965, 750, 890, 830, 972, 939, 1052, 831, 989, 957, 1004, 878, 1116, 891, 970, 864, 897, 1004, 895, 984, 973, 1001, 857, 1045, 1102, 959, 819, 882, 756, 1022, 961, 999, 1028, 943, 830, 829, 845, 889, 940, 993, 1091, 969, 874, 823, 890, 948, 1080, 969, 886, 1142, 914, 872, 940, 900, 1015, 1007, 775, 949, 768, 899, 973, 992, 877, 836, 961, 912, 863, 897, 862, 1025, 794, 892, 872, 888, 879, 917, 813, 1043, 931, 1010, 910, 1054, 951, 987, 945, 888, 1204, 828, 1306, 955, 970, 890, 1061, 942, 782, 1038, 852, 828, 1050, 878, 925, 990, 1022, 803, 1072, 897, 885, 1040, 904, 895, 1018, 1014, 807, 922, 873, 900, 953, 895, 874, 992, 912, 887, 673, 904, 957, 770, 1040, 960, 938, 1122, 1087, 875, 971, 811, 971, 936, 910, 843, 1035, 924, 968, 887, 954, 984, 854, 858, 852, 1004, 905, 802, 893, 818, 995, 930, 802, 1026, 893, 1003, 850, 937, 1001, 963, 905, 807, 781, 907, 923, 987, 960, 1056, 976, 1003, 827, 819, 931, 881, 924, 835, 819, 873, 702, 944, 926, 799, 626, 1013, 942, 1041, 849, 933, 799, 735, 815, 797, 824, 1113, 866, 893, 907, 1071, 863, 825, 944, 883, 849, 850, 920, 988, 1116, 857, 1077, 775, 1009, 777, 909, 835, 976, 873, 954, 850, 919, 947, 908, 904, 803, 863, 944, 891, 660, 852, 884, 1025, 829, 745, 1056, 819, 1068, 889, 935, 979, 744, 746, 983, 878, 963, 900, 894, 946, 949, 953, 909, 928, 853, 888, 953, 949, 934, 687, 893, 871, 817, 1031, 1055, 970, 985, 880, 746, 821, 933, 994, 1129, 929, 919, 827, 810, 926, 963, 993, 862, 885, 907, 929, 899, 999, 1066, 904, 911, 1030, 980, 1030, 975, 843, 838, 1057, 1044, 795, 806, 889, 823, 1044, 897, 1117, 769, 826, 1058, 859, 895, 1016, 866, 697, 864, 846, 899, 1028, 965, 962, 1012, 932, 929, 848, 744, 812, 880, 861, 844, 1072, 966, 968, 800, 957, 886, 1092, 902, 844, 913, 784, 875, 739, 851, 824, 1018, 839, 883, 857, 875, 1052, 966, 803, 992, 1116, 973, 714, 945, 1043, 865, 841, 1002, 859, 865, 896, 809, 927, 778, 929, 909, 885, 912, 823, 892, 781, 884, 906, 1069, 1004, 895, 865, 884, 846, 893, 969, 935, 999, 1058, 956, 848, 766, 968, 963, 1074, 783, 857, 1043, 674, 868, 884, 939, 1019, 835, 863, 917, 891, 1020, 848, 1007, 871, 933, 872, 992, 1003, 792, 907, 790, 1094, 783, 953, 904, 758, 847, 716, 937, 939, 893, 946, 1088, 998, 788, 848, 926, 772, 828, 899, 896, 704, 997, 757, 861, 759, 1032, 868, 946, 1037, 918, 943, 1014, 924, 899, 873, 992, 934, 987, 934, 706, 924, 948, 1013, 933, 932, 786, 930, 1101, 1037, 855, 758, 843, 902, 1170, 960, 1084, 1146, 984, 943, 884, 958, 832, 962, 1007, 876, 873, 1018, 979, 811, 800, 849, 1093, 929, 1051, 949, 949, 940, 950, 925, 956, 843, 762, 930, 963, 814, 1088, 961, 967, 867, 749, 682, 988, 774, 963, 1062, 853, 888, 820, 1028, 999, 829, 893, 964, 1017, 985, 926, 788, 953, 896, 787, 866, 841, 964, 878, 922, 1077, 984, 973, 888, 868, 1018, 1005, 718, 953, 1057, 1037, 866, 924, 919, 888, 965, 845, 894, 927, 1066, 1043, 1056, 753, 882, 868, 861, 859, 933, 1057, 808, 922, 936, 989, 840, 1045, 836, 886, 947, 878, 875, 1018, 876, 821, 862, 940, 777, 1080, 848, 1053, 940, 965, 813, 820, 888, 1004, 1151, 985, 813, 908, 853, 802, 985, 968, 886, 672, 1026, 864, 806, 767, 856, 732, 1018, 907, 865, 826, 896, 910, 862, 862, 903, 976, 993, 1185, 739, 741, 807, 937, 902, 988, 952]

[stfn]
  Promedio : 513.4s
  Desvío   : 54.2s
  IC 95%   : [511.9s, 514.9s]
  Mínimo   : 336s
  Máximo   : 695s
  Tiempos  : [459, 597, 460, 530, 501, 584, 620, 441, 513, 605, 506, 553, 576, 499, 502, 428, 448, 536, 487, 471, 541, 494, 551, 475, 613, 572, 525, 436, 494, 523, 522, 573, 492, 498, 531, 613, 516, 524, 401, 500, 530, 510, 468, 468, 480, 558, 490, 515, 482, 498, 465, 448, 512, 554, 498, 461, 594, 408, 603, 437, 477, 457, 489, 443, 524, 499, 563, 464, 546, 516, 555, 494, 526, 526, 532, 515, 419, 440, 518, 506, 602, 530, 603, 660, 438, 485, 414, 425, 554, 458, 472, 624, 566, 533, 514, 528, 500, 535, 483, 546, 497, 586, 650, 459, 446, 530, 507, 479, 592, 599, 495, 512, 606, 463, 555, 590, 586, 500, 582, 539, 446, 570, 527, 450, 483, 564, 561, 615, 548, 538, 497, 521, 459, 536, 544, 572, 533, 478, 499, 467, 568, 472, 491, 527, 568, 529, 556, 574, 499, 586, 545, 519, 581, 558, 431, 391, 498, 459, 559, 452, 463, 472, 493, 596, 434, 503, 596, 537, 563, 521, 519, 436, 501, 592, 494, 412, 516, 558, 488, 475, 498, 483, 493, 500, 491, 489, 586, 448, 485, 549, 590, 623, 446, 568, 614, 495, 537, 450, 515, 543, 485, 618, 466, 527, 514, 438, 410, 561, 500, 471, 549, 357, 505, 565, 471, 477, 454, 548, 557, 450, 557, 499, 540, 539, 533, 468, 582, 454, 542, 603, 424, 488, 534, 476, 541, 571, 511, 484, 466, 458, 485, 541, 477, 465, 505, 389, 519, 604, 461, 503, 514, 574, 494, 552, 469, 538, 417, 605, 526, 534, 467, 500, 645, 485, 463, 556, 544, 591, 572, 567, 592, 484, 642, 504, 533, 499, 415, 418, 500, 562, 503, 536, 393, 559, 556, 527, 625, 473, 480, 529, 523, 558, 516, 586, 513, 538, 607, 544, 497, 526, 484, 516, 455, 517, 456, 579, 486, 554, 446, 639, 475, 566, 686, 546, 475, 567, 456, 449, 518, 562, 377, 554, 468, 362, 526, 508, 545, 494, 531, 523, 510, 529, 496, 574, 572, 449, 457, 392, 554, 447, 571, 528, 535, 495, 535, 474, 464, 540, 456, 522, 533, 533, 459, 495, 488, 455, 524, 498, 535, 563, 441, 592, 463, 533, 532, 501, 653, 564, 507, 573, 475, 400, 487, 478, 472, 619, 504, 580, 545, 557, 476, 594, 586, 529, 446, 543, 542, 492, 588, 478, 474, 457, 504, 517, 581, 502, 531, 522, 480, 471, 508, 455, 535, 517, 530, 639, 495, 504, 489, 596, 469, 523, 516, 607, 440, 487, 442, 531, 480, 564, 538, 525, 546, 508, 480, 495, 520, 545, 519, 677, 475, 478, 528, 478, 449, 400, 548, 535, 627, 484, 402, 518, 593, 601, 597, 575, 437, 529, 598, 540, 492, 455, 430, 389, 641, 534, 455, 644, 484, 546, 445, 472, 512, 433, 542, 543, 555, 503, 572, 575, 577, 553, 432, 581, 545, 480, 480, 588, 457, 586, 536, 459, 462, 561, 506, 528, 502, 455, 525, 555, 620, 448, 494, 508, 389, 454, 491, 525, 565, 555, 504, 460, 529, 563, 422, 599, 559, 527, 472, 567, 604, 514, 509, 551, 545, 563, 532, 461, 444, 578, 592, 510, 593, 471, 472, 509, 496, 511, 462, 553, 620, 553, 533, 419, 542, 508, 599, 529, 517, 494, 537, 542, 525, 568, 453, 590, 474, 527, 439, 492, 584, 513, 468, 547, 495, 547, 578, 541, 507, 494, 407, 486, 549, 517, 570, 510, 481, 592, 563, 444, 440, 617, 423, 566, 465, 481, 502, 531, 582, 427, 518, 534, 490, 498, 503, 469, 382, 450, 687, 582, 421, 548, 446, 595, 456, 538, 564, 403, 555, 527, 532, 489, 591, 451, 581, 591, 475, 491, 605, 549, 413, 562, 502, 499, 484, 519, 462, 554, 526, 509, 434, 534, 509, 433, 484, 512, 603, 487, 588, 530, 485, 522, 536, 433, 534, 465, 498, 459, 473, 466, 621, 565, 579, 471, 498, 550, 558, 565, 455, 502, 428, 533, 464, 482, 435, 509, 494, 492, 494, 498, 515, 475, 552, 436, 546, 391, 499, 490, 532, 577, 518, 594, 488, 568, 572, 558, 517, 598, 479, 448, 552, 488, 510, 489, 537, 533, 531, 445, 574, 469, 424, 540, 472, 515, 438, 489, 527, 558, 606, 482, 629, 464, 467, 517, 469, 521, 547, 546, 479, 639, 464, 453, 464, 577, 504, 478, 494, 500, 569, 520, 600, 506, 538, 428, 501, 527, 534, 414, 505, 589, 578, 440, 478, 509, 612, 522, 626, 587, 522, 480, 544, 440, 570, 515, 533, 535, 535, 516, 570, 475, 467, 456, 525, 576, 431, 558, 573, 522, 463, 539, 523, 479, 502, 493, 490, 549, 506, 430, 607, 487, 528, 526, 633, 556, 488, 508, 622, 584, 483, 472, 518, 459, 522, 551, 497, 490, 559, 496, 457, 530, 510, 562, 474, 455, 584, 436, 554, 554, 521, 584, 595, 390, 458, 464, 599, 494, 603, 488, 525, 540, 594, 523, 580, 548, 414, 607, 606, 449, 496, 414, 538, 436, 471, 504, 480, 502, 441, 447, 409, 450, 447, 512, 549, 584, 489, 460, 499, 454, 547, 556, 570, 463, 522, 594, 496, 488, 398, 450, 488, 507, 571, 454, 497, 524, 418, 552, 523, 536, 620, 574, 533, 474, 533, 483, 495, 482, 446, 502, 508, 576, 575, 541, 495, 426, 458, 584, 586, 540, 518, 548, 663, 509, 549, 464, 419, 484, 496, 491, 593, 468, 445, 497, 480, 438, 516, 503, 525, 507, 533, 574, 481, 582, 545, 545, 515, 487, 513, 606, 505, 551, 546, 586, 597, 576, 584, 482, 593, 553, 533, 553, 573, 517, 492, 447, 484, 575, 589, 594, 507, 659, 555, 520, 557, 560, 565, 413, 451, 366, 437, 540, 621, 561, 519, 494, 474, 553, 498, 484, 560, 495, 600, 487, 483, 550, 559, 645, 514, 534, 573, 554, 496, 423, 601, 507, 470, 509, 559, 501, 491, 493, 512, 494, 462, 422, 541, 528, 422, 515, 554, 492, 532, 550, 539, 567, 479, 442, 504, 505, 527, 521, 490, 530, 621, 459, 527, 569, 523, 552, 558, 474, 534, 510, 491, 515, 437, 457, 544, 606, 446, 590, 452, 418, 545, 496, 411, 531, 580, 501, 592, 482, 591, 554, 585, 646, 482, 501, 612, 549, 455, 512, 455, 488, 534, 552, 488, 561, 470, 581, 500, 392, 595, 417, 507, 432, 440, 522, 427, 415, 548, 577, 439, 440, 481, 407, 579, 458, 538, 483, 618, 510, 436, 587, 472, 563, 536, 545, 437, 496, 523, 541, 621, 512, 469, 513, 530, 496, 473, 526, 469, 549, 588, 539, 646, 481, 503, 692, 499, 530, 467, 371, 527, 496, 527, 517, 431, 583, 562, 555, 506, 480, 461, 452, 492, 391, 480, 413, 484, 479, 577, 493, 521, 469, 553, 442, 535, 523, 437, 524, 569, 473, 517, 522, 485, 496, 562, 448, 555, 550, 497, 484, 489, 493, 503, 609, 519, 663, 489, 440, 517, 695, 441, 535, 508, 532, 488, 454, 483, 494, 495, 560, 480, 541, 532, 436, 444, 551, 524, 624, 466, 488, 504, 502, 504, 516, 463, 542, 661, 596, 501, 547, 536, 505, 534, 458, 505, 517, 604, 555, 458, 545, 503, 575, 409, 499, 530, 541, 529, 605, 515, 465, 470, 557, 514, 496, 444, 636, 578, 480, 578, 476, 498, 508, 571, 552, 483, 523, 520, 580, 558, 528, 462, 439, 589, 571, 540, 455, 604, 513, 609, 558, 572, 558, 558, 531, 522, 517, 459, 486, 521, 455, 517, 437, 609, 485, 506, 491, 487, 566, 510, 542, 392, 471, 465, 478, 467, 498, 533, 506, 469, 482, 416, 537, 543, 511, 544, 502, 504, 490, 543, 494, 461, 546, 465, 487, 495, 561, 597, 440, 465, 546, 513, 520, 469, 412, 549, 418, 521, 581, 574, 465, 564, 547, 521, 564, 563, 536, 593, 500, 482, 507, 495, 550, 521, 545, 470, 514, 440, 497, 522, 576, 440, 556, 385, 466, 541, 546, 591, 544, 477, 556, 518, 627, 491, 532, 557, 506, 638, 598, 522, 501, 567, 535, 530, 453, 508, 529, 502, 489, 528, 533, 492, 535, 492, 425, 471, 477, 565, 547, 554, 508, 415, 589, 518, 451, 509, 543, 513, 551, 579, 512, 410, 665, 483, 445, 539, 489, 473, 580, 512, 475, 473, 510, 438, 578, 418, 508, 493, 529, 522, 575, 469, 443, 526, 472, 629, 455, 513, 502, 573, 432, 513, 538, 639, 401, 468, 541, 482, 593, 519, 457, 486, 479, 452, 581, 535, 562, 587, 608, 479, 634, 499, 568, 599, 612, 561, 462, 590, 517, 633, 513, 439, 523, 474, 543, 507, 413, 602, 563, 418, 548, 491, 517, 531, 486, 544, 548, 513, 469, 475, 465, 482, 491, 489, 614, 501, 487, 555, 498, 547, 527, 568, 526, 522, 588, 498, 542, 611, 496, 508, 596, 421, 526, 500, 521, 518, 444, 414, 444, 518, 505, 497, 508, 484, 554, 593, 457, 544, 580, 494, 611, 443, 523, 447, 554, 454, 493, 543, 468, 589, 598, 426, 589, 565, 568, 483, 462, 473, 644, 465, 544, 512, 516, 544, 446, 628, 455, 547, 635, 553, 560, 515, 584, 587, 528, 459, 523, 531, 553, 542, 449, 474, 570, 475, 460, 505, 544, 524, 519, 625, 461, 468, 525, 493, 480, 500, 566, 598, 423, 423, 432, 397, 543, 604, 475, 495, 505, 534, 425, 593, 582, 413, 512, 639, 481, 528, 565, 555, 474, 511, 424, 581, 495, 516, 498, 418, 516, 466, 490, 444, 486, 517, 599, 458, 454, 554, 511, 481, 454, 477, 468, 495, 462, 544, 464, 499, 487, 480, 562, 447, 498, 497, 507, 600, 517, 470, 471, 500, 521, 491, 421, 485, 508, 499, 479, 460, 502, 513, 562, 387, 532, 484, 466, 543, 578, 659, 549, 441, 449, 474, 439, 534, 434, 473, 513, 536, 455, 376, 553, 518, 458, 450, 541, 505, 553, 475, 560, 483, 451, 482, 465, 479, 472, 473, 488, 550, 537, 573, 527, 550, 538, 468, 523, 575, 590, 528, 545, 524, 484, 618, 514, 484, 640, 575, 516, 534, 449, 529, 519, 524, 538, 461, 555, 511, 438, 483, 461, 503, 451, 474, 604, 581, 588, 454, 518, 519, 522, 479, 464, 520, 551, 494, 485, 476, 547, 548, 566, 619, 482, 530, 510, 529, 573, 471, 518, 506, 516, 470, 445, 492, 467, 525, 495, 582, 525, 522, 484, 512, 455, 470, 580, 507, 487, 466, 600, 549, 454, 588, 434, 554, 545, 570, 518, 522, 465, 538, 613, 513, 616, 509, 507, 480, 456, 422, 500, 482, 485, 588, 590, 570, 521, 460, 537, 507, 564, 492, 540, 491, 455, 554, 493, 579, 547, 534, 522, 553, 562, 549, 493, 459, 479, 507, 576, 452, 486, 539, 466, 538, 492, 441, 425, 456, 542, 442, 538, 510, 458, 543, 468, 558, 479, 509, 552, 468, 509, 486, 449, 405, 548, 531, 586, 664, 591, 582, 405, 541, 590, 570, 514, 559, 550, 548, 466, 482, 425, 511, 524, 525, 473, 546, 499, 627, 444, 559, 571, 550, 528, 520, 567, 514, 547, 553, 532, 520, 503, 454, 499, 482, 441, 578, 392, 487, 555, 544, 548, 435, 461, 544, 422, 532, 452, 440, 533, 536, 521, 433, 499, 508, 577, 601, 448, 473, 532, 509, 569, 520, 562, 563, 538, 452, 579, 532, 516, 598, 594, 436, 411, 522, 524, 546, 547, 414, 506, 471, 453, 578, 465, 468, 518, 450, 525, 553, 538, 559, 480, 567, 520, 616, 367, 506, 545, 493, 536, 596, 514, 509, 521, 518, 469, 543, 491, 603, 540, 555, 520, 454, 479, 529, 494, 473, 532, 531, 544, 564, 517, 537, 422, 513, 473, 551, 430, 591, 535, 548, 502, 463, 568, 515, 630, 436, 559, 412, 474, 465, 507, 444, 646, 476, 623, 637, 610, 467, 410, 648, 575, 441, 503, 562, 521, 585, 470, 568, 520, 605, 566, 508, 498, 525, 539, 523, 519, 460, 479, 568, 507, 476, 516, 548, 615, 512, 422, 516, 586, 386, 548, 493, 471, 507, 514, 524, 563, 565, 542, 525, 576, 433, 461, 468, 434, 587, 557, 471, 571, 463, 508, 584, 506, 562, 519, 526, 449, 585, 386, 527, 533, 545, 556, 439, 484, 475, 443, 581, 491, 500, 405, 446, 617, 476, 600, 522, 511, 473, 578, 521, 601, 458, 562, 482, 457, 466, 441, 533, 477, 523, 513, 616, 612, 544, 562, 519, 466, 521, 421, 498, 478, 573, 507, 463, 422, 542, 495, 509, 407, 485, 569, 498, 452, 494, 439, 537, 557, 632, 605, 514, 554, 498, 430, 462, 547, 455, 543, 527, 397, 487, 428, 462, 490, 600, 461, 485, 521, 526, 444, 491, 494, 580, 474, 466, 467, 528, 533, 467, 510, 475, 481, 537, 468, 530, 594, 535, 463, 544, 581, 472, 497, 573, 505, 474, 480, 511, 474, 468, 493, 510, 400, 537, 478, 440, 400, 526, 572, 473, 453, 425, 460, 529, 534, 527, 462, 519, 448, 443, 523, 500, 451, 605, 491, 390, 472, 461, 463, 546, 560, 484, 486, 466, 473, 499, 463, 529, 472, 453, 571, 539, 475, 465, 533, 537, 471, 505, 623, 430, 526, 483, 410, 481, 541, 638, 458, 483, 541, 547, 501, 459, 506, 541, 441, 537, 469, 613, 520, 514, 463, 404, 605, 422, 519, 515, 519, 525, 525, 551, 519, 500, 523, 479, 487, 569, 557, 508, 516, 517, 505, 603, 438, 504, 482, 567, 490, 555, 441, 478, 427, 500, 592, 512, 466, 478, 567, 513, 540, 531, 502, 482, 560, 559, 511, 512, 584, 521, 491, 514, 418, 450, 505, 554, 598, 496, 571, 515, 460, 470, 543, 513, 463, 445, 461, 535, 639, 529, 528, 493, 622, 512, 586, 560, 462, 601, 472, 569, 560, 479, 510, 464, 442, 545, 470, 446, 541, 502, 451, 487, 553, 489, 432, 549, 509, 479, 507, 446, 484, 516, 623, 580, 564, 589, 564, 514, 477, 456, 424, 513, 589, 534, 565, 439, 514, 494, 480, 565, 469, 528, 595, 516, 412, 483, 419, 557, 511, 394, 510, 609, 481, 528, 577, 448, 558, 535, 531, 572, 438, 434, 550, 435, 464, 518, 445, 501, 486, 591, 501, 452, 583, 606, 463, 453, 382, 501, 534, 591, 569, 488, 453, 500, 428, 512, 424, 472, 507, 515, 442, 512, 527, 433, 463, 570, 481, 473, 564, 497, 416, 546, 648, 471, 582, 517, 492, 515, 557, 506, 643, 533, 568, 523, 572, 493, 483, 461, 446, 480, 486, 536, 445, 458, 502, 469, 575, 509, 582, 445, 558, 570, 531, 542, 580, 454, 413, 534, 517, 577, 520, 513, 437, 525, 442, 509, 551, 533, 594, 597, 479, 462, 552, 461, 447, 554, 530, 577, 499, 482, 547, 531, 496, 548, 520, 592, 498, 579, 552, 466, 525, 460, 544, 448, 536, 506, 484, 527, 548, 478, 514, 644, 552, 530, 455, 544, 450, 502, 541, 554, 489, 529, 469, 555, 566, 570, 491, 460, 444, 519, 514, 451, 489, 466, 597, 435, 537, 511, 511, 525, 431, 418, 518, 501, 493, 464, 527, 582, 527, 449, 590, 613, 525, 597, 522, 450, 536, 464, 575, 608, 565, 460, 496, 539, 467, 613, 543, 561, 534, 550, 524, 476, 516, 432, 565, 451, 623, 517, 420, 423, 471, 501, 595, 498, 482, 512, 480, 526, 494, 477, 448, 584, 406, 474, 465, 442, 568, 519, 455, 498, 497, 536, 588, 513, 596, 507, 537, 514, 495, 449, 566, 529, 505, 540, 469, 543, 547, 459, 462, 518, 607, 497, 484, 448, 551, 553, 483, 461, 494, 604, 497, 539, 439, 540, 437, 532, 552, 606, 476, 516, 588, 540, 586, 522, 527, 490, 539, 574, 439, 520, 367, 648, 472, 414, 508, 426, 470, 500, 648, 412, 592, 477, 543, 602, 545, 549, 555, 505, 470, 456, 541, 542, 551, 454, 555, 531, 591, 554, 583, 490, 490, 431, 530, 474, 495, 508, 487, 510, 494, 507, 448, 547, 570, 527, 511, 432, 505, 537, 563, 554, 403, 522, 502, 557, 433, 589, 535, 531, 469, 476, 540, 495, 454, 584, 531, 444, 504, 468, 483, 488, 519, 538, 518, 418, 551, 542, 456, 595, 529, 503, 551, 512, 499, 471, 482, 578, 630, 561, 592, 583, 509, 568, 616, 442, 594, 580, 480, 493, 546, 404, 486, 522, 599, 561, 396, 467, 550, 451, 492, 487, 473, 500, 433, 502, 494, 504, 496, 432, 490, 546, 599, 503, 556, 510, 468, 603, 557, 558, 415, 525, 487, 529, 476, 443, 495, 464, 570, 475, 652, 534, 574, 518, 524, 556, 571, 452, 531, 446, 509, 503, 533, 509, 531, 592, 589, 509, 523, 595, 488, 525, 501, 596, 502, 507, 515, 542, 519, 566, 461, 527, 482, 515, 455, 631, 495, 431, 490, 637, 513, 502, 567, 394, 533, 458, 457, 540, 572, 432, 492, 545, 550, 501, 554, 505, 543, 485, 486, 403, 499, 492, 478, 457, 425, 556, 469, 496, 508, 500, 485, 385, 485, 525, 457, 399, 547, 441, 621, 598, 528, 562, 511, 524, 452, 521, 570, 467, 516, 536, 546, 524, 471, 386, 508, 522, 461, 544, 554, 529, 461, 570, 581, 540, 516, 453, 504, 518, 417, 475, 483, 480, 510, 510, 570, 519, 582, 527, 508, 506, 547, 611, 574, 483, 478, 566, 486, 469, 596, 547, 439, 476, 473, 503, 462, 558, 494, 567, 462, 504, 463, 583, 532, 512, 515, 514, 552, 483, 495, 504, 475, 459, 556, 525, 484, 587, 508, 590, 555, 530, 515, 409, 487, 440, 432, 470, 456, 421, 516, 483, 458, 545, 553, 452, 480, 559, 443, 538, 462, 540, 504, 610, 523, 527, 539, 531, 462, 483, 527, 568, 530, 471, 493, 472, 504, 493, 521, 591, 486, 528, 528, 470, 533, 541, 517, 587, 427, 580, 585, 581, 498, 498, 505, 453, 576, 417, 455, 540, 531, 460, 641, 452, 597, 563, 488, 494, 520, 537, 493, 549, 672, 429, 491, 461, 448, 449, 509, 492, 506, 502, 521, 538, 443, 639, 484, 427, 582, 522, 482, 501, 511, 618, 477, 556, 493, 512, 473, 518, 551, 484, 446, 459, 492, 539, 452, 471, 445, 438, 547, 491, 465, 541, 423, 529, 647, 387, 509, 456, 569, 558, 537, 563, 529, 530, 460, 510, 554, 470, 524, 544, 530, 510, 484, 401, 426, 544, 509, 417, 450, 492, 574, 429, 482, 586, 508, 469, 470, 443, 480, 546, 438, 540, 509, 473, 531, 457, 484, 528, 520, 462, 492, 423, 533, 416, 426, 564, 469, 617, 522, 522, 447, 525, 474, 392, 425, 466, 576, 545, 446, 433, 612, 458, 472, 577, 470, 453, 518, 611, 541, 556, 576, 516, 548, 432, 569, 508, 449, 461, 466, 430, 498, 494, 512, 552, 539, 546, 534, 537, 515, 500, 495, 458, 441, 587, 583, 438, 459, 518, 472, 602, 540, 489, 557, 436, 484, 589, 562, 544, 415, 538, 449, 519, 523, 537, 473, 540, 514, 470, 523, 549, 443, 589, 593, 478, 463, 559, 580, 482, 493, 541, 540, 459, 497, 462, 566, 492, 555, 431, 530, 594, 676, 478, 488, 485, 600, 560, 569, 520, 495, 510, 519, 521, 487, 542, 521, 548, 463, 530, 531, 537, 544, 487, 533, 542, 455, 501, 473, 496, 495, 486, 582, 554, 488, 483, 512, 529, 462, 598, 473, 493, 467, 475, 492, 587, 478, 470, 524, 475, 451, 481, 526, 490, 566, 484, 402, 542, 460, 510, 618, 525, 522, 436, 523, 529, 484, 478, 533, 484, 564, 475, 527, 555, 539, 480, 429, 636, 595, 487, 505, 388, 538, 528, 612, 498, 383, 627, 595, 488, 591, 521, 458, 530, 562, 484, 512, 502, 479, 395, 452, 412, 471, 590, 442, 468, 581, 440, 541, 463, 526, 464, 554, 409, 587, 450, 465, 658, 533, 437, 565, 477, 497, 336, 612, 436, 479, 504, 604, 551, 393, 521, 498, 519, 469, 489, 557, 559, 607, 532, 461, 537, 499, 617, 460, 457, 452, 458, 526, 496, 576, 575, 491, 486, 579, 503, 500, 507, 518, 573, 539, 394, 484, 528, 494, 431, 534, 562, 492, 545, 471, 408, 451, 537, 506, 553, 448, 447, 456, 412, 522, 509, 542, 523, 549, 481, 456, 561, 493, 539, 469, 466, 440, 480, 452, 480, 488, 518, 546, 595, 527, 586, 506, 436, 496, 442, 518, 460, 456, 551, 444, 541, 489, 506, 430, 660, 456, 470, 602, 479, 506, 591, 488, 417, 501, 532, 593, 545, 534, 502, 554, 422, 542, 557, 498, 428, 540, 495, 522, 467, 549, 445, 512, 576, 502, 510, 581, 605, 498, 568, 574, 515, 511, 545, 580, 471, 602, 469, 516, 521, 540, 452, 572, 529, 483, 434, 462, 541, 532, 551, 581, 569, 573, 562, 452, 504, 518, 543, 521, 539, 503, 567, 641, 428, 500, 595, 547, 512, 462, 505, 538, 587, 506, 533, 432, 491, 509, 407, 436, 549, 606, 491, 561, 524, 524, 488, 621, 442, 545, 490, 465, 491, 484, 483, 488, 499, 585, 540, 521, 472, 598, 576, 399, 496, 574, 556, 461, 588, 567, 551, 549, 519, 423, 526, 459, 499, 530, 521, 500, 511, 414, 580, 549, 482, 487, 544, 555, 499, 526, 445, 515, 481, 582, 470, 506, 517, 458, 509, 468, 458, 502, 413, 571, 430, 514, 474, 529, 582, 633, 521, 474, 535, 403, 482, 544, 489, 446, 504, 419, 572, 592, 500, 528, 454, 515, 439, 503, 534, 522, 484, 505, 567, 443, 455, 406, 548, 584, 491, 546, 524, 498, 536, 514, 559, 445, 568, 498, 606, 536, 627, 571, 494, 524, 552, 561, 461, 490, 540, 512, 594, 469, 527, 605, 527, 529, 556, 467, 515, 531, 511, 535, 592, 465, 429, 486, 409, 592, 445, 469, 531, 507, 578, 411, 548, 531, 607, 556, 490, 538, 629, 565, 570, 459, 604, 479, 487, 539, 465, 485, 409, 441, 506, 549, 478, 437, 469, 509, 489, 478, 443, 528, 446, 524, 505, 440, 581, 479, 504, 511, 528, 442, 513, 423, 495, 559, 515, 522, 546, 553, 490, 481, 483, 503, 554, 421, 494, 538, 472, 458, 650, 521, 510, 520, 409, 512, 593, 537, 495, 571, 626, 549, 500, 469, 510, 483, 600, 552, 543, 495, 639, 568, 540, 483, 582, 504, 473, 562, 521, 558, 536, 538, 517, 516, 507, 500, 520, 523, 473, 584, 480, 557, 581, 514, 557, 514, 510, 498, 540, 446, 590, 505, 630, 556, 512, 575, 475, 472, 513, 466, 594, 585, 479, 448, 500, 415, 548, 405, 533, 446, 497, 391, 588, 526, 476, 571, 600, 509, 463, 561, 523, 501, 546, 514, 553, 548, 515, 585, 499, 448, 401, 534, 569, 572, 493, 588, 474, 416, 436, 530, 473, 605, 580, 473, 505, 474, 562, 452, 511, 488, 607, 591, 605, 497, 473, 394, 526, 484, 469, 536, 554, 551, 630, 618, 479, 541, 525, 542, 463, 418, 559, 653, 468, 482, 525, 519, 466, 511, 476, 424, 443, 579, 621, 467, 497, 569, 442, 467, 627, 451, 491, 499, 548, 499, 467, 546, 443, 523, 470, 430, 508, 593, 505, 462, 481, 580, 538, 536, 530, 509, 492, 477, 602, 507, 471, 505, 470, 464, 381, 500, 498, 608, 511, 461, 505, 446, 561, 485, 526, 540, 515, 570, 500, 558, 540, 507, 439, 585, 483, 400, 551, 509, 518, 560, 475, 527, 451, 468, 485, 460, 509, 477, 519, 499, 524, 455, 560, 556, 600, 507, 451, 420, 606, 404, 540, 427, 453, 446, 451, 444, 448, 457, 412, 557, 498, 461, 518, 421, 427, 518, 569, 564, 517, 486, 587, 565, 436, 520, 582, 479, 582, 434, 453, 602, 564, 504, 531, 446, 511, 533, 447, 493, 531, 475, 506, 479, 549, 551, 521, 555, 493, 576, 492, 503, 598, 532, 619, 401, 471, 408, 470, 473, 423, 528, 439, 515, 528, 454, 481, 429, 514, 489, 521, 497, 521, 475, 594, 556, 428, 509, 484, 531, 541, 511, 501, 424, 487, 535, 454, 605, 547, 386, 558, 487, 534, 442, 601, 523, 504, 531, 530, 558, 631, 490, 573, 594, 465, 523, 560, 538, 576, 426, 581, 444, 531, 475, 557, 610, 563, 489, 477, 594, 454, 513, 604, 518, 467, 538, 494, 508, 504, 531, 493, 431, 470, 498, 458, 489, 559, 498, 501, 394, 546, 653, 494, 521, 496, 477, 511, 506, 478, 450, 551, 444, 457, 531, 459, 637, 536, 499, 462, 507, 513, 543, 511, 551, 434, 553, 575, 605, 425, 461, 565, 548, 490, 495, 367, 547, 564, 585, 507, 556, 463, 535, 482, 607, 477, 507, 583, 531, 488, 590, 612, 412, 466, 519, 529, 456, 621, 488, 516, 437, 546, 506, 553, 411, 535, 588, 580, 599, 497, 409, 434, 494, 562, 459, 533, 479, 436, 514, 430, 600, 541, 469, 587, 429, 599, 560, 570, 579, 494, 485, 424, 563, 569, 556, 598, 569, 490, 515, 662, 515, 463, 514, 475, 600, 444, 549, 522, 588, 541, 509, 495, 544, 463, 513, 587, 455, 461, 521, 547, 482, 555, 471, 444, 576, 459, 542, 524, 505, 568, 554, 481, 576, 510, 449, 557, 513, 650, 406, 484, 603, 487, 491, 509, 563, 611, 478, 454, 652, 609, 523, 412, 437, 518, 410, 420, 388, 623, 493, 553, 558, 633, 399, 452, 534, 487, 515, 514, 510, 610, 462, 577, 496, 553, 471, 534, 416, 541, 454, 447, 518, 504, 498, 540, 593, 510, 469, 479, 466, 528, 533, 531, 491, 424, 477, 354, 537, 563, 540, 511, 572, 462, 469, 618, 514, 467, 579, 505, 603, 613, 446, 516, 455, 471, 586, 466, 405, 486, 529, 534, 578, 568, 487, 440, 452, 528, 577, 454, 521, 499, 543, 450, 591, 496, 464, 529, 477, 456, 610, 585, 454, 495, 494, 600, 519, 487, 489, 465, 519, 575, 599, 450, 481, 505, 530, 558, 487, 539, 464, 465, 517, 433, 530, 567, 450, 485, 547, 576, 458, 523, 627, 603, 508, 513, 601, 512, 444, 548, 525, 495, 501, 414, 514, 594, 532, 566, 503, 540, 496, 501, 575, 552, 520, 656, 503, 595, 542, 441, 541, 453, 514, 498, 579, 567, 523, 530, 429, 457, 509, 479, 540, 534, 558, 487, 512, 627, 553, 556, 578, 639, 507, 574, 511, 518, 467, 605, 487, 610, 503, 464, 524, 498, 616, 418, 457, 525, 515, 553, 542, 550, 568, 552, 570, 579, 559, 557, 498, 510, 494, 487, 471, 534, 514, 569, 477, 515, 480, 460, 547, 538, 522, 472, 433, 523, 530, 470, 517, 544, 565, 445, 638, 567, 517, 541, 480, 583, 476, 548, 530, 499, 609, 442, 473, 444, 482, 550, 576, 387, 524, 452, 557, 492, 533, 591, 537, 504, 505, 611, 461, 599, 570, 612, 541, 462, 578, 525, 521, 498, 518, 482, 443, 531, 549, 536, 494, 452, 470, 507, 478, 495, 472, 630, 492, 543, 545, 511, 519, 480, 461, 519, 561, 473, 577, 541, 655, 471, 511, 519, 568, 621, 516, 493, 534, 575, 595, 545, 386, 574, 614, 479, 562, 447, 506, 473, 616, 432, 542, 527, 466, 499, 428, 565, 525, 512, 577, 616, 546, 540, 545, 505, 582, 598, 398, 561, 526, 480, 470, 583, 582, 523, 474, 480, 590, 580, 494, 458, 561, 473, 452, 388, 490, 468, 545, 589, 512, 544, 477, 570, 566, 503, 469, 514, 414, 426, 490, 552, 462, 570, 549, 442, 454, 555, 448, 512, 499, 507, 569, 496, 538, 444, 385, 460, 483, 514, 513, 432, 540, 466, 500, 419, 408, 487, 552, 485, 492, 479, 556, 548, 569, 489, 557, 478, 461, 464, 501, 490, 452, 516, 531, 515, 495, 401, 507, 586, 458, 623, 499, 654, 638, 527, 464, 454, 478, 577, 611, 407, 538, 458, 471, 470, 548, 513, 473, 517, 508, 575, 576, 467, 518, 621, 542, 515, 527, 440, 515, 588, 551, 589, 520, 535, 602, 460, 518, 527, 503, 613, 459, 606, 556, 488, 601, 541, 591, 435, 449, 638, 516, 656, 486, 500, 538, 509, 526, 609, 534, 507, 597, 495, 443, 478, 524, 469, 517, 413, 431, 634, 505, 534, 500, 489, 434, 486, 452, 659, 470, 574, 460, 584, 491, 481, 560, 613, 477, 627, 548, 683, 562, 591, 568, 486, 462, 574, 533, 455, 575, 462, 397, 597, 560, 529, 544, 565, 520, 465, 531, 535, 447, 520, 611, 505, 432, 457, 442, 595, 552, 450, 444, 490, 488, 535, 515, 460, 479, 559, 544, 573, 556, 552, 423, 590, 496, 589, 511, 403, 567, 534, 470, 515, 523, 465, 524, 480, 518, 639, 522, 501, 524, 486, 494, 460, 376, 557, 549, 464, 539, 527, 402, 492, 517, 594, 486, 434, 467, 620, 522, 570, 561, 476, 482, 579, 590, 427, 529, 471, 557, 468, 459, 452, 531, 483, 508, 474, 555, 478, 516, 570, 578, 432, 459, 438, 577, 453, 497, 553, 594, 517, 436, 418, 489, 540, 455, 513, 416, 554, 558, 502, 503, 513, 486, 549, 567, 578, 507, 518, 456, 523, 562, 526, 635, 512, 525, 573, 589, 489, 556, 546, 545, 597, 481, 502, 504, 467, 409, 471, 449, 471, 532, 528, 653, 547, 466, 499, 532, 471, 557, 604, 547, 444, 484, 427, 568, 447, 602, 516, 612, 509, 406, 436, 497, 420, 497, 621, 546, 436, 601, 477, 638, 468, 469, 530, 576, 486, 485, 442, 419, 535, 632, 551, 519, 482, 565, 489, 571, 486, 484, 521, 610, 461, 560, 505, 449, 611, 662, 511, 569, 533, 464, 562, 521, 510, 493, 477, 495, 457, 585, 535, 513, 523, 558, 506, 479, 570, 595, 455, 520, 533, 511, 434, 447, 537, 606, 483, 458, 634, 457, 463, 364, 519, 547, 452, 456, 548, 560, 517, 467, 459, 420, 562, 434, 486, 550, 540, 522, 519, 478, 496, 428, 457, 546, 428, 453, 627, 484, 501, 540, 555, 599, 477, 533, 598, 651, 562, 494, 523, 523, 601, 457, 442, 538, 563, 552, 492, 491, 470, 444, 498, 485, 539, 581, 616, 605, 551, 542, 588, 569, 479, 468, 620, 602, 510, 480, 512, 495, 521, 543, 551, 468, 485, 549, 556, 485, 514, 500, 449, 593, 536, 533, 589, 485, 478, 501, 389, 548, 494, 444, 512, 533, 505, 528, 566, 498, 561, 532, 499, 528, 551, 450, 471, 473, 533, 504, 486, 424, 599, 419, 450, 444, 604, 407, 552, 487, 497, 448, 575, 556]

