Resultados de simulación — 20260922_185001
Pasajeros: 100 | P(carry-on): 0.7 | Simulaciones por política: 5000
============================================================

[rand]
  Promedio : 1260.1s
  Desvío   : 84.7s
  IC 95%   : [1257.8s, 1262.5s]
  Mínimo   : 970s
  Máximo   : 1559s
  Tiempos  : [1334, 1371, 1235, 1211, 1285, 1165, 1197, 1322, 1207, 1233, 1271, 1306, 1245, 1254, 1260, 1165, 1239, 1378, 1258, 1172, 1424, 1293, 1250, 1328, 1283, 1210, 1236, 1280, 1250, 1338, 1234, 1117, 1197, 1249, 1209, 1434, 1221, 1361, 1367, 1336, 1192, 1299, 1277, 1251, 1217, 1280, 1234, 1172, 1283, 1310, 1380, 1231, 1077, 1306, 1305, 1299, 1120, 1118, 1325, 1282, 1145, 1162, 1338, 1296, 1130, 1401, 1332, 1210, 1344, 1158, 1223, 1429, 1348, 1285, 1155, 1293, 1238, 1395, 1326, 1013, 1180, 1243, 1229, 1341, 1272, 1415, 1227, 1312, 1366, 1238, 1149, 1221, 1259, 1296, 1130, 1339, 1355, 1212, 1227, 1292, 1152, 1297, 1367, 1344, 1155, 1149, 1184, 1193, 1229, 1328, 1198, 1321, 1088, 1438, 1350, 1270, 1229, 1168, 1243, 1373, 1269, 1338, 1172, 1420, 1364, 1182, 1243, 1124, 1252, 1298, 1166, 1227, 1371, 1383, 1172, 1221, 1324, 1206, 1272, 1239, 1312, 1324, 1293, 1380, 1277, 1215, 1345, 1253, 1293, 1317, 1282, 1125, 1212, 1127, 1250, 1336, 1253, 1365, 1335, 1245, 1296, 1387, 1148, 1189, 1238, 1320, 1166, 1271, 1307, 1201, 1239, 1323, 1292, 1320, 1279, 1259, 1161, 1258, 1269, 1263, 1207, 1316, 1135, 1321, 1296, 1214, 1309, 1262, 1247, 1308, 1237, 1309, 1298, 1253, 1357, 1219, 1192, 1293, 1203, 1280, 1158, 1263, 1187, 1205, 1199, 1343, 1376, 1271, 1197, 1162, 1151, 1363, 1253, 1032, 1139, 1257, 1216, 1202, 1282, 1273, 1309, 1292, 1308, 1291, 1305, 1294, 1298, 1159, 1278, 1282, 1324, 1226, 1226, 1171, 1146, 1544, 1178, 1276, 1282, 1343, 1248, 1254, 1173, 1300, 1282, 1389, 1352, 1095, 1181, 1184, 1192, 1222, 1242, 1194, 1390, 1297, 1243, 1280, 1268, 1316, 1203, 1151, 1247, 1231, 1189, 1218, 1202, 1385, 1133, 1242, 1220, 1360, 1417, 1271, 1213, 1266, 1264, 1239, 1354, 1353, 1358, 1155, 1209, 1111, 1218, 1207, 1304, 1345, 1178, 1349, 1116, 1341, 1196, 1314, 1208, 1341, 1224, 1269, 1188, 1087, 1229, 1193, 1179, 1360, 1328, 1402, 1358, 1322, 1370, 1349, 1266, 1272, 1228, 1288, 1271, 1325, 1178, 1355, 1417, 1213, 1355, 1306, 1297, 1198, 1271, 1185, 1218, 1163, 1364, 1268, 1451, 1275, 1261, 1287, 1196, 1194, 1214, 1204, 1308, 1357, 1307, 1433, 1344, 1276, 1231, 1268, 1229, 1265, 1303, 1366, 1375, 1263, 1247, 1177, 1223, 1206, 1473, 1345, 1326, 1257, 1202, 1294, 1409, 1224, 1269, 1386, 1236, 1218, 1316, 1408, 1203, 1266, 1221, 1289, 1316, 1150, 1305, 1298, 1294, 1161, 1205, 1252, 1166, 1112, 1204, 1248, 992, 1381, 1345, 1352, 1374, 1282, 1377, 1039, 1197, 1296, 1229, 1124, 1233, 1293, 1320, 1150, 1247, 1196, 1355, 1227, 1305, 1039, 1193, 1294, 1300, 1325, 1018, 1322, 1290, 1313, 1236, 1278, 1348, 1233, 1080, 1258, 1186, 1141, 1351, 1266, 1227, 1171, 1069, 1221, 1216, 1175, 1247, 1290, 1187, 1267, 1250, 1183, 1217, 1292, 1184, 1213, 1328, 1236, 1232, 1164, 1305, 1247, 1226, 1370, 1266, 1116, 1214, 1350, 1135, 1356, 1237, 1152, 1286, 1420, 1261, 1172, 1279, 1281, 1275, 1231, 1365, 1273, 1230, 1270, 1240, 1254, 1381, 1187, 1213, 1224, 1279, 1368, 1241, 1172, 1229, 1153, 1363, 1072, 1214, 1193, 1219, 1306, 1216, 1248, 1110, 1120, 1112, 1222, 1232, 1194, 1419, 1157, 1197, 1142, 1227, 1334, 1252, 1201, 1321, 1254, 1164, 1161, 1290, 1332, 1274, 1208, 1175, 1292, 1293, 1229, 1404, 1232, 1335, 1310, 1355, 1267, 1329, 1267, 1137, 1250, 1147, 1211, 1102, 1360, 1201, 1373, 1218, 1277, 1140, 1361, 1316, 1239, 1140, 1268, 1304, 1310, 1197, 1131, 1061, 1419, 1176, 1323, 1374, 1084, 1374, 1301, 1205, 1502, 1280, 1246, 1213, 1393, 1263, 1230, 1235, 1166, 1197, 1169, 1231, 1187, 1420, 1152, 1157, 1322, 1258, 1239, 1236, 1334, 1222, 1163, 1259, 1369, 1142, 1223, 1343, 1244, 1088, 1057, 1225, 1177, 1116, 1400, 1248, 1200, 1216, 1257, 1303, 1354, 1210, 1250, 1236, 1202, 1240, 1348, 1364, 1420, 1102, 1383, 1293, 1295, 1260, 1256, 1346, 1336, 1240, 1104, 1184, 1124, 1135, 1197, 1187, 1313, 1207, 1185, 1262, 1410, 1310, 1330, 1159, 1319, 1224, 1132, 1342, 1198, 1207, 1201, 1252, 1404, 1349, 1290, 1219, 1376, 1247, 1254, 1225, 1303, 1263, 1434, 1269, 1269, 1330, 1224, 1197, 1194, 1066, 1122, 1216, 1232, 1292, 1476, 1254, 1286, 1218, 1286, 1227, 1248, 1256, 1278, 1280, 1102, 1409, 1312, 1221, 1231, 1205, 1194, 1136, 1190, 1291, 1208, 1118, 1310, 1201, 1318, 1184, 1270, 1272, 1290, 1311, 1268, 1388, 1102, 1261, 1153, 1294, 1298, 1248, 1297, 1057, 1112, 1227, 1214, 1119, 1124, 1485, 1252, 1304, 1301, 1207, 1462, 1296, 1333, 1287, 1291, 1207, 1403, 1305, 1310, 1249, 1289, 1255, 1341, 1192, 1233, 1419, 1304, 1267, 1264, 1392, 1307, 1227, 1316, 1236, 1286, 1227, 1432, 1323, 1347, 1236, 1253, 1291, 1111, 1312, 1340, 1183, 1192, 1394, 1369, 1233, 1287, 1436, 1376, 1293, 1197, 1040, 1363, 1262, 1286, 1237, 1247, 1145, 1287, 1142, 1221, 1332, 1406, 1230, 1301, 1231, 1134, 1187, 1312, 1417, 1240, 1361, 1217, 1268, 1308, 1358, 1324, 1204, 1217, 1231, 1329, 1244, 1253, 1342, 1224, 1246, 1110, 1223, 1124, 1325, 1357, 1267, 1224, 1329, 1127, 1252, 1261, 1234, 1217, 1249, 1401, 1351, 1251, 1324, 1214, 1144, 1236, 1264, 1238, 1264, 1335, 1253, 1449, 1169, 1294, 1116, 1294, 1300, 1404, 1240, 1179, 1277, 1239, 1129, 1318, 1219, 1218, 1166, 1164, 1169, 1287, 1315, 1092, 1211, 1314, 1174, 1284, 1343, 1303, 1388, 1137, 1195, 1251, 1127, 1178, 1174, 1249, 1153, 1269, 1210, 1350, 1390, 1435, 1160, 1046, 1267, 1092, 1374, 1199, 1205, 1311, 1333, 1194, 1389, 1296, 1322, 1410, 1142, 1324, 1304, 1220, 1197, 1217, 1182, 1254, 1330, 1217, 1306, 1117, 1210, 1289, 1254, 1441, 1318, 1333, 1310, 1356, 1248, 1265, 1235, 1240, 1244, 1210, 1217, 1301, 1251, 1156, 1263, 1263, 1155, 1192, 1342, 1060, 1112, 1297, 1205, 1358, 1358, 1264, 1226, 1165, 1289, 1271, 1129, 1215, 1310, 1182, 1130, 1220, 1282, 1163, 1254, 1207, 1225, 1184, 1383, 1237, 1255, 1245, 1304, 1289, 1274, 1238, 1106, 1170, 1209, 1236, 1224, 1291, 1219, 1377, 1317, 1283, 1199, 1107, 1043, 1084, 1408, 1188, 1285, 1191, 1184, 1325, 1346, 1154, 1279, 1348, 1275, 1321, 1248, 1251, 1189, 1221, 1253, 1187, 1496, 1184, 1281, 1363, 1205, 1232, 1260, 1131, 1337, 1173, 1231, 1287, 1281, 1260, 1271, 1215, 1210, 1222, 1255, 1114, 1333, 1136, 1208, 1413, 1269, 1240, 1151, 1282, 1088, 1254, 1220, 1202, 1177, 1189, 1332, 1291, 1317, 1169, 1208, 1068, 1251, 1307, 1291, 1459, 1274, 1100, 1130, 1321, 1248, 1207, 1371, 1220, 1222, 1180, 1253, 1149, 1249, 1467, 1257, 1273, 1332, 1247, 1296, 1344, 1277, 1144, 1357, 1200, 1285, 1408, 1300, 1359, 1368, 1160, 1339, 1235, 1134, 1122, 1173, 1309, 1322, 1243, 1185, 1168, 1341, 1157, 1247, 1132, 1222, 1299, 1206, 1342, 1282, 1148, 1347, 1400, 1251, 1323, 1384, 1204, 1268, 1324, 1174, 1362, 1289, 1271, 1253, 1169, 1209, 1347, 1152, 1230, 1245, 1285, 1234, 1307, 1338, 1206, 1405, 1392, 1221, 1307, 1276, 1249, 1324, 1155, 1326, 1159, 1269, 1257, 1191, 1247, 1415, 1371, 1315, 1201, 1084, 1363, 1362, 1234, 1323, 1321, 1305, 1288, 1175, 1066, 1133, 1121, 1312, 1389, 1258, 1190, 1221, 1453, 1224, 1346, 1289, 1228, 1215, 1257, 1258, 1349, 1187, 1223, 1200, 1158, 1056, 1065, 1381, 1238, 1228, 1209, 1174, 1177, 1348, 1323, 1220, 1143, 1131, 1241, 1162, 1193, 1304, 1431, 1306, 1271, 1398, 1370, 1187, 1240, 1325, 1368, 1308, 1281, 1356, 1233, 1223, 1339, 1193, 1250, 1111, 1177, 1211, 1343, 1257, 1149, 1217, 1278, 1365, 1276, 1304, 1098, 1242, 1249, 1323, 1180, 1195, 1285, 1288, 1115, 1198, 1217, 1143, 1329, 1242, 1142, 1218, 1252, 1367, 1344, 1329, 1364, 1265, 1276, 1118, 1336, 1199, 1223, 1082, 1264, 1102, 1252, 1339, 1170, 1189, 1087, 1326, 1168, 1110, 1365, 1270, 1361, 1328, 1268, 1188, 1311, 1211, 1277, 1168, 1267, 1307, 1362, 1323, 1295, 1352, 1412, 1327, 1191, 1272, 1257, 1372, 1387, 1166, 1294, 1323, 1319, 1369, 1238, 1265, 1272, 1359, 1299, 1239, 1322, 1310, 1183, 1345, 1237, 1267, 1263, 1156, 1177, 1286, 1463, 1257, 1320, 1283, 1355, 1355, 1312, 1325, 1289, 1264, 1156, 1129, 1357, 1402, 1228, 1242, 1241, 1416, 1181, 1359, 1129, 1142, 1295, 1189, 1236, 1196, 1192, 1218, 1298, 1223, 1265, 1355, 1121, 1184, 1119, 1248, 1324, 1389, 1302, 1272, 1209, 1256, 1096, 1212, 1327, 1324, 1122, 1368, 1417, 1305, 1259, 1311, 1173, 1214, 1292, 1237, 1098, 1262, 1188, 1327, 1351, 1129, 1264, 1131, 1236, 1387, 1339, 1297, 1275, 1390, 1349, 1478, 1242, 1304, 1295, 1449, 1391, 1236, 1315, 1204, 1265, 1237, 1314, 1288, 1224, 1204, 1144, 1419, 1157, 1353, 1208, 1225, 1310, 1261, 1184, 1385, 1351, 1320, 1263, 1359, 1284, 1460, 1274, 1358, 1203, 1310, 1185, 1276, 1295, 1351, 1354, 1325, 1050, 1298, 1243, 1377, 1181, 1401, 1301, 1325, 1151, 1209, 1384, 1259, 1267, 1180, 1319, 1221, 1240, 1351, 1381, 1229, 1322, 1328, 1342, 1187, 1375, 1420, 1390, 1125, 1367, 1145, 1297, 1238, 1226, 1243, 1347, 1292, 1207, 1308, 1451, 1145, 1294, 1208, 1221, 1235, 1274, 1259, 1287, 1344, 1380, 1236, 1329, 1467, 1155, 1266, 1182, 1225, 1273, 1195, 1357, 1239, 1356, 1182, 1254, 1356, 1260, 1216, 1310, 1306, 1367, 1361, 1424, 1185, 1225, 1264, 1356, 1266, 1163, 1455, 997, 1327, 1243, 1458, 1319, 1372, 1382, 1306, 1285, 1181, 1287, 1239, 1405, 1194, 1099, 1372, 1356, 1219, 1285, 1222, 1077, 1342, 1227, 1177, 1110, 1332, 1289, 1325, 1282, 1266, 1215, 1174, 1305, 1302, 1219, 1391, 1173, 1293, 1203, 1264, 1291, 1302, 1275, 1263, 1293, 1206, 1337, 1263, 1305, 1098, 1079, 1273, 1249, 1522, 1225, 1227, 1148, 1262, 1316, 1246, 1277, 1306, 1314, 1348, 1177, 1166, 1315, 1361, 1288, 1397, 1237, 1178, 1285, 1433, 1217, 1177, 1209, 1165, 1251, 1182, 1226, 1315, 1275, 1252, 1262, 1429, 1211, 1228, 1112, 1028, 1065, 1422, 1171, 1292, 1382, 1217, 1270, 1337, 1209, 1305, 1174, 1267, 1422, 1235, 1214, 1228, 1152, 1265, 1185, 1375, 1334, 1357, 1265, 1238, 1222, 1179, 1200, 1366, 1230, 1253, 1337, 1330, 1225, 1353, 1325, 1202, 1294, 1199, 1404, 1201, 1240, 1242, 1299, 1369, 1326, 1317, 1268, 1289, 1236, 1294, 1103, 1223, 1250, 1321, 1166, 1237, 1282, 1188, 1285, 1255, 1342, 1311, 1421, 1236, 1300, 1176, 1279, 1247, 1239, 1349, 1188, 1359, 1108, 1125, 1261, 1294, 1116, 1292, 1256, 1274, 1211, 1337, 1306, 1299, 1257, 1235, 1211, 1493, 1178, 1235, 1185, 1304, 1170, 1215, 1200, 1399, 1254, 1173, 1280, 1106, 1375, 1399, 1300, 1217, 1161, 1172, 1477, 1263, 1193, 1273, 1271, 1171, 1349, 1248, 1287, 1073, 1393, 1203, 1325, 1201, 1170, 1152, 1158, 1331, 1290, 1178, 1397, 1212, 1279, 1256, 1279, 1244, 1294, 1245, 1142, 1201, 1386, 1229, 1198, 1278, 1271, 1257, 1236, 1251, 1400, 1161, 1243, 1202, 1269, 1128, 1219, 1315, 1186, 1314, 1278, 1432, 1282, 1297, 1376, 1329, 1305, 1303, 1201, 1188, 1147, 1286, 1429, 1360, 1247, 1259, 1426, 1214, 1388, 1267, 1259, 1271, 1348, 1357, 1303, 1256, 1194, 1234, 1301, 1415, 1120, 1240, 1195, 1087, 1287, 1180, 1221, 1394, 1314, 1135, 1273, 1249, 1148, 1329, 1351, 1187, 1175, 1267, 1116, 1205, 1329, 1375, 1226, 1350, 1287, 1104, 1444, 1257, 1064, 1219, 1125, 1352, 1392, 1368, 1227, 1214, 1308, 1121, 1160, 1272, 1233, 1227, 1254, 1346, 1288, 1320, 1308, 1247, 1070, 1260, 1145, 1365, 1362, 1336, 1265, 1114, 1186, 1202, 1242, 1261, 1270, 1208, 1197, 1295, 1284, 1229, 1259, 1206, 1341, 1363, 1295, 1226, 1347, 1215, 1207, 1265, 1243, 1272, 1145, 1117, 1270, 1114, 1362, 1281, 1226, 1328, 1206, 1317, 1172, 1157, 1178, 1276, 1377, 1188, 1243, 1346, 1250, 1227, 1161, 1369, 1229, 1196, 1285, 1301, 1213, 1196, 1332, 1359, 1130, 1315, 1109, 1291, 1242, 1335, 1276, 1224, 1172, 1173, 1191, 1352, 1326, 1160, 1210, 1257, 1249, 1274, 1249, 1227, 1226, 1296, 1172, 1044, 1209, 1262, 1250, 1408, 1268, 1288, 1219, 1323, 1353, 1387, 1149, 1241, 1340, 1310, 1233, 1225, 1282, 1345, 1266, 1218, 1238, 1364, 1184, 1178, 1237, 1250, 1397, 1248, 1178, 1363, 1342, 1156, 1248, 1352, 1231, 1216, 1281, 1350, 1432, 1265, 1151, 1321, 1311, 1193, 1261, 1163, 1233, 1487, 1377, 1317, 1142, 1186, 1220, 1281, 1330, 1237, 1306, 1318, 1375, 1241, 1380, 1267, 1056, 1193, 1167, 1165, 1043, 1149, 1352, 1272, 1158, 1243, 1397, 1212, 1217, 1295, 1322, 1221, 1267, 1283, 1309, 1289, 1229, 1210, 1128, 1285, 1130, 1249, 1171, 1262, 1256, 1313, 1209, 1095, 1229, 1248, 1198, 1271, 1329, 1063, 1345, 1101, 1183, 1290, 1262, 1142, 1378, 1392, 1268, 1257, 1253, 1266, 1216, 1267, 1208, 1240, 1280, 1292, 1421, 1369, 1250, 1382, 1347, 1169, 1157, 1231, 1245, 1370, 1333, 1224, 1278, 1260, 1321, 1197, 1224, 1307, 1232, 1351, 1217, 1258, 1280, 1288, 1166, 1516, 1486, 1311, 1365, 1139, 1314, 1235, 1286, 1313, 1285, 1118, 1285, 1188, 1321, 1081, 1177, 1323, 1336, 1113, 1270, 1231, 1362, 1280, 1214, 1330, 1260, 1190, 1212, 1259, 1187, 1328, 1096, 1218, 1303, 1318, 1246, 1405, 1278, 1249, 1325, 1272, 1112, 1189, 1276, 1219, 1311, 1205, 1324, 1157, 1314, 1209, 1310, 1255, 1246, 1288, 1115, 1341, 1380, 1279, 1111, 1383, 1238, 1245, 1171, 1245, 1040, 1120, 1078, 1179, 1203, 1165, 1052, 1176, 1409, 1334, 1347, 1254, 1255, 1394, 1345, 1278, 1159, 1422, 1390, 1168, 1298, 1338, 1288, 1293, 1183, 1132, 1179, 1457, 1189, 1033, 1178, 1178, 1278, 1271, 1226, 1297, 1327, 1285, 1310, 1081, 1203, 1347, 1310, 1345, 1181, 1402, 1331, 1326, 1394, 1142, 1245, 1350, 1271, 1096, 1348, 1249, 1183, 1329, 1214, 1476, 1159, 1196, 1261, 1145, 1153, 1239, 1275, 1357, 1381, 1281, 1285, 1232, 1418, 1184, 1245, 1306, 1289, 1142, 1102, 1126, 1254, 1140, 1226, 1327, 1252, 1160, 1326, 1234, 1334, 1214, 1181, 1349, 1144, 1249, 1338, 1280, 1348, 1181, 1166, 1309, 1121, 1333, 1250, 1353, 1223, 1268, 1207, 1190, 1350, 1191, 1280, 1366, 1245, 1297, 1210, 1289, 1320, 1168, 1317, 1173, 1256, 1196, 1347, 1310, 1230, 1283, 1195, 1280, 1241, 1380, 1359, 1281, 1299, 1297, 1349, 1100, 1430, 1233, 1283, 1421, 1338, 1213, 1346, 1259, 1287, 1252, 1321, 1270, 1177, 1100, 1388, 1485, 1282, 1304, 1341, 1466, 1329, 1225, 1226, 1303, 1407, 1226, 1115, 1330, 1305, 1196, 1258, 1203, 1284, 1160, 1164, 1272, 1098, 1344, 1226, 1448, 1216, 1190, 1252, 1327, 1287, 1359, 1233, 1200, 1322, 1263, 1254, 1359, 1183, 1432, 1236, 1148, 1326, 1180, 1349, 1357, 1177, 1250, 1254, 1233, 1316, 1177, 1253, 1227, 1286, 1271, 1249, 1241, 1319, 1444, 1283, 1192, 1340, 1331, 1148, 1307, 1217, 1248, 1325, 1212, 1171, 1243, 1261, 1199, 1184, 1209, 1267, 1219, 1188, 1194, 1383, 1271, 1315, 1243, 1426, 1254, 1325, 1181, 1274, 1299, 1170, 1133, 1368, 1380, 1289, 1361, 1322, 1195, 1228, 1273, 1198, 1300, 1138, 1355, 1231, 1133, 1329, 1375, 1260, 1272, 1325, 1271, 1306, 1327, 1190, 1223, 1296, 1336, 1284, 1412, 1321, 1291, 1325, 1233, 1390, 1423, 1238, 1263, 1375, 1147, 1155, 1203, 1302, 1420, 1296, 1221, 1090, 1316, 1232, 1224, 1266, 1353, 1206, 1267, 1210, 1222, 1192, 1283, 1317, 1311, 1246, 1273, 1173, 1244, 1302, 1391, 1338, 1269, 1303, 1292, 1289, 1280, 1415, 1327, 1439, 1427, 1325, 1237, 1276, 1251, 1302, 1120, 1413, 1234, 1173, 1338, 1219, 1185, 1212, 1299, 1345, 1093, 1350, 1135, 1202, 1198, 1289, 1418, 1231, 1259, 1185, 1244, 1372, 1303, 1195, 1205, 1371, 1405, 1196, 1228, 1225, 1410, 1169, 1165, 1182, 1272, 1293, 1311, 1283, 1293, 1405, 1253, 1066, 1126, 1297, 1324, 1315, 1289, 1190, 1303, 1312, 1220, 1385, 1261, 1316, 1220, 1414, 1328, 1071, 1198, 1246, 1295, 1301, 1226, 1330, 1250, 1250, 1171, 1207, 1528, 1161, 1016, 1284, 1363, 1160, 1148, 1338, 1359, 1133, 1142, 1357, 1209, 1256, 1343, 1481, 1324, 1226, 1246, 1289, 1209, 1201, 1315, 1234, 1370, 1350, 1298, 1396, 1353, 1377, 1360, 1298, 1238, 1258, 1208, 1338, 1348, 1256, 1183, 1405, 1298, 1188, 1190, 1273, 1351, 1300, 1121, 1397, 1341, 1199, 1358, 1318, 1195, 1141, 1220, 1246, 1241, 1243, 1264, 1183, 1271, 1264, 1093, 1191, 1253, 1406, 1225, 1294, 1274, 1382, 1191, 1270, 1201, 1282, 1118, 1198, 1307, 1234, 1380, 1250, 1321, 1177, 1151, 1345, 1272, 1185, 1221, 1443, 1218, 1193, 1314, 1136, 1314, 1390, 1330, 1335, 1275, 1164, 1417, 1198, 1226, 1266, 1233, 1211, 1188, 1173, 1167, 1496, 1208, 1259, 1373, 1093, 1371, 1196, 1284, 1277, 1120, 1192, 1189, 1179, 1316, 1221, 1143, 1338, 1206, 1154, 1179, 1364, 1261, 1220, 1178, 1278, 1387, 1220, 1259, 1217, 1268, 1188, 1301, 1366, 1198, 1250, 1449, 1276, 1279, 1201, 1169, 1290, 1205, 1242, 1351, 1321, 1316, 1194, 1254, 1312, 1095, 1283, 1300, 1234, 1355, 1270, 1163, 1204, 1379, 1510, 1299, 1198, 1160, 1288, 1203, 1280, 1235, 1268, 1289, 1185, 1323, 1091, 1207, 1296, 1104, 1232, 1149, 1214, 1231, 1272, 1112, 1333, 1347, 1360, 1396, 1208, 1258, 1161, 1133, 1196, 1269, 1285, 1308, 1175, 1323, 1157, 1331, 1323, 1156, 1152, 1440, 1243, 1103, 1230, 1307, 1303, 1173, 1239, 1302, 1294, 1369, 1290, 1221, 1195, 1060, 1253, 1223, 1139, 1237, 1240, 1295, 1306, 1247, 1328, 1223, 1288, 1348, 1236, 1151, 1255, 1181, 1072, 1381, 1140, 1220, 1268, 1155, 1347, 1253, 1234, 1182, 1168, 1296, 1262, 1399, 1286, 1299, 1261, 1349, 1275, 1374, 1275, 1187, 1254, 1188, 1166, 1427, 1265, 1282, 1309, 1349, 1265, 1333, 1375, 1349, 1188, 1244, 1215, 1246, 1317, 1140, 1374, 1240, 1191, 1154, 1077, 1311, 1194, 1254, 1344, 1166, 1342, 1200, 1362, 1265, 1277, 1324, 1298, 1275, 1215, 1351, 1149, 1225, 1190, 1167, 1103, 1349, 1338, 1182, 1386, 1321, 1293, 1298, 1247, 1259, 1230, 1349, 1077, 1314, 1187, 1295, 1159, 1328, 1283, 1337, 1255, 1364, 1316, 1229, 1255, 1118, 1152, 1308, 1329, 1431, 1260, 1220, 1458, 1353, 1307, 1114, 1295, 1179, 1221, 1065, 1191, 1186, 1104, 1300, 1221, 1275, 1257, 1248, 1119, 1114, 1314, 1424, 1268, 1123, 1206, 1401, 1267, 1330, 1193, 1329, 1423, 1298, 1380, 1428, 1203, 1275, 1219, 1308, 1328, 1439, 1233, 1224, 1494, 1288, 1283, 1324, 1461, 1327, 1309, 1300, 1322, 1297, 1269, 1229, 1355, 1265, 1317, 1198, 1420, 1119, 1266, 1342, 1241, 1379, 1209, 1279, 1371, 1174, 1303, 1268, 1239, 1382, 1300, 1216, 1088, 1374, 1351, 1274, 1062, 1300, 1190, 1281, 1287, 1295, 1222, 1205, 1235, 1435, 1458, 1070, 1318, 1269, 1288, 1214, 1320, 1177, 1193, 1221, 1351, 1182, 1252, 1319, 1310, 1215, 1294, 1323, 1195, 1241, 1224, 1260, 1310, 1242, 1156, 1290, 1273, 1286, 1090, 1266, 1192, 1113, 1249, 1145, 1218, 1301, 1291, 1322, 1253, 1273, 1292, 1289, 1246, 1291, 1540, 1198, 1232, 1241, 1323, 1245, 1259, 1194, 1241, 1334, 1218, 1514, 1299, 1145, 1471, 1260, 1152, 1108, 1153, 1240, 1193, 1250, 1293, 1348, 1395, 1413, 1282, 1281, 1311, 1215, 1276, 1169, 1304, 1325, 1376, 1232, 1225, 1357, 1235, 1201, 1319, 1226, 1261, 1196, 1276, 1336, 1205, 1151, 1028, 1201, 1170, 1223, 1209, 1269, 1142, 1275, 1422, 1322, 1352, 1324, 1239, 1374, 1312, 1310, 1194, 1260, 1235, 1304, 1307, 1301, 1325, 1183, 1190, 1227, 1289, 1183, 1194, 1261, 1283, 1281, 1299, 1395, 1418, 1145, 1223, 1302, 1341, 1163, 1285, 1204, 1227, 1346, 1333, 1416, 1387, 1247, 1290, 1262, 1279, 1265, 1146, 1302, 1238, 1199, 1244, 1397, 1348, 1280, 1323, 1220, 1216, 1450, 1221, 1328, 1392, 1310, 1280, 1159, 1124, 1189, 1269, 1305, 1322, 1232, 1219, 1309, 1348, 1247, 1279, 1326, 1257, 1246, 1303, 1271, 1093, 1179, 1326, 1261, 1280, 1259, 1262, 1166, 1290, 1410, 1286, 1194, 1234, 1372, 1088, 1262, 1410, 1369, 1333, 1227, 1369, 1315, 1274, 1432, 1191, 1263, 1258, 1186, 1348, 1245, 1453, 1367, 1303, 1380, 1184, 1341, 1191, 1278, 1268, 1186, 1074, 1185, 1170, 1450, 1303, 1179, 1360, 1340, 1322, 1307, 1233, 1156, 1253, 1233, 1170, 1261, 1284, 1149, 1385, 1286, 1160, 1307, 1226, 1120, 1179, 1274, 1255, 1268, 1188, 1274, 1234, 1389, 1397, 1111, 1305, 1174, 1267, 1228, 1296, 1402, 1247, 1211, 1177, 1237, 1257, 1183, 1089, 1074, 1310, 1425, 1249, 1282, 1410, 1402, 1199, 1273, 1246, 1232, 1259, 1150, 1298, 1298, 1203, 1391, 1186, 1364, 1280, 1275, 1175, 1208, 1162, 1246, 1222, 1235, 1241, 1366, 1407, 1282, 1338, 1244, 1262, 1286, 1291, 1275, 1276, 1271, 1280, 1279, 1264, 1201, 1234, 1387, 1180, 1216, 1093, 1252, 1261, 1197, 1261, 1380, 1282, 1292, 1376, 1198, 1212, 1290, 1341, 1332, 1234, 1219, 1197, 1253, 1222, 1136, 1224, 1238, 1199, 1295, 1198, 1208, 1119, 1210, 1267, 1207, 1110, 1126, 1451, 1161, 1085, 1259, 1311, 1211, 1162, 1304, 1379, 1281, 1155, 1248, 1082, 1312, 1191, 1210, 1161, 1217, 1311, 1171, 1290, 1153, 1415, 1254, 1200, 1159, 1150, 1466, 1302, 1218, 1261, 1298, 1304, 1254, 1304, 1236, 1182, 1279, 1290, 1294, 1291, 1215, 1339, 1217, 1353, 1386, 1240, 1189, 1346, 1218, 1196, 1224, 1297, 1224, 1260, 1252, 1127, 1173, 1231, 1271, 1202, 1117, 1237, 1410, 1216, 1190, 1229, 1181, 1265, 1228, 1257, 1462, 1283, 1149, 1203, 1227, 1227, 1335, 1331, 1264, 1264, 1304, 1328, 1356, 1405, 1284, 1112, 1411, 1278, 1246, 1400, 1232, 1295, 1258, 1189, 1282, 1232, 1259, 1323, 1177, 1286, 1339, 1239, 1216, 1284, 1131, 1415, 1142, 1275, 1297, 1252, 1321, 1287, 1378, 1315, 1322, 1255, 1310, 1206, 1425, 1283, 1270, 1163, 1325, 1245, 1293, 1193, 1176, 1291, 1323, 1283, 1159, 1252, 1355, 1174, 1206, 1198, 1353, 1319, 1357, 1235, 1181, 1311, 1414, 1193, 1384, 1365, 1187, 1167, 1251, 1332, 1362, 1220, 1287, 1363, 1332, 1178, 1205, 1313, 1149, 1213, 1157, 1285, 1144, 1095, 1381, 1286, 1413, 1207, 1354, 1158, 1273, 1180, 1292, 1154, 1297, 1126, 1306, 1153, 1359, 1392, 1315, 1375, 1421, 1247, 1146, 1239, 1323, 1293, 1400, 1281, 1275, 1247, 1279, 1338, 1257, 1173, 1276, 1161, 1306, 1262, 1310, 1172, 1376, 1293, 1118, 1135, 1233, 1246, 1203, 1327, 1193, 1356, 1208, 1250, 1437, 1279, 1246, 1415, 1232, 1335, 1209, 1164, 1185, 1157, 1315, 1256, 1273, 1159, 1328, 1230, 1171, 1259, 1291, 1183, 1334, 1204, 1285, 1226, 1257, 1466, 1274, 1283, 1393, 1248, 1275, 1287, 1181, 1241, 1133, 1209, 1280, 1335, 1282, 1293, 1194, 1299, 1273, 1271, 1286, 1133, 1212, 1231, 1213, 1320, 1242, 1253, 1224, 1102, 1344, 1262, 1350, 1335, 1271, 1426, 1230, 1169, 1241, 1332, 1347, 1122, 1258, 1203, 1350, 1428, 1357, 1174, 1330, 1125, 1312, 1228, 1210, 1361, 1348, 1314, 1299, 1165, 1139, 1319, 1247, 1340, 1187, 1161, 1374, 1219, 1328, 1256, 1160, 1191, 1178, 1296, 1295, 1128, 1308, 1380, 1147, 1257, 1244, 1294, 1293, 1294, 1453, 1207, 1175, 1316, 1287, 1274, 1209, 1336, 1249, 1252, 1113, 1229, 1350, 1255, 1143, 1330, 1266, 1330, 1290, 1246, 1177, 1162, 1209, 1211, 1195, 1212, 1248, 1161, 1211, 1216, 1370, 1268, 1221, 1260, 1144, 1271, 1128, 1067, 1396, 1206, 1160, 1370, 1304, 1419, 1192, 1483, 1290, 1297, 1325, 1367, 1247, 1221, 1187, 1157, 1280, 1121, 1240, 1431, 1351, 1325, 1228, 1305, 1202, 1288, 1292, 1141, 1348, 1047, 1243, 1250, 1259, 1206, 1140, 1361, 1281, 1208, 1148, 1362, 1302, 1371, 1275, 1126, 1340, 1267, 1245, 1315, 1132, 1115, 1263, 1232, 1205, 1225, 1415, 1246, 1253, 1365, 1308, 1293, 1326, 1336, 1403, 1418, 1234, 1064, 1418, 1320, 1312, 1282, 1235, 1138, 1202, 1280, 1159, 1280, 1363, 1306, 1224, 1445, 1310, 1294, 1460, 1156, 1055, 1090, 1272, 1296, 1220, 1300, 1412, 1237, 1269, 1239, 1126, 1334, 1166, 1242, 1193, 1187, 1234, 1325, 1288, 1244, 1203, 1166, 1238, 1320, 1281, 1275, 1281, 1104, 1225, 1444, 1336, 1345, 1230, 1238, 1258, 1135, 1401, 1213, 1260, 1346, 1150, 1235, 1216, 1239, 1241, 1199, 1185, 1379, 1262, 1332, 1164, 1300, 1398, 1345, 1263, 1165, 1257, 1333, 1323, 1217, 1425, 1330, 1341, 1308, 1257, 1198, 1269, 1311, 1348, 1241, 1116, 1222, 1154, 1365, 1338, 1234, 1261, 1315, 1198, 1405, 1184, 1339, 1209, 1252, 1106, 1198, 1115, 1365, 1136, 1237, 1311, 1192, 1218, 1066, 1299, 1399, 1186, 1303, 1132, 1140, 1327, 1330, 1205, 1387, 1108, 1272, 1447, 1252, 1187, 1192, 1339, 1194, 1388, 1288, 1150, 1091, 1341, 1291, 1285, 1299, 1355, 1285, 1234, 1248, 1347, 1125, 1222, 1430, 1235, 1207, 1367, 1328, 1429, 1345, 1168, 1369, 1113, 1363, 1358, 1181, 1267, 1365, 1139, 1157, 1262, 1319, 1144, 1423, 1206, 1271, 1428, 1174, 1454, 1181, 1370, 1265, 1306, 1141, 1326, 1182, 1265, 1173, 1469, 1238, 1226, 1341, 1443, 1259, 1203, 1161, 1214, 1294, 1338, 1383, 1280, 1202, 1184, 1253, 1197, 1289, 1351, 1170, 1358, 1206, 1242, 1325, 1157, 1252, 1129, 1297, 1305, 1338, 1201, 1259, 1407, 1306, 1272, 1281, 1202, 1176, 1194, 1254, 1147, 1159, 1242, 1174, 1306, 1340, 1231, 1257, 1311, 1398, 1180, 1523, 1164, 1360, 1136, 1217, 1206, 1185, 1303, 1126, 1360, 1360, 1257, 1344, 1120, 1098, 1276, 1191, 1341, 1376, 1168, 1287, 1214, 1356, 1199, 1235, 1346, 1475, 1259, 1156, 1281, 1245, 1242, 1416, 1225, 1050, 1220, 1267, 1385, 1307, 1488, 1322, 1216, 1196, 1267, 1093, 1339, 1325, 1320, 1194, 1217, 1289, 1266, 1398, 1292, 1367, 1185, 1340, 1133, 1312, 1401, 1191, 1266, 1306, 1236, 1368, 1364, 1315, 1252, 1248, 1241, 1065, 1268, 1215, 1289, 1213, 1416, 1372, 1121, 1125, 1256, 1324, 1209, 1399, 1364, 1150, 1172, 1399, 1238, 1199, 1204, 1175, 1373, 1205, 1232, 1401, 1247, 1317, 1268, 1185, 1332, 1291, 1186, 1169, 1215, 1244, 1164, 1313, 1391, 1289, 1262, 1285, 1133, 1364, 1288, 1384, 1106, 1286, 1415, 1255, 1132, 1366, 1184, 1373, 1344, 1355, 1186, 1153, 1080, 1229, 1206, 1364, 1248, 1282, 1210, 1081, 1244, 1334, 1232, 1371, 1355, 1146, 1268, 1461, 1209, 1278, 1327, 1341, 1373, 1304, 1304, 1234, 1227, 1326, 1310, 1305, 1323, 1314, 1281, 1292, 1322, 1124, 1233, 1171, 1330, 1354, 1249, 1225, 1182, 1300, 1258, 1290, 1251, 1255, 1267, 1262, 1223, 1207, 1282, 1216, 1149, 1198, 1230, 1203, 1226, 1407, 1284, 1334, 1278, 1229, 1233, 1172, 1192, 1253, 1388, 1277, 1360, 1272, 1392, 1139, 1188, 1243, 1164, 1428, 1260, 1246, 1361, 1341, 1242, 1156, 1240, 1318, 1247, 1116, 1223, 1191, 1267, 1212, 1230, 1360, 1347, 1336, 1305, 1268, 1340, 1363, 1313, 1364, 1201, 1247, 1269, 1251, 1336, 1271, 1254, 1110, 1106, 1253, 1156, 1264, 1242, 1252, 1165, 1276, 1106, 1226, 1228, 1403, 1352, 1275, 1240, 1216, 1312, 1309, 1372, 1320, 1382, 1252, 1366, 1395, 1127, 1268, 1321, 1283, 1382, 1313, 1203, 1266, 1156, 1243, 1370, 1229, 1265, 1391, 1235, 1482, 1306, 1332, 1196, 1244, 1305, 1294, 1400, 1221, 1215, 1253, 1346, 1175, 1220, 1344, 1367, 1310, 1174, 1329, 1169, 1219, 1214, 1256, 1285, 1259, 1144, 1221, 1225, 1275, 1128, 1118, 1071, 1148, 1198, 1218, 1039, 1188, 1154, 1263, 1315, 1222, 1265, 1215, 1158, 1269, 1259, 1317, 1303, 1437, 1201, 1134, 1346, 1207, 1203, 1253, 1148, 1378, 1348, 1173, 1439, 1148, 1197, 1251, 1278, 1334, 1169, 1341, 1265, 1394, 1236, 1222, 1330, 1359, 1293, 1321, 1290, 1184, 1317, 1298, 1308, 1239, 1257, 1387, 1282, 1154, 1259, 1217, 1328, 1319, 1195, 1325, 1311, 1161, 1243, 1217, 1208, 1221, 1226, 1213, 1261, 1151, 1193, 1250, 1337, 1164, 1268, 1199, 1188, 1204, 1276, 1311, 1353, 1273, 1145, 1127, 1344, 1312, 1292, 1294, 1185, 1354, 1365, 1348, 1275, 1319, 1254, 1280, 1219, 1152, 1284, 1302, 1313, 1307, 1147, 1420, 1230, 1215, 1249, 1203, 1295, 1384, 1206, 1184, 1300, 1274, 1437, 1221, 1170, 1158, 1323, 1224, 1267, 1279, 1382, 1414, 1184, 1375, 1177, 1232, 1246, 1402, 1160, 1321, 1202, 1260, 1291, 1463, 1180, 1294, 1163, 1232, 1109, 1193, 1260, 1175, 1310, 1146, 1283, 1308, 1166, 1282, 1258, 1291, 1298, 1119, 1288, 1340, 1360, 1203, 1210, 1394, 1290, 1237, 1158, 1413, 1267, 1483, 1193, 1203, 1389, 1464, 1203, 1236, 1097, 1179, 1401, 1271, 1333, 1372, 1173, 1347, 1171, 1269, 1258, 1121, 1147, 1256, 1352, 1147, 1220, 1294, 1100, 1253, 1417, 1299, 1363, 1228, 1256, 1261, 1196, 1067, 1286, 1259, 1198, 1381, 1278, 1101, 1234, 1172, 1219, 1257, 1313, 1253, 1171, 1291, 1252, 1069, 1139, 1240, 1272, 1258, 1320, 1403, 1157, 1538, 1247, 1147, 1266, 1145, 1090, 1438, 1371, 1252, 1249, 1358, 1077, 1339, 1112, 1298, 1118, 1316, 1212, 1323, 1345, 1207, 1271, 1289, 1209, 1190, 1337, 1209, 1413, 1219, 1219, 1230, 1217, 1177, 1228, 1278, 1148, 1146, 1123, 1379, 1284, 1203, 1195, 1221, 1246, 1202, 1263, 1268, 1310, 1377, 1188, 1184, 1314, 1471, 1192, 1163, 1315, 1302, 1235, 1331, 1187, 1159, 1366, 1110, 1124, 1339, 1268, 1344, 1287, 1191, 1236, 1270, 1173, 1149, 1184, 1419, 1161, 1178, 1220, 1305, 1103, 1307, 1155, 1399, 1276, 1146, 1217, 1160, 1371, 1346, 1202, 1347, 1393, 1205, 1342, 1294, 1209, 1277, 1301, 1308, 1070, 1421, 1344, 1198, 1182, 1296, 1479, 1347, 1284, 1306, 1219, 1248, 1229, 1237, 1293, 1270, 1265, 1388, 1229, 1344, 1491, 1320, 1267, 1276, 1214, 1196, 1230, 1233, 1204, 1325, 1239, 1356, 1264, 1145, 1360, 1462, 1298, 1153, 1275, 1103, 1097, 1261, 1192, 1186, 1279, 1270, 1331, 1339, 1024, 1151, 1252, 1321, 1291, 1377, 1301, 1411, 1214, 1333, 1164, 1403, 1203, 1248, 1246, 1406, 1386, 1263, 1273, 1436, 1165, 1332, 1396, 1218, 1113, 1268, 1333, 1096, 1389, 1193, 1235, 1133, 1308, 1157, 1286, 1229, 1222, 1286, 1241, 1127, 1089, 1171, 1408, 1304, 1092, 1298, 1157, 1348, 1370, 1109, 1292, 1273, 1190, 1284, 1373, 1269, 1213, 1305, 1220, 1262, 1286, 1245, 1226, 1408, 1194, 1254, 1268, 1223, 1425, 1512, 1260, 1357, 1075, 1306, 1316, 1228, 1161, 1213, 1143, 1281, 1181, 1378, 1174, 1373, 1242, 1318, 1015, 1176, 1452, 1295, 1218, 1090, 1321, 1241, 1245, 1158, 1269, 1307, 1226, 1255, 1328, 1234, 1314, 1266, 1329, 1321, 1331, 1468, 1036, 1384, 1324, 1409, 1242, 1245, 1311, 1199, 1226, 1270, 1140, 1225, 1130, 1255, 1085, 1345, 1297, 1384, 1207, 1261, 1336, 1257, 1270, 1281, 1243, 1164, 1265, 1188, 1401, 1088, 1342, 1130, 1245, 1126, 1257, 1245, 1223, 1261, 1467, 1368, 1232, 1089, 1337, 1306, 1218, 1210, 1093, 1159, 970, 1339, 1250, 1271, 1290, 1348, 1255, 1300, 1248, 1255, 1343, 1218, 1096, 1419, 1275, 1202, 1106, 1329, 1288, 1447, 1088, 1254, 1363, 1376, 1267, 1181, 1350, 1133, 1206, 1349, 1162, 1179, 1184, 1239, 1229, 1149, 1335, 1235, 1310, 1234, 1147, 1138, 1212, 1298, 1408, 1227, 1192, 1232, 1314, 1102, 1200, 1361, 1120, 1248, 1296, 1202, 1097, 1490, 1246, 1058, 1174, 1169, 1227, 1415, 1303, 1313, 1262, 1215, 1181, 1362, 1204, 1320, 1244, 1395, 1213, 1119, 1176, 1194, 1359, 1138, 1252, 1559, 1172, 1122, 1288, 1215, 1332, 1317, 1222, 1321, 1277, 1263, 1259, 1236, 1197, 1284, 1429, 1303, 1119, 1275, 1251, 1327, 1334, 1265, 1177, 1315, 1294, 1223, 1477, 1337, 1162, 1218, 1207, 1250, 1223, 1287, 1243, 1355, 1382, 1151, 1186, 1166, 1165, 1296, 1339, 1312, 1393, 1430, 1185, 1319, 1127, 1423, 1166, 1389, 1311, 1244, 1323, 1411, 1159, 1193, 1385, 1483, 1156, 1083, 1340, 1213, 1222, 1322, 1226, 1273, 1335, 1259, 1213, 1090, 1294, 1234, 1404, 1197, 1213, 1196, 1236, 1108, 1198, 1248, 1316, 1337, 1308, 1318, 1280, 1290, 1280, 1200, 1259, 1311, 1335, 1270, 1222, 1309, 1208, 1280, 1194, 1222, 1338, 1202, 1289, 1238, 1233, 1372, 1284, 1280, 1307, 1258, 1203, 1206, 1259, 1203, 1279, 1185, 1202, 1243, 1160, 1273, 1123, 1350, 1419, 1324, 1205, 1245, 1287, 1140, 1181, 1322, 1252, 1364, 1262, 1347, 1268, 1158, 1236, 1090, 1177, 1123, 1268, 1340, 1192, 1335, 1190, 1191, 1175, 1295, 1329, 1192, 1267, 1349, 1326, 1294, 1216, 1208, 1403, 1294, 1266, 1333, 1385, 1203, 1217, 1207, 1120, 1153, 1431, 1282, 1412, 1275, 1223, 1215, 1245, 1072, 1166, 1170, 972, 1331, 1203, 1346, 1126, 1010, 1255, 1387, 1253, 1259, 1349, 1266, 1378, 1120, 1253, 1319, 1250, 1235, 1266, 1296, 1238, 1155, 1199, 1181, 1149, 1137, 1329, 1318, 1349, 1386, 1114, 1216, 1228, 1360, 1172, 1329, 1331, 1340, 1094, 1317, 1278, 1323]

[btf]
  Promedio : 2129.7s
  Desvío   : 115.8s
  IC 95%   : [2126.5s, 2132.9s]
  Mínimo   : 1590s
  Máximo   : 2536s
  Tiempos  : [2134, 2058, 2162, 2057, 2024, 2293, 2318, 2010, 2216, 1947, 2279, 2072, 2052, 2121, 2185, 2368, 2133, 2245, 2116, 2067, 2068, 2301, 2145, 2199, 2192, 2221, 1886, 2008, 2391, 1954, 2027, 2175, 2087, 2300, 2028, 2278, 2288, 2165, 2168, 1992, 2106, 2241, 2176, 1971, 2121, 1931, 1851, 2114, 2095, 2207, 2005, 2005, 2346, 2073, 2211, 2093, 2045, 2339, 1980, 2077, 2168, 2014, 2021, 1988, 2257, 2181, 2111, 2128, 2196, 2213, 2057, 2079, 2090, 1941, 2149, 2220, 2236, 2199, 2249, 2237, 2176, 2160, 2184, 2090, 2083, 2279, 2246, 2059, 2058, 2133, 2239, 2081, 2428, 1977, 1939, 2198, 1950, 2261, 2135, 2047, 2132, 2113, 2191, 2118, 1958, 2085, 1942, 2054, 2123, 2337, 1969, 2012, 2083, 2157, 2176, 1922, 1957, 2214, 2121, 2192, 2144, 1955, 2239, 2005, 2142, 2150, 2235, 2247, 2073, 2018, 2274, 2161, 2037, 2061, 2296, 2190, 2042, 1993, 2051, 2014, 2112, 2070, 2137, 2273, 2405, 2116, 2056, 2238, 1920, 2168, 1966, 2043, 2013, 2270, 2141, 2224, 2178, 2052, 2004, 2140, 2071, 2225, 2020, 2378, 1984, 2360, 2025, 2204, 2358, 2095, 2099, 2237, 2203, 2091, 2229, 2123, 1964, 2104, 2206, 2088, 1979, 2153, 1970, 2292, 2177, 2074, 2268, 2178, 2236, 2256, 2127, 2188, 2234, 2149, 2172, 2179, 2333, 1926, 2163, 2114, 2269, 2018, 2191, 2246, 1977, 2058, 2209, 2207, 2229, 2173, 2144, 2064, 2022, 2041, 2092, 2055, 2063, 2129, 2019, 2098, 2137, 2195, 2085, 2205, 2165, 2228, 1923, 2191, 2049, 2279, 2126, 2185, 2078, 2241, 1999, 2210, 1955, 2098, 2202, 2235, 2349, 2006, 2189, 2121, 2029, 1967, 2318, 2100, 2104, 2349, 2079, 2194, 2236, 2111, 2085, 2151, 2117, 1996, 2066, 2221, 1943, 1934, 2171, 2246, 2080, 2016, 2040, 2105, 2338, 1960, 1986, 2061, 2195, 2114, 2008, 2263, 2027, 2362, 2310, 2081, 2208, 2370, 2177, 2246, 2181, 2097, 2142, 2144, 2223, 2185, 2174, 2107, 2237, 2237, 2057, 2015, 2392, 2337, 2126, 2171, 2018, 2231, 2086, 2192, 2263, 2164, 2183, 2382, 2033, 2017, 1931, 2072, 2074, 2199, 2054, 1913, 1822, 2050, 1859, 2180, 2143, 2180, 2238, 2173, 2278, 2133, 2212, 2041, 2199, 2078, 2139, 2296, 2168, 2108, 2051, 2151, 2194, 2122, 2197, 2096, 2092, 2001, 2130, 2300, 2176, 2036, 2093, 2241, 2242, 1957, 2167, 2141, 2099, 2238, 2201, 2296, 2186, 2109, 2220, 2015, 1987, 1840, 1966, 2212, 2167, 1966, 2077, 2217, 2146, 2111, 2210, 2141, 2312, 2117, 2153, 2314, 2021, 2006, 2219, 2061, 2164, 2117, 2152, 2213, 2226, 2103, 2028, 2125, 2366, 2258, 2010, 1986, 2015, 2291, 2127, 2101, 2360, 2128, 2283, 2036, 2212, 2091, 2045, 2105, 2244, 2106, 2054, 2276, 1955, 2121, 1938, 2123, 2079, 2135, 2123, 2088, 2226, 2352, 1931, 2188, 2152, 1949, 2118, 1935, 2300, 1966, 2142, 2154, 2245, 2176, 2251, 2144, 2232, 2146, 1945, 1989, 2228, 2036, 2283, 2197, 1943, 2207, 2164, 2154, 2004, 2166, 2046, 1960, 2210, 2120, 1964, 2212, 2240, 2134, 2164, 2198, 2125, 2255, 2304, 1936, 2166, 1976, 1987, 1984, 2387, 2003, 2214, 2132, 2128, 2129, 2159, 2014, 2219, 2078, 2112, 2079, 2080, 2077, 1917, 1967, 2106, 2290, 2074, 2081, 2216, 2058, 2203, 2267, 2004, 2120, 2041, 2419, 2186, 2324, 2000, 2332, 2279, 2162, 2301, 2078, 2282, 2131, 1899, 2081, 2070, 2300, 2139, 1947, 2306, 2067, 2233, 2078, 2183, 2212, 2322, 1992, 2221, 2207, 2092, 1970, 2017, 2050, 1961, 2047, 2264, 2116, 2144, 2103, 2257, 1916, 1916, 2109, 2244, 2174, 2159, 2089, 1881, 1923, 2164, 1986, 1983, 2217, 2032, 1949, 1961, 2131, 2139, 2118, 1977, 2102, 2143, 2143, 1912, 2220, 2167, 2083, 2113, 1999, 1976, 2108, 2106, 2134, 2015, 2219, 2174, 1967, 2117, 2107, 2163, 2091, 2190, 2015, 2168, 2362, 1946, 2308, 2148, 2067, 2142, 2252, 2021, 2026, 1978, 2168, 2188, 2233, 2043, 1988, 2325, 2021, 2061, 2165, 1931, 2143, 2155, 2334, 2136, 2238, 1987, 2106, 1923, 2060, 2247, 2226, 2049, 2079, 2147, 2286, 2153, 2199, 2031, 2171, 2049, 2033, 2017, 2274, 2145, 2076, 2124, 2156, 2104, 2196, 2173, 2176, 1981, 2219, 2182, 2258, 1801, 2082, 2229, 2212, 2078, 2003, 1759, 2206, 2164, 2161, 2332, 2025, 1983, 2145, 2237, 2108, 2056, 1983, 2322, 2079, 2270, 2183, 2047, 2217, 2170, 2059, 2038, 2202, 2128, 2090, 2162, 2097, 2315, 2188, 2193, 2357, 2001, 2081, 2090, 2084, 2209, 2049, 2025, 2181, 2381, 2163, 2193, 2052, 1953, 2043, 2252, 2082, 2139, 2032, 2187, 2014, 2084, 2269, 2225, 2331, 2100, 2193, 1988, 1963, 2088, 2107, 2361, 2264, 2183, 2053, 2300, 2104, 2025, 2341, 2072, 2067, 2278, 2432, 1982, 2302, 2085, 2086, 2143, 2132, 2067, 2046, 1986, 2255, 2173, 2021, 2035, 2166, 2113, 2230, 2309, 1906, 2076, 2115, 2171, 2356, 2126, 2108, 2274, 2328, 2247, 2034, 2083, 2266, 2215, 2074, 1989, 2194, 2046, 2178, 2195, 2283, 2192, 2120, 2137, 2398, 2136, 1809, 2178, 1981, 2317, 2172, 2133, 2033, 2258, 2244, 2022, 2269, 2062, 2049, 2169, 2122, 2137, 1917, 2103, 2225, 1979, 2057, 2063, 2412, 2053, 2133, 2226, 2149, 2292, 1979, 2200, 2078, 2119, 2201, 1987, 2053, 2198, 2078, 2112, 1919, 1985, 2204, 2159, 2019, 2159, 2105, 2046, 2125, 1860, 2164, 2024, 1988, 2455, 2229, 2215, 2084, 2131, 2172, 1861, 2160, 2200, 2236, 2362, 2045, 2249, 2172, 2330, 2143, 1896, 2124, 2171, 2122, 2250, 2088, 2020, 2173, 2005, 2099, 1840, 2117, 2208, 1990, 1991, 2239, 2036, 2008, 2099, 2291, 2128, 1964, 2359, 2093, 2212, 2051, 2045, 2073, 2106, 2210, 2104, 2199, 2182, 2162, 2150, 2250, 2236, 2133, 2184, 2176, 2101, 2274, 2030, 2030, 2308, 2317, 2154, 2234, 2209, 2297, 2095, 2060, 2084, 1865, 1821, 2014, 2234, 2192, 2055, 2300, 2152, 1824, 2021, 2178, 2347, 2119, 2024, 2226, 2186, 2164, 2138, 2100, 2227, 2211, 2112, 2183, 2126, 2071, 2100, 2224, 2276, 2216, 2315, 2163, 2138, 2087, 2203, 2184, 1981, 1998, 2123, 1897, 2100, 2268, 2190, 2185, 2090, 2099, 2083, 2120, 2097, 1988, 2193, 2319, 2089, 1956, 1976, 2124, 2000, 1981, 2132, 2093, 1946, 2213, 1956, 2156, 2183, 2164, 2044, 2149, 2275, 2130, 2249, 1949, 2220, 2126, 2278, 2229, 2090, 2250, 2217, 2008, 2193, 2045, 1941, 2057, 2188, 2281, 2288, 2186, 2129, 2149, 1935, 1947, 2081, 2141, 2014, 2125, 2196, 2155, 2090, 2104, 2062, 2131, 2129, 2126, 2161, 2423, 2320, 2282, 2205, 2278, 2113, 2247, 2348, 2265, 2186, 2176, 2209, 2046, 2115, 2215, 2075, 2207, 2240, 2155, 2058, 2318, 2284, 1878, 2083, 2030, 2057, 2240, 2118, 2308, 2079, 2253, 2114, 2080, 2139, 2074, 2226, 2013, 2186, 2190, 2136, 2009, 2227, 2140, 2204, 2033, 1928, 2302, 2187, 1980, 2013, 2058, 2108, 2241, 2180, 2125, 2032, 2043, 2267, 2189, 2079, 2120, 2206, 2391, 2133, 2031, 2173, 2297, 2245, 2089, 1939, 2262, 2077, 2131, 2063, 2336, 2308, 1964, 2159, 2028, 2049, 2282, 2378, 2241, 2304, 1969, 2159, 2302, 1920, 2208, 2126, 2069, 2041, 2062, 2003, 2284, 2215, 2190, 1963, 2103, 2025, 2219, 2065, 2218, 2133, 2240, 2292, 2172, 2005, 2108, 1973, 1991, 2099, 2132, 2182, 2049, 1917, 2242, 2203, 2077, 2119, 2065, 1956, 2281, 1996, 2123, 2280, 2190, 2170, 2023, 2221, 2113, 2232, 2141, 2150, 2176, 2000, 2046, 2129, 2297, 2161, 2026, 2081, 2184, 2219, 2000, 2142, 2212, 2026, 2281, 2205, 2089, 2038, 2215, 2078, 2019, 2029, 2113, 2075, 1967, 2013, 2197, 2103, 1932, 2234, 2100, 2262, 2130, 2236, 2131, 2195, 2159, 2179, 2205, 2210, 2205, 2132, 2064, 2117, 2060, 2269, 1932, 2052, 2170, 2019, 2286, 2187, 2229, 1884, 2108, 1977, 2073, 2187, 2076, 1920, 2080, 2099, 2149, 2209, 2234, 2145, 2142, 2022, 1882, 2102, 2261, 2029, 2209, 2057, 2298, 2021, 2208, 2091, 2296, 2187, 2205, 2274, 2197, 2226, 2296, 2097, 2170, 1986, 2250, 2232, 2088, 1901, 2324, 2253, 2332, 2218, 2082, 1922, 2251, 2495, 2279, 2137, 2036, 2033, 2176, 2112, 2062, 2106, 2223, 2209, 2066, 2071, 2011, 2178, 1980, 2207, 2009, 2251, 2242, 2182, 1881, 2419, 2399, 2127, 2289, 2068, 2049, 2209, 2261, 2058, 2025, 1963, 2330, 2267, 2260, 2201, 2072, 2101, 2089, 2027, 2271, 2214, 1926, 2077, 2053, 2022, 2132, 2094, 1934, 2053, 2320, 2224, 2103, 2134, 2309, 2329, 2180, 2007, 2057, 2059, 2231, 2107, 2005, 2090, 2163, 2152, 2174, 2100, 2281, 2281, 2111, 2177, 2117, 1987, 2073, 1984, 2085, 2263, 2321, 2357, 2183, 2022, 2014, 2057, 2489, 2180, 2134, 2189, 2048, 2217, 1982, 2007, 1966, 2191, 2150, 2206, 1984, 2142, 2186, 2216, 2363, 2310, 2246, 2313, 2202, 2026, 2157, 2406, 1846, 2203, 2041, 2083, 2099, 2178, 2008, 2241, 2063, 2358, 2246, 2022, 2265, 2042, 2137, 2130, 1999, 2057, 2230, 2046, 2205, 1940, 2391, 2153, 2116, 2176, 2142, 2028, 2303, 2202, 2375, 2051, 2061, 2097, 2089, 2101, 2010, 2192, 2243, 2125, 2099, 2272, 2148, 2277, 2151, 1904, 2059, 1989, 2254, 2285, 2089, 1936, 2050, 2388, 2063, 2304, 2212, 2339, 1866, 2134, 2235, 2073, 2114, 2002, 2300, 1943, 2251, 2135, 2061, 2118, 2183, 2266, 2067, 1999, 1866, 2123, 2064, 2185, 2096, 2272, 2265, 2062, 2107, 2089, 2132, 2265, 2094, 1941, 2178, 2146, 2213, 2197, 2024, 2131, 2144, 2200, 2001, 2093, 1928, 2161, 2097, 2054, 2368, 2074, 2034, 2115, 2263, 2050, 2336, 2325, 1953, 2068, 1900, 2157, 2284, 2241, 2058, 1762, 2242, 2146, 2059, 2002, 2261, 1888, 2244, 2237, 2238, 2138, 2081, 2113, 2077, 2161, 2017, 1997, 2179, 1728, 1915, 2073, 2154, 2092, 2171, 1983, 2139, 2107, 2098, 2178, 2139, 2356, 2000, 1956, 2116, 2196, 2257, 2122, 2287, 2233, 1945, 2097, 2037, 2179, 2026, 2161, 2183, 2235, 1971, 2233, 2191, 2135, 1931, 1868, 2095, 1976, 1907, 2064, 2000, 2044, 2259, 1928, 2100, 2333, 2104, 2097, 1919, 2040, 2260, 2155, 2172, 2155, 2259, 1970, 2086, 2259, 2023, 2074, 2457, 2052, 2299, 2105, 2450, 2023, 2008, 2065, 2159, 2272, 2005, 2209, 2293, 2318, 2295, 2114, 1960, 2220, 2137, 2217, 2161, 2215, 2038, 2039, 2128, 2230, 2003, 2205, 2106, 2321, 2254, 2233, 2288, 2133, 2129, 2180, 1910, 2208, 2110, 1947, 1913, 2136, 1903, 2372, 2099, 2143, 2358, 2352, 2095, 2165, 2212, 2085, 2137, 2181, 2258, 2007, 2130, 2189, 2081, 2131, 2263, 1996, 2112, 2170, 2351, 1998, 1842, 2040, 2081, 2039, 2145, 2047, 2109, 2003, 2181, 2168, 2087, 1989, 2218, 2235, 2281, 2196, 2162, 2005, 2247, 2148, 2150, 2154, 2400, 2025, 2229, 2248, 2198, 2053, 2249, 2189, 1927, 2243, 2084, 2269, 2082, 2136, 2181, 2167, 2153, 2105, 2182, 2095, 1964, 2245, 2262, 2066, 2119, 1834, 2245, 2145, 2051, 2050, 2205, 2137, 2181, 2124, 2427, 2084, 1945, 1949, 1970, 2327, 2132, 2227, 2126, 2176, 1943, 2019, 2264, 2120, 1971, 2208, 2097, 2029, 2097, 2232, 2293, 2018, 1988, 2111, 2043, 2122, 1983, 2055, 2236, 2047, 1967, 2299, 2152, 2105, 2003, 1916, 2149, 2068, 2255, 2055, 2076, 2070, 2209, 2143, 2366, 2090, 2180, 2268, 2105, 2110, 2233, 2243, 2175, 2087, 2040, 2217, 2149, 2098, 2185, 2009, 1992, 2308, 2177, 2012, 2221, 2041, 2361, 2237, 1939, 2169, 2248, 2111, 2186, 2238, 2096, 2092, 1983, 2202, 2130, 2144, 2219, 2190, 2037, 2064, 2147, 2122, 1913, 2321, 2038, 2036, 2197, 2078, 2118, 2087, 2195, 2226, 2139, 2213, 1973, 1949, 1921, 2154, 2062, 2217, 1968, 2244, 2211, 2144, 2002, 2045, 2153, 2218, 2144, 2082, 2306, 2207, 2133, 2059, 2210, 2282, 1937, 2265, 2202, 2102, 2323, 2231, 2081, 2206, 2187, 2356, 2060, 2226, 2082, 2108, 2203, 2035, 2181, 2178, 2025, 2146, 1957, 1971, 2041, 2223, 2132, 2309, 1995, 2258, 2148, 2069, 2131, 1990, 1993, 2045, 1928, 2490, 2160, 2113, 2043, 2350, 1998, 2201, 1995, 2374, 2386, 2109, 2308, 2030, 2196, 2280, 2131, 2120, 2201, 2330, 2017, 2195, 2125, 2232, 2161, 2250, 2073, 2090, 2003, 2127, 1992, 2083, 2243, 2190, 2011, 2084, 2370, 2175, 2064, 2280, 2201, 2259, 2076, 2232, 2204, 2132, 1958, 2155, 1935, 2047, 2212, 2102, 2166, 2115, 2122, 2068, 2166, 2042, 2065, 2028, 2016, 2127, 1992, 2487, 2340, 2320, 2376, 2200, 2114, 2029, 2059, 1973, 2182, 2010, 2159, 2235, 2225, 2186, 2034, 2175, 2060, 2141, 2107, 2072, 2216, 1925, 2103, 2186, 2103, 2271, 2018, 2069, 1903, 1929, 2047, 2161, 2092, 2079, 2319, 2121, 2197, 2173, 2057, 1988, 2227, 2333, 2116, 2216, 2026, 2081, 1992, 2206, 1983, 2279, 2189, 2245, 2058, 2062, 2131, 2169, 2313, 2349, 2270, 2089, 2082, 2050, 2289, 2137, 2179, 2144, 2156, 2268, 2100, 2295, 2113, 2127, 2095, 2039, 2107, 2064, 2241, 2229, 2126, 2194, 1985, 2226, 2178, 2230, 2064, 2190, 1916, 2037, 2239, 1982, 2096, 2158, 2361, 2153, 2124, 2170, 2122, 2186, 2220, 2022, 1984, 2237, 2244, 2115, 2031, 1986, 2106, 2048, 2076, 2166, 2343, 2232, 1988, 1984, 2003, 2181, 2211, 2146, 2234, 2211, 2227, 2131, 2227, 2214, 2216, 2208, 1964, 2162, 2198, 1958, 2185, 1987, 2091, 2193, 2092, 2292, 2138, 2229, 2185, 2172, 2036, 2163, 2172, 2086, 2049, 2277, 2142, 2086, 2161, 2113, 2146, 2228, 2141, 2135, 2215, 2056, 2128, 2220, 2179, 2029, 2274, 2136, 2046, 2203, 2048, 2264, 2097, 2119, 2161, 2074, 2174, 2052, 2220, 2193, 2016, 2220, 2119, 2023, 2052, 2179, 2236, 2099, 2007, 2158, 2123, 2125, 2076, 1951, 2181, 2238, 2284, 2351, 2337, 2142, 2094, 2075, 2230, 1962, 2094, 2179, 2134, 2142, 2149, 2368, 2173, 2109, 2128, 2054, 2258, 2104, 2069, 2278, 1921, 2147, 2302, 2084, 2300, 2381, 2131, 2227, 2362, 2128, 2252, 1963, 2022, 1928, 2174, 2397, 2028, 2224, 2013, 2187, 2116, 2108, 2147, 2024, 2251, 2089, 2261, 2110, 2116, 2158, 2230, 2104, 2115, 2222, 2187, 2029, 2358, 2267, 2018, 2205, 2130, 1984, 2053, 2213, 2338, 2408, 2014, 2107, 2376, 2320, 2129, 1912, 2110, 2089, 2284, 2143, 2318, 2025, 2294, 2079, 1855, 2201, 2067, 1939, 2145, 2142, 1912, 2125, 2168, 2017, 2191, 2257, 2264, 2355, 2220, 2274, 1983, 2104, 2054, 1997, 1994, 2017, 2131, 2156, 2023, 2215, 2115, 2216, 2141, 2006, 2005, 2096, 2005, 2169, 2141, 2118, 1951, 2119, 2072, 2110, 2090, 2056, 2024, 2261, 2143, 2315, 2235, 1916, 2114, 2001, 1918, 2291, 2139, 2239, 2222, 2119, 2161, 2294, 2260, 2116, 2211, 1895, 2205, 2218, 2174, 2172, 2218, 2031, 2023, 2120, 2295, 2231, 2156, 2032, 2351, 2152, 2124, 2190, 2005, 2204, 2320, 1998, 2158, 2124, 2065, 2287, 2180, 2062, 2176, 1953, 1983, 2189, 2194, 2216, 2154, 1903, 2307, 2070, 2198, 2160, 2102, 1958, 2140, 2149, 2137, 2185, 2202, 2251, 1919, 2145, 2135, 2065, 2204, 2259, 1932, 2069, 2209, 2197, 2437, 2217, 2160, 2169, 2148, 2058, 2000, 2134, 2156, 2145, 1824, 1984, 2185, 2217, 2174, 2038, 1985, 2170, 1963, 2097, 2091, 2188, 2268, 1931, 2056, 2261, 1884, 2110, 2013, 2065, 2197, 2057, 2094, 2058, 2266, 2094, 2253, 2155, 2107, 2015, 2250, 2249, 2121, 2204, 2050, 2079, 1983, 2184, 2331, 2031, 2147, 2091, 2225, 2156, 2147, 2086, 2213, 2025, 2115, 2100, 2290, 2170, 2126, 2054, 1938, 2290, 2209, 1848, 2104, 2185, 2149, 2130, 2062, 2148, 2211, 1863, 2071, 2184, 2392, 1805, 2344, 2147, 2107, 2033, 2062, 2045, 2140, 2263, 2259, 2350, 2334, 2086, 1913, 2194, 2103, 2089, 2199, 2044, 2205, 1986, 2142, 2096, 2108, 2222, 2201, 1999, 2277, 2154, 2132, 2105, 2001, 1955, 2192, 2057, 2219, 2335, 2331, 2242, 2047, 2058, 2116, 2201, 2038, 2280, 2187, 1964, 2083, 2135, 2083, 2341, 2188, 2370, 2079, 2263, 1932, 2281, 2088, 2185, 2014, 2146, 1839, 2099, 2003, 2119, 2010, 2487, 2183, 2191, 2291, 2049, 2297, 2270, 2022, 2185, 2139, 1789, 1921, 1999, 1953, 2164, 2127, 2051, 2119, 2178, 2073, 2382, 2166, 1987, 2239, 2030, 2053, 2018, 2275, 2243, 2366, 2106, 2055, 2094, 2047, 2356, 1944, 1980, 2014, 2054, 2120, 2172, 2217, 2018, 2045, 1917, 2171, 2335, 2028, 2046, 2202, 2119, 2191, 1837, 2199, 2193, 2069, 2293, 2187, 2245, 2238, 1874, 2079, 2071, 2323, 2076, 2172, 2221, 2006, 2248, 2013, 1916, 2249, 2090, 2153, 2173, 2336, 2338, 2241, 2205, 1993, 2129, 2074, 2132, 2059, 2078, 2043, 1992, 1730, 2034, 2039, 2094, 2214, 2187, 2038, 2254, 2251, 2226, 1986, 2068, 2186, 2149, 2362, 1987, 2089, 1881, 2037, 2177, 2162, 2164, 1920, 1965, 2153, 1999, 2302, 2096, 1987, 1964, 2259, 2167, 2172, 2021, 2185, 2173, 2201, 2069, 2192, 2238, 2226, 2200, 2123, 2275, 2031, 2125, 1948, 2182, 2060, 2004, 2320, 2148, 2105, 2027, 2130, 1976, 2191, 2254, 2080, 2142, 2259, 2120, 2162, 2095, 1968, 2109, 2001, 2316, 2306, 2152, 2038, 2266, 2269, 2343, 2101, 2114, 2154, 2036, 2173, 1973, 2032, 2324, 2168, 2058, 2279, 2199, 2410, 2164, 2277, 1988, 2389, 2310, 2148, 2086, 2030, 2073, 2229, 2092, 1860, 2409, 2205, 2159, 2063, 2230, 2145, 1991, 2116, 2212, 2297, 2172, 1978, 2120, 2155, 2006, 2172, 2087, 2149, 1986, 2045, 2089, 2286, 2125, 2171, 1924, 2122, 2095, 2268, 2108, 1990, 2214, 2190, 2260, 2239, 2257, 2250, 2083, 2154, 2224, 2067, 2115, 1932, 1905, 2009, 2193, 2100, 2043, 2162, 2091, 2017, 2004, 1979, 2039, 2360, 2015, 1990, 2191, 2073, 2350, 2265, 2348, 2137, 1962, 1985, 2060, 2023, 2179, 1966, 2150, 1990, 2074, 2054, 2210, 2022, 1995, 2168, 2128, 1995, 1991, 2087, 2107, 2295, 2114, 1982, 2125, 1823, 2068, 2145, 2187, 2214, 2100, 2324, 2390, 2110, 2397, 2244, 2254, 2400, 2292, 2222, 2059, 2252, 2183, 2156, 2169, 2149, 2211, 2278, 2216, 2200, 2103, 2087, 2332, 2139, 1885, 2164, 2018, 2159, 2142, 2156, 1959, 2050, 2146, 2220, 2093, 2155, 2460, 2227, 2059, 2175, 2198, 2091, 2057, 2029, 1963, 2015, 2114, 2131, 2127, 2211, 2188, 2249, 2005, 2091, 2030, 1917, 2257, 2026, 2091, 1999, 2056, 2107, 2193, 2221, 2261, 2190, 2033, 1978, 2049, 2243, 2090, 2062, 2069, 2051, 2212, 2065, 2283, 2265, 2265, 2326, 2295, 1966, 2045, 2145, 2274, 2147, 2184, 2269, 2208, 2276, 2165, 2109, 2072, 2204, 2136, 1982, 2091, 2269, 2099, 2070, 2298, 2150, 1953, 2049, 2055, 2050, 1984, 2007, 1970, 2185, 2030, 2073, 2005, 2237, 2182, 2350, 1953, 2134, 2152, 1957, 2218, 2006, 2036, 2118, 2277, 2211, 1965, 2097, 1939, 2047, 2006, 2060, 2160, 2088, 2382, 2299, 2272, 2262, 2215, 2114, 2139, 2153, 2042, 2115, 2186, 2057, 2305, 2252, 2295, 2109, 2100, 2212, 1975, 2293, 2258, 2040, 2167, 2077, 1941, 1955, 2206, 2307, 2224, 2257, 2104, 2034, 2009, 2174, 2097, 2332, 2241, 2010, 1933, 1976, 1959, 1975, 2156, 2107, 2319, 2167, 2134, 2004, 2104, 2015, 2127, 2078, 2138, 2200, 2311, 2107, 2199, 2153, 2160, 1927, 2179, 1997, 2095, 2163, 2127, 2103, 2186, 2049, 2090, 2281, 2114, 2130, 2282, 2075, 1796, 1938, 2164, 2100, 2069, 2008, 2203, 2070, 2037, 1864, 2135, 2146, 2326, 2004, 2339, 2132, 2243, 2139, 2343, 2261, 2070, 1817, 2204, 2088, 2227, 2038, 2293, 1996, 2365, 2149, 2091, 2016, 2133, 2094, 2010, 2203, 2259, 2035, 2345, 1945, 2155, 1986, 2053, 2116, 1954, 1979, 2091, 2143, 2138, 1986, 2069, 2142, 2216, 2001, 2247, 2125, 2130, 2002, 2097, 2080, 2177, 2245, 1901, 2166, 2177, 2135, 2082, 2127, 2109, 2420, 2028, 2139, 2176, 2094, 2328, 2096, 1958, 2036, 2165, 2195, 2147, 1954, 2120, 2155, 2087, 1924, 2188, 2254, 2336, 2086, 2113, 2099, 2092, 2287, 2173, 2078, 2155, 1987, 2260, 1964, 2166, 1590, 2018, 2023, 2202, 2328, 1993, 1994, 1957, 2116, 1950, 2144, 1999, 2237, 2295, 2291, 2083, 2216, 2196, 2100, 2099, 2016, 2215, 2139, 2270, 2080, 2212, 2046, 1990, 2031, 2256, 2103, 2204, 2135, 2033, 2054, 2287, 2183, 2153, 2015, 2203, 1892, 2080, 2263, 2089, 2242, 2260, 2093, 2089, 2197, 2044, 2104, 1948, 2116, 1971, 2304, 2243, 2144, 1990, 2098, 2140, 2457, 2131, 2256, 2126, 2043, 2096, 2387, 1982, 2195, 2199, 1917, 2314, 2014, 2233, 2267, 2122, 2149, 2116, 2088, 2166, 2069, 1988, 2229, 2139, 2279, 2175, 2007, 2155, 2068, 2174, 2062, 2136, 1818, 2307, 1979, 2202, 2103, 2111, 2143, 2312, 2017, 2112, 2136, 1866, 2137, 2028, 2228, 2084, 2294, 2152, 2399, 2382, 2172, 2128, 2204, 2114, 1968, 2034, 2233, 2168, 2105, 2177, 2223, 2082, 2203, 2205, 2233, 1952, 2216, 2339, 2072, 2015, 2173, 2187, 2009, 2275, 2132, 2357, 2042, 2235, 2136, 2162, 2272, 1912, 2198, 2398, 2163, 2167, 1976, 2137, 2135, 2167, 2312, 2205, 2042, 1950, 2239, 2157, 2043, 2068, 2243, 2057, 2178, 2220, 2098, 1950, 2258, 2193, 2197, 2114, 2035, 2047, 1941, 2230, 1980, 2077, 2021, 2148, 2097, 2136, 2237, 1975, 1953, 2491, 2115, 2127, 1919, 2152, 2089, 2110, 2144, 2071, 2045, 2274, 2106, 1887, 2190, 2029, 2237, 2307, 2111, 2353, 2010, 2301, 1864, 1899, 2198, 2333, 2165, 2114, 2183, 2131, 2257, 1895, 2116, 2247, 2177, 2291, 2185, 2012, 2067, 2184, 2013, 2187, 2091, 2094, 1981, 2001, 2216, 2257, 2127, 1994, 2006, 2176, 2120, 1990, 2163, 2131, 2195, 2252, 2264, 2206, 2049, 2230, 2137, 1860, 2379, 1888, 2061, 2110, 2284, 1916, 2137, 2153, 2053, 1911, 2107, 2133, 2040, 2163, 2242, 2075, 2002, 1889, 2086, 2156, 2222, 2183, 2198, 2258, 2254, 2339, 1961, 2203, 2231, 2108, 2204, 2209, 2155, 2409, 2197, 1904, 2128, 2176, 2115, 2392, 2046, 2135, 2042, 2066, 2323, 2192, 2070, 2141, 2001, 2074, 2172, 2038, 2004, 2102, 2089, 2000, 2042, 2148, 2071, 2325, 1930, 2189, 2177, 2206, 2042, 2065, 2085, 1853, 2137, 2344, 2077, 2142, 2228, 2001, 2160, 2138, 2130, 2211, 2265, 2121, 2194, 2225, 2172, 2050, 2053, 2073, 2155, 2180, 2201, 2085, 2090, 2190, 2320, 1818, 2206, 1922, 2174, 2129, 2042, 2193, 2028, 2242, 2187, 1903, 1992, 2108, 2085, 1986, 2139, 2109, 2092, 2131, 2058, 2178, 1956, 2116, 2174, 2064, 2017, 2338, 2248, 2121, 1939, 2012, 2194, 1976, 2228, 2027, 2097, 2230, 2054, 2271, 2193, 2121, 2003, 2117, 2195, 2167, 2069, 2108, 2197, 2121, 2144, 2171, 2261, 2111, 2108, 1938, 1842, 2295, 2237, 1968, 2323, 2064, 2163, 2099, 2060, 2058, 2342, 2086, 2252, 2195, 1976, 2068, 2119, 1885, 2019, 2285, 2115, 2069, 2234, 2125, 2331, 2052, 2179, 2310, 1996, 2336, 2365, 2119, 2139, 2443, 2101, 1970, 2055, 2104, 2149, 2262, 1934, 2046, 2294, 2107, 2037, 1977, 2036, 2027, 2205, 2156, 2262, 2081, 2267, 2080, 1871, 2177, 2210, 2073, 2108, 2105, 2069, 2088, 1945, 2029, 2088, 2158, 2072, 2041, 2241, 2044, 2089, 1974, 1829, 2241, 2157, 2080, 2181, 2100, 2003, 2219, 2103, 2209, 2089, 2082, 2195, 2142, 2199, 2178, 1955, 2078, 2205, 2043, 2072, 2162, 2073, 1922, 2210, 2013, 2201, 2332, 2129, 2135, 2124, 2236, 2178, 2290, 2316, 2248, 2120, 2074, 2171, 2075, 1994, 2109, 2089, 2165, 2121, 2178, 2255, 2155, 2126, 2043, 2123, 1969, 1967, 2173, 2066, 2011, 2142, 1872, 2278, 2310, 2120, 2253, 2274, 2080, 1985, 2097, 2217, 2031, 2006, 2121, 2234, 2212, 2266, 2341, 2182, 2150, 2123, 2129, 2069, 2255, 2128, 2324, 2101, 2021, 2191, 2344, 2149, 2172, 2205, 2180, 2260, 2255, 1978, 2018, 2036, 2142, 2300, 2136, 2228, 2015, 1882, 2309, 2138, 2218, 2142, 2270, 2251, 2018, 1838, 2395, 2087, 2118, 2126, 2213, 1961, 2130, 2218, 2193, 2055, 2039, 2135, 2137, 2308, 2127, 2059, 2108, 2073, 1945, 2152, 2108, 2172, 2158, 1951, 2086, 2098, 2425, 2011, 2284, 2283, 2179, 2110, 2073, 2109, 2086, 2239, 1887, 2135, 2129, 1876, 2243, 2062, 2100, 2104, 2130, 2369, 2308, 2231, 2091, 2122, 1906, 2177, 2226, 2247, 2143, 2188, 2187, 2190, 1970, 1997, 2226, 2260, 1809, 2015, 1988, 2516, 1971, 2425, 2290, 2118, 2270, 1999, 2331, 1931, 2060, 2233, 2010, 2206, 2312, 2002, 2238, 2075, 1947, 2101, 2381, 2171, 1981, 2274, 2404, 2123, 2150, 2154, 2172, 1956, 2167, 2107, 2374, 2067, 2131, 2226, 2123, 2060, 1957, 2306, 2020, 2189, 2177, 2052, 2247, 2084, 2138, 2170, 2201, 1979, 2249, 2292, 2310, 2098, 2128, 2039, 2054, 2143, 1984, 1990, 2084, 1970, 2231, 2013, 1983, 1926, 2185, 2120, 2309, 2112, 2235, 2188, 2394, 2155, 2271, 2338, 2086, 1888, 2089, 2274, 2085, 2176, 2142, 1991, 2216, 2029, 2150, 1994, 2112, 2145, 2222, 2006, 2098, 2043, 2100, 2157, 2179, 1958, 2179, 2049, 2307, 2144, 2154, 2085, 2003, 2053, 2042, 2091, 1923, 2172, 2107, 2024, 2221, 2285, 1927, 2130, 1889, 1878, 2112, 2147, 2105, 2239, 2136, 2109, 2038, 2208, 1965, 2040, 2068, 2019, 2021, 2459, 2237, 2223, 2095, 2206, 2107, 2040, 2092, 2043, 2185, 2214, 2116, 2180, 2175, 2071, 2123, 2265, 2082, 2178, 2011, 2133, 2130, 2245, 2358, 2080, 2124, 2052, 2218, 2158, 2214, 2220, 2171, 1971, 2174, 2130, 2017, 2192, 2179, 2306, 2165, 1980, 2003, 1962, 2203, 2181, 1998, 2335, 2219, 2064, 2270, 2072, 2206, 2097, 2060, 2205, 2218, 2189, 2021, 2078, 2019, 2129, 2068, 2020, 2278, 1988, 2054, 2054, 2051, 2037, 2344, 2174, 2259, 2178, 2069, 2368, 1960, 2163, 2111, 1954, 2227, 2211, 2272, 2222, 2014, 2001, 2004, 2063, 2125, 1946, 2130, 2011, 2185, 1971, 1980, 2047, 2233, 2035, 1984, 2156, 1916, 1839, 2165, 1910, 2228, 2386, 2135, 2003, 2035, 2034, 2230, 2106, 2233, 1971, 2136, 1975, 2254, 2238, 2059, 2139, 2364, 1932, 2344, 2116, 2183, 2004, 2109, 1961, 1900, 2258, 2031, 2063, 1916, 2158, 2183, 1996, 2397, 2136, 2010, 2127, 2043, 1939, 2091, 2102, 2160, 2143, 2252, 2123, 2117, 2202, 2191, 2075, 2017, 2074, 2019, 2245, 2087, 1920, 2279, 2269, 2076, 2196, 2296, 2240, 2090, 2080, 2230, 2187, 2070, 2154, 2154, 2351, 2035, 2070, 2045, 2213, 2081, 2153, 1851, 2154, 2090, 2236, 2187, 1949, 2170, 2313, 1865, 1978, 1959, 2118, 2180, 2104, 2031, 2023, 2228, 2174, 2195, 2260, 2113, 2085, 2155, 1940, 2152, 2171, 2166, 2306, 2138, 1967, 2039, 2229, 2060, 2273, 1980, 2175, 2081, 1990, 2143, 1869, 2135, 2242, 2071, 2132, 2193, 2156, 1893, 2256, 2186, 2192, 2192, 2220, 1986, 2282, 2023, 1803, 2234, 2160, 1855, 2216, 2049, 2292, 2086, 2349, 2163, 2183, 2137, 2085, 1930, 2206, 2309, 2098, 2154, 2252, 2083, 2009, 2096, 2119, 2336, 2099, 2122, 2185, 2154, 2166, 2191, 2023, 2179, 2221, 2129, 2309, 1850, 2158, 1994, 1876, 2202, 2099, 2203, 2183, 2010, 2186, 1970, 2034, 2227, 2038, 2097, 2014, 2258, 2076, 2132, 2076, 2028, 2099, 2220, 2105, 2043, 2049, 2149, 2078, 2208, 2390, 2059, 2236, 2180, 1967, 1984, 1999, 2188, 1937, 2022, 2069, 2166, 1957, 2225, 2119, 2025, 1929, 2285, 2225, 2385, 2170, 2202, 2162, 2141, 2248, 1888, 1950, 1953, 1976, 2124, 2147, 2087, 2227, 2184, 2143, 2082, 2254, 2133, 2155, 2207, 1987, 2087, 2137, 2132, 2194, 2038, 2202, 2114, 2040, 2280, 2241, 2199, 2212, 2253, 2150, 2134, 2172, 2004, 2057, 2143, 2027, 2282, 2392, 2107, 2301, 2172, 2307, 2184, 2216, 2019, 2245, 2179, 2152, 2322, 2040, 2148, 2255, 2179, 2117, 2191, 2109, 2010, 2081, 2072, 2080, 2316, 2304, 2167, 2052, 2202, 2127, 2077, 2185, 2076, 2313, 2227, 2052, 2000, 2208, 1953, 2066, 2055, 2348, 2227, 2343, 2131, 2070, 2018, 2188, 2138, 2113, 2390, 2199, 2091, 1776, 2254, 2272, 2179, 1999, 2189, 2155, 2075, 2279, 2092, 2102, 2374, 2146, 2189, 2137, 2370, 2211, 2178, 2079, 1936, 2227, 2148, 2104, 1990, 1999, 2219, 2009, 2111, 2154, 2173, 2258, 2174, 2058, 2115, 2184, 2099, 2069, 2007, 1927, 2257, 2247, 1869, 2274, 2108, 2214, 2116, 2204, 2311, 2134, 2224, 1908, 2125, 2214, 2188, 2209, 1964, 2029, 2003, 2187, 2135, 1997, 2196, 2052, 1985, 2304, 2155, 2227, 2190, 2170, 1954, 1964, 2218, 1948, 1887, 1883, 2197, 2136, 1993, 2216, 2132, 2238, 2189, 2208, 2332, 2114, 2137, 2200, 1955, 2212, 2201, 2118, 2033, 2160, 2086, 2174, 2298, 2245, 2143, 2130, 2143, 2137, 2082, 2256, 2200, 2098, 2055, 2184, 1858, 2174, 2120, 2173, 2225, 1982, 2020, 1881, 2144, 1988, 2123, 2008, 2287, 2008, 2171, 2128, 2200, 2210, 2002, 1948, 2111, 2102, 2109, 1941, 2175, 2099, 2134, 2000, 2025, 1928, 2045, 2125, 1872, 2137, 2308, 2190, 2188, 2272, 2195, 2289, 2123, 2227, 2211, 2080, 2055, 2128, 2090, 2239, 2104, 2134, 2309, 2046, 2190, 2049, 2162, 2037, 2056, 2038, 2317, 2036, 1954, 2107, 2037, 1972, 2159, 2197, 2228, 2116, 2344, 2101, 2239, 1842, 2160, 2093, 2025, 2123, 2059, 2177, 2298, 2237, 2358, 2260, 2042, 2287, 2121, 2074, 2158, 2311, 2162, 2092, 2206, 2002, 2030, 2107, 2256, 2108, 2368, 2032, 2116, 1861, 2126, 1957, 2092, 2134, 2237, 2172, 1941, 2046, 2045, 1868, 2134, 2068, 2173, 2162, 2124, 2153, 2222, 2144, 2278, 1941, 2067, 2035, 2148, 2036, 2197, 1980, 2035, 2121, 2322, 2273, 2058, 2192, 2182, 1968, 2209, 2221, 2062, 2178, 2235, 2143, 2150, 2182, 1929, 2215, 1924, 2062, 2200, 2233, 2216, 1974, 2080, 2006, 2269, 2152, 2103, 2203, 2307, 2075, 2116, 2193, 2094, 2182, 2111, 2150, 2330, 2135, 2039, 2150, 2127, 2252, 2356, 2166, 1845, 1996, 1951, 2225, 2087, 2066, 2014, 2257, 2099, 2086, 2221, 2195, 2244, 2216, 1934, 2200, 2249, 2060, 2368, 2063, 2070, 2125, 2078, 2255, 2205, 2093, 2281, 1997, 2197, 2161, 2103, 2079, 2113, 2085, 2004, 2067, 2036, 2089, 2055, 2122, 2275, 2145, 2029, 2106, 2324, 2098, 2192, 2190, 2151, 2151, 2131, 2265, 2047, 1978, 2169, 2057, 1991, 2176, 1972, 2141, 2164, 2125, 2302, 2269, 2069, 1988, 2170, 2156, 2214, 2291, 2150, 2280, 2122, 2244, 2244, 2191, 2198, 1837, 1970, 2093, 2050, 2177, 2243, 2053, 2087, 2316, 2192, 2031, 2244, 2284, 2163, 2194, 2138, 2300, 2071, 2061, 1993, 2275, 2157, 2043, 1994, 2034, 2187, 1913, 2311, 2064, 2291, 2165, 1879, 2241, 2097, 1955, 2123, 2047, 1999, 2066, 2237, 1951, 2215, 2205, 2217, 2141, 2103, 2171, 2254, 1985, 2174, 2214, 2229, 2186, 2139, 1947, 2209, 2179, 1878, 1903, 2047, 2018, 2151, 2014, 2129, 2141, 2154, 2162, 2255, 2169, 2116, 2042, 2299, 2179, 1977, 2082, 2078, 2063, 2255, 2040, 2151, 2202, 2202, 2165, 2192, 2227, 2392, 2260, 2265, 2166, 1990, 2114, 2082, 2137, 2063, 2036, 2037, 2137, 2003, 2046, 2097, 2078, 2191, 2205, 2142, 2001, 2092, 2075, 2093, 2280, 2064, 2204, 2250, 2063, 2119, 2035, 2117, 2206, 2053, 2073, 1849, 2078, 2288, 2146, 2094, 1913, 2065, 2125, 2200, 1974, 2180, 2213, 2413, 1892, 2177, 2444, 2026, 2170, 2158, 2104, 2185, 2053, 2053, 2018, 2406, 2152, 1877, 2096, 2163, 2116, 2058, 2302, 2226, 2351, 2037, 2205, 2090, 2064, 2108, 1996, 2328, 2039, 2131, 1872, 2446, 2076, 2161, 2144, 2159, 2140, 2108, 2178, 2144, 1931, 1930, 2301, 2028, 1831, 2058, 2283, 2134, 2214, 2041, 2300, 2458, 2237, 2120, 2188, 2302, 2165, 2271, 1875, 2031, 2150, 1969, 2090, 2338, 1999, 2046, 2146, 2201, 1968, 2032, 1977, 2100, 2115, 2263, 1999, 2306, 2155, 2021, 2332, 2105, 2148, 2199, 1806, 1963, 2314, 2027, 2280, 2116, 2019, 2156, 2033, 2236, 2306, 2183, 2072, 2022, 2315, 2268, 2146, 2167, 2234, 2200, 2176, 2306, 2235, 1986, 2214, 2393, 2166, 1924, 2067, 2271, 2223, 2088, 2243, 2175, 1844, 2302, 2167, 2285, 2034, 1932, 2186, 2172, 2086, 2116, 2310, 2203, 2208, 2168, 2020, 1994, 2129, 2052, 2041, 2193, 2275, 2134, 2145, 2175, 2053, 2137, 2122, 2081, 2142, 2258, 2228, 2023, 1938, 1956, 1994, 2033, 1988, 2081, 2203, 2183, 2111, 2036, 2312, 2201, 2123, 2006, 2029, 2368, 2070, 2108, 2124, 2160, 2013, 1986, 2286, 2131, 2242, 2043, 2219, 2128, 2162, 2045, 2021, 1993, 2127, 2166, 2101, 2296, 2135, 2301, 2204, 1929, 2049, 2171, 2103, 2270, 1976, 2091, 2191, 2188, 2215, 2224, 2212, 2242, 1995, 2075, 2089, 2037, 1868, 2115, 2300, 2046, 2202, 2266, 2139, 1916, 1945, 2205, 2021, 2291, 2048, 2114, 2085, 2210, 1987, 2185, 2021, 2305, 1975, 2312, 2150, 2124, 2065, 1999, 2225, 2078, 2105, 1973, 2116, 1936, 2026, 1961, 2172, 2221, 2023, 2011, 2137, 1919, 2292, 1897, 2023, 2110, 2059, 2212, 2094, 2001, 1945, 2139, 2180, 2228, 2236, 2294, 2310, 2057, 2161, 1862, 2078, 2134, 2001, 2165, 2536, 2111, 2113, 2235, 2111, 2069, 2012, 2499, 2012, 2050, 2185, 2071, 1917, 1843, 2167, 2174, 2147, 2102, 1997, 2092, 2134, 2113, 1913, 2191, 2090, 2162, 2018, 2231, 2131, 2194, 2211, 2151, 2152, 2203, 2126, 2135, 2141, 2250, 1933, 2209, 1960, 2045, 2055, 1935, 2119, 2098, 2161, 2056, 2104, 1867, 2071, 1971, 2173, 2072, 2186, 2106, 2071, 1982, 2175, 2216, 2147, 2170, 2273, 1935, 2125, 2121, 2100, 2079, 1923, 2002, 2291, 2134, 2095, 2002, 2205, 2154, 2258, 2182, 2216, 1939, 2152, 2144, 2134, 2150, 2128, 2187, 2155, 2283, 2008, 2325, 2156, 2204, 2160, 2195, 2041, 2203, 2004]

[wilma]
  Promedio : 1218.2s
  Desvío   : 82.6s
  IC 95%   : [1216.0s, 1220.5s]
  Mínimo   : 943s
  Máximo   : 1549s
  Tiempos  : [1225, 1198, 1327, 1261, 1400, 1235, 1237, 1233, 1271, 1247, 1209, 1237, 1252, 1311, 1144, 1192, 1187, 1128, 1053, 1211, 1279, 1234, 1177, 1175, 1146, 1132, 1449, 1216, 1298, 1283, 1278, 1285, 1174, 1289, 1293, 1152, 1079, 1381, 1170, 1247, 1102, 1236, 1311, 1208, 1145, 1243, 1142, 1294, 1350, 1233, 1091, 1261, 1315, 1244, 1194, 1235, 1123, 1238, 1214, 1203, 1146, 1243, 1135, 1248, 1305, 1220, 1279, 1156, 1142, 1193, 1273, 1197, 1204, 1136, 1192, 1153, 1268, 1146, 1140, 1259, 1067, 1105, 1117, 1170, 1259, 1246, 1242, 1211, 1229, 1183, 1248, 1246, 1102, 1139, 1176, 1187, 1129, 1150, 1238, 1260, 1338, 1304, 1197, 1306, 1082, 1211, 1164, 1216, 1155, 1180, 1294, 1303, 1333, 1119, 1143, 1267, 1278, 1229, 1195, 1338, 1355, 1182, 1164, 1266, 1199, 1218, 1189, 1171, 1344, 1322, 1178, 1198, 1311, 1006, 1271, 1298, 1130, 1168, 1259, 1223, 1237, 1205, 1291, 1145, 1329, 1230, 1348, 1196, 1262, 1261, 1078, 1287, 1165, 1288, 1261, 1224, 1309, 1321, 1287, 1194, 1176, 1096, 1164, 1167, 1178, 1269, 1260, 1300, 1288, 1282, 1187, 1268, 1292, 1266, 1044, 1257, 1203, 1189, 1172, 1183, 1126, 1088, 1255, 1176, 1218, 1202, 1315, 1226, 1312, 1185, 1163, 1020, 1332, 1295, 1136, 1202, 1133, 1142, 1258, 1231, 1159, 1240, 1288, 1217, 1225, 1177, 1223, 1099, 1207, 1284, 1264, 1549, 1239, 1311, 1272, 1283, 1121, 1203, 1170, 1314, 1231, 1192, 1155, 1334, 1202, 1237, 1177, 1296, 1179, 1082, 1383, 1177, 1192, 1184, 1162, 1149, 1209, 1225, 1230, 1204, 1244, 1229, 1186, 1111, 1182, 1209, 1199, 1201, 1245, 1273, 1179, 1224, 1307, 1291, 1230, 1322, 1246, 1179, 1297, 1219, 1147, 1188, 1217, 1093, 1247, 1148, 1185, 1078, 1184, 1270, 1354, 1152, 1240, 1225, 1203, 1397, 1124, 1259, 1204, 1303, 1261, 1160, 1211, 1168, 1072, 1132, 1298, 1272, 1255, 1226, 1251, 1336, 1145, 1230, 1117, 1201, 1211, 1209, 1385, 1190, 1181, 1357, 1140, 1196, 1259, 1161, 1138, 1231, 1080, 1221, 1260, 1197, 1308, 1153, 1205, 1267, 1058, 1086, 1189, 1322, 1231, 1150, 1125, 1184, 1201, 1278, 1226, 1106, 1165, 1353, 1304, 1340, 1443, 1310, 1355, 1179, 1263, 1211, 1271, 1347, 1095, 1303, 1284, 1274, 1249, 1195, 1156, 1290, 1286, 1342, 1128, 1285, 1245, 1354, 1174, 1163, 1311, 1080, 1320, 1309, 1179, 1104, 1111, 1341, 1169, 1186, 1218, 1156, 1281, 1179, 1235, 1269, 1157, 1218, 1093, 1130, 987, 1105, 1166, 1230, 1236, 1212, 1202, 1298, 1207, 1259, 1148, 1162, 1343, 1242, 1112, 1131, 1099, 1116, 1193, 1150, 1154, 1193, 1153, 1158, 1133, 1251, 1398, 1246, 1251, 1338, 1153, 1248, 1219, 1274, 1196, 1254, 1282, 1213, 1131, 1273, 1221, 1262, 1180, 1168, 1236, 1107, 1211, 1243, 1271, 1254, 1220, 1330, 1209, 1267, 1285, 1101, 1225, 1238, 1320, 1252, 1130, 1154, 1238, 1155, 1194, 1240, 1366, 1280, 1244, 1293, 1212, 1318, 1287, 1103, 1214, 1303, 1231, 1194, 1307, 1188, 1260, 1321, 1180, 1188, 1108, 1250, 1164, 1238, 1228, 1083, 1254, 1384, 1253, 1134, 1268, 1107, 1212, 1219, 1270, 999, 1372, 1346, 1099, 1162, 1119, 1303, 1204, 1318, 1360, 1273, 1035, 1128, 1107, 1285, 1180, 1282, 1249, 1173, 1328, 1219, 1250, 1157, 1350, 1268, 1303, 1171, 1108, 1144, 1367, 1064, 1175, 1325, 1079, 1346, 1276, 1236, 1241, 1281, 1257, 1158, 1341, 1086, 1313, 1223, 1238, 1302, 1076, 1170, 1324, 1356, 1258, 1260, 1269, 1226, 1016, 1171, 1326, 1375, 1334, 1145, 1194, 1153, 1216, 1338, 1092, 1160, 1203, 1220, 1311, 1316, 1036, 1379, 1231, 1287, 1301, 1178, 1085, 1089, 1418, 1165, 1183, 1333, 1084, 1263, 1203, 1134, 1257, 1260, 1084, 1178, 1258, 1325, 1422, 1248, 1185, 1300, 1180, 1306, 1335, 1309, 1165, 1203, 1098, 1069, 1222, 1255, 1224, 1205, 1089, 1236, 1093, 1268, 1120, 1446, 1196, 1131, 1186, 1172, 1179, 1265, 1119, 1230, 1201, 1294, 1176, 1221, 1287, 1135, 1039, 1235, 1438, 1045, 1182, 1283, 1265, 1237, 1289, 1241, 1240, 1251, 1206, 1242, 1117, 1135, 1255, 1145, 1277, 1212, 1074, 1225, 1263, 1180, 1240, 1115, 1234, 1265, 1097, 1219, 1172, 1199, 1090, 1073, 1210, 1265, 1303, 1337, 1252, 1272, 1168, 1282, 1180, 1168, 1254, 1261, 1203, 1190, 1218, 1337, 1249, 1159, 1405, 1240, 1171, 1278, 1214, 1210, 1117, 1143, 1320, 1210, 1231, 1324, 1225, 1355, 1071, 1121, 1215, 1240, 1213, 1191, 1083, 1197, 1278, 1255, 1155, 1113, 1237, 1240, 1335, 1251, 1341, 945, 1239, 1403, 1323, 1100, 1280, 1191, 1191, 1156, 1314, 1102, 1203, 1340, 1237, 1331, 1162, 1243, 1268, 1209, 1392, 1288, 1214, 1233, 1119, 1222, 1235, 1297, 1351, 1171, 1131, 1053, 1170, 1356, 1254, 1086, 1170, 1237, 1117, 1343, 1188, 1275, 1238, 1106, 1131, 1188, 1194, 1308, 1225, 1167, 943, 1209, 1310, 1323, 1323, 1313, 1316, 1118, 1100, 1161, 1342, 1330, 1149, 1218, 1313, 1156, 1382, 1224, 1203, 1154, 1336, 1358, 1276, 1080, 1367, 1116, 1242, 1117, 1195, 1228, 1286, 1316, 1287, 1148, 1184, 1272, 1211, 1268, 1351, 1075, 1293, 1124, 1169, 1082, 1105, 1215, 1210, 1230, 1263, 1248, 1162, 1296, 1154, 1231, 1109, 1034, 1290, 1175, 1222, 1225, 1164, 1313, 1215, 1090, 1270, 1163, 1223, 1182, 1231, 1277, 1198, 1077, 1153, 1095, 1313, 1271, 1248, 1207, 1159, 1100, 1242, 1189, 1206, 1282, 1179, 1257, 1073, 1233, 1191, 1090, 1163, 1177, 1082, 1140, 1259, 1226, 1296, 1320, 1250, 1207, 1276, 1140, 1169, 1193, 1295, 1127, 1324, 1114, 1187, 1155, 1328, 1147, 1123, 1270, 1266, 1228, 1116, 1287, 1281, 1211, 1213, 1199, 1169, 1131, 1205, 1222, 1125, 1136, 1179, 1104, 1359, 1170, 1204, 1408, 1232, 1168, 1178, 1346, 1406, 1319, 1105, 1341, 1128, 1167, 1113, 1124, 1292, 1210, 1262, 1195, 1245, 1195, 1143, 1234, 1208, 1026, 1311, 1349, 1128, 1175, 1253, 1061, 1307, 1379, 1172, 1348, 1224, 1316, 1284, 1187, 1177, 1203, 1204, 1157, 1291, 1153, 1180, 1259, 1188, 1106, 1170, 1290, 1098, 1251, 1192, 1201, 1280, 1298, 1192, 1182, 1137, 1234, 1211, 1216, 1225, 1268, 1187, 1295, 986, 1284, 1232, 1378, 1152, 1083, 1243, 1251, 1161, 1235, 1097, 1219, 1102, 1144, 1356, 1193, 1191, 1282, 1233, 1262, 1188, 1201, 1228, 1257, 1336, 1205, 1172, 1419, 1197, 1196, 1199, 1261, 1198, 1185, 1352, 1203, 1268, 1255, 1291, 1237, 1165, 1262, 1116, 1118, 1207, 1293, 1198, 1437, 1327, 1342, 1186, 1182, 1250, 1209, 1234, 1276, 1079, 1207, 1242, 1119, 1157, 1123, 1271, 1096, 1128, 1250, 1290, 1116, 1302, 1125, 1199, 1338, 1219, 1230, 1188, 1166, 1150, 1224, 1353, 1368, 1226, 1203, 1120, 1199, 1249, 1053, 1122, 1212, 1113, 1134, 1219, 1264, 1359, 1164, 1295, 1093, 1260, 1263, 1176, 1169, 1243, 1168, 1157, 1165, 1057, 1211, 1286, 1212, 1116, 1145, 1232, 1149, 1123, 1253, 1190, 1227, 1187, 1316, 1241, 1146, 1185, 1171, 1248, 1142, 1066, 1253, 1284, 1176, 1065, 1398, 1333, 1239, 1198, 1283, 1183, 1156, 1358, 1320, 1195, 1195, 1211, 1266, 1324, 1191, 1307, 1347, 1315, 1175, 1220, 1091, 1261, 1181, 1151, 1261, 1298, 1147, 1276, 1201, 1162, 1230, 1115, 1167, 1155, 1318, 1293, 1142, 1370, 1108, 1252, 1184, 1047, 1241, 1139, 1348, 1257, 1242, 1188, 1183, 1190, 1289, 1146, 1088, 1259, 1155, 1246, 1035, 1284, 1217, 1109, 1310, 1277, 1414, 1274, 1293, 1284, 1222, 1119, 1258, 1073, 1215, 1260, 1062, 1137, 1140, 1303, 1104, 1308, 1101, 1260, 1266, 1168, 1246, 1110, 1176, 1249, 1205, 1349, 1134, 1144, 1107, 1300, 1354, 1188, 1270, 1324, 1118, 1186, 1267, 1202, 1045, 1295, 1258, 1159, 1195, 1158, 1338, 1104, 1235, 1239, 1192, 1367, 1181, 1244, 1148, 1298, 1237, 1054, 1122, 1338, 1263, 1285, 1294, 1301, 1217, 1115, 1204, 1286, 1206, 1256, 1205, 1316, 1126, 1322, 1107, 1385, 1118, 1286, 1260, 1201, 1226, 1318, 1162, 1188, 1155, 1321, 1219, 1003, 1234, 1285, 1116, 1114, 1252, 1114, 1168, 1088, 1241, 1183, 1179, 1236, 1113, 1190, 1168, 1087, 1259, 1270, 1202, 1291, 1302, 1368, 1129, 1182, 1256, 1281, 1310, 1133, 1171, 1263, 1108, 1098, 1205, 1260, 1116, 1277, 1233, 1250, 1111, 1174, 1162, 1414, 1209, 1131, 1131, 1179, 1037, 1244, 1103, 1236, 1223, 1285, 1194, 1217, 1153, 1165, 1132, 1252, 1269, 1320, 1319, 1182, 1335, 1105, 1114, 1107, 1158, 1285, 1022, 1209, 1165, 1186, 1436, 1211, 1129, 1195, 1136, 1222, 1170, 1377, 1328, 1183, 1231, 1350, 1244, 1291, 1424, 1084, 1173, 1201, 1310, 1280, 1205, 1231, 1185, 1294, 1168, 1158, 1077, 1184, 1215, 1050, 1262, 1188, 1132, 1128, 1262, 1294, 1256, 1239, 1087, 1324, 1269, 1187, 1082, 1204, 1231, 1197, 1217, 1170, 1153, 1321, 1291, 1148, 1211, 1150, 1219, 1217, 1332, 1168, 1140, 1237, 1047, 1165, 1191, 1225, 1296, 1216, 1258, 1247, 1261, 1341, 1274, 1218, 1194, 1282, 1275, 1001, 1127, 1197, 1135, 1194, 1025, 1097, 1309, 1317, 1094, 1327, 1190, 1149, 1340, 1157, 1115, 1186, 1268, 1219, 1096, 1410, 1349, 1179, 1283, 1348, 1257, 1217, 1241, 1339, 1290, 1199, 1276, 1272, 1264, 1301, 1297, 1254, 1217, 1232, 1284, 1276, 1283, 1273, 1092, 1264, 1080, 1439, 1251, 1231, 1202, 1150, 1171, 1367, 1194, 1267, 1239, 1264, 1065, 1200, 1134, 1327, 1277, 1210, 1159, 1136, 1293, 1149, 1134, 1159, 1220, 1287, 1105, 1262, 1223, 1247, 1437, 1146, 1305, 1330, 1289, 1384, 1328, 1174, 1224, 1358, 1298, 1175, 1189, 1209, 1076, 1242, 1129, 1158, 1213, 1101, 1180, 1417, 1281, 1270, 1213, 1297, 1245, 1161, 1240, 1170, 1210, 1159, 1215, 1199, 1280, 1227, 1279, 1244, 1101, 1343, 1217, 1156, 1289, 1151, 1366, 1118, 1314, 1274, 1004, 1235, 1102, 1247, 1246, 1236, 1146, 1220, 1141, 1272, 1305, 1238, 1222, 1145, 1206, 1309, 1180, 1309, 1189, 1176, 1358, 1280, 1299, 1133, 1257, 1115, 1067, 1158, 1198, 1317, 1318, 1163, 1169, 1175, 1216, 1254, 1239, 1178, 1311, 1325, 1202, 1259, 1268, 1219, 1140, 1288, 1277, 1253, 1261, 1231, 1293, 1132, 1271, 1283, 1183, 1215, 1221, 1068, 1269, 1173, 1272, 1152, 1276, 1175, 1258, 1213, 1284, 1283, 1313, 1178, 1278, 1415, 1336, 1124, 1224, 1125, 1220, 1251, 1290, 1151, 1279, 1265, 1198, 1059, 1200, 1137, 1125, 1352, 1121, 1069, 1257, 1240, 1191, 1320, 1088, 1175, 1338, 1120, 1230, 1152, 1177, 1141, 1296, 1238, 1324, 1127, 1158, 1377, 1097, 1246, 1258, 1234, 1396, 1194, 1236, 1278, 1250, 1162, 1370, 1195, 1104, 1268, 1257, 1293, 1115, 1148, 1232, 1224, 1270, 1199, 1329, 1232, 1192, 1168, 1137, 1134, 1237, 1164, 1273, 1294, 1205, 1110, 1152, 1156, 1259, 1261, 1369, 1178, 1092, 1226, 1217, 1125, 1197, 1098, 1166, 1201, 1263, 1201, 1332, 1307, 1256, 1269, 1208, 1061, 1176, 1308, 1247, 1109, 1258, 1176, 1183, 1227, 1228, 1207, 1134, 1135, 1123, 1106, 1318, 1271, 1282, 1108, 1330, 1315, 1282, 1265, 1328, 1154, 1089, 1226, 1247, 1446, 1311, 1281, 1304, 1318, 1241, 1151, 1169, 1318, 1172, 1262, 1108, 1230, 1287, 1139, 1188, 1052, 1118, 1223, 1388, 1282, 1265, 1197, 1239, 1053, 1207, 1177, 1271, 1297, 1357, 1366, 1259, 1303, 1382, 1166, 1236, 1287, 1305, 1209, 1082, 1149, 1139, 1321, 1220, 1291, 1231, 1213, 1039, 1328, 1150, 1162, 1361, 1350, 1295, 1228, 1334, 1212, 1393, 1115, 1194, 1180, 1292, 1155, 1261, 1184, 1024, 1302, 1228, 1373, 1243, 1211, 1136, 1365, 1121, 1268, 1100, 1265, 1150, 1122, 1189, 1111, 1208, 1294, 1244, 1203, 1372, 1255, 1137, 1188, 1191, 1314, 1131, 1240, 1108, 1157, 1274, 1134, 1265, 1325, 1183, 1313, 1212, 1262, 1221, 1182, 1062, 1440, 1182, 1137, 1199, 1089, 1366, 1172, 1205, 1326, 1086, 1195, 1368, 1261, 1370, 1187, 1323, 1009, 1179, 1219, 1148, 1100, 1183, 1129, 1192, 1108, 1191, 1104, 1167, 1151, 1230, 1230, 1207, 1247, 1204, 1360, 1229, 1165, 1264, 1309, 1231, 1138, 1208, 1286, 1305, 1227, 1232, 1284, 1221, 1303, 1327, 1246, 1215, 1169, 1075, 1280, 1260, 1193, 1289, 1145, 1286, 1315, 1091, 1186, 1109, 1249, 1138, 1346, 1291, 1238, 1407, 1427, 1250, 1135, 1285, 1232, 1301, 1281, 1239, 1188, 1164, 1082, 1230, 1187, 1115, 1189, 1218, 1115, 1290, 1288, 1306, 1241, 1010, 1238, 1156, 1192, 1180, 1183, 1185, 1165, 1234, 1309, 1248, 1146, 1182, 1300, 1062, 1229, 1032, 1180, 1358, 1291, 1251, 1164, 1153, 1288, 1043, 1334, 1225, 1228, 1265, 1216, 1294, 1213, 1163, 1352, 1197, 1190, 1200, 1198, 1104, 1440, 1136, 1044, 1217, 1074, 1197, 1344, 1274, 1235, 1199, 1204, 1305, 1301, 1344, 1218, 1074, 1317, 1336, 1211, 1241, 1234, 1189, 1200, 1324, 1170, 1266, 1116, 1261, 1334, 1292, 1242, 1215, 1293, 1372, 1272, 1176, 1020, 1194, 1220, 1086, 1244, 1161, 1118, 1210, 1268, 1185, 1153, 1206, 1126, 1155, 1144, 1238, 1220, 1198, 1242, 1098, 1180, 1219, 1220, 1158, 1096, 1189, 1246, 1219, 1200, 1226, 1227, 1180, 1267, 1177, 1241, 1232, 1351, 1336, 1244, 1329, 1293, 1075, 1174, 1185, 1207, 1129, 1109, 1187, 1270, 1211, 1120, 1238, 1215, 1120, 1376, 1159, 1381, 1302, 1086, 1195, 1250, 1102, 1101, 1136, 1067, 1202, 1325, 1162, 1187, 1099, 1177, 1164, 1217, 1309, 1161, 1274, 1176, 1193, 1267, 1157, 1090, 1313, 1263, 1147, 1170, 1273, 1517, 1077, 1193, 1209, 1156, 1226, 1324, 1137, 1367, 1152, 1085, 1221, 1043, 1041, 1262, 1254, 1248, 1282, 1314, 1225, 1201, 1336, 1202, 1205, 1156, 1222, 1231, 1103, 1277, 1177, 1198, 1276, 1159, 1271, 1182, 1303, 1287, 1360, 1216, 1297, 1302, 1293, 1095, 1282, 1045, 1152, 1200, 1376, 1235, 1402, 1203, 1208, 1164, 1225, 1111, 1359, 1184, 1429, 1276, 1269, 1242, 1275, 1097, 1124, 1235, 1200, 1226, 1304, 1032, 1165, 1155, 1215, 1146, 1259, 1200, 1163, 1191, 1213, 1241, 1338, 1320, 1213, 1247, 1251, 1323, 1177, 1226, 1293, 1205, 1045, 1235, 1205, 1351, 1341, 1199, 1232, 1341, 1216, 1221, 1245, 1152, 1207, 1302, 1363, 1101, 1250, 1164, 1211, 1233, 1224, 1245, 1234, 1239, 1139, 1204, 1197, 1171, 1171, 1167, 1175, 1307, 1330, 1184, 1323, 1279, 1223, 1257, 1332, 1252, 1320, 1240, 1043, 1157, 1163, 1204, 1310, 1112, 1205, 1305, 1197, 1217, 1276, 1179, 1194, 1206, 1290, 1222, 1287, 1350, 1097, 1241, 1172, 1252, 1158, 1207, 1250, 1130, 1237, 1204, 1204, 1234, 1322, 1091, 1168, 1280, 1333, 1279, 1387, 1245, 1268, 1196, 1261, 1361, 1273, 1354, 1191, 1249, 1247, 1149, 1152, 1141, 1263, 1079, 1172, 1261, 1110, 1272, 1383, 1244, 1174, 1344, 1307, 999, 1223, 1218, 1344, 1162, 1460, 1199, 1182, 1246, 1228, 1009, 1185, 1338, 1280, 1263, 1131, 1264, 1211, 1195, 1182, 1205, 1328, 1276, 1310, 1068, 1256, 1268, 1191, 1200, 1349, 1154, 1130, 1198, 1086, 1149, 1284, 1250, 1149, 1087, 1219, 1132, 1265, 1280, 1046, 1254, 1202, 1200, 1085, 1184, 1206, 1198, 1302, 1213, 1127, 1244, 1201, 1223, 1174, 1160, 1298, 1268, 1226, 1166, 1192, 1302, 1117, 1183, 1407, 1193, 1154, 1335, 1306, 1244, 1338, 1071, 1199, 1252, 1282, 1266, 1244, 1104, 1224, 1176, 1155, 1194, 1140, 1128, 1179, 1267, 1267, 1215, 1207, 1154, 1149, 1163, 1245, 1224, 1288, 1393, 1201, 1383, 1294, 1359, 1185, 1223, 1126, 1255, 1133, 1036, 1184, 1248, 1309, 1144, 1115, 1307, 1263, 1286, 1351, 1156, 1399, 1212, 1277, 1166, 1127, 1172, 1071, 1335, 1237, 1265, 1283, 1117, 1197, 1390, 1125, 1305, 1129, 1212, 1216, 1126, 1296, 1289, 1286, 1244, 1207, 1113, 1297, 1094, 1189, 1164, 1217, 1311, 1228, 1159, 1178, 1105, 1182, 1368, 1315, 1221, 1168, 1158, 1223, 1287, 1047, 1137, 1200, 1171, 1213, 1232, 1385, 1226, 1182, 1235, 1161, 985, 1261, 1172, 1070, 1375, 1426, 1269, 1207, 1034, 1072, 1231, 1203, 1057, 1119, 1121, 1137, 961, 1206, 1385, 1211, 1177, 1216, 1103, 1062, 1051, 1144, 1245, 1323, 1271, 1448, 1339, 1340, 1339, 1153, 1349, 1158, 1213, 1092, 1254, 1301, 1281, 1235, 1207, 1206, 1079, 1361, 1187, 1216, 1195, 1022, 1137, 1126, 1101, 1091, 1342, 1330, 1311, 1320, 1186, 1150, 1194, 1200, 1311, 1203, 1307, 1236, 1207, 1266, 1227, 1184, 1215, 1105, 1308, 1346, 1211, 1223, 1159, 1200, 1111, 1109, 1309, 1181, 1237, 1001, 1154, 1256, 1082, 1228, 1197, 1249, 1227, 1220, 1144, 1389, 1043, 1193, 1182, 1054, 1152, 1165, 1108, 1296, 1256, 1174, 1287, 1273, 1201, 1163, 1313, 1286, 1153, 1359, 1234, 1297, 1271, 1158, 1296, 1251, 1376, 1168, 1081, 1155, 1207, 1253, 1270, 1253, 1385, 1328, 1250, 1101, 1311, 1295, 1139, 1271, 1320, 1173, 1202, 1243, 1310, 1203, 1246, 1273, 1249, 1251, 1172, 1193, 1178, 1143, 1293, 1305, 1190, 1182, 1193, 1248, 1243, 1196, 1203, 1219, 1272, 1111, 1135, 1207, 1249, 1181, 1215, 1189, 1175, 1247, 1264, 1144, 1305, 1304, 1192, 1089, 1218, 1189, 1170, 1235, 1327, 1139, 1153, 1147, 1267, 1182, 1207, 1147, 1198, 1270, 1315, 1271, 1263, 1182, 1146, 1213, 1315, 1208, 1212, 1294, 1216, 1232, 1200, 1138, 1289, 1141, 1412, 1333, 1115, 1197, 1278, 1173, 1277, 1215, 1244, 1221, 1255, 1233, 1216, 1139, 1215, 1165, 1200, 1117, 1153, 1300, 1147, 1229, 1252, 1222, 1245, 1124, 1179, 1199, 1210, 1225, 1325, 1302, 1205, 1294, 1169, 1176, 1076, 1215, 1116, 1210, 1275, 1248, 1273, 1179, 1178, 1333, 1122, 1434, 1176, 1220, 1170, 1285, 1238, 976, 1122, 1072, 1289, 1307, 1242, 1234, 1441, 1220, 1176, 1113, 1302, 1228, 1080, 1210, 1098, 1411, 1158, 1283, 1105, 1177, 1172, 1184, 1218, 1158, 1238, 1214, 1221, 1077, 1127, 1244, 1198, 1306, 1003, 1132, 1322, 1134, 1085, 1331, 1207, 1277, 992, 1232, 1202, 1043, 1219, 1350, 1220, 1150, 1240, 1307, 1170, 1117, 1227, 1240, 1272, 1302, 1337, 1255, 1341, 1125, 1235, 1086, 1159, 1299, 1191, 1206, 1214, 1228, 1221, 1183, 1347, 1069, 1244, 1117, 1198, 1155, 1295, 1309, 1227, 1313, 1219, 1226, 1286, 1151, 1335, 1267, 1170, 1275, 1131, 1066, 1068, 1198, 1232, 1268, 1135, 1105, 1185, 1228, 1066, 1325, 1246, 1171, 1234, 1095, 1223, 1137, 1374, 1182, 1224, 1110, 982, 1117, 1138, 1039, 1234, 1134, 1280, 1129, 1224, 1294, 1278, 1047, 1242, 1185, 1266, 1189, 1175, 1181, 1171, 1195, 1183, 1078, 1185, 1123, 1157, 1235, 1256, 1294, 1155, 1189, 1206, 1269, 1133, 1332, 1093, 1207, 1287, 1215, 1162, 1288, 1278, 1388, 1332, 1227, 1309, 1140, 1294, 1254, 1169, 1380, 1298, 1276, 1192, 1285, 1150, 974, 1203, 1195, 1176, 1202, 1119, 1194, 1295, 1233, 1488, 1076, 1281, 1210, 1256, 1192, 1304, 1178, 1392, 1370, 1259, 1213, 1171, 1300, 1154, 1106, 1245, 1109, 1151, 1276, 1189, 1254, 1151, 1162, 1357, 1243, 1074, 1169, 1186, 1159, 1087, 1281, 1199, 1272, 1259, 1221, 1215, 1213, 1218, 1100, 1215, 1197, 1365, 1255, 1311, 1207, 1266, 1176, 1269, 1125, 1316, 1078, 1322, 1104, 1262, 1168, 1335, 1366, 1293, 1104, 1332, 1228, 1159, 1332, 1239, 1241, 1224, 1285, 1252, 1344, 1356, 1330, 1292, 1188, 1303, 1302, 1155, 1356, 1173, 1156, 1351, 1224, 1219, 1161, 1224, 1277, 1195, 1206, 1216, 1150, 1319, 1156, 1221, 1155, 1151, 1264, 1220, 1201, 1158, 1138, 1283, 1175, 1135, 1218, 1257, 1166, 1210, 1228, 1350, 1111, 1240, 1109, 1243, 1094, 1199, 1327, 1236, 1415, 1143, 1056, 1346, 1241, 1073, 1072, 1061, 1212, 1369, 1101, 1255, 1185, 1130, 1177, 1202, 1200, 1393, 1215, 1239, 1153, 1202, 1386, 1294, 1308, 1372, 1291, 1145, 1166, 1256, 1234, 1202, 1139, 1284, 1223, 1209, 1208, 1306, 1194, 1285, 1201, 1291, 1230, 1293, 1285, 1235, 1155, 1291, 1089, 1275, 1054, 1153, 1319, 1205, 1203, 1319, 1143, 1088, 1214, 1174, 1109, 1121, 1251, 1041, 1234, 1233, 1235, 1178, 1177, 1179, 1331, 1186, 1181, 1220, 1331, 1432, 1341, 1215, 1174, 1156, 1269, 1339, 1280, 1206, 1107, 1164, 1275, 1368, 1271, 1277, 1019, 1192, 1290, 1262, 1161, 1259, 1204, 1130, 1254, 1409, 1144, 1313, 1221, 1156, 1287, 1177, 1294, 1177, 1298, 1264, 1115, 1227, 1146, 1066, 1196, 1317, 1116, 1364, 1177, 1178, 1164, 1082, 1306, 1179, 1207, 990, 1236, 1234, 1026, 1201, 1271, 1338, 1235, 1196, 1262, 1130, 1235, 1154, 1168, 1248, 1385, 1199, 1295, 1316, 1281, 1263, 1269, 1081, 1299, 1283, 1258, 1192, 1214, 1157, 1257, 1276, 1374, 1170, 1317, 1350, 1199, 1234, 1287, 1267, 1141, 1242, 1228, 1161, 1218, 1247, 1179, 1160, 1280, 1263, 1343, 1200, 1381, 1119, 1192, 1224, 1154, 1227, 1298, 1252, 1344, 1253, 1221, 1269, 1434, 1237, 1271, 1319, 1117, 1164, 1142, 1196, 1208, 1204, 1185, 1177, 1245, 1037, 1334, 1148, 1138, 1185, 1320, 1324, 1061, 1313, 1178, 1352, 1143, 1231, 1147, 1062, 1130, 1202, 1209, 1268, 1208, 1447, 1120, 1328, 1119, 1267, 1282, 1146, 1183, 1141, 1178, 1223, 1198, 1047, 1113, 1257, 1150, 1316, 1250, 1178, 1100, 1100, 1182, 1255, 1171, 1073, 1197, 1267, 1260, 1224, 1042, 1238, 1218, 1141, 1087, 1363, 1241, 1174, 1196, 1185, 1366, 1170, 1290, 1273, 1451, 1144, 1293, 1194, 1230, 1352, 1140, 1211, 1166, 1185, 1197, 1240, 1199, 1199, 1195, 1114, 1172, 1332, 1215, 1128, 1194, 1256, 1310, 1153, 1244, 1467, 1049, 1177, 1222, 1308, 1215, 1222, 1251, 1101, 1151, 1269, 1305, 1164, 1164, 1156, 1382, 1220, 1011, 1280, 1160, 983, 1241, 1187, 1336, 1167, 1121, 1088, 1226, 1188, 1223, 1289, 1045, 996, 1279, 1185, 1188, 1142, 1192, 1268, 1106, 1315, 1286, 1218, 1236, 1179, 1112, 1202, 1241, 1114, 1170, 1235, 1029, 1299, 1278, 1352, 1243, 1110, 1117, 1285, 1285, 1221, 1294, 1248, 1255, 1279, 1233, 1139, 1119, 1169, 1332, 1214, 1215, 1163, 1206, 1072, 1234, 1212, 1180, 1204, 1236, 1295, 1197, 1277, 1262, 1155, 1295, 1298, 1220, 1218, 1154, 1133, 1160, 1342, 1140, 1121, 1251, 1187, 1294, 1252, 1261, 1243, 1161, 1156, 1199, 1267, 1273, 1151, 1196, 1226, 1314, 1400, 1312, 1316, 1103, 1214, 1066, 1186, 1318, 1267, 1126, 1388, 1307, 1211, 1197, 1172, 1314, 1250, 1147, 1234, 1304, 1334, 1108, 1315, 1218, 1136, 1222, 1160, 1170, 1264, 1110, 1275, 1429, 1319, 1273, 1279, 1151, 1258, 1299, 1429, 1144, 1250, 1227, 1366, 1069, 1439, 1129, 1115, 1171, 1182, 1135, 1228, 1207, 962, 1123, 1286, 1162, 1102, 1246, 1275, 1318, 1210, 1211, 1239, 1186, 1182, 1123, 1225, 1295, 1178, 1272, 1412, 1192, 1378, 1313, 1164, 1172, 1207, 1237, 1246, 1208, 1126, 1275, 1235, 1280, 1204, 1144, 1343, 1164, 1209, 1176, 1164, 1222, 1209, 1342, 1266, 1070, 1287, 1268, 1226, 1275, 1053, 1141, 1142, 1157, 1116, 1012, 1278, 1260, 1030, 1222, 1282, 1430, 1259, 1186, 1207, 1205, 1201, 1365, 1250, 1154, 994, 1275, 1213, 1121, 1093, 1315, 1177, 1301, 1240, 1219, 1286, 1242, 1318, 1344, 1192, 1184, 1278, 1334, 1072, 1129, 1117, 1115, 1382, 1269, 1303, 1252, 1203, 1102, 1239, 1322, 1220, 1176, 1144, 1194, 1055, 1172, 1346, 1272, 1123, 1268, 1315, 1299, 1296, 1328, 1279, 1174, 1240, 1268, 1124, 1302, 1201, 1156, 1166, 1203, 1254, 1262, 1339, 1190, 1331, 1173, 1344, 1234, 1083, 1172, 1356, 1278, 1236, 1184, 1137, 1302, 1096, 1129, 1268, 1226, 1182, 1297, 1280, 1267, 1238, 1212, 1254, 1210, 1177, 1209, 1098, 1347, 1203, 1177, 1222, 1238, 1295, 1193, 1162, 1258, 1191, 1196, 1256, 1161, 1168, 1314, 1268, 1225, 1287, 1220, 1235, 1226, 1312, 1236, 1156, 1256, 1309, 1248, 1355, 1229, 1184, 1345, 1280, 1043, 1207, 1296, 1153, 1310, 1264, 1212, 1218, 1363, 1170, 1355, 1257, 1425, 1199, 1192, 1085, 1299, 1311, 1227, 1244, 1293, 1179, 1090, 1242, 1249, 1329, 1291, 1211, 1208, 1246, 1269, 1211, 1277, 1166, 1114, 1166, 1363, 1199, 1213, 1197, 1289, 1139, 1186, 1198, 1119, 1243, 1187, 1186, 1229, 1272, 1095, 1317, 1273, 1173, 1398, 1468, 1196, 1218, 1155, 1095, 1209, 1251, 1327, 1155, 1373, 1335, 1055, 1252, 1214, 1324, 1195, 1188, 1179, 1175, 1020, 1303, 1393, 1283, 1120, 1283, 1259, 1276, 1121, 1190, 1112, 1231, 1165, 1365, 1231, 1254, 1297, 1267, 1338, 1073, 1231, 1322, 1268, 1196, 1132, 1136, 1173, 1042, 1202, 1209, 1308, 1326, 1218, 1271, 1172, 1124, 1201, 1161, 1268, 1128, 1139, 1269, 1343, 1170, 1079, 1112, 1276, 1306, 1330, 1198, 1337, 1275, 1147, 1209, 1119, 1100, 1196, 1038, 1248, 1163, 1145, 1258, 1174, 1312, 1214, 1253, 1334, 1135, 1270, 1241, 1135, 1142, 1256, 1067, 1112, 1107, 1098, 1395, 1271, 1260, 1192, 1311, 1221, 1280, 1299, 1373, 1264, 1282, 1278, 1301, 1080, 985, 1141, 1357, 1130, 1328, 1290, 1234, 1171, 1130, 1110, 1307, 1178, 1133, 1179, 1358, 1144, 1158, 1122, 1180, 1112, 1181, 1220, 1093, 1209, 1129, 1253, 1273, 1117, 1280, 1108, 1257, 1305, 1160, 1054, 1267, 1421, 1223, 1182, 1197, 1263, 1250, 1158, 1273, 1395, 1108, 1265, 1161, 1222, 1212, 1352, 1212, 1182, 1206, 1180, 1147, 1114, 1384, 1205, 1158, 1225, 1120, 1368, 1197, 1206, 1186, 1250, 1240, 1254, 1296, 1086, 1299, 1200, 1299, 1349, 1203, 1144, 1168, 1264, 1250, 1251, 1194, 1201, 1366, 1071, 1286, 1289, 1142, 1016, 1165, 1247, 1262, 1178, 1289, 1317, 1316, 1309, 1335, 1354, 1204, 1233, 1224, 1336, 1162, 1312, 1295, 1106, 1128, 1233, 1211, 1223, 1227, 1192, 1281, 1245, 1377, 1399, 1261, 1104, 1229, 1249, 1220, 1126, 1206, 1138, 1243, 1152, 1122, 1242, 1195, 1147, 1179, 1320, 1225, 1249, 1147, 1241, 1351, 1159, 1247, 1278, 1215, 1237, 1192, 1081, 1234, 1299, 1157, 1434, 1240, 1247, 1211, 1176, 1133, 1180, 1088, 1181, 1145, 1199, 1157, 1336, 1165, 1125, 1252, 1304, 1263, 1276, 1143, 1199, 1183, 1223, 1283, 1304, 1308, 1232, 1314, 1282, 1178, 1272, 1137, 1179, 1257, 1023, 1230, 1239, 1050, 1285, 1104, 1393, 1108, 1205, 1147, 1275, 1234, 1187, 1298, 1111, 1193, 1093, 1180, 1216, 1197, 1212, 1180, 1241, 1232, 1274, 1251, 1163, 1291, 1203, 1042, 1273, 1224, 1298, 1222, 1067, 1281, 1144, 1296, 1274, 1210, 1350, 1130, 1280, 1169, 1246, 1266, 1271, 1154, 1216, 1094, 1133, 1254, 1193, 1164, 1197, 1102, 1239, 1219, 1176, 1147, 1265, 1168, 1382, 1176, 1261, 1342, 1143, 1214, 1307, 1235, 1134, 1133, 1298, 1197, 1288, 1185, 1011, 1166, 1222, 1175, 1140, 1077, 1266, 1232, 1036, 1064, 1148, 1226, 1121, 1076, 1358, 1306, 1202, 1168, 1029, 1250, 1230, 1310, 1206, 1307, 1386, 1403, 1132, 1341, 1232, 1155, 1277, 1159, 1234, 1105, 1295, 1142, 1211, 1128, 1161, 1152, 1153, 1108, 1269, 1305, 1233, 1203, 1143, 1367, 1256, 1287, 1314, 1277, 1227, 1179, 1276, 1147, 1239, 1426, 1141, 1098, 1066, 1340, 1181, 1167, 1166, 1083, 1476, 1136, 1275, 1259, 1130, 1376, 989, 1191, 1200, 1271, 1102, 1344, 1181, 1150, 1105, 1120, 1326, 1223, 1185, 1291, 1251, 1285, 1133, 1291, 1207, 1264, 1287, 1145, 992, 1170, 1030, 1172, 1261, 1306, 1135, 1080, 1316, 1225, 1145, 1199, 1140, 1200, 1066, 1233, 1299, 1253, 1261, 1323, 1189, 1109, 1255, 1255, 1200, 1313, 1038, 1207, 1215, 1231, 1288, 1177, 1272, 1236, 1258, 1304, 1298, 1238, 1191, 1125, 1300, 1405, 1210, 1017, 1392, 1212, 1247, 1068, 1121, 1163, 993, 1382, 1191, 1233, 1309, 1122, 1191, 1191, 1234, 1330, 1213, 1133, 1227, 1203, 1246, 1096, 1212, 1151, 1152, 1318, 1255, 1046, 1230, 1115, 1140, 1086, 1239, 1176, 1290, 1215, 1136, 1298, 1162, 1119, 1103, 1309, 1320, 1158, 1171, 1122, 1247, 1202, 1283, 1191, 1250, 1236, 1213, 1285, 1192, 1264, 1299, 1304, 1222, 1142, 1203, 1138, 1263, 1136, 1139, 1218, 1231, 1152, 1186, 1426, 1125, 1419, 1177, 1206, 1201, 1093, 1150, 1139, 1299, 1315, 1175, 1060, 1299, 1220, 1396, 1253, 1193, 1198, 1158, 1102, 1222, 1394, 1219, 1173, 1258, 1237, 1089, 1108, 1219, 1243, 1297, 1172, 1226, 1141, 1289, 1139, 1285, 1113, 1498, 1313, 1216, 1200, 1448, 1224, 1234, 1374, 1270, 1276, 1192, 1209, 1220, 1140, 1284, 1059, 1242, 1282, 1239, 1167, 1241, 1122, 1265, 1150, 1152, 1251, 1357, 1304, 1202, 1282, 1147, 1278, 1145, 1274, 1184, 1150, 1260, 1183, 1104, 1164, 1220, 1161, 1300, 1303, 1272, 1150, 1322, 1314, 1241, 1190, 1293, 1229, 1141, 1131, 1347, 1277, 1292, 1215, 1210, 1200, 1197, 1220, 1042, 1206, 1195, 1237, 1283, 1240, 1302, 1235, 1168, 1331, 1300, 1148, 1192, 1206, 1172, 1224, 1153, 1026, 1236, 1243, 1222, 1285, 1112, 1276, 1257, 1233, 1193, 1213, 1265, 1224, 1195, 1140, 1144, 1155, 1361, 1246, 1185, 1177, 1087, 1277, 1126, 1191, 1220, 1387, 1150, 1244, 1196, 1367, 1235, 1283, 1199, 1048, 1054, 1216, 1231, 1284, 1189, 1168, 1232, 1059, 1110, 1279, 1142, 1208, 1276, 1309, 1295, 1141, 1149, 1237, 1320, 1198, 1225, 1212, 1226, 1146, 1147, 1272, 1244, 1070, 1226, 1127, 1197, 1182, 1238, 1335, 1259, 1211, 1206, 1122, 1130, 1200, 1329, 1282, 1266, 1224, 1079, 1144, 1173, 1263, 1136, 1234, 1174, 1207, 1145, 1145, 1134, 1180, 1179, 1117, 1248, 1217, 1148, 1130, 1094, 1220, 1448, 1166, 1313, 1320, 1210, 1303, 1161, 1235, 1239, 1197, 1169, 1153, 1123, 1121, 1342, 1244, 1296, 1238, 1364, 1121, 1136, 1194, 1256, 1200, 1357, 1099, 1255, 1241, 1149, 1227, 1340, 1180, 1289, 1342, 1351, 1166, 1251, 1416, 1305, 1112, 1235, 1278, 1161, 1349, 1305, 1230, 1281, 1259, 1120, 1141, 1115, 1135, 1063, 1356, 1192, 1257, 1102, 1229, 1272, 1280, 1108, 1233, 1062, 1275, 1149, 1224, 1280, 1254, 1190, 1305, 1361, 961, 1194, 1143, 1135, 1220, 1184, 1265, 1254, 1268, 1358, 1282, 1316, 1248, 1365, 1158, 1210, 1216, 1352, 1238, 1286, 1359, 1179, 1435, 1210, 1127, 1225, 1223, 1256, 1348, 1107, 1257, 1192, 1204, 1351, 1338, 1235, 1147, 1254, 1264, 1397, 1314, 1169, 1160, 1141, 1284, 1079, 1221, 1237, 1330, 1297, 1195, 1259, 1115, 1166, 1181, 1203, 1161, 1212, 1385, 1147, 1235, 1100, 1232, 1235, 1222, 1365, 1227, 1220, 1232, 1184, 1279, 1190, 1239, 1329, 1345, 1251, 1281, 1056, 1194, 1114, 1198, 1248, 1442, 1259, 1256, 1198, 1356, 1099, 1313, 1260, 1224, 1253, 1205, 1211, 1195, 1127, 1376, 1215, 1329, 1268, 1118, 1218, 1178, 1213, 1266, 1233, 1304, 1252, 1276, 1141, 1241, 1088, 1296, 1157, 1387, 1214, 1104, 1175, 1235, 1194, 1182, 1296, 1256, 1198, 1170, 1355, 1105, 1311, 1194, 1302, 1133, 1266, 1186, 1175, 1143, 1281, 1289, 1139, 1225, 1254, 1105, 1172, 1199, 1188, 1175, 1448, 1140, 1248, 1332, 1385, 1285, 1221, 1105, 1216, 1337, 1113, 1380, 1282, 1124, 1322, 1302, 1293, 1142, 1302, 1165, 1110, 1239, 1284, 1243, 1065, 1055, 1251, 1349, 1348, 1299, 1137, 1140, 1156, 1160, 1211, 1142, 1096, 1301, 1260, 1366, 1292, 1102, 1162, 1221, 1166, 1242, 1236, 1116, 1115, 1143, 1195, 1255, 1347, 1149, 1185, 1182, 1224, 1328, 1218, 1284, 1227, 1137, 1342, 1289, 1322, 1332, 1289, 1344, 1270, 1198, 1112, 1215, 1340, 1168, 1132, 1251, 1241, 1242, 1257, 1235, 1295, 1258, 1138, 1212, 1363, 1230, 1190, 1186, 1046, 1226, 1335, 1153, 1252, 1349, 1151, 1380, 1326, 1128, 1317, 1136, 1299, 1326, 1261, 1161, 1314, 1197, 1198, 1087, 1332, 1166, 1423, 1219, 1334, 1217, 1305, 1296, 1139, 1189, 1336, 1184, 1395, 1299, 1021, 1134, 1112, 1187, 1202, 1134, 990, 1196, 1263, 1178, 1338, 1304, 1249, 1105, 1217, 1177, 1125, 1262, 1198, 1136, 1156, 1177, 1233, 1283, 1051, 1201, 1312, 1241, 1259, 1093, 1312, 1108, 1104, 1346, 1260, 1073, 1182, 1232, 1210, 1286, 1202, 1057, 1021, 1209, 1191, 1287, 1000, 1036, 1286, 1325, 1245, 1147, 1183, 1270, 1250, 1067, 1260, 1466, 1200, 1167, 1228, 1316, 1164, 1181, 1154, 1097, 1216, 1191, 1200, 1098, 1284, 1175, 1224, 1342, 1204, 1229, 1405, 1239, 1210, 1235, 1185, 1254, 1259, 1232, 1186, 1317, 1240, 1260, 1171, 1210, 1116, 1269, 1130, 1247, 1195, 1258, 1340, 1346, 1271, 1192, 1137, 1182, 1126, 1428, 1206, 1323, 1195, 1231, 1163, 1048, 1198, 1123, 1121, 1209, 1264, 1145, 1190, 1105, 1170, 1093, 1202, 1283, 1232, 1301, 1247, 1158, 1140, 1144, 1320, 1215, 1213, 1105, 1270, 1223, 1089, 1470, 1212, 1326, 1253, 1267, 1251, 1143, 1085, 1326, 1330, 1257, 1202, 1205, 1312, 1239, 1172, 1231, 1216, 1261, 1056, 1338, 1286, 1231, 1172, 1167, 1250, 1188, 1218, 1234, 1228, 1190, 1280, 1198, 1296, 1163, 1211, 1297, 1250, 1295, 1267, 1291, 1240, 1213, 1251, 1160, 1118, 1285, 1223, 1236, 1175, 1277, 1361, 1358, 1144, 1247, 1329, 1155, 1241, 1143, 1186, 1284, 1115, 1211, 1275, 1221, 1198, 1344, 1183, 1200, 1149, 1166, 1112, 1299, 1205, 1094, 1221, 1281, 1264, 1262, 1347, 1169, 1256, 1298, 1212, 1158, 1095, 1293, 1121, 1281, 1213, 1274, 1245, 1244, 1314, 1221, 1083, 1286, 1237, 1283, 1163]

[stfn]
  Promedio : 496.1s
  Desvío   : 56.0s
  IC 95%   : [494.5s, 497.6s]
  Mínimo   : 350s
  Máximo   : 704s
  Tiempos  : [504, 447, 528, 500, 453, 471, 450, 523, 535, 499, 561, 479, 469, 517, 452, 459, 596, 615, 495, 482, 463, 524, 541, 454, 515, 566, 545, 467, 463, 401, 381, 512, 420, 425, 538, 490, 383, 502, 530, 559, 475, 469, 440, 448, 458, 430, 620, 402, 484, 547, 575, 436, 492, 523, 513, 523, 489, 591, 401, 491, 477, 407, 511, 503, 426, 590, 502, 477, 495, 488, 547, 440, 503, 528, 454, 403, 525, 498, 450, 455, 471, 443, 553, 592, 400, 500, 424, 545, 519, 475, 626, 563, 498, 560, 477, 565, 447, 470, 636, 460, 437, 401, 516, 481, 551, 412, 431, 505, 591, 454, 541, 492, 486, 447, 617, 476, 412, 509, 472, 559, 440, 430, 521, 466, 379, 555, 567, 563, 500, 504, 481, 485, 523, 502, 513, 504, 396, 482, 518, 390, 506, 491, 671, 387, 532, 512, 514, 583, 462, 526, 422, 492, 549, 555, 475, 423, 604, 484, 464, 592, 490, 538, 483, 582, 520, 582, 466, 557, 486, 416, 460, 514, 525, 448, 477, 433, 459, 510, 463, 450, 532, 458, 514, 579, 589, 408, 425, 433, 458, 562, 460, 516, 470, 548, 444, 502, 459, 519, 525, 501, 531, 688, 539, 507, 437, 471, 499, 528, 551, 362, 483, 567, 510, 502, 477, 475, 607, 488, 481, 469, 529, 431, 581, 454, 466, 539, 515, 461, 527, 488, 486, 469, 488, 476, 563, 530, 472, 513, 652, 430, 488, 471, 561, 438, 514, 440, 476, 434, 502, 405, 441, 377, 431, 444, 466, 510, 526, 418, 480, 466, 493, 614, 425, 512, 456, 434, 510, 476, 507, 512, 502, 533, 445, 397, 428, 485, 449, 491, 429, 462, 508, 480, 456, 440, 428, 489, 388, 661, 412, 569, 565, 470, 462, 486, 403, 430, 434, 444, 500, 527, 462, 560, 493, 506, 487, 576, 468, 493, 473, 518, 480, 434, 435, 408, 494, 465, 469, 515, 516, 527, 451, 508, 522, 593, 577, 499, 614, 423, 507, 575, 448, 473, 537, 419, 487, 503, 608, 444, 701, 603, 467, 528, 531, 557, 453, 540, 436, 489, 570, 485, 458, 535, 528, 496, 437, 451, 402, 490, 491, 374, 542, 532, 523, 392, 399, 467, 617, 480, 420, 496, 468, 611, 573, 499, 675, 405, 439, 416, 442, 603, 470, 495, 515, 495, 611, 535, 420, 473, 526, 447, 445, 466, 427, 433, 462, 510, 461, 488, 426, 538, 508, 568, 456, 510, 448, 516, 530, 541, 610, 497, 517, 460, 481, 563, 487, 448, 521, 399, 376, 483, 473, 600, 522, 632, 531, 429, 506, 465, 630, 554, 462, 564, 517, 477, 602, 556, 520, 568, 492, 402, 529, 518, 450, 550, 471, 527, 549, 474, 412, 572, 503, 489, 480, 500, 525, 419, 548, 466, 474, 567, 498, 452, 435, 465, 463, 453, 552, 427, 427, 443, 495, 460, 450, 411, 557, 572, 600, 439, 474, 478, 524, 598, 401, 559, 397, 457, 432, 518, 547, 564, 532, 485, 531, 436, 537, 502, 426, 474, 505, 523, 496, 412, 481, 427, 465, 466, 471, 493, 446, 389, 546, 413, 604, 527, 432, 476, 435, 532, 387, 507, 429, 457, 425, 479, 558, 519, 505, 456, 469, 482, 451, 441, 433, 509, 509, 613, 527, 396, 508, 561, 482, 393, 473, 520, 427, 445, 481, 506, 457, 488, 541, 538, 395, 397, 522, 582, 462, 571, 465, 409, 568, 524, 609, 461, 416, 477, 382, 498, 527, 514, 520, 495, 425, 536, 396, 547, 422, 501, 431, 483, 484, 454, 487, 447, 572, 547, 454, 437, 556, 492, 432, 513, 448, 528, 500, 505, 518, 515, 461, 425, 438, 494, 377, 651, 419, 512, 559, 538, 515, 540, 386, 461, 455, 555, 460, 541, 509, 458, 440, 603, 491, 509, 463, 457, 493, 460, 458, 409, 507, 500, 594, 470, 394, 427, 588, 525, 550, 484, 477, 487, 441, 584, 577, 520, 543, 486, 433, 525, 549, 504, 459, 632, 557, 538, 539, 507, 491, 427, 539, 427, 434, 482, 485, 517, 589, 407, 417, 539, 507, 488, 451, 538, 493, 482, 452, 521, 412, 548, 528, 595, 422, 455, 589, 510, 382, 568, 515, 471, 488, 477, 382, 549, 540, 514, 451, 504, 407, 389, 466, 481, 483, 437, 465, 500, 487, 563, 561, 547, 423, 572, 408, 452, 446, 491, 469, 459, 534, 395, 427, 514, 436, 500, 469, 440, 495, 450, 496, 440, 534, 499, 492, 541, 421, 448, 452, 500, 619, 529, 463, 496, 481, 488, 511, 510, 408, 396, 445, 439, 516, 500, 497, 473, 608, 527, 529, 533, 475, 454, 475, 523, 427, 542, 410, 465, 518, 501, 500, 529, 568, 448, 448, 461, 571, 561, 562, 467, 419, 494, 505, 512, 493, 501, 469, 424, 617, 445, 577, 502, 431, 489, 515, 523, 533, 489, 569, 485, 476, 600, 489, 586, 542, 564, 402, 554, 433, 552, 578, 480, 503, 535, 520, 536, 500, 549, 409, 501, 425, 460, 416, 457, 474, 546, 465, 443, 582, 623, 569, 549, 453, 435, 479, 544, 571, 437, 553, 559, 503, 509, 519, 442, 505, 535, 501, 534, 510, 450, 462, 481, 464, 519, 474, 486, 597, 456, 491, 546, 452, 472, 490, 501, 469, 569, 566, 563, 505, 614, 587, 537, 490, 616, 526, 632, 461, 423, 449, 533, 514, 548, 534, 419, 478, 633, 436, 516, 419, 532, 481, 492, 430, 499, 494, 470, 521, 465, 495, 577, 528, 488, 482, 656, 528, 551, 473, 435, 417, 590, 478, 443, 479, 562, 470, 449, 510, 494, 448, 522, 507, 457, 619, 495, 529, 587, 489, 611, 405, 446, 436, 502, 402, 588, 393, 447, 564, 513, 428, 473, 524, 516, 488, 478, 527, 591, 496, 426, 472, 533, 437, 460, 464, 541, 548, 489, 547, 503, 551, 436, 468, 530, 449, 428, 441, 514, 460, 465, 518, 565, 435, 424, 569, 448, 440, 458, 517, 558, 527, 391, 453, 503, 439, 560, 431, 535, 412, 571, 475, 411, 408, 534, 443, 517, 411, 557, 485, 380, 475, 422, 595, 500, 518, 448, 426, 510, 532, 485, 422, 514, 542, 440, 485, 498, 547, 586, 450, 473, 532, 486, 456, 494, 478, 476, 488, 626, 454, 531, 550, 537, 501, 486, 521, 515, 612, 472, 433, 451, 417, 534, 511, 558, 620, 488, 493, 414, 616, 542, 557, 447, 525, 402, 507, 585, 503, 572, 406, 526, 515, 498, 477, 425, 532, 509, 478, 444, 469, 549, 443, 403, 447, 474, 480, 537, 474, 516, 485, 450, 419, 440, 535, 448, 498, 537, 451, 489, 571, 493, 473, 555, 506, 426, 501, 458, 415, 505, 420, 495, 530, 422, 484, 395, 439, 600, 487, 484, 576, 469, 390, 428, 496, 448, 523, 511, 513, 495, 480, 551, 407, 550, 469, 445, 489, 383, 457, 497, 516, 534, 390, 601, 458, 508, 557, 558, 531, 435, 494, 530, 513, 483, 422, 366, 586, 468, 566, 571, 522, 535, 472, 460, 492, 468, 490, 485, 456, 518, 462, 511, 490, 492, 556, 542, 482, 510, 463, 643, 535, 587, 537, 591, 571, 473, 480, 436, 534, 432, 485, 475, 463, 531, 410, 556, 518, 588, 471, 526, 403, 499, 557, 503, 413, 598, 451, 525, 517, 535, 558, 522, 459, 518, 461, 500, 467, 480, 507, 590, 527, 499, 428, 481, 477, 578, 502, 488, 579, 552, 449, 512, 519, 498, 456, 466, 485, 521, 537, 527, 479, 580, 481, 426, 424, 479, 513, 587, 600, 469, 447, 476, 562, 426, 520, 538, 432, 415, 490, 490, 458, 436, 435, 598, 439, 514, 506, 632, 389, 453, 528, 552, 522, 596, 380, 458, 529, 557, 408, 513, 573, 425, 489, 514, 549, 496, 547, 432, 488, 401, 423, 558, 464, 470, 421, 528, 464, 466, 501, 411, 521, 466, 563, 496, 536, 504, 395, 501, 487, 459, 390, 591, 557, 446, 502, 510, 463, 492, 574, 535, 393, 390, 543, 447, 551, 606, 535, 593, 511, 447, 589, 539, 476, 477, 494, 567, 529, 513, 501, 470, 516, 483, 481, 504, 584, 623, 518, 480, 462, 530, 482, 554, 524, 442, 379, 562, 475, 601, 577, 532, 461, 395, 607, 487, 385, 520, 511, 509, 609, 475, 589, 507, 410, 519, 498, 414, 432, 436, 525, 524, 538, 556, 429, 420, 525, 516, 450, 397, 506, 460, 402, 523, 429, 435, 573, 378, 393, 455, 451, 635, 396, 479, 596, 622, 454, 526, 521, 481, 433, 464, 450, 470, 430, 532, 551, 514, 472, 530, 475, 473, 521, 461, 491, 538, 558, 498, 589, 560, 487, 512, 500, 423, 501, 465, 516, 568, 598, 568, 470, 503, 486, 508, 500, 527, 547, 452, 447, 413, 443, 463, 473, 449, 568, 476, 482, 586, 586, 498, 415, 438, 524, 636, 487, 426, 587, 502, 384, 471, 577, 631, 427, 394, 436, 562, 378, 529, 536, 556, 525, 492, 430, 466, 415, 455, 515, 446, 531, 464, 496, 599, 452, 604, 565, 435, 473, 494, 578, 547, 430, 438, 560, 455, 392, 453, 582, 484, 527, 538, 473, 462, 618, 471, 405, 552, 383, 502, 457, 464, 526, 417, 665, 486, 414, 522, 428, 466, 484, 532, 541, 518, 483, 548, 453, 506, 543, 503, 475, 458, 495, 474, 481, 535, 488, 551, 474, 481, 621, 417, 597, 538, 529, 665, 545, 490, 415, 504, 427, 413, 509, 450, 436, 459, 475, 505, 492, 491, 531, 433, 583, 517, 536, 498, 484, 469, 471, 564, 437, 488, 580, 494, 443, 472, 534, 489, 517, 429, 513, 443, 521, 451, 473, 578, 519, 488, 426, 405, 528, 503, 440, 523, 546, 522, 627, 471, 545, 512, 460, 442, 521, 490, 520, 493, 474, 468, 443, 468, 620, 423, 480, 499, 507, 446, 450, 501, 584, 506, 426, 467, 508, 407, 426, 612, 559, 577, 469, 484, 521, 504, 564, 523, 502, 520, 537, 446, 484, 471, 513, 443, 473, 387, 579, 413, 446, 605, 424, 494, 495, 522, 499, 517, 437, 451, 450, 444, 466, 515, 408, 487, 460, 485, 589, 512, 454, 578, 448, 512, 532, 463, 555, 411, 399, 507, 476, 464, 607, 488, 506, 504, 542, 524, 460, 498, 460, 476, 538, 435, 555, 448, 511, 405, 490, 419, 533, 441, 479, 583, 533, 487, 382, 476, 441, 383, 563, 529, 510, 567, 404, 490, 453, 540, 481, 580, 471, 432, 481, 458, 469, 563, 481, 520, 572, 554, 544, 475, 468, 425, 526, 614, 469, 465, 523, 540, 494, 598, 464, 494, 513, 550, 406, 512, 525, 476, 448, 499, 411, 511, 429, 422, 480, 541, 575, 428, 575, 493, 596, 409, 551, 546, 505, 508, 583, 428, 485, 508, 551, 555, 518, 480, 529, 518, 540, 401, 605, 508, 437, 458, 508, 507, 515, 547, 633, 463, 572, 420, 450, 489, 467, 582, 549, 507, 478, 486, 590, 499, 499, 659, 503, 533, 430, 491, 440, 510, 520, 612, 491, 586, 451, 546, 560, 447, 470, 506, 493, 547, 528, 501, 533, 517, 432, 534, 421, 586, 524, 453, 574, 417, 553, 485, 449, 442, 543, 412, 445, 545, 500, 551, 532, 507, 504, 497, 468, 664, 613, 486, 452, 542, 466, 465, 539, 395, 531, 457, 604, 512, 618, 671, 577, 435, 480, 501, 548, 488, 521, 460, 574, 494, 413, 481, 522, 607, 562, 422, 602, 559, 468, 502, 398, 494, 475, 501, 490, 629, 490, 599, 508, 479, 409, 484, 528, 564, 486, 491, 541, 616, 490, 441, 446, 607, 415, 570, 457, 508, 564, 480, 494, 515, 532, 493, 472, 530, 580, 432, 541, 578, 530, 530, 524, 553, 495, 493, 636, 389, 455, 408, 471, 478, 552, 525, 476, 441, 516, 433, 563, 609, 509, 565, 700, 518, 540, 579, 614, 510, 411, 466, 586, 439, 470, 470, 453, 451, 565, 446, 604, 502, 564, 534, 482, 538, 564, 450, 462, 535, 455, 481, 469, 508, 591, 393, 468, 460, 595, 422, 517, 544, 613, 492, 522, 423, 519, 437, 593, 551, 484, 468, 458, 431, 443, 394, 590, 478, 441, 477, 495, 493, 506, 419, 456, 502, 525, 506, 478, 581, 421, 552, 545, 494, 405, 546, 536, 468, 511, 464, 511, 402, 466, 543, 520, 541, 455, 458, 494, 420, 477, 558, 612, 407, 589, 452, 519, 520, 545, 442, 526, 448, 588, 408, 541, 421, 586, 487, 495, 513, 487, 498, 457, 398, 493, 493, 560, 416, 520, 433, 427, 521, 543, 504, 478, 571, 463, 517, 542, 403, 444, 563, 515, 588, 588, 513, 508, 484, 497, 583, 500, 542, 523, 470, 428, 495, 437, 650, 496, 532, 478, 557, 447, 469, 515, 533, 464, 496, 561, 544, 489, 433, 424, 528, 484, 414, 558, 498, 484, 567, 523, 545, 480, 490, 451, 463, 541, 461, 565, 461, 482, 523, 489, 463, 517, 491, 447, 411, 616, 423, 533, 397, 485, 530, 380, 596, 490, 454, 559, 609, 449, 439, 471, 542, 580, 576, 393, 492, 505, 643, 517, 411, 448, 450, 470, 428, 512, 551, 411, 470, 478, 510, 440, 542, 564, 460, 481, 426, 428, 390, 451, 481, 516, 464, 484, 487, 528, 436, 595, 521, 494, 560, 543, 483, 469, 483, 510, 506, 549, 552, 497, 497, 541, 513, 477, 492, 434, 506, 422, 569, 525, 502, 496, 511, 489, 501, 498, 498, 518, 490, 509, 441, 433, 415, 480, 549, 525, 560, 562, 538, 548, 425, 465, 477, 473, 429, 502, 537, 457, 553, 519, 528, 517, 507, 490, 440, 445, 609, 459, 494, 567, 398, 524, 523, 442, 542, 527, 461, 485, 515, 397, 433, 471, 497, 487, 417, 555, 537, 452, 434, 443, 420, 458, 514, 536, 490, 498, 496, 480, 481, 566, 460, 530, 416, 475, 420, 411, 592, 469, 581, 592, 477, 517, 474, 529, 580, 494, 470, 504, 543, 500, 370, 509, 590, 532, 449, 444, 544, 490, 499, 572, 438, 468, 507, 385, 541, 435, 484, 508, 625, 488, 439, 476, 517, 540, 500, 612, 475, 473, 529, 490, 496, 637, 516, 408, 456, 624, 500, 414, 527, 396, 433, 626, 489, 532, 476, 505, 495, 499, 426, 452, 441, 471, 532, 476, 483, 556, 483, 443, 501, 440, 492, 480, 522, 514, 552, 519, 534, 462, 500, 582, 515, 454, 580, 501, 468, 408, 445, 446, 521, 558, 531, 460, 423, 518, 463, 523, 559, 484, 566, 503, 478, 532, 435, 600, 456, 556, 514, 435, 542, 475, 479, 461, 447, 464, 426, 557, 407, 593, 447, 528, 458, 566, 524, 460, 531, 592, 530, 433, 404, 499, 534, 525, 531, 413, 537, 476, 505, 483, 530, 523, 493, 512, 422, 473, 514, 440, 463, 451, 525, 478, 454, 409, 534, 491, 443, 461, 515, 477, 507, 511, 455, 449, 390, 486, 434, 484, 435, 484, 496, 463, 406, 468, 500, 532, 420, 547, 395, 521, 523, 422, 477, 495, 475, 545, 462, 660, 559, 544, 530, 456, 417, 393, 475, 468, 424, 443, 471, 593, 559, 501, 429, 571, 526, 482, 516, 468, 391, 397, 524, 462, 514, 480, 487, 568, 489, 498, 471, 537, 475, 470, 478, 472, 544, 654, 553, 467, 431, 649, 517, 516, 392, 558, 527, 473, 555, 462, 574, 499, 449, 388, 423, 544, 535, 469, 547, 511, 530, 502, 484, 451, 425, 475, 397, 427, 454, 411, 448, 446, 612, 512, 454, 482, 488, 562, 435, 548, 508, 515, 504, 529, 480, 440, 524, 504, 523, 591, 514, 521, 442, 457, 510, 428, 543, 480, 447, 484, 486, 502, 510, 485, 611, 476, 551, 455, 501, 518, 467, 455, 454, 479, 495, 532, 532, 469, 584, 464, 537, 523, 433, 479, 467, 391, 479, 451, 501, 537, 549, 489, 513, 577, 510, 490, 564, 523, 481, 485, 473, 419, 522, 494, 499, 421, 478, 483, 558, 524, 539, 590, 482, 522, 567, 556, 479, 460, 482, 455, 481, 566, 529, 561, 545, 568, 533, 487, 425, 533, 494, 502, 469, 504, 499, 563, 513, 410, 495, 557, 609, 428, 516, 627, 495, 459, 626, 536, 425, 447, 463, 481, 492, 510, 516, 476, 419, 406, 457, 503, 483, 468, 444, 381, 481, 482, 529, 509, 461, 635, 482, 519, 425, 484, 490, 615, 600, 532, 494, 514, 498, 429, 430, 418, 456, 473, 466, 479, 407, 432, 410, 451, 531, 547, 458, 400, 484, 477, 496, 502, 443, 495, 403, 567, 550, 612, 584, 480, 530, 417, 539, 497, 394, 666, 472, 456, 418, 502, 575, 454, 495, 531, 512, 447, 516, 461, 654, 428, 424, 492, 501, 447, 530, 554, 419, 597, 637, 447, 459, 481, 448, 415, 432, 475, 497, 527, 524, 520, 490, 524, 502, 502, 546, 523, 443, 597, 452, 495, 501, 545, 543, 462, 538, 379, 455, 388, 361, 451, 510, 495, 540, 513, 541, 455, 499, 554, 422, 425, 429, 579, 561, 527, 433, 440, 437, 550, 546, 430, 441, 484, 505, 465, 396, 575, 443, 531, 486, 386, 518, 538, 479, 455, 494, 487, 463, 554, 496, 509, 545, 481, 400, 437, 398, 502, 492, 477, 589, 602, 418, 533, 525, 478, 468, 455, 457, 480, 475, 537, 484, 643, 634, 408, 502, 595, 458, 504, 491, 557, 436, 599, 446, 502, 541, 487, 572, 581, 544, 461, 533, 474, 540, 472, 521, 492, 579, 433, 536, 498, 535, 573, 579, 589, 573, 558, 503, 445, 491, 491, 521, 537, 535, 431, 603, 505, 564, 498, 469, 424, 420, 533, 557, 451, 491, 552, 497, 517, 469, 466, 509, 651, 503, 475, 519, 600, 471, 517, 449, 484, 494, 550, 382, 497, 486, 454, 512, 501, 492, 570, 453, 510, 443, 445, 588, 459, 419, 651, 407, 493, 443, 422, 460, 522, 497, 563, 428, 387, 564, 525, 464, 479, 547, 486, 441, 590, 386, 512, 415, 414, 486, 531, 425, 491, 387, 511, 508, 407, 544, 414, 438, 391, 435, 460, 584, 502, 479, 465, 428, 417, 412, 609, 482, 537, 430, 411, 502, 529, 455, 403, 467, 463, 547, 587, 521, 414, 450, 527, 468, 486, 570, 406, 564, 534, 515, 550, 471, 502, 447, 524, 501, 704, 518, 542, 425, 481, 499, 501, 448, 491, 528, 472, 425, 448, 552, 477, 451, 532, 554, 559, 504, 551, 544, 492, 460, 582, 527, 530, 461, 481, 502, 539, 594, 453, 417, 480, 442, 552, 451, 599, 467, 556, 538, 540, 551, 486, 525, 434, 448, 455, 540, 509, 519, 416, 512, 480, 489, 508, 504, 493, 494, 466, 451, 517, 485, 495, 574, 423, 469, 529, 501, 443, 541, 571, 424, 556, 505, 442, 444, 562, 436, 488, 404, 516, 450, 494, 543, 490, 475, 495, 470, 506, 481, 440, 492, 464, 444, 452, 505, 477, 524, 439, 401, 469, 500, 455, 520, 541, 513, 483, 485, 483, 480, 521, 497, 455, 515, 374, 465, 524, 485, 443, 518, 634, 600, 502, 456, 462, 540, 450, 517, 428, 446, 412, 529, 519, 497, 606, 506, 464, 463, 486, 482, 446, 387, 610, 478, 469, 533, 421, 445, 569, 516, 546, 484, 388, 408, 486, 448, 512, 487, 386, 489, 545, 429, 570, 470, 486, 557, 563, 443, 539, 455, 476, 601, 567, 437, 480, 494, 591, 441, 500, 464, 446, 515, 450, 527, 491, 510, 544, 418, 497, 402, 454, 506, 612, 519, 477, 533, 455, 455, 439, 512, 470, 510, 484, 546, 445, 419, 549, 493, 447, 422, 465, 483, 545, 497, 601, 457, 443, 534, 487, 494, 551, 478, 486, 493, 596, 542, 532, 509, 437, 595, 509, 473, 602, 566, 552, 533, 516, 435, 625, 517, 412, 462, 601, 396, 414, 516, 450, 488, 492, 559, 457, 599, 470, 524, 504, 583, 483, 489, 413, 535, 467, 419, 361, 554, 472, 633, 554, 406, 467, 491, 486, 555, 524, 585, 557, 435, 475, 512, 415, 480, 494, 477, 481, 525, 502, 414, 457, 444, 424, 489, 527, 408, 501, 459, 477, 457, 442, 492, 559, 425, 384, 540, 481, 553, 574, 540, 541, 419, 536, 632, 585, 546, 584, 478, 482, 511, 561, 481, 497, 437, 451, 524, 595, 447, 585, 542, 504, 384, 490, 466, 358, 517, 475, 480, 466, 522, 492, 512, 462, 492, 428, 636, 514, 522, 487, 595, 439, 462, 587, 381, 492, 482, 465, 511, 472, 451, 539, 456, 542, 597, 468, 545, 510, 501, 481, 529, 582, 608, 401, 485, 430, 463, 614, 483, 436, 495, 483, 404, 456, 506, 470, 522, 516, 423, 549, 560, 574, 428, 608, 501, 384, 466, 479, 491, 399, 426, 550, 585, 423, 557, 475, 606, 517, 409, 456, 476, 450, 378, 507, 476, 419, 403, 413, 582, 518, 461, 548, 465, 418, 496, 450, 473, 658, 525, 447, 497, 503, 491, 578, 573, 527, 542, 475, 519, 554, 592, 490, 423, 409, 497, 516, 547, 471, 479, 444, 410, 492, 484, 424, 503, 550, 417, 521, 490, 589, 510, 459, 531, 505, 488, 539, 539, 441, 459, 568, 473, 582, 555, 508, 507, 495, 417, 498, 428, 595, 471, 363, 567, 547, 454, 423, 602, 557, 567, 520, 490, 595, 496, 455, 571, 618, 443, 593, 537, 579, 452, 430, 432, 416, 481, 525, 390, 570, 505, 571, 506, 468, 465, 486, 470, 471, 546, 486, 566, 553, 541, 503, 466, 463, 449, 513, 538, 558, 561, 499, 507, 401, 560, 442, 412, 465, 439, 452, 468, 447, 529, 510, 478, 468, 457, 501, 503, 562, 545, 519, 551, 481, 475, 474, 648, 461, 534, 448, 536, 493, 514, 492, 468, 445, 547, 505, 522, 494, 465, 608, 545, 488, 478, 383, 448, 468, 469, 493, 568, 479, 591, 441, 441, 466, 458, 576, 611, 448, 478, 396, 403, 590, 418, 571, 510, 543, 494, 496, 486, 407, 465, 585, 425, 540, 391, 517, 608, 526, 498, 375, 491, 409, 477, 479, 589, 449, 520, 435, 577, 483, 587, 533, 504, 490, 576, 465, 580, 509, 534, 585, 444, 515, 445, 503, 479, 465, 487, 567, 412, 429, 581, 532, 453, 477, 544, 616, 492, 443, 449, 518, 516, 547, 401, 551, 558, 490, 455, 467, 416, 468, 471, 433, 509, 521, 463, 518, 439, 465, 524, 461, 492, 477, 507, 604, 512, 496, 587, 653, 507, 439, 550, 443, 470, 613, 486, 435, 523, 522, 397, 435, 533, 610, 480, 471, 437, 441, 577, 510, 411, 427, 452, 510, 525, 477, 489, 428, 534, 603, 404, 417, 523, 497, 570, 430, 443, 410, 484, 467, 476, 514, 481, 493, 556, 492, 503, 444, 519, 522, 511, 649, 477, 484, 522, 481, 489, 409, 605, 426, 474, 579, 491, 523, 518, 544, 472, 414, 483, 507, 535, 440, 432, 452, 498, 460, 450, 545, 564, 489, 483, 429, 569, 464, 438, 519, 563, 469, 648, 481, 468, 453, 478, 522, 588, 466, 523, 468, 598, 496, 631, 457, 392, 510, 574, 477, 517, 505, 475, 437, 604, 494, 417, 478, 607, 431, 482, 533, 501, 542, 436, 453, 514, 606, 429, 410, 513, 587, 417, 438, 467, 427, 505, 502, 411, 581, 463, 492, 544, 438, 486, 499, 485, 451, 491, 513, 610, 493, 558, 453, 448, 505, 406, 466, 442, 521, 523, 448, 469, 410, 478, 585, 479, 457, 483, 463, 613, 514, 533, 565, 381, 400, 530, 453, 442, 484, 517, 587, 496, 425, 554, 497, 607, 477, 511, 494, 434, 565, 486, 590, 509, 647, 550, 567, 465, 575, 581, 528, 517, 487, 460, 467, 526, 462, 546, 424, 550, 545, 427, 558, 533, 629, 428, 421, 506, 449, 432, 541, 472, 459, 491, 557, 406, 579, 396, 509, 529, 490, 430, 467, 406, 497, 597, 533, 441, 384, 530, 496, 542, 516, 532, 575, 457, 430, 433, 480, 487, 503, 526, 493, 530, 511, 473, 444, 509, 442, 538, 536, 525, 600, 502, 508, 525, 474, 412, 521, 503, 496, 446, 459, 528, 502, 537, 417, 542, 486, 478, 492, 421, 485, 489, 482, 476, 516, 492, 477, 515, 477, 492, 513, 528, 427, 496, 518, 496, 522, 452, 571, 558, 499, 567, 582, 441, 523, 423, 517, 494, 467, 574, 426, 555, 539, 547, 477, 500, 528, 419, 431, 512, 540, 523, 500, 427, 448, 373, 494, 417, 540, 476, 482, 460, 513, 610, 429, 539, 501, 433, 490, 464, 466, 469, 433, 426, 497, 564, 527, 474, 504, 500, 467, 458, 456, 443, 567, 558, 456, 589, 577, 548, 471, 525, 534, 491, 544, 444, 485, 531, 537, 436, 506, 468, 463, 478, 431, 426, 446, 479, 584, 435, 484, 485, 501, 555, 400, 410, 454, 491, 564, 513, 510, 418, 472, 501, 446, 509, 595, 492, 423, 440, 378, 435, 510, 518, 521, 496, 478, 545, 450, 549, 462, 481, 558, 620, 516, 459, 517, 547, 578, 505, 538, 656, 540, 518, 456, 545, 515, 490, 654, 586, 485, 424, 462, 548, 615, 571, 401, 512, 426, 577, 602, 552, 417, 472, 538, 515, 520, 548, 515, 474, 464, 397, 500, 500, 509, 484, 471, 551, 504, 478, 551, 482, 492, 575, 477, 431, 521, 450, 422, 431, 467, 511, 563, 584, 429, 486, 544, 499, 551, 572, 477, 453, 478, 527, 454, 528, 519, 442, 428, 496, 491, 555, 405, 483, 480, 503, 520, 479, 548, 415, 595, 478, 500, 459, 515, 446, 448, 522, 495, 481, 422, 648, 514, 438, 486, 532, 426, 538, 540, 592, 536, 530, 526, 468, 503, 518, 365, 471, 514, 548, 494, 491, 500, 505, 566, 523, 445, 495, 417, 443, 404, 523, 523, 565, 550, 488, 521, 586, 416, 515, 640, 471, 418, 632, 565, 450, 495, 508, 545, 507, 504, 429, 553, 451, 435, 432, 550, 421, 490, 513, 497, 420, 516, 478, 541, 503, 579, 504, 448, 523, 429, 501, 589, 467, 393, 409, 594, 551, 526, 483, 527, 374, 548, 537, 467, 650, 568, 496, 406, 521, 514, 505, 531, 567, 478, 473, 402, 457, 502, 464, 471, 429, 426, 483, 544, 577, 554, 564, 513, 430, 544, 459, 524, 382, 506, 508, 531, 468, 491, 552, 535, 461, 547, 503, 546, 486, 468, 458, 459, 533, 447, 496, 404, 534, 605, 503, 488, 524, 419, 466, 556, 456, 495, 431, 518, 413, 457, 481, 490, 509, 457, 526, 409, 507, 504, 582, 541, 561, 350, 477, 501, 456, 457, 459, 605, 471, 671, 503, 615, 469, 461, 601, 570, 426, 420, 463, 438, 455, 460, 459, 387, 484, 454, 558, 549, 488, 445, 532, 515, 559, 535, 493, 439, 544, 498, 459, 470, 515, 583, 536, 609, 496, 444, 506, 403, 527, 424, 670, 529, 468, 535, 512, 480, 504, 468, 519, 456, 425, 544, 489, 423, 530, 408, 513, 565, 524, 455, 378, 641, 485, 479, 489, 443, 616, 486, 427, 422, 494, 485, 457, 517, 531, 513, 505, 484, 526, 474, 447, 454, 543, 559, 601, 527, 524, 467, 471, 612, 439, 463, 486, 618, 579, 541, 477, 461, 498, 481, 492, 443, 480, 527, 488, 431, 471, 574, 463, 492, 435, 385, 453, 511, 500, 541, 511, 418, 550, 435, 594, 407, 473, 513, 485, 445, 474, 598, 522, 463, 515, 475, 460, 581, 655, 613, 387, 532, 403, 554, 556, 456, 464, 477, 509, 504, 509, 483, 510, 410, 415, 434, 513, 564, 568, 498, 559, 541, 491, 463, 513, 528, 401, 499, 552, 633, 508, 521, 574, 469, 545, 433, 475, 495, 513, 560, 443, 512, 538, 488, 516, 421, 501, 488, 570, 556, 536, 435, 558, 518, 527, 510, 459, 548, 485, 431, 440, 407, 509, 438, 430, 532, 471, 481, 441, 429, 585, 493, 444, 476, 480, 498, 487, 448, 479, 423, 492, 411, 565, 467, 445, 438, 496, 623, 463, 493, 452, 618, 561, 500, 476, 456, 497, 553, 534, 460, 497, 456, 453, 431, 425, 543, 444, 537, 559, 563, 438, 543, 448, 487, 518, 482, 443, 532, 504, 510, 468, 491, 549, 534, 497, 425, 526, 587, 620, 422, 646, 470, 542, 541, 521, 528, 441, 474, 601, 527, 586, 637, 458, 614, 478, 445, 398, 487, 437, 452, 535, 452, 464, 671, 483, 445, 438, 572, 513, 495, 424, 516, 565, 409, 547, 497, 542, 536, 411, 476, 450, 566, 474, 441, 465, 536, 550, 495, 446, 502, 502, 418, 531, 471, 415, 455, 593, 568, 641, 510, 570, 540, 559, 496, 524, 590, 518, 575, 450, 483, 519, 509, 457, 444, 414, 531, 513, 516, 472, 481, 433, 512, 520, 511, 526, 528, 416, 445, 456, 602, 458, 478, 601, 498, 563, 479, 502, 498, 517, 452, 457, 508, 504, 487, 470, 496, 431, 511, 393, 511, 509, 494, 496, 443, 466, 429, 523, 401, 497, 423, 441, 445, 535, 489, 507, 561, 510, 394, 536, 518, 472, 432, 653, 463, 528, 484, 411, 559, 479, 419, 516, 429, 493, 439, 421, 471, 481, 535, 583, 604, 445, 469, 526, 455, 492, 502, 524, 500, 531, 501, 495, 411, 546, 473, 467, 504, 527, 541, 555, 485, 511, 489, 519, 464, 468, 435, 403, 516, 600, 392, 619, 495, 510, 531, 487, 533, 388, 421, 457, 552, 395, 461, 452, 631, 513, 608, 589, 448, 486, 492, 463, 494, 465, 469, 395, 557, 443, 480, 478, 542, 504, 550, 404, 432, 457, 548, 527, 458, 490, 432, 433, 428, 493, 460, 439, 512, 492, 599, 417, 408, 429, 495, 559, 538, 529, 528, 506, 560, 540, 496, 455, 449, 557, 516, 698, 577, 547, 388, 424, 445, 500, 491, 540, 491, 486, 446, 525, 561, 552, 470, 581, 386, 468, 561, 496, 548, 591, 404, 437, 561, 449, 528, 468, 575, 499, 549, 474, 515, 437, 431, 561, 526, 384, 532, 468, 520, 464, 508, 547, 548, 567, 502, 480, 542, 596, 563, 409, 515, 560, 523, 422, 593, 521, 438, 495, 431, 433, 444, 497, 567, 487, 565, 475, 445, 412, 542, 419, 463, 573, 567, 497, 526, 447, 416, 493, 478, 455, 466, 496, 506, 501, 513, 439, 468, 534, 447, 525, 520, 522, 546, 461, 475, 524, 502, 394, 597, 519, 484, 492, 600, 547, 377, 462, 539, 420, 453, 592, 452, 483, 556, 463, 433, 524, 557, 433, 457, 424, 464, 463, 548, 545, 644, 625, 499, 461, 432, 428, 559, 633, 505, 463, 480, 503, 511, 429, 504, 420, 487, 603, 470, 503, 463, 617, 493, 491, 515, 518, 491, 484, 481, 428, 482, 492]

