Resultados de simulación — 20260922_183843
Pasajeros: 100 | P(carry-on): 0.6 | Simulaciones por política: 5000
============================================================

[rand]
  Promedio : 1167.9s
  Desvío   : 88.1s
  IC 95%   : [1165.5s, 1170.4s]
  Mínimo   : 872s
  Máximo   : 1457s
  Tiempos  : [1067, 1292, 1301, 1143, 1248, 1198, 1289, 1030, 1071, 1080, 1270, 1173, 1048, 1175, 1134, 1175, 1160, 1286, 1173, 1110, 1178, 1149, 1105, 1216, 1035, 1217, 911, 1135, 1126, 1190, 1058, 1089, 1095, 1059, 1208, 1091, 1308, 1280, 959, 1192, 1146, 1317, 1104, 1241, 1214, 1195, 1126, 1120, 1119, 1251, 1138, 1323, 1172, 1232, 1158, 1191, 1156, 1144, 1157, 1110, 1182, 1172, 1135, 1190, 1218, 1228, 1040, 1309, 1189, 1233, 1310, 1197, 1207, 1059, 1184, 1095, 1165, 1148, 1321, 1179, 1259, 1132, 1246, 1025, 1237, 1048, 1231, 1166, 1297, 1241, 1027, 1175, 1161, 1256, 1303, 1048, 1193, 1121, 1108, 1177, 1154, 1264, 1076, 1162, 1295, 1016, 1093, 1069, 1191, 1223, 1334, 1129, 1222, 1052, 1335, 1144, 1153, 1123, 1120, 1079, 1184, 1305, 1268, 1278, 1158, 1239, 1205, 1201, 1076, 1256, 1278, 1211, 1026, 1153, 1151, 1181, 1295, 1261, 1117, 1188, 1276, 1322, 1176, 1066, 1049, 1031, 1206, 1189, 1194, 1122, 1147, 1201, 1016, 1070, 1129, 1337, 1186, 1213, 1161, 1257, 1311, 995, 1212, 1031, 1078, 1184, 1175, 1225, 1109, 1288, 1303, 1197, 1326, 1055, 1182, 1274, 1031, 1026, 1162, 1081, 1036, 1284, 1015, 1207, 1166, 1107, 1009, 1151, 1231, 1165, 1221, 1093, 1094, 1075, 1026, 1203, 1194, 1160, 1253, 1249, 1069, 1178, 1402, 992, 1137, 1190, 1218, 1022, 1230, 1208, 1242, 1181, 1367, 1405, 1218, 1235, 1138, 1069, 1191, 1128, 1189, 1262, 1113, 1009, 986, 1264, 1330, 1256, 1081, 1180, 1089, 1140, 1073, 1161, 1136, 1117, 1286, 1049, 1105, 1077, 1211, 1291, 1147, 1193, 1165, 1319, 1243, 1151, 1120, 1272, 1351, 1098, 1173, 1210, 1277, 1191, 1079, 1145, 1352, 1225, 1079, 1043, 1238, 1094, 1088, 1123, 1099, 1166, 1207, 1311, 1210, 1152, 1155, 1155, 1136, 1200, 1152, 1146, 1167, 1191, 1117, 1136, 1257, 1353, 1167, 1014, 1264, 982, 1227, 1169, 1104, 1219, 1140, 1103, 1294, 1154, 1288, 1376, 1283, 1218, 1031, 1036, 1177, 1107, 1067, 1176, 1190, 1320, 1043, 1292, 1139, 1226, 1233, 1189, 1371, 1114, 1321, 1129, 1091, 1180, 1134, 1160, 1220, 1155, 1153, 989, 1153, 1174, 1083, 1209, 1095, 1139, 1287, 1218, 1068, 1133, 1016, 1130, 1091, 1134, 1158, 1321, 1148, 1114, 1229, 1148, 1120, 1218, 1093, 1211, 1170, 1231, 1232, 1285, 1137, 1068, 1112, 1064, 1096, 1163, 1097, 1190, 1326, 1208, 1179, 1092, 1115, 1035, 1194, 1176, 1078, 1121, 1315, 1174, 1304, 1238, 1184, 1177, 1085, 1232, 1203, 1093, 1171, 1183, 1117, 1114, 1287, 1221, 1152, 1213, 1026, 1100, 1202, 1084, 1117, 1149, 1179, 1078, 1135, 1080, 1141, 964, 1209, 1254, 1140, 1120, 1139, 1200, 1261, 1124, 1224, 1088, 1207, 1070, 1220, 1126, 1213, 1307, 1270, 969, 1262, 1072, 1258, 1199, 1360, 1195, 1237, 1129, 1127, 1096, 1012, 1266, 1147, 1110, 1343, 1064, 1156, 1022, 1084, 1210, 1203, 1134, 1035, 1188, 1253, 1059, 1234, 1335, 1312, 1203, 1204, 1207, 1206, 1184, 1151, 1039, 1265, 1123, 1076, 1091, 917, 1336, 1059, 1226, 1259, 1168, 1204, 1133, 1166, 1202, 1148, 1133, 1125, 1254, 1229, 986, 1195, 1234, 1065, 1146, 1059, 1197, 1241, 1107, 1053, 1285, 1196, 1131, 1079, 1093, 1138, 1221, 984, 1142, 1119, 1134, 1053, 1132, 1204, 1245, 1148, 1053, 1002, 1090, 1171, 1181, 1147, 1123, 1373, 1189, 902, 915, 1252, 1240, 942, 1193, 1230, 1035, 1156, 1266, 1221, 1043, 1176, 1174, 1024, 1091, 1082, 1165, 1279, 1262, 1198, 1256, 1110, 1357, 1113, 1139, 1017, 1219, 1200, 1153, 1165, 1179, 1094, 1107, 1178, 1176, 1095, 1139, 1164, 1247, 1142, 1210, 1251, 1021, 1071, 1207, 1151, 1248, 1178, 1248, 1118, 1345, 1204, 1307, 1158, 1073, 1242, 1261, 1145, 1155, 1208, 1217, 1129, 1046, 1360, 1153, 1083, 1289, 973, 938, 1113, 1113, 1293, 1295, 1349, 1218, 1183, 1200, 1192, 1222, 1126, 1091, 1210, 1088, 1255, 1101, 1060, 1178, 1382, 1071, 1164, 1292, 1149, 1068, 1195, 1064, 1079, 1038, 1272, 1138, 1203, 1151, 1199, 1130, 1094, 1083, 1148, 1203, 1073, 1091, 1156, 1177, 1123, 1169, 1219, 1188, 1333, 1228, 1155, 1211, 1012, 1221, 1048, 1077, 1235, 1184, 1172, 1081, 1296, 1053, 1199, 1280, 1175, 1283, 1084, 1116, 1068, 1173, 1262, 1122, 1082, 1105, 1225, 1190, 1092, 1194, 1319, 1157, 1114, 1094, 1144, 1182, 1279, 1337, 1031, 1290, 1301, 933, 1245, 1065, 1140, 1185, 1155, 1094, 1155, 1213, 1187, 1179, 999, 1206, 1178, 1187, 1181, 1086, 1215, 1147, 1253, 1219, 1067, 1225, 1114, 1073, 1123, 1260, 1165, 1132, 1140, 1115, 1243, 1151, 1191, 1215, 1252, 1117, 1166, 1241, 1114, 1204, 1303, 1150, 1211, 1162, 1079, 1110, 1111, 1281, 1133, 1158, 1163, 1228, 1057, 1051, 1144, 1139, 1195, 1341, 1126, 1026, 1111, 1203, 1313, 1127, 1067, 1055, 1220, 1064, 1270, 1172, 1245, 984, 1322, 1166, 1254, 1212, 1369, 1327, 1157, 1213, 1292, 1127, 1213, 1281, 1075, 1206, 1271, 1229, 1029, 1119, 1108, 1174, 1135, 1292, 1092, 1075, 1206, 1156, 1156, 1133, 1219, 1260, 1161, 1046, 1032, 1280, 1148, 1242, 1179, 1194, 1156, 1179, 1076, 1181, 1187, 1179, 1110, 1128, 1323, 1136, 1153, 1170, 1197, 1245, 1105, 1138, 1271, 1167, 1197, 1094, 1053, 1175, 1145, 1224, 1092, 1136, 1165, 1057, 1274, 1107, 1328, 1161, 1141, 1187, 1173, 1054, 1143, 1233, 1288, 1221, 1260, 1118, 1079, 1178, 1243, 1298, 1124, 1161, 1157, 1166, 1141, 1102, 1294, 1266, 1148, 1113, 1240, 1092, 1141, 1219, 1173, 1051, 1005, 1100, 1218, 1131, 1136, 1280, 1175, 1140, 1285, 1277, 1228, 1153, 1099, 1245, 1250, 1110, 1119, 1060, 1099, 1098, 1294, 1223, 1212, 1082, 1175, 1198, 1169, 1084, 1242, 1175, 1226, 1224, 1069, 1250, 1057, 1110, 1062, 1141, 1216, 1037, 1121, 1204, 1185, 1310, 1232, 1234, 973, 1145, 1216, 1090, 1123, 1107, 1074, 1210, 1221, 1152, 1251, 1161, 1096, 1161, 1172, 1109, 1324, 1066, 982, 1249, 1177, 1200, 1267, 1259, 1066, 1170, 1348, 1146, 1143, 1261, 1111, 1174, 1218, 1264, 1112, 1129, 1138, 1124, 1123, 1159, 1094, 1233, 1110, 1127, 1311, 1020, 1194, 1318, 1165, 1283, 1021, 1204, 1105, 1146, 1231, 1159, 1120, 972, 1133, 1163, 1174, 1086, 1091, 1233, 1131, 973, 1208, 1310, 1117, 1208, 1162, 1183, 1078, 1137, 1251, 1071, 1140, 1024, 1111, 1142, 1123, 949, 1149, 1368, 1153, 1290, 1007, 1250, 1076, 1305, 1142, 1106, 994, 1096, 1104, 1350, 1123, 1209, 1181, 1227, 1129, 1224, 1113, 1188, 1233, 1258, 1241, 1290, 1146, 1230, 1091, 1166, 1158, 1092, 1236, 1281, 1177, 1120, 1260, 1308, 1140, 1354, 994, 1283, 1199, 1199, 1203, 1173, 1196, 912, 1224, 1129, 1207, 1283, 1379, 1238, 1152, 1025, 1247, 1131, 1056, 1171, 1013, 993, 1294, 1048, 1121, 1209, 1282, 1073, 1092, 1250, 1104, 1177, 1280, 1111, 1345, 1172, 961, 1216, 1043, 1167, 1123, 1317, 1172, 1180, 1071, 1086, 1120, 1238, 1134, 1095, 1114, 1084, 1106, 1457, 1289, 1108, 1198, 1200, 1128, 1088, 1055, 1372, 1259, 1227, 1224, 1134, 1297, 1117, 1339, 1118, 1292, 1236, 1216, 1180, 1296, 1050, 1152, 1289, 1053, 1191, 1156, 1165, 1257, 1103, 1345, 1201, 1091, 1228, 1131, 1189, 1299, 1152, 1182, 1238, 1057, 1184, 1224, 1199, 980, 1094, 1270, 1147, 1157, 1374, 1053, 1197, 1154, 1063, 1203, 1165, 1200, 1273, 1104, 1258, 1250, 1068, 1253, 1012, 1197, 997, 1034, 1160, 1151, 1188, 1235, 1091, 1073, 1146, 1239, 1088, 1146, 1123, 1163, 1271, 1229, 1195, 1195, 1009, 1178, 1263, 1099, 1204, 1245, 1158, 1277, 1123, 1203, 1051, 1237, 1177, 1340, 1278, 1242, 1149, 1064, 1087, 1208, 1070, 1054, 1112, 1112, 1135, 1255, 986, 1016, 1243, 1175, 1064, 1092, 990, 1088, 1244, 1049, 1028, 1262, 1174, 1003, 1113, 1204, 1092, 1121, 1191, 993, 1140, 1238, 1068, 1206, 1197, 1298, 998, 1145, 1117, 1189, 1277, 1167, 1121, 1150, 1231, 1077, 1106, 1106, 1091, 1073, 1196, 1167, 1257, 1201, 1292, 1141, 1153, 1167, 1337, 1183, 1134, 1148, 1233, 1108, 1149, 1212, 1094, 1070, 1167, 1100, 1007, 992, 1154, 1158, 1240, 1080, 1132, 1145, 1185, 1237, 1100, 1160, 1218, 1040, 1208, 1241, 1215, 1212, 1311, 1232, 1108, 1130, 1044, 1248, 1125, 1264, 1122, 1292, 1174, 1245, 1135, 1241, 1099, 1074, 1230, 1154, 1009, 1090, 1116, 1156, 1229, 1355, 1267, 1153, 1120, 1295, 1356, 1380, 1272, 1280, 1169, 1100, 1132, 1229, 1243, 1252, 1383, 1161, 1019, 1249, 1214, 1233, 1151, 1197, 1306, 1147, 1240, 1176, 1152, 1113, 989, 1186, 1161, 1310, 1228, 1096, 1231, 1074, 1265, 1169, 1098, 1333, 1294, 1273, 1273, 1261, 1188, 1222, 1135, 1145, 1256, 1245, 1163, 1118, 1060, 1102, 1079, 1068, 1166, 1122, 1090, 1384, 1155, 1191, 1162, 1137, 1014, 1163, 1149, 1108, 1260, 1198, 1150, 1052, 1231, 1004, 1018, 1232, 1420, 1325, 1066, 1210, 1187, 1183, 1159, 964, 1229, 1079, 1244, 1194, 1310, 1092, 1235, 1193, 1179, 1095, 1107, 1320, 1095, 1242, 1218, 1107, 1179, 1147, 1069, 1161, 1173, 1249, 1131, 1308, 1216, 1139, 1220, 1057, 984, 1361, 1107, 1265, 1212, 1190, 1167, 1184, 1149, 1268, 1014, 1278, 1136, 1150, 1402, 1261, 1066, 1258, 1079, 1232, 1253, 1162, 1325, 994, 1290, 1205, 1394, 1116, 1079, 1264, 1190, 1226, 1171, 1096, 1149, 1303, 1062, 1125, 1092, 1381, 1402, 1195, 1072, 953, 1181, 1260, 1146, 1123, 1241, 1185, 1200, 1232, 1227, 1249, 1295, 1168, 1039, 1242, 1329, 1017, 1181, 1124, 1269, 1047, 1310, 1144, 1187, 1079, 1130, 1248, 1110, 1055, 1030, 928, 1107, 1147, 1237, 1133, 1106, 1235, 1142, 1076, 1148, 1079, 993, 1314, 1181, 1145, 1087, 1172, 1237, 1134, 968, 1245, 1336, 1214, 1245, 1089, 1269, 1296, 1049, 1183, 1232, 1084, 940, 1074, 1243, 1205, 1131, 1010, 1221, 1288, 1252, 1046, 1234, 1104, 1008, 1352, 1051, 1084, 1048, 1182, 1089, 1157, 1333, 1011, 1200, 1086, 1178, 1135, 1188, 1269, 1098, 1344, 1257, 1164, 1245, 1171, 1149, 1199, 1180, 1134, 1000, 1256, 1272, 1165, 1278, 1115, 1121, 1047, 1214, 1124, 1194, 1031, 1243, 1189, 1175, 1262, 1298, 1175, 1050, 1147, 1238, 1253, 1025, 1208, 1071, 1082, 1164, 1194, 1130, 1148, 1270, 1117, 1288, 1220, 1265, 1223, 1197, 1134, 1157, 1156, 1111, 1055, 1397, 1121, 1356, 1041, 1107, 1171, 1117, 1218, 1192, 1324, 1110, 1098, 1187, 1225, 1243, 1140, 1334, 1150, 1128, 1061, 1160, 1220, 1232, 1345, 1254, 1023, 1263, 1258, 1300, 1113, 1338, 1406, 1188, 1179, 1033, 1180, 1187, 1121, 1070, 1252, 998, 1250, 1197, 1307, 1203, 1178, 1180, 1155, 1178, 1161, 1238, 1328, 1311, 1167, 1195, 1104, 1025, 1270, 1104, 1348, 1117, 1285, 1257, 1209, 1292, 1259, 1206, 1247, 1149, 1224, 1170, 1052, 1238, 963, 1110, 1202, 1123, 1190, 1133, 1087, 1134, 1333, 1231, 1084, 1276, 1109, 1107, 1213, 1326, 1073, 1238, 1216, 1099, 1268, 1298, 1127, 1180, 1086, 1250, 1231, 1179, 1306, 1102, 994, 1155, 1258, 1149, 1138, 1173, 1177, 1299, 1228, 1354, 1163, 1180, 897, 1068, 1073, 1238, 1207, 1282, 1173, 1196, 1245, 1262, 895, 1245, 1061, 1041, 1132, 1183, 1073, 1096, 1099, 1272, 1095, 1057, 1201, 1099, 1172, 1054, 1205, 1177, 1036, 1077, 1069, 1078, 1086, 1180, 1152, 1190, 1122, 1213, 1179, 1224, 1131, 1222, 1351, 1045, 1263, 1081, 1278, 1257, 1325, 1240, 1159, 1194, 1034, 1264, 1100, 1200, 1127, 1223, 1099, 1257, 1148, 1126, 1164, 1116, 1217, 1323, 1208, 1163, 1150, 1126, 1201, 1311, 1195, 1174, 1048, 999, 1216, 1268, 1140, 1245, 1136, 1125, 1148, 1114, 1168, 1216, 1227, 1269, 1061, 1022, 982, 1140, 1145, 1227, 1274, 1207, 1120, 1243, 1394, 957, 1027, 1172, 1270, 1036, 1175, 1043, 1223, 1074, 1170, 1171, 1151, 1056, 1172, 1122, 1133, 1164, 1123, 1218, 1327, 1170, 1275, 1030, 1246, 1253, 1107, 1107, 1257, 1144, 973, 1231, 1089, 1187, 1251, 1157, 1225, 1160, 1100, 1092, 1187, 1128, 1092, 1237, 1115, 1240, 1197, 1115, 1345, 1156, 1368, 1070, 1238, 1251, 1203, 1059, 998, 1103, 1155, 1019, 1134, 1178, 1158, 1265, 1259, 1248, 1162, 1302, 1281, 1127, 992, 1114, 1218, 1249, 1138, 1026, 1275, 1249, 1215, 1078, 1165, 1139, 1277, 1177, 1237, 1217, 1099, 1152, 1247, 1356, 1179, 1251, 1161, 1211, 1192, 985, 1156, 1262, 1208, 1131, 1267, 1155, 1197, 1276, 1178, 1109, 1222, 1203, 1016, 1284, 1247, 1064, 1172, 1271, 1140, 1217, 1243, 1312, 1085, 1106, 1180, 1130, 1133, 984, 1132, 1140, 1127, 1173, 1242, 1143, 1257, 1180, 1152, 1186, 1213, 1049, 1079, 1123, 1121, 1313, 1113, 1230, 1206, 1203, 1318, 1172, 1406, 1174, 1333, 1171, 1026, 1281, 930, 1205, 1334, 1107, 1211, 1242, 1110, 1109, 1188, 1188, 1260, 1186, 1211, 1239, 1258, 1141, 1128, 1102, 1132, 1159, 1139, 1050, 989, 1120, 1026, 1187, 1226, 1092, 1229, 1198, 1173, 1001, 1073, 1268, 1180, 1132, 1219, 1204, 1259, 1155, 1187, 1261, 1158, 983, 1243, 1256, 1179, 1324, 1167, 1069, 1334, 1216, 1284, 1325, 1146, 1086, 1267, 1174, 1252, 1264, 1123, 1080, 1154, 1099, 1074, 1142, 1154, 1270, 990, 1192, 1178, 1195, 1107, 1149, 1120, 1172, 1145, 1049, 1096, 1090, 1016, 1199, 1321, 1115, 1344, 1281, 1239, 1129, 1204, 1086, 1108, 1233, 1079, 1303, 1174, 1116, 1255, 1142, 1232, 1013, 1241, 1328, 1161, 1289, 1049, 1046, 1184, 1107, 1168, 1093, 1106, 1188, 1273, 1239, 1271, 1183, 1063, 1120, 1186, 1272, 1079, 1208, 1053, 1098, 1173, 1106, 1225, 1125, 1166, 1157, 1187, 1272, 1224, 1179, 1165, 1250, 1211, 1177, 1238, 1213, 1117, 1247, 1177, 1174, 1238, 1174, 1335, 1124, 1144, 1175, 1176, 1200, 1056, 1176, 1263, 1193, 1061, 1309, 1185, 1169, 1249, 1054, 1090, 1187, 1182, 1078, 1105, 996, 1031, 1157, 1100, 1088, 1118, 1213, 1124, 1241, 1378, 960, 1277, 1098, 974, 1095, 1219, 1285, 1117, 1182, 978, 1249, 1345, 1220, 1181, 1067, 1391, 1255, 1143, 1210, 1315, 1231, 1226, 1351, 1088, 1293, 1223, 1084, 1281, 1307, 1115, 1114, 1091, 1134, 964, 1382, 1010, 962, 1139, 1207, 1123, 1237, 1285, 1296, 1118, 1188, 1099, 1195, 1243, 1157, 1222, 1185, 1106, 1174, 1166, 1133, 1041, 1231, 1249, 1186, 1272, 1184, 1134, 1222, 1161, 1009, 1021, 1193, 1182, 1128, 1266, 1141, 1185, 1215, 1096, 1226, 1146, 1051, 1134, 1394, 1290, 1108, 1262, 1199, 1224, 1371, 1278, 1291, 1287, 1385, 1164, 1193, 1234, 1219, 1334, 1237, 1194, 1320, 1179, 1123, 1193, 1148, 1241, 1053, 1139, 1141, 1336, 1160, 1087, 1365, 1214, 1210, 1236, 1161, 965, 1213, 1097, 1267, 1114, 1241, 1199, 1262, 1228, 1053, 1231, 1024, 1184, 1239, 934, 1203, 1311, 1186, 1265, 1103, 1069, 1072, 1179, 1114, 1139, 1156, 1072, 1268, 1218, 1245, 1234, 1113, 1151, 1084, 1186, 1071, 1110, 1174, 1249, 1242, 1066, 928, 1281, 1153, 1073, 1277, 1070, 1247, 1354, 1150, 1211, 1126, 1254, 1173, 1111, 1290, 1148, 1052, 1347, 1001, 1069, 1160, 1181, 1206, 1258, 1102, 1142, 1195, 1210, 1347, 1120, 1033, 1223, 1159, 1116, 1047, 1023, 1219, 1145, 1119, 1172, 1151, 907, 1017, 1065, 1164, 1187, 1251, 1267, 1145, 1171, 1110, 1175, 1046, 1058, 1184, 1301, 1079, 1017, 1101, 1171, 1136, 989, 1071, 1283, 1168, 1050, 1209, 1302, 1193, 966, 1078, 1124, 1257, 1004, 1201, 1142, 1148, 993, 1168, 1222, 1137, 1150, 1025, 1345, 1167, 1073, 1200, 1144, 1183, 1230, 1125, 1068, 1227, 1328, 1182, 1182, 1190, 1345, 1097, 1143, 1101, 1235, 1165, 1124, 1220, 1162, 993, 1119, 1324, 1245, 1145, 1043, 1152, 1261, 1233, 1228, 1197, 1064, 1317, 1108, 1243, 1242, 1219, 1031, 1332, 1312, 1164, 1021, 1236, 1265, 1238, 1120, 1198, 1054, 1282, 1243, 1147, 1271, 1126, 1134, 1010, 1259, 1193, 1117, 1251, 1150, 1200, 1088, 1067, 1027, 1099, 1082, 1013, 1200, 1205, 1177, 1240, 1005, 1219, 1227, 1179, 1118, 1161, 1019, 1205, 1126, 994, 1201, 1207, 1134, 1226, 1159, 1129, 1185, 1227, 1136, 1158, 1075, 1140, 1051, 1104, 1206, 1031, 1169, 1138, 1231, 1158, 1275, 1117, 1127, 1150, 1169, 1136, 1035, 1216, 1316, 1080, 1203, 1322, 1250, 1166, 1177, 1172, 1240, 1213, 1291, 1256, 1132, 1097, 1075, 1295, 1208, 1171, 1313, 945, 1310, 1034, 1202, 1089, 1267, 1072, 1115, 1144, 1419, 1203, 1130, 1130, 1158, 1186, 1196, 1133, 1092, 1193, 1286, 1165, 1202, 1135, 1194, 1225, 1131, 1204, 1273, 1239, 1244, 960, 1163, 1105, 1131, 1145, 998, 1050, 1113, 1149, 1144, 1186, 1302, 1284, 1232, 1045, 1075, 1191, 1118, 1188, 1179, 1247, 1017, 1272, 1156, 1070, 1266, 1271, 1237, 1201, 1243, 1342, 1276, 1044, 1081, 1025, 1186, 1140, 1131, 1114, 1145, 1325, 1164, 1178, 1269, 1221, 1171, 1269, 1151, 1205, 1096, 1091, 1227, 1143, 1032, 1215, 1201, 1110, 1406, 1280, 1301, 1152, 1197, 991, 1261, 1135, 1063, 1192, 1129, 1029, 1217, 1222, 1174, 1240, 1171, 1097, 1214, 1296, 1012, 1263, 1240, 1194, 1139, 1198, 1097, 1148, 1148, 1129, 1084, 1153, 1175, 1214, 1018, 1195, 1317, 1135, 1333, 1044, 1157, 1366, 1091, 1012, 1248, 1352, 992, 1318, 1197, 1156, 1242, 1183, 1089, 1090, 1205, 1140, 1177, 1181, 1068, 1178, 1182, 1012, 1184, 1202, 1172, 1234, 1175, 1239, 1051, 1195, 1229, 1024, 1030, 1280, 1201, 1176, 1073, 1289, 1166, 1031, 1191, 1129, 1146, 1115, 1241, 1248, 1235, 1145, 1080, 1144, 1039, 1129, 1119, 1157, 1010, 1242, 1123, 1220, 1185, 1165, 1087, 1032, 1116, 1177, 1093, 1141, 1153, 1210, 1005, 1345, 1114, 1219, 1145, 1232, 961, 1205, 1124, 1179, 1105, 1161, 1263, 1176, 1042, 1261, 1280, 1096, 1255, 1281, 1063, 1168, 1327, 1041, 1202, 1177, 1100, 1191, 1153, 1201, 1115, 933, 1116, 1232, 1007, 1301, 1131, 1187, 1262, 1185, 1206, 1362, 1221, 1438, 1223, 1129, 1192, 1167, 1071, 1055, 1234, 1132, 1246, 1038, 1179, 1167, 1050, 1125, 1147, 1435, 1055, 1161, 1179, 1094, 1086, 1070, 1101, 1281, 1138, 1055, 1263, 1128, 1222, 1228, 1224, 1200, 1041, 1145, 1101, 990, 1130, 1128, 1184, 1162, 1060, 1098, 1124, 1157, 1114, 1141, 1276, 1183, 1302, 1163, 1284, 1142, 1047, 1149, 1176, 1092, 1035, 1087, 1378, 1219, 1169, 1156, 1285, 872, 995, 1362, 1164, 1136, 1193, 1189, 1342, 1195, 1228, 1126, 1183, 1176, 1089, 1064, 1220, 1174, 1147, 1225, 1066, 1089, 1073, 1094, 1430, 1213, 1137, 1087, 1177, 1114, 1109, 1296, 1135, 1175, 1151, 1014, 1047, 1222, 1213, 1249, 1140, 1250, 1249, 1058, 1193, 1164, 1245, 1258, 1062, 1222, 1210, 1006, 1250, 1107, 1004, 1257, 1092, 1163, 1175, 1181, 1163, 1143, 1184, 1313, 1193, 1221, 1301, 1072, 1333, 1279, 1216, 1108, 1288, 1244, 1164, 1173, 1158, 1433, 1189, 1020, 1168, 1258, 1114, 1240, 1151, 1158, 1223, 1227, 997, 1112, 1277, 1158, 1041, 1261, 1285, 1063, 1185, 1047, 1019, 1310, 1187, 1070, 1122, 1113, 1152, 1131, 1216, 1267, 1219, 1180, 1084, 1085, 1223, 1153, 1085, 1130, 1306, 1164, 1149, 1203, 1091, 1151, 1319, 1150, 1319, 1050, 1171, 1180, 1283, 1259, 1226, 1124, 1147, 1346, 1207, 1239, 1153, 1127, 1147, 1339, 1302, 1226, 1012, 1211, 1181, 1269, 1217, 1248, 1018, 1139, 1091, 1078, 989, 1134, 1032, 1244, 1306, 1207, 1256, 1067, 1204, 1067, 1012, 1292, 1251, 1076, 1011, 1077, 1041, 1226, 1285, 1243, 1242, 1166, 1065, 1175, 1161, 1296, 1141, 1218, 1193, 1299, 1175, 1221, 990, 1179, 1196, 1089, 1100, 1085, 1153, 1156, 1152, 982, 1312, 1444, 1156, 1188, 1152, 1338, 1210, 1179, 1165, 1161, 1099, 1080, 1267, 1280, 1146, 1147, 1107, 1203, 1084, 1258, 1194, 1060, 1184, 1121, 1206, 1126, 1112, 1077, 1224, 1196, 1305, 1142, 1111, 1221, 1023, 1215, 1152, 1179, 1183, 1215, 1194, 913, 1061, 1091, 1189, 1212, 1220, 1228, 1271, 1164, 1179, 1223, 1029, 1136, 1110, 1073, 1246, 1140, 1164, 1092, 1288, 1177, 1084, 1241, 1223, 1128, 1132, 1164, 1178, 1165, 1215, 1245, 1085, 1172, 1110, 1082, 1188, 1102, 1213, 1111, 1264, 1169, 1122, 1162, 1272, 1194, 1101, 1291, 1204, 1289, 1161, 1220, 1056, 1408, 1053, 1393, 1125, 1295, 1117, 1061, 1090, 1200, 1079, 1335, 1312, 1164, 1218, 1216, 1288, 1189, 1198, 1268, 1037, 1217, 1151, 1243, 1293, 1106, 1334, 1087, 1004, 1217, 1186, 1087, 1074, 1217, 1140, 1059, 1000, 1210, 1325, 1208, 1316, 1247, 1164, 1165, 1233, 1122, 1190, 1111, 1154, 1148, 1140, 1102, 1209, 1272, 1124, 1006, 1117, 1306, 1229, 1253, 1239, 1252, 1199, 1229, 1149, 1244, 1231, 1095, 1089, 1275, 1044, 1294, 1071, 1208, 1030, 1235, 1243, 1047, 1219, 1174, 1164, 1188, 1199, 1119, 1276, 1261, 1156, 1303, 1314, 1126, 1153, 1165, 1207, 1133, 1353, 1217, 992, 1091, 1059, 1270, 1250, 1105, 1067, 1215, 1142, 1176, 1207, 1038, 1154, 1248, 1107, 1177, 1015, 1081, 1109, 1105, 1167, 1163, 1322, 1244, 1001, 1035, 1258, 1055, 1119, 1198, 1171, 1167, 1195, 1132, 1193, 1085, 1293, 1145, 1171, 1192, 1241, 1105, 1155, 1182, 1136, 1050, 1121, 1094, 1196, 1119, 1199, 1267, 1142, 1243, 1181, 1139, 1343, 1071, 1205, 1226, 1048, 1132, 1231, 1151, 1027, 1130, 1398, 1253, 1206, 1036, 1178, 1238, 1117, 1305, 1372, 1068, 1183, 1166, 1152, 1084, 1248, 1118, 1189, 1131, 1020, 1232, 1308, 1195, 1193, 1115, 1221, 1237, 1088, 1237, 1206, 926, 1084, 1064, 1072, 1228, 1148, 1112, 1068, 1185, 1025, 1095, 1193, 1087, 1193, 1164, 1144, 1165, 1200, 1203, 1263, 1100, 1178, 1285, 1226, 1224, 1116, 1278, 1173, 1225, 1120, 1240, 1301, 1161, 1158, 1123, 1061, 1135, 1253, 1287, 1167, 1053, 1042, 1248, 1128, 1210, 1177, 1104, 1178, 1125, 1169, 1099, 1239, 1141, 1122, 1102, 1199, 1093, 1135, 1234, 1117, 1070, 1158, 1221, 1098, 1359, 1007, 1122, 1287, 1104, 1158, 1101, 1089, 1161, 1263, 1188, 1187, 1073, 1197, 1219, 1132, 1174, 1121, 1147, 1009, 1252, 1288, 1267, 1137, 1291, 1111, 1239, 1122, 1154, 1208, 1153, 1361, 1386, 1267, 1072, 1307, 1119, 1001, 1140, 1141, 1200, 1084, 1280, 1017, 1253, 1216, 1217, 1286, 1116, 1080, 1195, 1192, 1232, 1140, 1266, 1137, 1137, 1061, 1144, 1321, 1126, 1094, 1079, 1319, 1090, 1185, 1169, 1331, 1057, 1030, 1159, 1355, 1139, 1161, 965, 1258, 1008, 1171, 1290, 1263, 1182, 1252, 977, 1204, 1061, 1141, 1051, 1104, 1145, 1247, 1159, 1047, 1307, 1277, 1289, 1055, 1231, 1177, 1054, 1128, 1267, 1319, 1167, 1295, 1128, 1079, 1229, 1194, 1123, 1127, 1126, 1222, 1045, 1208, 962, 1118, 1123, 1238, 1305, 1168, 1248, 1266, 1202, 1151, 1121, 916, 1056, 1147, 1240, 1203, 1060, 985, 1223, 1075, 1118, 1248, 1285, 1169, 1095, 1148, 1210, 1222, 1298, 1076, 1278, 1114, 1173, 1120, 1158, 1125, 1278, 1343, 1215, 1128, 1156, 1255, 1193, 1249, 1127, 1274, 1238, 1138, 1285, 1077, 1098, 1260, 1155, 1225, 1159, 1232, 1050, 1211, 1148, 1030, 1138, 1026, 1162, 1217, 1192, 1012, 1158, 1087, 1343, 1309, 1123, 1308, 1169, 1112, 1131, 1182, 1177, 1160, 1076, 1077, 1347, 1077, 1152, 1040, 1083, 1121, 1146, 1230, 1208, 1231, 1191, 1106, 1214, 1361, 1196, 1189, 1272, 1108, 1054, 1150, 1131, 1238, 1204, 1332, 1033, 1094, 1161, 1298, 1196, 1228, 1205, 1099, 1226, 1188, 1131, 1059, 1104, 1206, 1175, 1215, 1078, 985, 1208, 1222, 1305, 1102, 1239, 1004, 1062, 1088, 1158, 1098, 1164, 1178, 1072, 1379, 1058, 1171, 1166, 1227, 1117, 1237, 1273, 1312, 1149, 1188, 1010, 1075, 1310, 1219, 1156, 1237, 1081, 1111, 1133, 1254, 1097, 1293, 1172, 1190, 1204, 1099, 1126, 1190, 1225, 1185, 1119, 1288, 1074, 1338, 1185, 1180, 1313, 1206, 1074, 1303, 1245, 1275, 1133, 1231, 1248, 1201, 1096, 1150, 1115, 1080, 1231, 1243, 1034, 1222, 1193, 1120, 1317, 1187, 1245, 1131, 1224, 1038, 1147, 1045, 1129, 1087, 1243, 1074, 1167, 1225, 1338, 1203, 1131, 1100, 1194, 1207, 1183, 1283, 1021, 1236, 1149, 1113, 1127, 1152, 1254, 1100, 1122, 1171, 1164, 1265, 1146, 1180, 1064, 1124, 1204, 1068, 1233, 1156, 1051, 1154, 1243, 1129, 1203, 1219, 1190, 1177, 1203, 1102, 1215, 1268, 1006, 1102, 1201, 1178, 1394, 1016, 1103, 1326, 1087, 1047, 1236, 1183, 1127, 1128, 1262, 1217, 1203, 1195, 1310, 1175, 1074, 1172, 1183, 1163, 1059, 1200, 1020, 1213, 1227, 1106, 1110, 1291, 1209, 1106, 1252, 1237, 1160, 1052, 1213, 1263, 1302, 1378, 1292, 1059, 1221, 1107, 1025, 1091, 1138, 1098, 1020, 1187, 1154, 1158, 1041, 1153, 1124, 1162, 1043, 1154, 1192, 1076, 1013, 1111, 1224, 1227, 1195, 1190, 1233, 1161, 1202, 1132, 1171, 1358, 1136, 989, 1230, 1312, 1195, 1150, 1357, 1228, 1040, 986, 1075, 1082, 1224, 1321, 1045, 1261, 1225, 1291, 1114, 1133, 1126, 1111, 1247, 1252, 1284, 1238, 1250, 1155, 1309, 1235, 1276, 1135, 1103, 1124, 1243, 1199, 1136, 1262, 1114, 1083, 1072, 1176, 1160, 1086, 1257, 1149, 1234, 1120, 1172, 1149, 971, 1078, 1423, 1232, 1121, 1014, 1177, 1136, 1221, 1332, 1063, 1174, 1172, 1149, 1177, 1065, 1058, 1192, 1318, 1173, 1091, 1251, 1132, 990, 1126, 1081, 1110, 1128, 1132, 1178, 1197, 1224, 1128, 1250, 992, 1152, 1299, 1287, 1165, 1063, 1150, 1137, 1299, 1041, 1079, 1093, 1201, 1160, 1182, 1212, 1341, 1121, 1218, 1226, 1023, 1242, 1275, 1161, 1197, 1043, 1184, 1165, 1194, 1159, 1121, 909, 1225, 1124, 1145, 1036, 1130, 1140, 1170, 1144, 1277, 1244, 1289, 1076, 1108, 1198, 1263, 1090, 1178, 1047, 1135, 1227, 995, 1066, 1281, 1058, 1121, 989, 1225, 1115, 1038, 1211, 1111, 1175, 1019, 1216, 1128, 1294, 1074, 1151, 1271, 1202, 1154, 1108, 1156, 1387, 1294, 984, 1318, 1241, 1111, 1131, 1331, 1243, 1070, 1103, 1131, 1275, 1034, 1191, 1089, 1166, 1095, 1221, 1019, 1041, 1280, 1184, 1242, 1057, 1192, 1156, 1216, 1292, 1206, 1225, 1132, 1200, 1108, 1129, 1318, 1246, 1033, 1209, 1160, 1279, 1240, 1267, 1112, 1243, 1186, 1208, 1136, 1090, 1282, 1296, 1221, 1280, 1337, 1304, 1298, 1120, 1202, 1046, 1199, 1151, 1105, 1188, 1142, 1041, 1318, 1088, 1272, 1166, 1093, 1098, 1214, 1115, 1275, 1124, 1061, 1225, 1051, 1183, 1331, 1221, 1134, 1318, 1206, 1087, 1044, 1172, 1037, 1200, 1135, 1146, 1108, 1171, 983, 1202, 1214, 1095, 1199, 1183, 1206, 1074, 1243, 1331, 1070, 1196, 1163, 1273, 1203, 1085, 1288, 1121, 1110, 1242, 1118, 1039, 1192, 1121, 1272, 1101, 1092, 1243, 1180, 1009, 1218, 1206, 1259, 1090, 1112, 1134, 1125, 1130, 1059, 1279, 1087, 1094, 1007, 1132, 1164, 1063, 1237, 1200, 1131, 1035, 1057, 1194, 1165, 1331, 1289, 1191, 1104, 1253, 1199, 1269, 1115, 1169, 1093, 1142, 1150, 1170, 1246, 1115, 1153, 1310, 1090, 1202, 1033, 1147, 1237, 1255, 1093, 1073, 1051, 1103, 1004, 1256, 1227, 1119, 1085, 1271, 1117, 1173, 1050, 1227, 1258, 1250, 1289, 1223, 1289, 1137, 1104, 963, 1200, 1152, 1244, 1233, 1200, 1172, 1170, 1231, 1176, 1056, 1138, 1212, 1097, 1029, 1183, 1204, 1215, 1166, 1175, 1076, 1176, 1081, 1181, 1096, 1154, 1112, 1149, 1039, 1101, 1069, 1199, 912, 1097, 1247, 1367, 1145, 1101, 1167, 1185, 1126, 1166, 1216, 1096, 1259, 1113, 1124, 1152, 1134, 1317, 1231, 1324, 1071, 1070, 1131, 1260, 1114, 1246, 1165, 1149, 1007, 1207, 1073, 1171, 1224, 1171, 1229, 1239, 1202, 1135, 1142, 1254, 1162, 1286, 1165, 1238, 1136, 1386, 995, 1223, 1153, 1068, 1113, 1235, 1196, 1191, 1066, 1159, 1197, 1070, 1117, 1288, 1043, 1285, 1089, 1100, 1170, 1111, 1198, 1058, 1230, 1190, 1242, 1201, 1179, 1282, 1189, 1285, 1140, 1033, 1193, 1221, 1274, 1074, 1157, 1212, 1130, 1160, 973, 1317, 1187, 1117, 1205, 1284, 1161, 1121, 1054, 1226, 1001, 1248, 1105, 1113, 1160, 1071, 1228, 1223, 964, 1226, 1248, 1079, 1119, 1181, 1190, 1244, 1203, 1212, 1147, 1311, 1039, 1266, 999, 1117, 1101, 1222, 1275, 1082, 1207, 1149, 1213, 1249, 1156, 1249, 1186, 1213, 1020, 1299, 1325, 1158, 1145, 1164, 1188, 1298, 1223, 1085, 1315, 1302, 1113, 1233, 1200, 1174, 1090, 1283, 1147, 1054, 1229, 1104, 1166, 1270, 1300, 1185, 1302, 1090, 1227, 1149, 1175, 1060, 1182, 1246, 1181, 1163, 1225, 1266, 1168, 1188, 1040, 1272, 1182, 1158, 1087, 1193, 1271, 1092, 1304, 1227, 1266, 1095, 1193, 1178, 1115, 1223, 1110, 1165, 1256, 1076, 1139, 1166, 1141, 1226, 1138, 1285, 1155, 1226, 1111, 1216, 1161, 1149, 1170, 1159, 1248, 1272, 1259, 1238, 1275, 1076, 1135, 1237, 996, 1232, 1205, 1161, 1315, 1130, 1226, 1121, 1183, 1201, 1227, 1163, 1169, 1074, 1086, 1401, 1213, 980, 1241, 1255, 1168, 1155, 1097, 1115, 1065, 1252, 1165, 1292, 1075, 1170, 1233, 1265, 1113, 1191, 1062, 1209, 1195, 1014, 1173, 1047, 1213, 1234, 1212, 1158, 1238, 1162, 1167, 1244, 1104, 1159, 1053, 1133, 1243, 1110, 1242, 1024, 1132, 1202, 1100, 1200, 1225, 1305, 1158, 1045, 1035, 1050, 1144, 1171, 1421, 1186, 1310, 1248, 1129, 1140, 1199, 1233, 1156, 1042, 999, 1062, 1326, 1094, 1130, 1128, 1161, 1294, 1087, 1196, 1210, 1241, 1376, 1010, 1252, 1061, 1082, 1200, 1039, 1098, 1018, 1157, 1186, 1063, 1127, 1258, 1090, 960, 1026, 1087, 1087, 1100, 1170, 949, 1384, 1261, 1064, 1142, 1209, 1181, 1175, 1153, 1066, 1067, 1149, 1174, 976, 1042, 1239, 1124, 1174, 1325, 1283, 1255, 1147, 1158, 988, 1130, 1121, 1039, 1076, 1320, 941, 1083, 1193, 1042, 1081, 1195, 1122, 1302, 1148, 1028, 1150, 1250, 1005, 1178, 1178, 1054, 1302, 1197, 890, 1102, 1132, 1094, 1105, 1144, 1053, 1251, 1285, 1193, 1268, 1094, 1196, 1207, 1077, 1137, 1136, 1197, 1232, 1155, 1219, 979, 1052, 1238, 1109, 1114, 1087, 1160, 1203, 1081, 1205, 1205, 1096, 1199, 1209, 1064, 1181, 1027, 1122, 1174, 1165, 1076, 1135, 1039, 1320, 1052, 1120, 1220, 1118, 1061, 1122, 1147, 1232, 1094, 1076, 1064, 1398, 1149, 1306, 1310, 1109, 1302, 1173, 1286, 1120, 1209, 1076, 1124, 978, 1207, 1144, 1124, 1238, 1296, 1095, 1219, 1222, 1075, 1230, 1239, 1207, 1147, 1106, 1084, 1098, 1299, 1339, 1121, 1412, 1101, 1071, 1280, 1236, 1348, 1286, 1173, 1360, 1292, 1073, 1138, 1264, 1170, 1120, 1126, 1117, 1222, 1156, 1053, 1098, 1184, 1150, 1225, 1166, 1032, 1144, 1141, 1240, 1111, 994, 1071, 1155, 1138, 1047, 1193, 1297, 1347, 1144, 1215, 1218, 1312, 1180, 1076, 1264, 1051, 1275, 1280, 996, 1165, 1108, 1187, 1177, 1267, 1144, 1206, 1170, 1133, 1163, 1273, 1080, 1123, 1196, 1443, 1196, 1338, 1025, 1130, 915, 1058, 1122, 1135, 1162, 1326, 1023, 1240, 1130, 1295, 1028, 1170, 1233, 1200, 1217, 1266, 1033, 1183, 1193, 1118, 1246, 1222, 1197, 1049, 1046, 1150, 909, 1150, 1177, 1022, 1145, 1090, 1143, 1024, 1157, 1198, 1270, 1237, 1093, 1131, 1132, 1025, 1180, 1232, 1094, 1115, 1164, 1052, 1173, 1038, 1234, 1315, 1054, 1097, 1228, 1271, 1225, 1123, 1149, 1198, 1156, 1227, 1030, 1145, 1233, 1160, 1071, 1149, 1001, 1246, 1275, 1217, 1157, 1170, 1045, 1136, 1086, 1060, 1082, 1091, 1176, 1202, 1132, 1177, 1091, 1170, 1163, 1117, 1186, 1176, 1061, 1153, 1077, 1282, 1100, 1228, 1086, 1122, 1090, 1240, 1067, 1127, 1153, 1103, 1289, 1061, 1105, 1098, 1297, 1077, 1085, 1200, 1148, 1189, 1146, 1081, 1327, 1064, 1048, 1129, 1094, 1232, 1056, 1168, 1144, 1273, 1225, 1215, 1270, 1094, 1251, 1268, 982, 1135, 1155, 1206, 1072, 1107, 1150, 1204, 1149, 1145, 1202, 1193, 1031, 1077, 1230, 995, 1294, 1117, 1045, 1149, 1133, 1193, 1242, 1104, 1190, 1135, 1075, 1054, 1069, 1094, 1173, 1204, 1126, 1163, 1113, 1270, 1127, 1130, 1330, 1140, 1306, 1243, 1250, 1304, 1260, 1070, 1126, 1161, 1230, 1053, 1047, 1216, 1237, 1152, 1302, 1204, 1286, 1073, 1433, 1121, 1269, 1228, 1217, 995, 1248, 1191, 1160, 1147, 1218, 1118, 1104, 1132, 1131, 1204, 1324, 1307, 1147, 1143, 1123, 1117, 1311, 1120, 1128, 1167, 1113, 1074, 1216, 1044, 1086, 1251, 1116, 1012, 1073, 1202, 1236, 1140, 1117, 1244, 1181, 978, 1233, 1124, 1132, 1309, 1151, 1117, 1023, 1117, 1220, 1220, 1142, 1254, 1150, 1194, 1203, 1144, 1372, 1298, 1174, 1148, 1219, 1175, 1349, 1119, 1218, 1142, 1074, 1166, 1194, 1311, 1214, 1265, 1078, 966, 1089, 1160, 1114, 1268, 1188, 1235, 1276, 1250, 1326, 1261, 1279, 1308, 1107, 1000, 1095, 1360, 1190, 1217, 1307, 1284, 1209, 1150, 1218, 1286, 1136, 1255, 1239, 1249, 996, 1160, 1186, 1288, 1151, 1125, 1146, 1012, 1084, 1285, 1083, 1105, 1148, 1286, 1205, 1101, 1078, 1080, 1191, 1179, 1259, 1150, 1097, 1123, 1302, 1183, 1061, 1275, 1263, 1116, 1268, 1150, 1125, 1021, 1211, 1131, 991, 1209, 1268, 1119, 1123, 1284]

[btf]
  Promedio : 1919.0s
  Desvío   : 124.0s
  IC 95%   : [1915.5s, 1922.4s]
  Mínimo   : 1431s
  Máximo   : 2328s
  Tiempos  : [1858, 1833, 1919, 1933, 1986, 1975, 2011, 1878, 1989, 2287, 2062, 1845, 1925, 2108, 2046, 1888, 2015, 2110, 2102, 1708, 1802, 1887, 1762, 1960, 1994, 1791, 1982, 2085, 1780, 2194, 2117, 1782, 1756, 1960, 1930, 1864, 1860, 1881, 1979, 2060, 2055, 1960, 2130, 1683, 1843, 2039, 1857, 1996, 1824, 1729, 2012, 1771, 2124, 1982, 1913, 1887, 1911, 1913, 1873, 1877, 1945, 1988, 2003, 1943, 1800, 1807, 2075, 1790, 1996, 1964, 2023, 2011, 1832, 1910, 1979, 2088, 1941, 1834, 1786, 1809, 1871, 2086, 1987, 2013, 2090, 2001, 1829, 2078, 1692, 1874, 1965, 1971, 2026, 1915, 1955, 1939, 1758, 2093, 1533, 1899, 1675, 1947, 1981, 1929, 1877, 1799, 1877, 1922, 1752, 1833, 1641, 1970, 1805, 1838, 1947, 1952, 1919, 1828, 1767, 1580, 1891, 1997, 1968, 2061, 1794, 1937, 1821, 1794, 1901, 2144, 1751, 1855, 1984, 1991, 1870, 1811, 1812, 2046, 1756, 1655, 1798, 1649, 1810, 1808, 1940, 1962, 2016, 1801, 2052, 1714, 1932, 1929, 2065, 2052, 2036, 2037, 1594, 1930, 2044, 2006, 1833, 1923, 1838, 1743, 2075, 1958, 1872, 1850, 1955, 1909, 1846, 2011, 1942, 2143, 1890, 1992, 1846, 2056, 1780, 1980, 2021, 2006, 1956, 1836, 1818, 1836, 1971, 1921, 1719, 1980, 1879, 1839, 1947, 1687, 1899, 1826, 1824, 2022, 1996, 2035, 2120, 1993, 2107, 1920, 1898, 2009, 1983, 1885, 1753, 1970, 1671, 1793, 2047, 1810, 1817, 1910, 1912, 1996, 1873, 1950, 1890, 2045, 2022, 2037, 1722, 2066, 1964, 2058, 1765, 2109, 1893, 1982, 1945, 1954, 1858, 1875, 1892, 1891, 1896, 1945, 1757, 1860, 1967, 1782, 1984, 1997, 2129, 2098, 1750, 1926, 1919, 2037, 1912, 1925, 1739, 1529, 2151, 1982, 1983, 1916, 1738, 1671, 1895, 1986, 1822, 1976, 2045, 1977, 1918, 1951, 1894, 1887, 1915, 1888, 1825, 1806, 1898, 2013, 1951, 1875, 2135, 2012, 1977, 2149, 1967, 1915, 1827, 1756, 1800, 1770, 1650, 1866, 2004, 1823, 1848, 1711, 1861, 1813, 2017, 1844, 1998, 2133, 1679, 1872, 1975, 1943, 1866, 1966, 1806, 1889, 1860, 1943, 1949, 2056, 2104, 2131, 1867, 1750, 1883, 2123, 1984, 2133, 1984, 1743, 1829, 1895, 1894, 1942, 1998, 2162, 2201, 1986, 2063, 1878, 2201, 1684, 1888, 1946, 1898, 1725, 1836, 1835, 1675, 2140, 1767, 1929, 1857, 1842, 1913, 1847, 1996, 1886, 2082, 1872, 1899, 1834, 1932, 1631, 1830, 1931, 2067, 1824, 2034, 1799, 1892, 2227, 2146, 2017, 1838, 2005, 1983, 1691, 1924, 1893, 1879, 1854, 2008, 1899, 1847, 1906, 1795, 1881, 1886, 2010, 1897, 1922, 2230, 1595, 2007, 1966, 1911, 1954, 1895, 1938, 2191, 1864, 2107, 2064, 1810, 1882, 1806, 2168, 1792, 1941, 1984, 1792, 1784, 1832, 1849, 1910, 1775, 2120, 1904, 1711, 2090, 1988, 1828, 2179, 1942, 1885, 1733, 1896, 2133, 1891, 1966, 2079, 1908, 1685, 1747, 1924, 1889, 1888, 1895, 1877, 2015, 1846, 1857, 1766, 2051, 2030, 2077, 1901, 1779, 2122, 1928, 2030, 2091, 1794, 2005, 1977, 1957, 1906, 1924, 2072, 1959, 1847, 2051, 2020, 1869, 1934, 1571, 1955, 1827, 1989, 1994, 2221, 1809, 1854, 1906, 1760, 1910, 1929, 2024, 1878, 1860, 2037, 1785, 1915, 1991, 2168, 1950, 1842, 2177, 2105, 2152, 2114, 1827, 1814, 1859, 1855, 2036, 1722, 2032, 1792, 1851, 1756, 2023, 2061, 2093, 1691, 1885, 2092, 2168, 2109, 2004, 2096, 1661, 1776, 2114, 1840, 2045, 1876, 1941, 1912, 1706, 1899, 2177, 2048, 2038, 1897, 1747, 1987, 1886, 2007, 2161, 1673, 2023, 2106, 1860, 2006, 1988, 1839, 1830, 1711, 1856, 1950, 1999, 1945, 1792, 1649, 1932, 1873, 1916, 2015, 1944, 1713, 1887, 1895, 1941, 1878, 1868, 2072, 1999, 2143, 1912, 2083, 1759, 1792, 1782, 1627, 1752, 1782, 1973, 1547, 1916, 2105, 1706, 1870, 2063, 1964, 1557, 1864, 1986, 2131, 1990, 1765, 1727, 1859, 2015, 1902, 1859, 2120, 1835, 1773, 1967, 1890, 1916, 2075, 2018, 1863, 1937, 1928, 1972, 1923, 2027, 1974, 1964, 2075, 1841, 1837, 1968, 1889, 2079, 2000, 2130, 1955, 1988, 1940, 2091, 2000, 1822, 1783, 2025, 1773, 1963, 1987, 2085, 1903, 1934, 1942, 2013, 1913, 1830, 2114, 2008, 2133, 2019, 1859, 1918, 1994, 1991, 1801, 1852, 1872, 1975, 1915, 1879, 2121, 1838, 2189, 2012, 1801, 2020, 1960, 2017, 1818, 1616, 1942, 1879, 1978, 1734, 1925, 1906, 1945, 2033, 1883, 1770, 1918, 1785, 1795, 1739, 1994, 1984, 2069, 1873, 1864, 1860, 2092, 1980, 1966, 1805, 1849, 1792, 1769, 1657, 1820, 2186, 2058, 2111, 1949, 1781, 1983, 1858, 1811, 2038, 1839, 2000, 1804, 2014, 1913, 1774, 1954, 1841, 1934, 1968, 1772, 1853, 2008, 1835, 2211, 1770, 1862, 1904, 1870, 1926, 2217, 1684, 2013, 2057, 1876, 2131, 1997, 2003, 2052, 1736, 1844, 2104, 1707, 2139, 1904, 2046, 1965, 1904, 2050, 1954, 1985, 1751, 1807, 2129, 1945, 1735, 1913, 2021, 1837, 1899, 1994, 1807, 2008, 2015, 1909, 2178, 1857, 1638, 1988, 1869, 1906, 1783, 2030, 1922, 2023, 1975, 1884, 1889, 1738, 1968, 2131, 2024, 1956, 1845, 2033, 2091, 1784, 1868, 2223, 1623, 2011, 1829, 1763, 1780, 1985, 1890, 1937, 1812, 2113, 2069, 1829, 1816, 1885, 1960, 1905, 1763, 1970, 1955, 1905, 2095, 1861, 1898, 2141, 1911, 1925, 1954, 1885, 1787, 1938, 1665, 1840, 1724, 1833, 2171, 1948, 1719, 2022, 1858, 1914, 1956, 1741, 2037, 1977, 1992, 1808, 1876, 2080, 1949, 1899, 2146, 1774, 1916, 1700, 1862, 1751, 1668, 2181, 1857, 1885, 2029, 2036, 1964, 1901, 1915, 1809, 1963, 1622, 2016, 2085, 1959, 2069, 1866, 2180, 1788, 1928, 1753, 1711, 2156, 1809, 1987, 1600, 1925, 2048, 1743, 1896, 2083, 1852, 1873, 1993, 1965, 1921, 1894, 1902, 1911, 1957, 2125, 1895, 1875, 1834, 1968, 1822, 2027, 2034, 1882, 2062, 2065, 1896, 1808, 1962, 1972, 1793, 1999, 1924, 1798, 2042, 1997, 2074, 1902, 1758, 1913, 1829, 1669, 1867, 2006, 1837, 1963, 2166, 1961, 1627, 2126, 1883, 1780, 1951, 2155, 1961, 1944, 1911, 1668, 1994, 1860, 2113, 1890, 1833, 1969, 1709, 2150, 1981, 1951, 1879, 1715, 2051, 1989, 2094, 1701, 1770, 1931, 1858, 1830, 2056, 1968, 2135, 2064, 2251, 2047, 1686, 1929, 1779, 1698, 1865, 1839, 1801, 1922, 1969, 1850, 2040, 1904, 1947, 1991, 1790, 1940, 1780, 1826, 1960, 1854, 1995, 1919, 1944, 1865, 2026, 1764, 2035, 1765, 1859, 1939, 1935, 1900, 1858, 1820, 2038, 1791, 1945, 1907, 1819, 1859, 2033, 2034, 2051, 1802, 2039, 1949, 1693, 1859, 1860, 1915, 1784, 1932, 1935, 1872, 2023, 2021, 2093, 1901, 2078, 2112, 1972, 1814, 1734, 1917, 1778, 1928, 1843, 1805, 1878, 1887, 1846, 2145, 1868, 1889, 1905, 1897, 1819, 1807, 2190, 1953, 1806, 1756, 1910, 2015, 1809, 2056, 1715, 1943, 1973, 1715, 1931, 1762, 1989, 1864, 1996, 1954, 1843, 1983, 1732, 1983, 1994, 1750, 2085, 2101, 1870, 1957, 1867, 1948, 2068, 1999, 1735, 1992, 2011, 1865, 1956, 1928, 1970, 1886, 1795, 1924, 1955, 1858, 1820, 1773, 2022, 1969, 1638, 1688, 1885, 1973, 1863, 1771, 1872, 1900, 1742, 1843, 1917, 1747, 2047, 2085, 2062, 1997, 2091, 1904, 2092, 1908, 1996, 1956, 2007, 1767, 1704, 1682, 1736, 2075, 1890, 1987, 1802, 2060, 2086, 2134, 1968, 1601, 1931, 1855, 1821, 2061, 1777, 1920, 1745, 1858, 1933, 1916, 1744, 1990, 1714, 1735, 1870, 1891, 1873, 1833, 1786, 1755, 1812, 1994, 2021, 1855, 1941, 2080, 2079, 1903, 1862, 2170, 1833, 1688, 2138, 1918, 1904, 1831, 1862, 1917, 1860, 1996, 1979, 1801, 1932, 2021, 1890, 1690, 2110, 1861, 1880, 1935, 1868, 1885, 1875, 1903, 1855, 1992, 1860, 1699, 1935, 1994, 2105, 2155, 1677, 1953, 1808, 2154, 1884, 1948, 1769, 2054, 1865, 1992, 1885, 1902, 2004, 1909, 1778, 2206, 1943, 2037, 1945, 1906, 1842, 1864, 1972, 1776, 2063, 1779, 2014, 1868, 1921, 1885, 2087, 1876, 2061, 1906, 1820, 1784, 1871, 1997, 2099, 1763, 1766, 1907, 1904, 2210, 1829, 2140, 1769, 1773, 1958, 1972, 1917, 2030, 1892, 1890, 2020, 2075, 1645, 1872, 1902, 1977, 1827, 1815, 1812, 2061, 1844, 1904, 1947, 2118, 1784, 1760, 1806, 1906, 1799, 2088, 1863, 1992, 1914, 1872, 1856, 1879, 1970, 2197, 1935, 1907, 1807, 2040, 1705, 2137, 1850, 1844, 2022, 1771, 1985, 1939, 1996, 1873, 1853, 1771, 1828, 1796, 2037, 1809, 1817, 1819, 2037, 2016, 1704, 1837, 1828, 1884, 1790, 1966, 1966, 1842, 1874, 2073, 1780, 1725, 1949, 1787, 2095, 1755, 1944, 2177, 1916, 1833, 1887, 1949, 2002, 1878, 1952, 1766, 1965, 1854, 1961, 2030, 1788, 1679, 1866, 1848, 2006, 1805, 1982, 1971, 2221, 1804, 1773, 1930, 2017, 2061, 1864, 2030, 1844, 2052, 1874, 2037, 1987, 1932, 2016, 1736, 1839, 1910, 2020, 1943, 1925, 2039, 1973, 1911, 1850, 1794, 1907, 2090, 2034, 1930, 1676, 1960, 2010, 1926, 2082, 1820, 1916, 2162, 2189, 1829, 2099, 1904, 1686, 1743, 1903, 1865, 1629, 1808, 1993, 2132, 1752, 1846, 1834, 1865, 1869, 1879, 1883, 2001, 1834, 1852, 1903, 1937, 1922, 1862, 2128, 1938, 1801, 1919, 1850, 2041, 1935, 1898, 1861, 1921, 2064, 2062, 1969, 2139, 1919, 1603, 1756, 1888, 1941, 2042, 1998, 1887, 1810, 1895, 1874, 1867, 1957, 1854, 2135, 1895, 1920, 1908, 1820, 2079, 2209, 2004, 1954, 1903, 1991, 1898, 2070, 2103, 1987, 2069, 1840, 1872, 1796, 1935, 1987, 1964, 1931, 1999, 1972, 1776, 1982, 2093, 1773, 2165, 1916, 1877, 2012, 1950, 1607, 1899, 1874, 1785, 1741, 1983, 2126, 2021, 1927, 1748, 1856, 1889, 1836, 1753, 1884, 1866, 1969, 1901, 1611, 1722, 2068, 2008, 1961, 1919, 1440, 1997, 1976, 2027, 1940, 2003, 1980, 2192, 1902, 2174, 1949, 1960, 1806, 1956, 1821, 2171, 2000, 1737, 1959, 1854, 1810, 1743, 1891, 2013, 1853, 1985, 1673, 1896, 1975, 1974, 1896, 1982, 1788, 2014, 1781, 2007, 1805, 1896, 1873, 1811, 1769, 1764, 2007, 1884, 1997, 1834, 1607, 1795, 1923, 1888, 1825, 1785, 1870, 1771, 1724, 1968, 2004, 2087, 1916, 1974, 1989, 1733, 1812, 1912, 2030, 1897, 1757, 2026, 1978, 1857, 1842, 1751, 1672, 1943, 1831, 1896, 2029, 2084, 1896, 1849, 2028, 1712, 1940, 2032, 1805, 1735, 1815, 2020, 1930, 1980, 2157, 1977, 1914, 1810, 1969, 1930, 2026, 2135, 2072, 1983, 1921, 1956, 1960, 1769, 1998, 1836, 1508, 2017, 1910, 1919, 1896, 1947, 1908, 1770, 1936, 1780, 1955, 1988, 1892, 1955, 1865, 1916, 1839, 2012, 1936, 2197, 1680, 1962, 1632, 1867, 1948, 1710, 1997, 2014, 1752, 1724, 1791, 1933, 2130, 1876, 1918, 1695, 1900, 1781, 2109, 1921, 1901, 1827, 1692, 1882, 1981, 1838, 2056, 2028, 1954, 1935, 1982, 1954, 1921, 1937, 1986, 1865, 2118, 2057, 1821, 1835, 1926, 1921, 1846, 1754, 1809, 1966, 1983, 1938, 1800, 2032, 1959, 1918, 1922, 2114, 2093, 1786, 1850, 1922, 1703, 1868, 1965, 1789, 1971, 2018, 1852, 1855, 1912, 2111, 1856, 1942, 2010, 1811, 1942, 1628, 1580, 1809, 1844, 1841, 1858, 1959, 2037, 1967, 1972, 2103, 1756, 1845, 1815, 1860, 1904, 1839, 2107, 1854, 2011, 1883, 1832, 1971, 1981, 1753, 1900, 1753, 1866, 1981, 1851, 1939, 1895, 1796, 1841, 1786, 1809, 1719, 1846, 1854, 1734, 1822, 1895, 1856, 1958, 1727, 1936, 1941, 1934, 1898, 2020, 2116, 1842, 1965, 1856, 1606, 1774, 2044, 1705, 1794, 2085, 1781, 2030, 1831, 2091, 2086, 1919, 2035, 2056, 1849, 2104, 1956, 1930, 1815, 1974, 1806, 1764, 1844, 1938, 1925, 1981, 1909, 1934, 1973, 1817, 2031, 1755, 1613, 2005, 2032, 1782, 2142, 1794, 1826, 1839, 1887, 1791, 1728, 1762, 2096, 1748, 1785, 1881, 1990, 2011, 1811, 1874, 1839, 2040, 1851, 1783, 2149, 1859, 1930, 2062, 1743, 1773, 2171, 2000, 1834, 1764, 2058, 1972, 1731, 2020, 2085, 1903, 1725, 1962, 2067, 1871, 2089, 1736, 1968, 2044, 1994, 1799, 1846, 1868, 2056, 1859, 1834, 1724, 1916, 1810, 2145, 2121, 1963, 1952, 1615, 1958, 1784, 1889, 2093, 1943, 1721, 1890, 1688, 1768, 2022, 2120, 2142, 2160, 1963, 1993, 1932, 2096, 2137, 2051, 1996, 2158, 1827, 1986, 1747, 1909, 1746, 1890, 1814, 1766, 1872, 2101, 1864, 1861, 1868, 1952, 1969, 1822, 1774, 2012, 1866, 1923, 1933, 2092, 1773, 1881, 1792, 2080, 1831, 1704, 1998, 1770, 1824, 1900, 1906, 1795, 1993, 2127, 1827, 1913, 2037, 1906, 1861, 1844, 1882, 2208, 1774, 2076, 1851, 1754, 2044, 1879, 1866, 1950, 1814, 2076, 1942, 1769, 1937, 1879, 1915, 1932, 1990, 1841, 2110, 2069, 1925, 1788, 1608, 2050, 1993, 1864, 1791, 2017, 2027, 2179, 1899, 1947, 1839, 2147, 1986, 1884, 1947, 1748, 2029, 1818, 2032, 1993, 1812, 1854, 1950, 1959, 1700, 2019, 2046, 2084, 1922, 2103, 1861, 1770, 1897, 2017, 1839, 1736, 2006, 1973, 1982, 1938, 1894, 2028, 1967, 1884, 2005, 1831, 1889, 1896, 1978, 1980, 1894, 1930, 1735, 2010, 1977, 2065, 1797, 2066, 1877, 1707, 1911, 2166, 1954, 1910, 2006, 1899, 2050, 1912, 1517, 2016, 1930, 2033, 2067, 1782, 1743, 1725, 1850, 1770, 1734, 2191, 2001, 2095, 1803, 1943, 1922, 1944, 2041, 1911, 1804, 2089, 1768, 1995, 2077, 1856, 1612, 1785, 1720, 1896, 1813, 1996, 1796, 1792, 2109, 2040, 1788, 1946, 1652, 1716, 1783, 1694, 1867, 1995, 1897, 2175, 1775, 1669, 2029, 1638, 1850, 2042, 2067, 1918, 1939, 1970, 1867, 1892, 1779, 1927, 2086, 2049, 1779, 1994, 2082, 2041, 2042, 1921, 2078, 1828, 1990, 1875, 1986, 2107, 1976, 1870, 1734, 1937, 1936, 1817, 1874, 1912, 1820, 2080, 2056, 1847, 2076, 1848, 1728, 1900, 2039, 2101, 1705, 2045, 2096, 1866, 1873, 2015, 1919, 1790, 1918, 1886, 1804, 1856, 1862, 1920, 2043, 1667, 1991, 1899, 1958, 2005, 2077, 2058, 1983, 1987, 1915, 1867, 2086, 2198, 1913, 1784, 1719, 1853, 1822, 2049, 2008, 2145, 1881, 2004, 2112, 1789, 2158, 1944, 1823, 1807, 1832, 2118, 2047, 1950, 2021, 1895, 1926, 1998, 1990, 2042, 1745, 1957, 2160, 1583, 1742, 1931, 2118, 1938, 1710, 1901, 1938, 1998, 1857, 1945, 1810, 1921, 1938, 2036, 2261, 1619, 2015, 1969, 1995, 2112, 1820, 1994, 1895, 1666, 2028, 1883, 2007, 1943, 1875, 1715, 1889, 1905, 1810, 1804, 1939, 2027, 1837, 1857, 1756, 2037, 1726, 1974, 1842, 1854, 1769, 1952, 2287, 2087, 1924, 1866, 1967, 1962, 1622, 1797, 1919, 1745, 1970, 2008, 2004, 1805, 2060, 1910, 1865, 2218, 1978, 1803, 1945, 2162, 1940, 2198, 1892, 1873, 1714, 1923, 2273, 2162, 1773, 2039, 1867, 1942, 1907, 2098, 1943, 2062, 1960, 1936, 1899, 1747, 1924, 1793, 2007, 1868, 1799, 1957, 1922, 1999, 1955, 1987, 1773, 1755, 1915, 1835, 1840, 2143, 2051, 1970, 2186, 1944, 2090, 1913, 1895, 1950, 2112, 2100, 1813, 1714, 1953, 2108, 1567, 1988, 1959, 2057, 1980, 1869, 2092, 1979, 1912, 1709, 1765, 1860, 1965, 1918, 2070, 2053, 2013, 1885, 1886, 1885, 1976, 1828, 1654, 1921, 2065, 1922, 1830, 1800, 1927, 2123, 1785, 2126, 1805, 2087, 1710, 1906, 2015, 1890, 1970, 1941, 2101, 2162, 1966, 1941, 1995, 1996, 2034, 1993, 2013, 1962, 1867, 2232, 1904, 1831, 2023, 1991, 2106, 1933, 1748, 1941, 1779, 1985, 2181, 1708, 1900, 1917, 1875, 2106, 2047, 1918, 1735, 1883, 1964, 1825, 1842, 2086, 2103, 1941, 1532, 2011, 1689, 1754, 1934, 2049, 2087, 1904, 1728, 1840, 1850, 2045, 1977, 1834, 1938, 1824, 2030, 2010, 2075, 1882, 2047, 2009, 1830, 1869, 1792, 1958, 2009, 1990, 1788, 2013, 1916, 1840, 2075, 1838, 1952, 1901, 1830, 1725, 1936, 2027, 1916, 1827, 1968, 1761, 1702, 2044, 1830, 1699, 1854, 1887, 1967, 1879, 1879, 1990, 1785, 1774, 2010, 1952, 1954, 1995, 1941, 1762, 1720, 2012, 2153, 1985, 1803, 1990, 1715, 1939, 1835, 1933, 1851, 1735, 1848, 1736, 2159, 1819, 1623, 1936, 1835, 1834, 2078, 2016, 1984, 1985, 1837, 1907, 2079, 1835, 2068, 1722, 1941, 1964, 1863, 1665, 2024, 1983, 2013, 1971, 1922, 2039, 1900, 1747, 1911, 2025, 2126, 1896, 2025, 1691, 1814, 1785, 1888, 1883, 1929, 1627, 1772, 1795, 1767, 2049, 1952, 1827, 1789, 1855, 1957, 2042, 2090, 1980, 1864, 1952, 1776, 1784, 1884, 1780, 1915, 1773, 2002, 1881, 1882, 1761, 1830, 1839, 2054, 1905, 1879, 1930, 1818, 1856, 2193, 1965, 1985, 1986, 1930, 1833, 1916, 2139, 1943, 2036, 1865, 1863, 1863, 1796, 1675, 1820, 2151, 1940, 1869, 1903, 2120, 2224, 1776, 2016, 1943, 1898, 1854, 1930, 1845, 1973, 1999, 1942, 1940, 1846, 1939, 1862, 1974, 1861, 1837, 1989, 1854, 1884, 1922, 1775, 1714, 1866, 1882, 1941, 1941, 1797, 1728, 2038, 1960, 2004, 1810, 1977, 1945, 2051, 1980, 2106, 1975, 1824, 2191, 1709, 1685, 2115, 1991, 1735, 1846, 2187, 2055, 1824, 1820, 1915, 1771, 1887, 1941, 1881, 2022, 1845, 2032, 1765, 1672, 1911, 1778, 1901, 2028, 2143, 2035, 2076, 2026, 2024, 1956, 1967, 1853, 1847, 2014, 2249, 1847, 1956, 1748, 1835, 1912, 1585, 1884, 1972, 1985, 2008, 2110, 1967, 2131, 2137, 1822, 1886, 2012, 1949, 2146, 1945, 1982, 1909, 1909, 2229, 2009, 2080, 1951, 2039, 1911, 2011, 1970, 2010, 1774, 1698, 1783, 1912, 1900, 2001, 1879, 1924, 1936, 1888, 2069, 1431, 1882, 1896, 1744, 2055, 1877, 1958, 1685, 1726, 1890, 1886, 1950, 2070, 2088, 2018, 1980, 1978, 1856, 1980, 1799, 2107, 2110, 2254, 1841, 1754, 1998, 1852, 1960, 1757, 1923, 1930, 2066, 1941, 1818, 1927, 1765, 2067, 1907, 2154, 1909, 1950, 1834, 1955, 1741, 1861, 1829, 1916, 2011, 1981, 2196, 2093, 1868, 1916, 1940, 2030, 2113, 1910, 1903, 2078, 1763, 1878, 2029, 1959, 1654, 1866, 1906, 1932, 1879, 1739, 1918, 1786, 2017, 1967, 1966, 1834, 1869, 1837, 1901, 2024, 2041, 1704, 1946, 1967, 2070, 1841, 1948, 2128, 2074, 1838, 1843, 1945, 1818, 1811, 1892, 1887, 1847, 2202, 2041, 1938, 1984, 1670, 2024, 2070, 2013, 2159, 1995, 2044, 2061, 1972, 2017, 1900, 1910, 1884, 2008, 1911, 1764, 1993, 1883, 2044, 2080, 1907, 1911, 1644, 1593, 2008, 1892, 2025, 1879, 1848, 1901, 1864, 1975, 1808, 2009, 2094, 1923, 2008, 2088, 2013, 1947, 1714, 1874, 2176, 1623, 1900, 1919, 1903, 1923, 1868, 1948, 2120, 2095, 2051, 1971, 1917, 1779, 1950, 1932, 2071, 1823, 1873, 1839, 1990, 1984, 1900, 1783, 1551, 1958, 1634, 1914, 1724, 2019, 1909, 1814, 1942, 1982, 2063, 2048, 1986, 2185, 2102, 1905, 1938, 1882, 1862, 1888, 1891, 1962, 1977, 2127, 2064, 1692, 1887, 1970, 1734, 2024, 1846, 1790, 2128, 1863, 1790, 2006, 1979, 1916, 1931, 1762, 1907, 1999, 2055, 1987, 1732, 1833, 1996, 2016, 1919, 1633, 1955, 2002, 1831, 1982, 2032, 1915, 1944, 1968, 1883, 2039, 1968, 2042, 1956, 2198, 1968, 1805, 1869, 1733, 2048, 1810, 2048, 1635, 2189, 1955, 1724, 1721, 2039, 1609, 1941, 2029, 1700, 1988, 1884, 1738, 1854, 1904, 1721, 1877, 1827, 1704, 1926, 1957, 1965, 1890, 1737, 2281, 1982, 1809, 1754, 1785, 1964, 1806, 1921, 1992, 1855, 2062, 1833, 1711, 1910, 1966, 1915, 2036, 1993, 1976, 1709, 2090, 1784, 2002, 1870, 2007, 2015, 1943, 1999, 1796, 1993, 2037, 1750, 1989, 2139, 1596, 2069, 1984, 1972, 1853, 1943, 2063, 2017, 1985, 1935, 1850, 2059, 2095, 1848, 2046, 1771, 1847, 1801, 1974, 2178, 1952, 1901, 1949, 1921, 1976, 2111, 2070, 2004, 1802, 1956, 1871, 1841, 1853, 2085, 1826, 1825, 1887, 1926, 2097, 2110, 2170, 1836, 1680, 1912, 1868, 1938, 1977, 2007, 2011, 2069, 2151, 2059, 1761, 2068, 1781, 1969, 1967, 2140, 1795, 1716, 1915, 1966, 1996, 1641, 1795, 1964, 1997, 2039, 2050, 1939, 2056, 1939, 1915, 1854, 1841, 1973, 1908, 1869, 1830, 1742, 1921, 1786, 1966, 1827, 1732, 1947, 1773, 1750, 2039, 1926, 1875, 1883, 2135, 1685, 1873, 2046, 2042, 1964, 1945, 1864, 1772, 1911, 2017, 2004, 1988, 1794, 1866, 2037, 2090, 1739, 2036, 1896, 2013, 1789, 1853, 2011, 1990, 2087, 1952, 1940, 1860, 1937, 2018, 1903, 1824, 1882, 1663, 1777, 1773, 2034, 1968, 1810, 1957, 1878, 1712, 1987, 1732, 1932, 1992, 1966, 1909, 1890, 1745, 1740, 2126, 2000, 1968, 2009, 1746, 2038, 1904, 1998, 1753, 2176, 1779, 2003, 1938, 2021, 1917, 2164, 1805, 1891, 1831, 2092, 1928, 1905, 1924, 2328, 2089, 1749, 2018, 1971, 1848, 1851, 1907, 1796, 2190, 1828, 1985, 1752, 1985, 1935, 1876, 1953, 2022, 2166, 1819, 1770, 1981, 1828, 1992, 1980, 1796, 1796, 1614, 1919, 1676, 2103, 1810, 1928, 2030, 1902, 1955, 2047, 1849, 2154, 1773, 1984, 2068, 2038, 1943, 1834, 1905, 1899, 2010, 1710, 2041, 1806, 2056, 1819, 1765, 1857, 1912, 1900, 1918, 2013, 1870, 1977, 1830, 1929, 1945, 1993, 2156, 1815, 1952, 1912, 1877, 1937, 1881, 1793, 1949, 1865, 1827, 2012, 2007, 1749, 1786, 1854, 1956, 2052, 1925, 1753, 2099, 1857, 1925, 1967, 1795, 1864, 1764, 2190, 1959, 1877, 2029, 1772, 2157, 2044, 1999, 1823, 2055, 1846, 1679, 1985, 2193, 2140, 1814, 2092, 1932, 2001, 1880, 1879, 1999, 2048, 1940, 1937, 1861, 2044, 2105, 1769, 1952, 1940, 2016, 1922, 1770, 2035, 1957, 1870, 1786, 1843, 2209, 1925, 1869, 1877, 2014, 2039, 1838, 1991, 1978, 1866, 2028, 1912, 1624, 2016, 2021, 2276, 1995, 1846, 1900, 2092, 1984, 1941, 2023, 1898, 1709, 1738, 1859, 1959, 1960, 1985, 2074, 1941, 1774, 2100, 1909, 1907, 1972, 1909, 1982, 1906, 1867, 2148, 1720, 1864, 1910, 2095, 1850, 1892, 1970, 1960, 1915, 1815, 1958, 1965, 1879, 2015, 2170, 1798, 2028, 1687, 2059, 1802, 1601, 1876, 2023, 1823, 1980, 1891, 2106, 1883, 1650, 1976, 2153, 1804, 2003, 1833, 2091, 1963, 2084, 2001, 2071, 2013, 1961, 2020, 2081, 1849, 2125, 1930, 1843, 1834, 1582, 2030, 2001, 1849, 1871, 2086, 1787, 1996, 1976, 1916, 1750, 1946, 2024, 1827, 2073, 1941, 2001, 2046, 1998, 1764, 1971, 2127, 2022, 1984, 2016, 1948, 1773, 1953, 1896, 1814, 2032, 1861, 1826, 1695, 2060, 1761, 1930, 2077, 1816, 2057, 1899, 1877, 1924, 1688, 1949, 2054, 1927, 2065, 1882, 2016, 1870, 1999, 2015, 1925, 2075, 1859, 1962, 1882, 1797, 1884, 1857, 1724, 1962, 1811, 1779, 2055, 1973, 2051, 1907, 1784, 1968, 1819, 1950, 1943, 1989, 1986, 1944, 1980, 2055, 1787, 1965, 1943, 1827, 2009, 1930, 1803, 1880, 1976, 1979, 1904, 1992, 1712, 2136, 1980, 1967, 1843, 2075, 1993, 1923, 2093, 2099, 1916, 1838, 2101, 1719, 1854, 1883, 1854, 2023, 2042, 2097, 2082, 1984, 1834, 2072, 1768, 2045, 1594, 1793, 1855, 2098, 1728, 1949, 1749, 1899, 1876, 1893, 2112, 1775, 2027, 1970, 1967, 2006, 1963, 2084, 2017, 1911, 1698, 1819, 2037, 1907, 1750, 1922, 1792, 1844, 1945, 1807, 1870, 1736, 1922, 2166, 1867, 1879, 1892, 1865, 1932, 1814, 2020, 1961, 1991, 2044, 1844, 1892, 2101, 2123, 1938, 1877, 2226, 2155, 1914, 1931, 1860, 1917, 1737, 1787, 2222, 1733, 2056, 1988, 1833, 1863, 1944, 2154, 2106, 1891, 1898, 2015, 2070, 1943, 1920, 2164, 2006, 1841, 1936, 2042, 1985, 1871, 1883, 1736, 1974, 1745, 1845, 1892, 1856, 1721, 1727, 1905, 1900, 1820, 1641, 1793, 2121, 2112, 1695, 1724, 1920, 1752, 2017, 1710, 1888, 1899, 1923, 1974, 2226, 2023, 1994, 1741, 1869, 1996, 1764, 1830, 2017, 1881, 1851, 1978, 2025, 1990, 2029, 2077, 1859, 1803, 1999, 1998, 1862, 1949, 1755, 1994, 1796, 1855, 2135, 2121, 1790, 1977, 1782, 1953, 1848, 1993, 2001, 1918, 1643, 2007, 1804, 1849, 1881, 1784, 2009, 1753, 1895, 1931, 1779, 1822, 2020, 1946, 2022, 1920, 1769, 2027, 2082, 1742, 1744, 1933, 2119, 1805, 1870, 1747, 1939, 2102, 1763, 1895, 1785, 2032, 2012, 1916, 1736, 1757, 1936, 1943, 2004, 1791, 1881, 1816, 2115, 1824, 1968, 1988, 2014, 2044, 2176, 1759, 1792, 1717, 1983, 1980, 1834, 1719, 2079, 1915, 1902, 1872, 1813, 1906, 1902, 2037, 1637, 1929, 1875, 1746, 1988, 1954, 1886, 1914, 1899, 1968, 1921, 1897, 1934, 2067, 1829, 2014, 2021, 2133, 1701, 1915, 1829, 1839, 1844, 1910, 1887, 2103, 1982, 2048, 1789, 1796, 1880, 1855, 2199, 2101, 1721, 1785, 1878, 1964, 1855, 1706, 1929, 1975, 2180, 1857, 2004, 1897, 1845, 1879, 1752, 1876, 2056, 1947, 1773, 1886, 2040, 2216, 1866, 1873, 1789, 1801, 1867, 2139, 1832, 2038, 1868, 1856, 1815, 1828, 1996, 1742, 1838, 1821, 2156, 2000, 1998, 1872, 1852, 2091, 2141, 1933, 1810, 2185, 2008, 1936, 1850, 2097, 1899, 1723, 1879, 1925, 1964, 2070, 1951, 1768, 1937, 1977, 2003, 1930, 1999, 1989, 1940, 1826, 1911, 2020, 1975, 2083, 1847, 1991, 1972, 2049, 1862, 2082, 1974, 1942, 2150, 1948, 2136, 1703, 2124, 1718, 1865, 2088, 1870, 1841, 1796, 1959, 1912, 1957, 1822, 2036, 1673, 1939, 1862, 1847, 1802, 1958, 1786, 1869, 1964, 1954, 2046, 2053, 1757, 1878, 1946, 1977, 2209, 1867, 1871, 1876, 1943, 2101, 1957, 1876, 1846, 2175, 1870, 1920, 1926, 1868, 1897, 1944, 1912, 1735, 1921, 1853, 1847, 1901, 1837, 1865, 1817, 1979, 1853, 2051, 1782, 1823, 1915, 1873, 2034, 2043, 1835, 1863, 1913, 1814, 1989, 1995, 1995, 1918, 2107, 1937, 1936, 1770, 2176, 2009, 1839, 1865, 1738, 1894, 1737, 1743, 1934, 1973, 1898, 1937, 1873, 1854, 1836, 1895, 1818, 1788, 1871, 2008, 1996, 1939, 1885, 1757, 1908, 2063, 1818, 1958, 2100, 1899, 2127, 2006, 1876, 1802, 1751, 1815, 1752, 2095, 1952, 1886, 1783, 1940, 1819, 1855, 2085, 2195, 2170, 2012, 1986, 1918, 2024, 1844, 1962, 1867, 2132, 1875, 1904, 1606, 1838, 2044, 1842, 1908, 1931, 1981, 2087, 1946, 1947, 1839, 1827, 1809, 1725, 1823, 2151, 1966, 1798, 1956, 2069, 1925, 1902, 1711, 1736, 1941, 1775, 1813, 1929, 2103, 1713, 1874, 1747, 2041, 2080, 2010, 1802, 2041, 2024, 1942, 2066, 1953, 1904, 1867, 2034, 1894, 2056, 2057, 1856, 1885, 1981, 1788, 2046, 2007, 1942, 1876, 1904, 1711, 2067, 2071, 1955, 1935, 1871, 1635, 1753, 1836, 1872, 1659, 1854, 1797, 1843, 1874, 1892, 2097, 2104, 2015, 2072, 1839, 2026, 2085, 1891, 1915, 2043, 1851, 2037, 1662, 2016, 1861, 1917, 1882, 1981, 1844, 1710, 1855, 1953, 2154, 2068, 2029, 1937, 2037, 1772, 1964, 1832, 1978, 1900, 1991, 1927, 1818, 1913, 1899, 1980, 1765, 1991, 1750, 1980, 2111, 1830, 1956, 1800, 2115, 1765, 1982, 1980, 1916, 1917, 2038, 2239, 1740, 2066, 2019, 2026, 2007, 1815, 1792, 1927, 2037, 1987, 2093, 2027, 1616, 1900, 1873, 2000, 2057, 2186, 2006, 2110, 1803, 1968, 2004, 2083, 1851, 1952, 2073, 1875, 1926, 1918, 1876, 1805, 2043, 1818, 1955, 1981, 2147, 1861, 1726, 1840, 1786, 1734, 1841, 1971, 1831, 1847, 1843, 1900, 1992, 1756, 1952, 1879, 1882, 1861, 2004, 1987, 1932, 1930, 1946, 1860, 1911, 1646, 1933, 1717, 1979, 2014, 1995, 1898, 2138, 1848, 1749, 2037, 2107, 1905, 1831, 1844, 1919, 1799, 1963, 1774, 1985, 1691, 1986, 1772, 1980, 1833, 1918, 1916, 1876, 2002, 1761, 1950, 1805, 1939, 1743, 1924, 1918, 1890, 1961, 2037, 2099, 1798, 1970, 1722, 1969, 1769, 1931, 1668, 1872, 2039, 1692, 1973, 1703, 1878, 1947, 2143, 1584, 1808, 1849, 2020, 2052, 2141, 1912, 1856, 2056, 2015, 1947, 2047, 2009, 1804, 1940, 1820, 1920, 1945, 2037, 2240, 1843, 1999, 1839, 1726, 2047, 2034, 1966, 2001, 1744, 1847, 1885, 1821, 1996, 1872, 1812, 1939, 2049, 1910, 1992, 2023, 2051, 1688, 1928, 2016, 1786, 1967, 2100, 1783, 1756, 1900, 2046, 1693, 1861, 1906, 1897, 1738, 1842, 1817, 2140, 1750, 1985, 1870, 1754, 1808, 1914, 1949, 1923, 1817, 1940, 1633, 1876, 1910, 2010, 1797, 2152, 2029, 1946, 2098, 1707, 2148, 1892, 1931, 2051, 2175, 2186, 1995, 1888, 1937, 1943, 2027, 2021, 2022, 1763, 1823, 1993, 2029, 1982, 1588, 1715, 1983, 1949, 2005, 1658, 2100, 1956, 1969, 2112, 1814, 1661, 1831, 2000, 1807, 1897, 1737, 2008, 1873, 2017, 1789, 2182, 2031, 2091, 1867, 1862, 2074, 1827, 1798, 2037, 1930, 1838, 1996, 1909, 1936, 1872, 1748, 1881, 1830, 2021, 2003, 2091, 2060, 1881, 2112, 1971, 1873, 1989, 1698, 2069, 1753, 1685, 2104, 1859, 1758, 1902, 1939, 1746, 1976, 2063, 1861, 1932, 1815, 1895, 1821, 2196, 1877, 1967, 2066, 1894, 1702, 1938, 1824, 1929, 1821, 1954, 1913, 1947, 1826, 2029, 1855, 2013, 1780, 1964, 1893, 2007, 1851, 1758, 1797, 1862, 1898, 1831, 1927, 1735, 1565, 1937, 1843, 1763, 1832, 1787, 1974, 2197, 1701, 1874, 2042, 1980, 1903, 1657, 1974, 1943, 1955, 1658, 1791, 1682, 1903, 1791, 2003, 1943, 1923, 1868, 1826, 1962, 2044, 1929, 1876, 1695, 2246, 1718, 2144, 1874, 2100, 1937, 1988, 1964, 2132, 1739, 2027, 2189, 2083, 2022, 2022, 1719, 2111, 1893, 2223, 1937, 1814, 1827, 1776, 1863, 2135, 1756, 1785, 1971, 1839, 2217, 1850, 1881, 1980, 1855, 1982, 1881, 1808, 1910, 2051, 1793, 1890, 2103, 2108, 1842, 1925, 1798, 1828, 1953, 1951, 2013, 1897, 1828, 2024, 2110, 2037, 1881, 2017, 1843, 1844, 1946, 2014, 1999, 1935, 1853, 1857, 1977, 1818, 1940, 2004, 1873, 2018, 2050, 2032, 1813, 1917, 1765, 1933, 1983, 2242, 1966, 1967, 1989, 2010, 1961, 2013, 1893, 1910, 1841, 1833, 1879, 1961, 1725, 2063, 1933, 1918, 1986, 1840, 1954, 2092, 2006, 1799, 2053, 1856, 1807, 1856, 2062, 1898, 1804, 1759, 2085, 1944, 1859, 1839, 1800, 1875, 1934, 1966, 1884, 2233, 1935, 1889, 2111, 1881, 1782, 2000, 2004, 2059, 2041, 2037, 1653, 1973, 1940, 1886, 1740, 2057, 1783, 2005, 2049, 2013, 1881, 2067, 1967, 1863, 1824, 1728, 2023, 2067, 1985, 1841, 2000, 1939, 2178, 1815, 1909, 1846, 1829, 1965, 2035, 1995, 1871, 2084, 2011, 1839, 1942, 1956, 1974, 2040, 1765, 2115, 2002, 1957, 1827, 1977, 1841, 1834, 2035, 1900, 1975, 1815, 1928, 1986, 1959, 2088, 1781, 1909, 1963, 2022, 2220, 1740, 1848, 1864, 1974, 1815, 1792, 1901, 2052, 1992, 2035, 1852, 1895, 1880, 2060, 2008, 1881, 1836, 1842, 2130, 1974, 1659, 1897, 2154, 1803, 1739, 1975, 1923, 1642, 1932, 2063, 2038, 2053, 2047, 1843, 1786, 2192, 2029, 2076, 2018, 1832, 1845, 1965, 1884, 2082, 1856, 1886, 1909, 1934, 2098, 1936, 1888, 2084, 1815, 1916, 1783, 1894, 2088, 1824, 2080, 2129, 1918, 1984, 1937, 1823, 1743, 2056, 2013, 1933, 1839, 1947, 2048, 1751, 1930, 1810, 1938, 1860, 1820, 1848, 1816, 2039, 1974, 2095, 1898, 1928, 1829, 2100, 1834, 1714, 1779, 2008, 1827, 1776, 1704, 1738, 1912, 2120, 1855, 1757, 1628, 1760, 1815, 1831, 2085, 2093, 1774, 2058, 1976, 1534, 2019, 1958, 1815, 1826, 1911, 2083, 1855, 2009, 1762, 1803, 1916, 1903, 1961, 1847, 2039, 1923, 2041, 2073, 2221, 1863, 1778, 2042, 1973, 1905, 1828, 1921, 1747, 1869, 1607, 1889, 2005, 1985, 1950, 1867, 2029, 1938, 2022, 1754, 2027, 2045, 2008, 1968, 1972, 1805, 1914, 2051, 1846, 1927, 1828, 1959, 2021, 2082, 2156, 1822, 1923, 2092, 1924, 2021, 2022, 1923, 1818, 1787, 1856, 2038, 1852, 1706, 1715, 1961, 1784, 1974, 1585, 1803, 1777, 2089, 2065, 1993, 1912, 1830, 1843, 1913, 2073, 1868, 1973, 2045, 1704, 2105, 2022, 1882, 1650, 1956, 2035, 2183, 2135, 1861, 1768, 1961, 1776, 2020, 2305, 1739, 1955, 1915, 1647, 2016, 1692, 1863, 1950, 1967, 2097, 1917, 2087, 2103, 1836, 1991, 1767, 1882, 2100, 1874, 1833, 1999, 1853, 1870, 1932, 1894, 1672, 1961, 1968, 1968, 1800, 1970, 1884, 1876, 1902, 2072, 1745, 1997, 1906, 1877, 2068, 2078, 1957, 1751, 1953, 2011, 1832, 1989, 1973, 1908, 1935, 1899, 2029, 1780, 2074, 1860, 1911, 2051, 1933, 1738, 1951, 1718, 1997, 1999, 2087, 1820, 2051, 1995, 1925, 1853, 1849, 2073, 1936, 1997, 1721, 1953, 1740, 1695, 1772, 2013, 1626, 1848, 1906, 1841, 1820, 1827, 1917, 2063, 1962, 1951, 2133, 1846, 1821, 2075, 1756, 2047, 1573, 1870, 1926, 2003, 1938, 1829, 1830, 2136, 2080, 1823, 1899, 1825, 1901, 1776, 1944, 1888, 1960, 2032, 2059, 1992, 1803, 1632, 2055, 1839, 2008, 1908, 1706, 1778, 1945, 1754, 1929, 1780, 1909, 1925, 1912, 1657, 1989, 1800, 2103, 2079, 2143, 1942, 1800, 2040, 1958, 1955, 1890, 1926, 2034, 1757, 1939, 1824, 2080, 1866, 1734, 1993, 2073, 1785, 1871, 1786, 2117, 1833, 1868, 1714, 1838, 1887, 1848, 2217, 1976, 2116, 2081, 1820, 1904, 1978, 1762, 1957, 1903, 1971, 1859, 1805, 2016, 1799, 1785, 1728, 1967, 1949, 1890, 1863, 1948, 1965, 1967, 2145, 1971, 1775, 1951, 2175, 1898, 1994, 1866, 1577, 2069, 1633, 2231, 1834, 1897, 1895, 1985, 2116, 1993, 2004, 1896, 1853, 1759, 1774, 1819, 1855, 2003, 1983, 2061, 1873, 1923, 1981, 2112, 1893, 2009, 1888, 2051, 1865, 1834, 1753, 1950, 1706, 1986, 2012, 2012, 1991, 1961, 1911, 1933, 1939, 1944, 1886, 2065, 1753, 2034, 1852, 1775, 1953, 1801, 2039, 2088, 1957, 1906, 2002, 1815, 1883, 1949, 1851, 1756, 1802, 1967, 1866, 1908, 1792, 2004, 1805, 1909, 1955, 1628, 2025, 1663, 1972, 2235, 1903, 1990, 1969, 1877, 1740, 1927, 2024, 1785, 1833, 1907, 1877, 2019, 1893, 1936, 1714, 1866, 2059, 2208, 1983, 2018, 2009, 1678, 1683, 2109, 1907, 1574, 2034, 2035, 2161, 1855, 1713, 1922]

[wilma]
  Promedio : 1125.4s
  Desvío   : 87.1s
  IC 95%   : [1123.0s, 1127.8s]
  Mínimo   : 803s
  Máximo   : 1457s
  Tiempos  : [1024, 1149, 1168, 1176, 1015, 1102, 1085, 1027, 1305, 1180, 1206, 1157, 1019, 1060, 1025, 1205, 948, 1087, 1262, 1131, 1190, 1182, 1115, 1266, 1131, 1024, 1161, 1279, 1108, 1308, 1083, 1160, 1255, 1177, 1100, 1137, 1091, 1060, 1034, 1133, 1139, 1068, 1294, 1185, 1134, 1190, 1002, 1209, 1276, 1218, 1180, 1032, 1152, 1267, 1194, 1190, 976, 1046, 1091, 1218, 1248, 1068, 1179, 1026, 1117, 1090, 1287, 1071, 1048, 1091, 1170, 1012, 1179, 974, 1222, 1225, 1193, 1158, 1023, 1156, 1054, 1387, 1166, 1057, 1055, 1156, 978, 1157, 1159, 1097, 1118, 1050, 1106, 1277, 1310, 1025, 1070, 1159, 1045, 938, 1254, 1092, 1206, 1202, 986, 1084, 1061, 1254, 1031, 1084, 965, 1084, 1055, 1163, 1193, 1086, 1067, 1064, 1310, 1175, 1119, 1102, 1011, 1202, 997, 1152, 1056, 1011, 1087, 1269, 1221, 1192, 1067, 1034, 904, 1156, 1124, 1109, 1114, 1250, 1131, 1016, 1166, 1099, 1077, 1104, 1140, 1049, 1138, 1101, 1175, 1106, 1111, 1049, 1237, 1203, 1130, 1221, 1035, 1155, 1156, 1127, 1170, 1045, 1319, 1188, 1175, 1082, 970, 1200, 1210, 1174, 1081, 1041, 1121, 999, 1119, 1094, 1091, 1150, 989, 1038, 1065, 1119, 1067, 1135, 1164, 1144, 1068, 1150, 1069, 1043, 1177, 1041, 1183, 1114, 1174, 1089, 958, 1176, 1239, 1126, 1097, 1170, 996, 1091, 1170, 1229, 1132, 1027, 1022, 1096, 1128, 1087, 1253, 1101, 1120, 1098, 1162, 978, 1166, 1166, 1196, 992, 1150, 1140, 1058, 1064, 1063, 1238, 1139, 1103, 1006, 931, 1194, 1088, 1145, 1216, 1083, 997, 1057, 1025, 1063, 1244, 1132, 1272, 1356, 1229, 1101, 1249, 1079, 1109, 1043, 933, 1123, 1223, 1057, 1053, 865, 1064, 967, 1024, 1185, 1200, 1046, 1113, 1052, 1137, 1124, 1052, 1219, 1178, 1158, 1157, 1234, 1149, 1164, 1108, 1092, 1215, 1007, 1205, 1140, 1017, 1189, 1220, 1173, 1129, 1092, 978, 1274, 1321, 1149, 1100, 1129, 1169, 1280, 1007, 1056, 1196, 993, 1159, 1106, 1168, 973, 1092, 981, 1125, 1060, 963, 1351, 1171, 1046, 1008, 923, 1146, 1160, 1229, 1194, 1078, 1191, 1084, 1204, 1190, 1089, 1203, 1103, 1118, 1128, 1041, 1090, 1176, 1300, 1113, 1121, 1129, 1049, 1074, 1149, 1144, 1066, 1038, 1174, 1195, 1147, 1138, 979, 1109, 1080, 1128, 1080, 1202, 1093, 1085, 1049, 1152, 985, 1138, 1109, 1073, 974, 1242, 971, 1265, 1135, 934, 1092, 975, 1053, 967, 957, 1245, 1238, 1108, 1257, 1142, 1012, 1158, 1054, 908, 1063, 1253, 1088, 1118, 1250, 1179, 1023, 1124, 1240, 1088, 1152, 1020, 1161, 1178, 1114, 1177, 1113, 1211, 1192, 1079, 944, 1046, 1214, 1135, 1059, 1050, 1056, 1042, 1164, 1137, 973, 1173, 1044, 1088, 1018, 1003, 1243, 1261, 978, 1135, 1184, 1008, 988, 1078, 1256, 1129, 1259, 1234, 1133, 1000, 1151, 1177, 1145, 1222, 1200, 1112, 946, 1044, 1169, 1199, 1048, 1167, 1026, 1137, 1154, 1128, 1101, 1186, 1133, 1109, 998, 1021, 1164, 1070, 1007, 1131, 982, 1143, 1151, 1108, 1160, 981, 1167, 1288, 1175, 1086, 1133, 1145, 1133, 1138, 1039, 1180, 1131, 1073, 905, 1148, 1167, 1117, 1021, 1084, 1098, 1101, 1159, 994, 1221, 983, 1192, 1113, 1015, 1096, 1238, 1094, 1209, 1042, 1218, 1082, 1070, 1176, 1069, 981, 1040, 1084, 1138, 1244, 1065, 1020, 1246, 1017, 1035, 1022, 1123, 1097, 1109, 1014, 1168, 1019, 1084, 1106, 980, 1289, 1177, 1143, 870, 929, 1165, 1187, 1113, 1047, 965, 1075, 1230, 1239, 1076, 970, 1091, 1134, 1234, 1137, 1150, 1165, 1171, 1248, 1044, 938, 1220, 1187, 987, 1042, 1148, 1257, 1036, 1229, 1179, 1154, 1076, 1150, 1121, 992, 1094, 1064, 1106, 1037, 1265, 1190, 927, 1122, 1081, 1060, 1021, 1149, 1138, 1099, 1142, 1094, 1046, 1151, 1207, 1025, 989, 1126, 1341, 1142, 1088, 1101, 1109, 1214, 1213, 1076, 928, 1222, 1134, 1036, 1011, 987, 1108, 1063, 1226, 1160, 1099, 1158, 1035, 1174, 1036, 1115, 1075, 1083, 933, 1117, 1162, 1043, 1186, 1128, 1220, 1003, 992, 1108, 1275, 1079, 975, 1121, 1226, 1182, 1012, 1030, 1111, 1070, 1226, 1075, 1140, 1251, 1229, 1155, 1145, 1078, 1394, 1191, 1000, 1286, 1055, 1153, 1227, 1226, 1149, 1082, 1224, 1171, 1066, 1414, 1077, 1356, 1152, 1021, 1107, 1159, 1117, 997, 1177, 999, 1301, 1229, 1053, 1194, 1261, 1037, 1222, 1216, 1190, 1139, 1095, 1067, 1096, 1143, 1025, 1203, 1147, 1117, 1129, 1127, 1115, 1153, 1117, 991, 1176, 1123, 1158, 1056, 1204, 1287, 1213, 1097, 1026, 1088, 1128, 1199, 945, 1178, 1185, 1289, 1251, 1176, 1122, 1150, 1265, 1007, 1120, 1040, 1298, 1039, 1356, 1180, 1061, 1115, 1210, 1061, 1217, 1075, 1225, 1036, 1203, 995, 1103, 1215, 1156, 1130, 1176, 1206, 1033, 1088, 1122, 950, 1137, 1190, 1095, 1103, 1229, 1161, 1135, 1147, 1156, 1075, 1253, 1094, 1245, 1072, 1128, 1275, 1022, 1145, 1319, 1089, 1095, 1162, 1103, 1135, 1014, 1132, 939, 1212, 1273, 950, 1167, 1084, 1035, 1058, 1136, 955, 1133, 1229, 1033, 1189, 993, 1211, 1106, 1067, 1146, 1017, 1054, 1101, 1329, 939, 930, 1140, 1121, 1329, 1197, 1229, 1115, 973, 1049, 1231, 1340, 1158, 1030, 1148, 988, 1157, 1057, 1153, 1170, 1121, 1093, 1241, 1136, 1111, 1245, 1110, 1093, 1264, 1133, 891, 1182, 1286, 1114, 1199, 1214, 1106, 1214, 931, 1143, 1194, 1153, 912, 1124, 1020, 1304, 1094, 1058, 1103, 1268, 1079, 1054, 1129, 1228, 1166, 1119, 1107, 1009, 1220, 1095, 1182, 1038, 1245, 1006, 1196, 1143, 949, 1112, 1126, 1131, 1036, 1106, 1023, 1178, 1256, 1153, 1064, 1104, 1291, 1082, 989, 1108, 1192, 1049, 1112, 1124, 1226, 1056, 1133, 1192, 1221, 1100, 873, 1319, 1217, 1095, 972, 1143, 1066, 1136, 1160, 1124, 1051, 919, 1107, 1234, 1083, 1138, 1082, 1225, 1260, 1027, 870, 1097, 1182, 1003, 1113, 1092, 1037, 1119, 1151, 1105, 1101, 1230, 1108, 1264, 1089, 986, 1203, 1102, 1190, 954, 1048, 1222, 1298, 1087, 1091, 1194, 1018, 1185, 980, 930, 1139, 1145, 1167, 1095, 1170, 1235, 1174, 1098, 1150, 1144, 1157, 1026, 857, 1176, 1244, 1153, 1376, 1027, 1241, 1218, 1109, 1090, 1168, 1173, 1096, 1126, 1251, 1139, 1080, 1021, 1187, 1114, 1178, 1126, 1123, 1087, 1167, 1055, 1110, 1161, 1252, 889, 1116, 1160, 1165, 1160, 1227, 1052, 1148, 1166, 1213, 1148, 1153, 1158, 1126, 1297, 1005, 904, 1127, 1218, 1030, 1200, 1098, 1115, 966, 1123, 1182, 1053, 1351, 1142, 997, 1132, 1025, 1098, 1151, 1276, 1194, 1112, 1242, 1265, 1085, 1191, 1016, 1186, 1129, 1097, 1077, 1121, 1165, 1193, 977, 1223, 1242, 1019, 1127, 1143, 1115, 985, 1193, 1037, 1067, 1269, 980, 1205, 981, 1085, 1216, 897, 1037, 1096, 976, 1145, 1094, 1229, 1217, 1250, 1190, 1344, 1174, 1074, 948, 1079, 1203, 1240, 981, 986, 1137, 1153, 883, 1160, 1156, 962, 1249, 1046, 1119, 1021, 1048, 1203, 1013, 1126, 1206, 1083, 962, 1003, 1034, 1180, 1218, 1168, 1305, 1083, 1090, 1088, 1322, 1079, 1054, 1079, 1177, 1022, 1260, 1154, 1206, 1114, 1163, 1201, 1366, 1057, 1271, 1203, 1164, 1103, 1110, 1177, 1216, 965, 1109, 1116, 1042, 1118, 1122, 1094, 1147, 1198, 1081, 937, 1296, 1065, 1234, 1252, 1116, 1157, 1185, 1121, 941, 1124, 1100, 1158, 1193, 1029, 1091, 1122, 1168, 1182, 1073, 1108, 1045, 1050, 1084, 1197, 1005, 1134, 1181, 1183, 979, 1080, 1100, 1100, 1064, 991, 1132, 1022, 1016, 1197, 1266, 1130, 1276, 1301, 1097, 1053, 1233, 992, 1056, 1123, 1105, 888, 1138, 1140, 1297, 1059, 1070, 1142, 1029, 1100, 1324, 1122, 1044, 1168, 1111, 1218, 1040, 1253, 1056, 1075, 1028, 1233, 1217, 1068, 1003, 1022, 1167, 1162, 1267, 1259, 1051, 1345, 1117, 1110, 978, 1186, 1063, 1092, 1145, 1078, 1135, 940, 1128, 1123, 969, 1078, 1102, 1105, 1184, 1216, 1085, 1251, 1069, 1243, 1102, 1198, 1180, 1183, 1145, 1094, 1039, 1240, 1271, 1118, 1075, 1120, 992, 1068, 1264, 1056, 1265, 1128, 1211, 1154, 1234, 1262, 1128, 912, 1216, 1005, 1307, 1082, 1136, 1034, 1325, 1220, 1228, 1095, 1188, 1062, 1151, 1231, 1089, 1219, 1061, 1036, 1232, 1121, 1172, 1042, 1183, 1153, 1133, 1069, 1272, 1110, 1044, 1175, 1085, 1294, 1205, 1170, 1036, 1172, 1095, 1231, 1091, 1220, 1085, 1101, 1116, 1094, 1202, 1244, 1140, 1032, 1065, 1211, 1146, 1080, 1096, 1116, 1068, 1269, 1125, 1215, 1088, 1083, 1147, 1168, 1203, 893, 1127, 1075, 1141, 1128, 1002, 1136, 1196, 1043, 1082, 1066, 1030, 1306, 1061, 1144, 1035, 1198, 1237, 984, 966, 1061, 867, 1201, 987, 1219, 1089, 1170, 1181, 1231, 1177, 1188, 1150, 1048, 974, 1247, 1094, 1120, 1214, 1079, 1205, 1349, 1082, 1055, 1103, 1107, 1030, 1015, 1049, 1091, 1084, 1149, 1191, 1146, 1042, 1193, 1255, 1034, 1101, 1192, 1294, 984, 1036, 951, 1198, 1046, 1081, 1032, 1075, 1091, 1101, 1094, 1155, 1346, 1181, 1115, 1160, 1065, 1198, 1271, 1185, 1061, 989, 1284, 1187, 1071, 1147, 1134, 983, 1171, 1221, 1214, 1106, 1257, 1289, 1159, 1273, 1066, 1264, 1259, 1221, 1242, 1188, 1229, 1014, 1047, 1118, 1067, 1216, 1211, 1116, 1154, 1186, 1118, 1243, 1024, 1092, 1237, 1162, 1183, 1063, 1075, 1168, 989, 1089, 1082, 1013, 1235, 1081, 1050, 1204, 1160, 1086, 1099, 905, 1156, 1204, 1039, 1094, 979, 1142, 1180, 1152, 1101, 1069, 1050, 1153, 1190, 1136, 1158, 1257, 1091, 1138, 1023, 1090, 1175, 1208, 1104, 1142, 1045, 1114, 1123, 1106, 1167, 1005, 1342, 1126, 1292, 1038, 1261, 1097, 1117, 1318, 1148, 1058, 1005, 1258, 979, 1041, 1024, 1262, 1034, 1034, 1153, 1206, 1201, 1001, 1153, 1077, 1125, 946, 1023, 1112, 1037, 1147, 1156, 1136, 974, 1201, 1227, 943, 1188, 1197, 950, 1017, 1017, 1104, 1089, 1178, 1039, 1112, 912, 1181, 907, 1086, 1119, 1153, 1210, 1173, 1210, 1076, 1191, 1076, 958, 977, 1126, 1012, 959, 1221, 1208, 995, 1330, 1068, 1156, 1175, 1139, 1098, 1242, 1219, 1167, 1004, 1067, 1052, 1062, 1060, 1239, 1189, 1150, 1175, 1040, 1001, 1336, 1237, 1251, 1106, 1246, 1151, 1145, 1045, 1231, 1122, 1072, 1189, 1186, 1205, 1217, 1109, 1149, 1050, 1333, 1320, 1180, 1158, 1108, 1101, 1258, 1084, 1162, 1177, 1116, 1221, 1208, 1014, 1235, 1096, 998, 1002, 1286, 1268, 1091, 1094, 1143, 1026, 1151, 1191, 1128, 1254, 1026, 1134, 1134, 1071, 946, 1090, 1055, 1142, 1215, 1107, 1139, 1056, 1170, 1113, 1104, 1290, 1249, 1274, 980, 1051, 1025, 1187, 1191, 1056, 1154, 1296, 1245, 1114, 1314, 1189, 1176, 1242, 1233, 1119, 1168, 1136, 1100, 1118, 1024, 1052, 1109, 1068, 1056, 1099, 1157, 1172, 1153, 1090, 1251, 1126, 1037, 955, 1147, 994, 1099, 1182, 1045, 1037, 1114, 1032, 1047, 1094, 1076, 1167, 1117, 1098, 1142, 1125, 1251, 1076, 1181, 1036, 1055, 1063, 1146, 978, 1244, 1122, 1128, 1064, 1215, 1234, 1181, 1097, 1238, 1115, 976, 1199, 1248, 1012, 1266, 1189, 1192, 1118, 1119, 1147, 1276, 1128, 1109, 989, 1009, 1161, 1211, 988, 1138, 1130, 1123, 1166, 1127, 1082, 1010, 1111, 1242, 1040, 1215, 1163, 1069, 1178, 1037, 1127, 1328, 1142, 1212, 1078, 1195, 1005, 1122, 1082, 918, 1242, 1157, 1043, 1070, 1195, 1049, 1028, 1154, 1091, 1203, 1164, 1033, 1162, 1055, 1089, 1078, 1090, 1073, 1179, 1165, 1081, 1144, 1108, 1152, 1098, 1202, 1038, 1028, 1129, 1183, 1140, 1205, 1051, 1123, 1136, 1154, 1149, 1250, 1084, 1107, 1117, 1118, 1150, 1158, 1178, 1180, 916, 1257, 1081, 981, 1132, 1113, 1093, 1241, 1145, 1026, 1030, 1114, 1183, 1301, 1154, 1025, 1126, 1153, 1043, 1245, 1234, 1053, 1008, 1091, 1181, 1245, 1191, 1046, 994, 1219, 1100, 1055, 1156, 1013, 1318, 1112, 1187, 1196, 1085, 1065, 1226, 1132, 1073, 1183, 1123, 1113, 1155, 1078, 1080, 1245, 1238, 1239, 1131, 1196, 1065, 1057, 1173, 1212, 1124, 1075, 1014, 1107, 1251, 1044, 1071, 1163, 1263, 1206, 1219, 1085, 1203, 1064, 948, 1177, 1175, 1213, 1233, 1132, 1243, 1186, 1109, 1180, 1119, 1129, 1090, 1130, 1261, 1187, 1157, 1093, 1196, 1277, 1162, 1035, 1187, 1161, 1217, 1161, 1044, 1172, 1162, 1103, 1157, 1140, 1169, 1158, 1237, 1065, 1053, 972, 1158, 1122, 1189, 1122, 976, 1296, 1056, 1212, 1312, 1194, 1118, 1109, 1141, 1091, 1098, 1061, 1265, 1036, 1131, 1069, 1132, 1093, 1163, 983, 1268, 1170, 1137, 1041, 1104, 1316, 1158, 1034, 1089, 1065, 1058, 1099, 1192, 1188, 1182, 1048, 1228, 1249, 1242, 1013, 1223, 1045, 1113, 962, 971, 1153, 1159, 1010, 1227, 1021, 1019, 1116, 1085, 1244, 1197, 1102, 1138, 958, 1194, 1172, 1152, 1199, 1268, 1032, 1163, 1184, 1156, 1075, 1170, 1046, 1132, 984, 1285, 1004, 1170, 1084, 1081, 1068, 1219, 1100, 1256, 1284, 988, 1116, 1083, 992, 1051, 1134, 1154, 1062, 1105, 981, 1061, 1186, 1113, 1218, 970, 1212, 1221, 1102, 1101, 1015, 1323, 1196, 1252, 1165, 1088, 1168, 1191, 1061, 1147, 1167, 923, 1195, 1302, 1052, 1125, 972, 1039, 1050, 1144, 1193, 1063, 1173, 1042, 1176, 1158, 1085, 1221, 1055, 1156, 1186, 1136, 1058, 1072, 1268, 1137, 1205, 1131, 1126, 1210, 1032, 1252, 1085, 1217, 1264, 1160, 1113, 1158, 1098, 1125, 1161, 1079, 1027, 952, 1318, 1028, 1067, 1156, 1179, 1188, 1205, 1172, 1015, 1087, 1041, 1061, 1236, 1083, 1092, 1121, 1143, 1157, 1177, 1172, 1094, 1106, 1182, 1275, 1264, 1167, 1205, 1040, 1178, 1072, 1046, 1063, 1072, 1070, 1213, 1191, 1146, 987, 1117, 1233, 1171, 1207, 1180, 1220, 1168, 1097, 1259, 1119, 1190, 1238, 1128, 1164, 1136, 1243, 1080, 1179, 1220, 1111, 1132, 1129, 1126, 1081, 1167, 1015, 1101, 1039, 1144, 1122, 1208, 1098, 1094, 1114, 1238, 1133, 1232, 1234, 1090, 1114, 963, 1091, 1021, 1087, 1110, 1201, 1123, 1223, 1091, 1181, 1166, 1137, 1101, 1109, 1130, 1174, 1145, 1205, 1188, 1261, 1094, 1203, 1215, 954, 1064, 971, 1150, 1202, 1253, 1114, 1096, 1258, 1101, 1200, 1186, 1083, 1050, 1457, 917, 1244, 1243, 1118, 1247, 1003, 1083, 1125, 1132, 1181, 1153, 1100, 1058, 994, 1032, 978, 1008, 1058, 1138, 1211, 1189, 1123, 1041, 1257, 1177, 923, 1107, 1178, 988, 1129, 1146, 1081, 1134, 993, 998, 1019, 951, 1141, 1049, 1006, 1117, 1040, 1088, 1111, 1053, 1170, 974, 1254, 1082, 1185, 1121, 1167, 1061, 1073, 1103, 1144, 1200, 1039, 1190, 1096, 1096, 1078, 1023, 1127, 1132, 1059, 986, 1032, 985, 1098, 1203, 951, 1143, 1201, 1278, 1045, 1141, 1158, 1156, 1242, 1199, 1120, 1173, 1121, 1097, 1138, 1218, 1088, 1107, 1246, 1102, 1013, 1120, 957, 1239, 1150, 1182, 1206, 905, 1055, 1037, 1087, 1199, 1145, 1151, 1276, 1066, 1228, 1309, 1208, 1110, 894, 1262, 1143, 1129, 1230, 1108, 1250, 1065, 1152, 1144, 1217, 1043, 1076, 1213, 1061, 1109, 1078, 1288, 1183, 1096, 1005, 968, 1101, 1170, 1085, 1193, 1082, 1279, 1185, 1011, 1125, 1026, 1209, 1108, 992, 1281, 1212, 1211, 1082, 1064, 1143, 1301, 1168, 1002, 1139, 1147, 1220, 1117, 1127, 1275, 1149, 943, 981, 1093, 1178, 1217, 1024, 1052, 1184, 1135, 1169, 1155, 1187, 1151, 933, 1045, 1106, 1226, 1074, 1091, 1161, 1249, 1051, 1089, 1088, 1118, 1225, 1252, 1063, 1072, 1017, 1142, 1171, 1116, 1145, 1084, 1142, 1093, 1266, 959, 1121, 1126, 1100, 1148, 1025, 1024, 1019, 1033, 1124, 995, 1026, 1023, 1114, 996, 1268, 1084, 1200, 1233, 1216, 1230, 1107, 1107, 1146, 1103, 1080, 1004, 1110, 1214, 1022, 963, 996, 1254, 1080, 1131, 1102, 1027, 1040, 1120, 1125, 1154, 996, 1122, 1183, 1173, 1120, 1163, 1099, 1071, 1213, 1041, 1150, 1186, 1080, 1166, 1147, 1078, 1157, 1138, 981, 1136, 1150, 1121, 1157, 1064, 1026, 1323, 1080, 918, 1016, 1019, 1140, 1199, 1252, 1026, 1104, 1126, 1129, 1160, 1209, 1021, 1107, 1160, 1043, 1190, 1137, 1213, 1055, 954, 1058, 1129, 1082, 1090, 1213, 1187, 1070, 1125, 1106, 1098, 1087, 1187, 1174, 1237, 1151, 1198, 1132, 1011, 1189, 1163, 1077, 1046, 1157, 1180, 1035, 1152, 1071, 1079, 1108, 1116, 1059, 1063, 935, 1195, 1275, 1083, 1097, 1184, 1129, 1172, 1103, 1103, 1107, 988, 945, 1145, 1180, 1241, 1276, 1005, 975, 1175, 1176, 1196, 1104, 966, 1115, 1094, 1124, 1059, 998, 1154, 888, 1033, 1106, 1116, 982, 1043, 1185, 1145, 1064, 1169, 1057, 1063, 1218, 1176, 1113, 1083, 1176, 1207, 1162, 1020, 1284, 991, 1081, 995, 1016, 1033, 1171, 1238, 1136, 1279, 1109, 1048, 1074, 1063, 1123, 1089, 1168, 1074, 1160, 1073, 1164, 1066, 997, 1153, 1016, 1128, 1067, 1200, 1245, 1187, 1199, 1321, 1077, 1250, 1011, 1199, 1144, 1249, 1030, 1155, 1052, 1119, 1144, 1183, 1347, 1204, 1242, 1236, 1104, 1157, 1163, 1043, 1206, 1343, 955, 1210, 1094, 978, 1041, 1178, 1180, 1277, 1010, 1343, 1214, 1165, 1105, 1170, 1176, 1294, 1070, 1087, 1071, 1095, 1029, 1254, 1151, 1097, 1191, 1122, 1065, 1148, 1052, 1088, 1094, 1170, 1301, 1224, 1200, 1195, 1259, 1152, 1220, 1351, 1145, 925, 1080, 1059, 1082, 1027, 1091, 1276, 1072, 1111, 1160, 1064, 927, 1078, 1098, 1127, 1153, 1044, 1199, 1165, 1113, 1070, 1217, 1115, 1223, 1194, 1138, 1226, 1196, 1041, 1224, 1053, 1244, 1135, 1264, 1092, 1074, 1237, 1136, 1006, 1155, 953, 1086, 1099, 1126, 1234, 1210, 1181, 1339, 1101, 1267, 1218, 1191, 893, 1155, 1245, 983, 1157, 977, 1204, 1162, 978, 1000, 1038, 1113, 1124, 1098, 1292, 1212, 1239, 1127, 1056, 1062, 1206, 1226, 1126, 993, 1214, 1078, 1176, 1206, 1217, 1021, 1186, 1051, 1210, 1291, 1297, 1216, 927, 1173, 961, 1092, 1037, 1122, 1268, 1049, 1173, 1033, 1090, 950, 1195, 1197, 1060, 1144, 997, 1163, 1005, 1011, 1133, 1143, 1096, 1248, 1048, 1179, 990, 1209, 988, 1010, 1159, 1174, 1065, 1191, 1102, 1291, 910, 1155, 1115, 1287, 997, 868, 1232, 1018, 1079, 1076, 1085, 1250, 1129, 1056, 980, 1109, 1151, 1204, 1020, 1073, 1090, 1072, 1068, 1238, 1160, 1124, 1170, 1327, 1170, 1257, 1208, 1222, 1178, 1087, 1143, 1068, 1008, 1120, 1154, 1071, 1141, 1149, 991, 929, 1199, 1298, 1321, 1162, 1076, 1117, 1073, 1127, 1049, 1164, 1212, 1206, 1009, 1143, 1145, 1113, 1332, 1152, 1370, 972, 1178, 1052, 1095, 1109, 1266, 1076, 1093, 1183, 1132, 1190, 1179, 1115, 1198, 967, 1197, 1111, 1194, 1170, 1250, 1094, 1232, 1173, 1183, 1064, 1280, 1162, 1077, 1166, 1088, 1161, 1075, 1147, 1158, 1073, 1118, 1130, 1178, 1081, 1052, 1096, 1239, 1117, 1074, 1180, 1148, 1216, 1149, 1051, 1102, 1104, 1104, 1085, 1047, 1118, 1341, 1142, 1139, 1210, 1225, 1209, 1099, 1182, 1220, 1040, 1132, 1049, 1247, 1214, 1214, 1151, 1098, 1231, 1120, 1043, 1016, 1061, 1151, 967, 1069, 1158, 1195, 1138, 1220, 1033, 1074, 1255, 1129, 1159, 1155, 1301, 1107, 1167, 1058, 1111, 1190, 1141, 1123, 1154, 1261, 1053, 1114, 1211, 1063, 1124, 978, 1301, 1200, 1061, 1241, 1114, 1039, 1253, 1143, 1143, 977, 992, 1070, 1020, 1173, 1211, 1060, 1124, 1185, 1208, 1128, 1101, 1037, 1110, 1027, 991, 1022, 1169, 1193, 995, 1080, 1040, 1130, 1198, 944, 998, 1211, 1146, 1108, 1315, 1062, 1176, 1056, 1116, 1160, 1140, 1167, 1319, 1232, 1276, 1023, 1048, 931, 1110, 1278, 1000, 1115, 1198, 1095, 1035, 1079, 1129, 1182, 1076, 1106, 1085, 1014, 1069, 939, 1054, 1122, 1095, 970, 1070, 1226, 1125, 1089, 1182, 1075, 1087, 1311, 1131, 1017, 1260, 1252, 1059, 1111, 1246, 985, 1213, 1189, 1350, 1068, 1345, 1122, 1163, 1069, 1082, 1092, 1191, 992, 1231, 1128, 1041, 1053, 1079, 1053, 1127, 996, 986, 1079, 1197, 992, 1112, 1171, 1151, 1212, 1118, 1246, 1077, 1087, 1144, 1096, 1114, 1171, 1096, 1267, 1135, 1094, 1093, 1199, 1344, 1042, 1077, 1069, 1241, 1126, 1157, 1132, 1160, 1089, 1214, 1060, 1185, 1222, 1203, 1162, 1153, 1229, 1146, 1043, 1115, 1032, 1050, 1095, 990, 1059, 1118, 1164, 1134, 1098, 1210, 1194, 1141, 1159, 1000, 1086, 1364, 1012, 1229, 1173, 1347, 1101, 1128, 1199, 1142, 1137, 1101, 1110, 1046, 1245, 1073, 1081, 1116, 1330, 1141, 1129, 1053, 980, 1079, 1062, 1184, 1132, 1123, 1115, 1066, 1077, 1171, 1107, 1249, 960, 1215, 1145, 1115, 1152, 1101, 1176, 1095, 1308, 1028, 1345, 1207, 1183, 1051, 1179, 1098, 1268, 1212, 1110, 1131, 1107, 1202, 1117, 1020, 1188, 1102, 1154, 1069, 1087, 1086, 1230, 1182, 1030, 1069, 1127, 1257, 1294, 1129, 1155, 1008, 991, 1168, 1231, 1068, 1029, 1210, 977, 1127, 1096, 1083, 1130, 1088, 1109, 1095, 1105, 1080, 1180, 1047, 1153, 1216, 1149, 1159, 1206, 1056, 1003, 1205, 1111, 1050, 1031, 1082, 1130, 1281, 1102, 1098, 1081, 1163, 1035, 1106, 1058, 1042, 1141, 1251, 1112, 1129, 1042, 980, 1015, 1201, 1208, 1070, 1190, 1281, 1156, 1108, 1132, 973, 1281, 1030, 1126, 1219, 1076, 1092, 1256, 1017, 1094, 1154, 1003, 1081, 1102, 1174, 1204, 1174, 1165, 1068, 1279, 1183, 1358, 1093, 1178, 1098, 1013, 1070, 1207, 1123, 1148, 1196, 1246, 1158, 1131, 1152, 1235, 1104, 1010, 1116, 959, 1182, 1086, 1146, 1056, 1168, 1167, 996, 988, 1161, 1004, 1175, 1182, 1101, 1190, 1122, 1347, 1083, 1059, 1216, 1078, 1100, 944, 995, 1208, 1249, 1114, 1303, 1168, 1104, 1092, 1167, 1101, 1308, 966, 1005, 1171, 1049, 1177, 937, 1041, 1187, 1160, 1146, 1278, 985, 966, 1073, 1234, 1058, 1151, 1003, 1008, 1119, 1122, 1168, 1153, 1191, 1063, 1258, 1226, 1175, 1208, 1033, 1308, 1135, 1152, 1081, 1244, 1107, 1294, 1118, 1160, 1169, 1268, 1043, 1114, 1208, 1066, 1117, 1136, 1032, 1194, 1065, 1180, 886, 1115, 1163, 1134, 1161, 1204, 1202, 1223, 1161, 1075, 1146, 1181, 1030, 1134, 1140, 1235, 1050, 1196, 1147, 1284, 1025, 1095, 1322, 1125, 1243, 1076, 921, 1085, 937, 1215, 1177, 1002, 1149, 1259, 1227, 1139, 1087, 1205, 1289, 1045, 994, 1073, 1031, 1091, 986, 1217, 1115, 1147, 1119, 1054, 1061, 1105, 1038, 1226, 1081, 1089, 1218, 1199, 1194, 1108, 1181, 1023, 1117, 1118, 1025, 1198, 1106, 997, 1139, 1208, 1318, 1238, 1040, 1101, 1063, 1082, 1209, 1233, 1290, 1423, 1086, 1093, 1092, 1196, 1194, 1095, 1113, 1008, 1084, 1244, 985, 1166, 1147, 1332, 880, 1167, 1063, 1037, 1101, 1077, 1153, 1149, 1147, 1096, 1238, 1139, 1167, 1246, 1191, 1207, 1168, 1305, 1327, 1304, 1005, 1194, 1073, 1151, 1102, 1086, 1316, 1245, 1325, 1003, 1257, 1024, 1167, 1149, 1075, 961, 1098, 1154, 1072, 1200, 928, 1207, 1005, 1134, 876, 1198, 988, 984, 1085, 1244, 905, 978, 1074, 1225, 1044, 1097, 1148, 1166, 1227, 1127, 1074, 1119, 1018, 1160, 1144, 1212, 1166, 1122, 1079, 1204, 1159, 1133, 976, 1201, 1114, 1065, 1214, 1141, 1138, 1106, 1135, 1270, 1130, 991, 1183, 1100, 1108, 1214, 1075, 1193, 1145, 1080, 1149, 1156, 1256, 1154, 948, 1172, 1253, 1186, 1126, 1178, 972, 894, 1095, 1084, 1043, 1120, 942, 1129, 1188, 1163, 1197, 1185, 1144, 1037, 1147, 1277, 1114, 986, 1259, 1163, 1234, 1187, 1183, 1108, 1110, 1066, 1170, 1026, 1093, 1163, 1055, 1092, 1141, 1149, 1266, 1273, 1067, 1132, 1214, 1019, 1167, 1022, 1054, 1126, 1114, 1162, 1138, 1038, 1086, 958, 1109, 1147, 1279, 1087, 1036, 1114, 978, 1008, 968, 1088, 1252, 1155, 1035, 1258, 1162, 978, 1187, 1099, 1086, 1147, 1088, 1063, 1106, 1179, 1175, 1292, 1130, 1130, 1115, 954, 1097, 1117, 1084, 1195, 959, 1079, 1037, 1099, 1044, 1205, 1139, 1197, 1065, 1179, 1156, 1035, 1132, 1060, 1186, 1200, 1055, 1061, 1026, 1045, 1075, 1100, 1199, 905, 1088, 1059, 1137, 1098, 1248, 1118, 1189, 1083, 1203, 1276, 1069, 1026, 1203, 965, 1014, 1115, 1313, 1303, 1024, 1141, 1133, 1168, 1162, 1148, 1236, 1041, 918, 1145, 1244, 1159, 1244, 1128, 1145, 1026, 1112, 1017, 1187, 1194, 985, 1037, 1110, 1163, 1205, 1007, 1114, 1100, 1138, 1126, 1149, 1229, 1078, 1103, 1114, 1172, 1261, 1240, 1071, 971, 1158, 1189, 1140, 1039, 1055, 1133, 1018, 1122, 1110, 1359, 1099, 1178, 1200, 1081, 1158, 996, 1030, 1109, 1241, 1045, 1110, 1091, 1052, 1026, 1252, 1055, 1166, 1169, 1128, 1193, 1240, 1116, 1029, 1211, 1183, 1089, 1214, 1118, 1252, 1051, 1117, 1085, 1194, 1264, 1091, 1047, 1162, 971, 1226, 1187, 1070, 1090, 1097, 1006, 1104, 1009, 1067, 1045, 1194, 1166, 1111, 1326, 1143, 1194, 1153, 1044, 1042, 1056, 1070, 1107, 1263, 1229, 1239, 1206, 1160, 1195, 1133, 1152, 1077, 1132, 913, 1176, 1125, 1074, 1234, 1057, 1065, 1276, 1182, 1124, 1209, 1193, 1107, 1164, 946, 1133, 1135, 1114, 1213, 1279, 1113, 1113, 1260, 1118, 1265, 1195, 1213, 1184, 1070, 1252, 1172, 1175, 1075, 1003, 1215, 1094, 1080, 1142, 1084, 1121, 1148, 1099, 1149, 1106, 1112, 1038, 1112, 1161, 1261, 919, 1098, 1231, 1188, 1230, 1172, 1296, 1130, 1271, 1163, 1209, 1255, 1176, 1144, 1113, 1127, 1043, 1099, 1060, 1091, 1022, 1129, 1001, 1106, 1018, 1073, 1150, 1122, 1209, 1202, 1066, 1244, 1000, 1044, 1186, 1172, 1236, 1011, 1032, 1096, 1048, 1177, 1370, 1142, 1229, 1153, 1122, 1234, 1236, 1177, 1212, 1152, 1037, 1224, 1048, 1289, 1117, 1002, 1249, 1093, 1153, 1166, 1152, 1078, 1174, 1108, 1170, 1168, 1159, 1005, 1090, 1120, 1130, 1141, 979, 1108, 1264, 1159, 1072, 1076, 981, 1278, 1100, 1116, 1103, 1202, 1127, 1310, 1227, 1114, 1186, 1135, 1048, 1202, 1037, 1116, 1218, 1006, 1118, 1150, 1249, 1344, 1068, 1022, 1122, 1177, 979, 1023, 1072, 1049, 989, 1214, 982, 1138, 1053, 1045, 1121, 1172, 1273, 1111, 1160, 1195, 1013, 1033, 1158, 1072, 1207, 1177, 959, 1175, 1009, 1069, 1149, 1222, 1120, 1204, 1169, 1092, 1107, 1110, 1162, 1146, 1173, 1157, 1112, 1052, 1116, 1190, 1073, 1071, 1149, 1167, 1050, 1312, 1020, 1229, 1038, 1194, 1152, 1019, 1085, 1099, 970, 1037, 1040, 1090, 1125, 1179, 1208, 1164, 1160, 1092, 1261, 1118, 1164, 1146, 1000, 1120, 1055, 1015, 1065, 1099, 1092, 1164, 1148, 1241, 1193, 1065, 1059, 1169, 917, 1100, 1182, 1239, 1184, 1084, 1145, 1011, 1178, 1091, 1152, 1185, 1091, 1114, 1058, 1041, 1218, 1234, 1089, 1254, 1079, 1072, 1020, 998, 1110, 1260, 1147, 1069, 972, 1076, 1206, 1088, 1159, 1028, 1110, 1020, 1206, 1280, 1065, 1174, 1137, 1031, 920, 1132, 1202, 1086, 1220, 1003, 1151, 1185, 1276, 1095, 1232, 1056, 1055, 1064, 1257, 1118, 1098, 1018, 1222, 1090, 1135, 1082, 1253, 1172, 1364, 1162, 1120, 1247, 1313, 1325, 1145, 1128, 1055, 1100, 1020, 1228, 1105, 967, 1060, 1076, 883, 1128, 1070, 1200, 1073, 1078, 1152, 1046, 1096, 1172, 943, 1093, 1108, 1129, 1186, 1112, 1091, 1082, 1010, 1083, 1036, 1140, 1198, 1023, 1200, 1245, 1010, 1257, 1135, 1199, 1014, 1087, 1383, 1185, 1007, 1190, 1112, 1241, 1174, 1036, 1076, 1184, 1225, 1118, 1182, 1098, 1166, 994, 1184, 1139, 1039, 1176, 1159, 1060, 1216, 1155, 1074, 1087, 1200, 1114, 1096, 1180, 1326, 1298, 1136, 1132, 1042, 981, 1140, 1214, 1220, 1205, 1109, 1003, 1226, 1184, 1162, 1112, 1182, 1072, 946, 1127, 1135, 1098, 1117, 1157, 1155, 1021, 1223, 1082, 1247, 1139, 1262, 1199, 1000, 1005, 1225, 1145, 1038, 1149, 1105, 1046, 1132, 921, 1141, 1225, 938, 1018, 1217, 1163, 1196, 1298, 1243, 1210, 1038, 1140, 1124, 997, 1138, 1054, 1122, 1140, 1196, 1084, 1074, 1049, 1264, 1239, 1136, 1120, 1239, 1053, 1131, 1156, 1109, 1152, 1116, 1088, 1175, 1055, 1078, 1178, 1040, 1169, 1033, 1229, 1157, 1173, 1128, 1078, 1070, 1039, 1091, 1232, 1149, 1011, 1040, 1175, 1274, 1141, 1108, 954, 1108, 1075, 1129, 1170, 1107, 1023, 1117, 1101, 1075, 1191, 1116, 1191, 1099, 1035, 1193, 1124, 1109, 905, 1048, 1093, 1138, 1058, 1076, 1166, 1221, 1109, 913, 1124, 1116, 1285, 1094, 1195, 1140, 1093, 1185, 981, 1296, 1208, 1223, 1097, 1157, 1041, 1251, 1145, 1037, 1108, 1176, 977, 942, 1168, 1047, 1194, 1144, 1196, 1153, 1213, 1291, 1228, 1263, 1065, 1052, 1166, 1167, 1078, 1140, 1079, 1126, 983, 1160, 1148, 1001, 1100, 1097, 1197, 1208, 1095, 1299, 1100, 1063, 1060, 1213, 1116, 1082, 1084, 1174, 1276, 1173, 1336, 1082, 1192, 1292, 1125, 1030, 1010, 1288, 1162, 1143, 1111, 1153, 1241, 1165, 1047, 1165, 1226, 1151, 1134, 978, 1148, 1153, 1005, 1253, 1059, 1048, 1120, 1079, 1082, 1113, 1012, 1024, 1297, 1086, 1117, 1129, 1099, 1305, 1138, 983, 1262, 1168, 1075, 1332, 1170, 1106, 1048, 1070, 1006, 1145, 1108, 907, 1191, 1108, 981, 1179, 1185, 1181, 1116, 1222, 1154, 1238, 1093, 1291, 1069, 1366, 1145, 1198, 1068, 1292, 1081, 1067, 1160, 1065, 1028, 1129, 1145, 1169, 1045, 1028, 1027, 1044, 1055, 1245, 1283, 1195, 1184, 1172, 1042, 1178, 977, 1151, 951, 1315, 1082, 1188, 1099, 1128, 1166, 1138, 1132, 1018, 1096, 1144, 1032, 1076, 1122, 1077, 1002, 1069, 1134, 1202, 1136, 1092, 1276, 1225, 1235, 1217, 1079, 1218, 1218, 1171, 1068, 1295, 1095, 1080, 1144, 1111, 1163, 1015, 1096, 1021, 1008, 1126, 1110, 1285, 1126, 1142, 1004, 1144, 1112, 1149, 1224, 1240, 1123, 1183, 1096, 1255, 1121, 1149, 1271, 1224, 1224, 1062, 958, 1197, 919, 1166, 1087, 1189, 1037, 1187, 1049, 1215, 1183, 984, 1147, 1132, 1127, 1203, 1221, 1008, 1103, 1108, 1044, 1005, 1094, 1038, 952, 1021, 1188, 1052, 1040, 1064, 1064, 1028, 1051, 1201, 1132, 1104, 1067, 1246, 1020, 995, 1143, 1299, 1028, 1162, 1158, 1226, 1133, 1195, 1024, 1345, 1144, 1049, 1058, 1136, 991, 1055, 1209, 1007, 1158, 990, 1130, 1128, 1142, 1223, 1075, 1167, 1266, 1097, 1197, 1158, 1135, 1283, 1018, 1129, 1012, 1166, 984, 1256, 1027, 1150, 1135, 1138, 1180, 1200, 1144, 1026, 1141, 1045, 1231, 1089, 1023, 1175, 1104, 1122, 1193, 912, 1302, 1045, 1092, 1055, 1017, 1123, 1214, 1117, 1244, 1124, 1181, 1157, 1041, 992, 1000, 1199, 1207, 1021, 1162, 1096, 947, 1126, 1247, 1044, 1319, 1099, 1240, 1139, 1109, 1062, 1093, 1107, 1254, 1058, 1141, 1053, 1006, 1141, 1039, 1155, 1188, 1020, 1054, 1178, 1134, 1058, 1161, 1158, 1270, 1148, 1145, 963, 1151, 1119, 803, 1011, 1102, 1211, 1044, 1072, 1075, 987, 1019, 1193, 1177, 1098, 1139, 1260, 1286, 1115, 1034, 1128, 1163, 1237, 1046, 1272, 1196, 1163, 1130, 1209, 1084, 1165, 1157, 1057, 1108, 1126, 989, 1180, 1078, 1112, 1211, 1289, 1292, 1139, 954, 1156, 1185, 925, 1003, 1091, 1137, 1157, 1217, 1169, 1137, 1263, 1022, 1053, 1191, 1249, 1016, 1199, 1152, 1164, 1166, 1027, 1071, 1117, 1045, 1148, 1047, 1136, 1144, 1008, 1036, 1109, 1098, 1070, 1246, 1156, 1051, 891, 1155, 1252, 1142, 1075, 998, 1085, 1184, 1095, 1040, 1106, 1146, 1064, 1111, 1108, 1127, 1153, 1092, 1195, 1163, 1030, 1167, 1061, 1036, 1173, 1252, 1166, 1066, 1139, 1167, 1142, 1069, 1123, 1079, 1063, 1162, 1146, 1075, 1056, 1126, 1075, 1016, 1195, 1103, 1122, 1138, 1028, 1149, 1158, 1182, 1198, 1134, 1262, 1130, 1216, 1171, 1162, 1131, 1151, 1091, 1190, 1029, 1137, 1156, 1100, 1136, 1141, 1146, 1169, 1027, 1018, 1047, 1090, 1147, 1092, 1217, 1089, 1132, 1166, 1226, 1216, 1141, 1106, 1116, 1025, 1059, 1167, 1058, 1187, 1050, 1070, 1162, 1086, 1079, 1164, 1168, 1056, 1095, 1106, 1096, 1004, 1123, 973, 1136, 1043, 1103, 1066, 1122, 1313, 1214, 1261, 1219, 1153, 1071, 1136, 1141, 1092, 1077, 1103, 967, 1090, 1012, 1258, 1186, 1091, 1067, 1085, 1202, 1155, 1149, 970, 1008, 981, 1157, 1147, 1160, 1071, 1001, 1042, 1031, 1155, 1120, 1168, 1174, 1045, 1096, 1147, 1132, 1051, 1181, 1011, 1275, 1246, 1073, 1182, 1185, 964, 1214, 1048, 1067, 1065, 1077, 1058, 1221, 1191, 1198, 1032, 1010, 1080, 1131, 1194, 1114, 1136, 1098, 1184, 1072, 1095, 1123, 1205, 1219, 1108, 1154, 930, 1180, 1146, 1217, 994, 1112, 1151, 1220, 1103, 1128, 1243, 1070, 1090, 951, 1050, 1251, 992, 1085, 1220, 1204, 1315, 1193, 1156, 1134, 1096, 1082, 1015, 1062, 1130, 1113, 1135, 1169, 1131, 1169, 1057, 1112, 1099, 1086, 1138, 1079, 1046, 1291, 1138, 1165, 1196, 1158, 1085, 1215, 1230, 1109, 1157, 1180, 1119, 1272, 1174, 1257, 1138, 1152, 920, 1169, 924, 1097, 1117, 1262, 1080, 1289, 1077, 1049, 1178, 1181, 1086, 1330, 1080, 1122, 1106, 1115, 1220, 932, 1118, 1158, 1004, 1309, 1201, 1151, 1111, 1238, 1143, 1102, 1228, 1124, 1045, 1127, 1168, 974, 1001, 1183, 1070, 1079]

[stfn]
  Promedio : 501.9s
  Desvío   : 55.7s
  IC 95%   : [500.3s, 503.4s]
  Mínimo   : 350s
  Máximo   : 695s
  Tiempos  : [568, 479, 420, 488, 504, 461, 465, 474, 537, 444, 515, 527, 521, 513, 468, 379, 614, 628, 422, 533, 464, 463, 538, 568, 538, 498, 412, 474, 513, 476, 416, 390, 569, 590, 530, 494, 529, 476, 453, 480, 504, 491, 420, 453, 676, 461, 507, 543, 511, 487, 485, 521, 484, 448, 583, 498, 506, 606, 555, 511, 437, 450, 464, 468, 563, 512, 415, 545, 458, 524, 459, 577, 388, 477, 446, 387, 417, 527, 479, 527, 483, 415, 386, 477, 485, 513, 572, 518, 481, 437, 476, 457, 451, 434, 542, 477, 498, 476, 418, 476, 477, 558, 525, 593, 472, 498, 575, 500, 526, 471, 461, 560, 470, 405, 432, 515, 515, 556, 432, 539, 517, 449, 547, 467, 454, 403, 531, 546, 426, 530, 468, 492, 428, 505, 576, 522, 494, 614, 446, 451, 498, 503, 406, 452, 555, 497, 616, 469, 569, 428, 515, 563, 499, 537, 586, 455, 421, 458, 575, 408, 531, 450, 577, 470, 578, 538, 551, 488, 580, 476, 415, 416, 492, 518, 591, 605, 473, 560, 522, 520, 483, 516, 472, 434, 542, 428, 444, 578, 429, 588, 500, 441, 453, 497, 522, 455, 621, 599, 584, 518, 408, 496, 561, 531, 521, 444, 523, 624, 527, 526, 466, 514, 463, 491, 557, 468, 536, 408, 524, 376, 473, 432, 495, 495, 569, 490, 556, 481, 608, 527, 544, 514, 522, 434, 553, 458, 540, 518, 549, 574, 533, 555, 502, 489, 466, 583, 625, 593, 471, 580, 461, 558, 530, 382, 542, 455, 471, 481, 443, 445, 566, 539, 416, 506, 497, 478, 519, 548, 574, 534, 472, 490, 584, 472, 568, 447, 512, 472, 557, 461, 447, 516, 539, 474, 450, 491, 503, 503, 421, 433, 427, 549, 492, 393, 580, 486, 463, 609, 487, 478, 491, 437, 499, 531, 558, 449, 547, 506, 541, 471, 396, 538, 472, 510, 632, 427, 462, 555, 515, 471, 450, 497, 490, 449, 489, 538, 449, 536, 592, 395, 615, 457, 588, 444, 435, 479, 430, 572, 636, 593, 368, 686, 478, 563, 534, 566, 462, 445, 540, 570, 525, 472, 484, 540, 435, 438, 531, 548, 530, 538, 569, 449, 587, 390, 494, 483, 568, 489, 457, 633, 501, 506, 536, 585, 601, 543, 391, 588, 545, 499, 384, 496, 466, 451, 517, 604, 573, 563, 488, 504, 472, 501, 491, 477, 583, 465, 537, 440, 547, 469, 561, 548, 533, 484, 554, 512, 478, 531, 471, 525, 560, 484, 552, 533, 459, 519, 595, 505, 516, 350, 434, 460, 585, 450, 508, 560, 470, 549, 455, 592, 585, 491, 547, 447, 424, 514, 496, 548, 456, 481, 444, 423, 589, 411, 393, 495, 430, 402, 514, 426, 462, 531, 559, 497, 539, 474, 598, 460, 491, 486, 575, 553, 516, 573, 483, 508, 471, 499, 517, 540, 523, 420, 633, 448, 540, 496, 400, 507, 610, 520, 518, 502, 475, 538, 488, 497, 493, 479, 491, 467, 570, 562, 570, 535, 424, 556, 485, 484, 406, 426, 434, 547, 423, 470, 597, 557, 551, 536, 523, 448, 457, 454, 498, 516, 476, 486, 481, 522, 498, 534, 507, 595, 473, 557, 500, 614, 535, 544, 514, 501, 565, 512, 510, 578, 544, 529, 449, 441, 426, 472, 480, 552, 461, 388, 482, 537, 470, 550, 432, 543, 475, 414, 492, 457, 531, 454, 543, 397, 574, 428, 502, 603, 471, 542, 507, 556, 576, 462, 494, 459, 477, 448, 624, 512, 491, 514, 507, 511, 523, 521, 551, 440, 415, 479, 519, 474, 570, 464, 489, 673, 517, 426, 511, 519, 483, 505, 442, 549, 526, 479, 563, 445, 492, 483, 409, 436, 504, 403, 514, 545, 530, 428, 369, 462, 512, 566, 519, 551, 506, 547, 410, 464, 517, 490, 530, 493, 602, 481, 478, 521, 545, 524, 520, 568, 475, 538, 628, 551, 495, 477, 440, 510, 477, 432, 555, 483, 453, 599, 629, 537, 435, 485, 430, 576, 430, 494, 507, 498, 511, 411, 523, 546, 553, 487, 551, 551, 488, 509, 421, 588, 484, 496, 405, 458, 636, 553, 561, 481, 601, 511, 492, 458, 495, 435, 492, 483, 409, 525, 507, 471, 436, 493, 484, 563, 493, 533, 438, 476, 454, 509, 432, 515, 456, 476, 607, 473, 517, 448, 477, 480, 503, 496, 560, 576, 449, 484, 480, 528, 427, 494, 561, 438, 524, 460, 481, 440, 542, 431, 500, 546, 475, 462, 450, 444, 519, 550, 464, 478, 474, 473, 437, 421, 490, 481, 447, 587, 497, 418, 487, 517, 425, 537, 548, 440, 586, 459, 518, 483, 554, 517, 616, 534, 501, 546, 423, 554, 510, 493, 518, 437, 452, 496, 500, 416, 578, 378, 521, 509, 560, 533, 573, 445, 495, 441, 418, 436, 516, 546, 523, 431, 489, 545, 494, 497, 491, 444, 492, 584, 500, 592, 507, 490, 417, 458, 588, 616, 429, 601, 528, 579, 524, 594, 550, 461, 480, 549, 504, 360, 458, 602, 452, 527, 524, 497, 538, 491, 503, 433, 497, 535, 511, 407, 459, 506, 557, 550, 594, 565, 528, 629, 566, 552, 507, 492, 516, 415, 417, 522, 471, 456, 617, 388, 430, 436, 463, 473, 446, 574, 474, 587, 518, 527, 451, 506, 499, 563, 693, 587, 454, 506, 518, 483, 520, 473, 506, 495, 503, 439, 556, 380, 474, 467, 549, 449, 422, 457, 475, 493, 462, 567, 547, 500, 588, 482, 397, 559, 441, 504, 562, 428, 573, 615, 475, 560, 500, 481, 426, 512, 493, 428, 503, 597, 566, 507, 496, 493, 512, 505, 551, 605, 485, 454, 406, 477, 501, 443, 492, 547, 524, 442, 569, 430, 514, 441, 456, 475, 468, 435, 465, 564, 531, 560, 503, 563, 524, 572, 558, 408, 480, 542, 516, 545, 515, 497, 516, 532, 464, 487, 473, 455, 499, 559, 513, 572, 446, 499, 440, 479, 462, 531, 554, 474, 514, 542, 466, 559, 516, 467, 559, 571, 570, 491, 555, 526, 547, 530, 584, 516, 461, 571, 557, 459, 535, 475, 456, 395, 440, 453, 425, 559, 424, 507, 469, 432, 469, 518, 452, 463, 500, 434, 489, 596, 485, 569, 451, 479, 575, 632, 478, 492, 454, 483, 589, 516, 644, 411, 456, 567, 514, 504, 467, 550, 460, 520, 456, 443, 521, 455, 550, 467, 626, 506, 504, 553, 558, 540, 513, 560, 568, 518, 470, 509, 503, 459, 482, 627, 536, 495, 460, 471, 399, 429, 577, 455, 553, 414, 609, 489, 460, 624, 493, 428, 483, 455, 498, 465, 555, 495, 562, 519, 578, 512, 409, 493, 438, 401, 490, 435, 429, 498, 510, 435, 376, 457, 422, 609, 460, 571, 447, 536, 606, 455, 483, 453, 422, 459, 575, 525, 477, 443, 411, 522, 506, 568, 464, 527, 544, 548, 578, 446, 545, 453, 466, 445, 474, 405, 424, 583, 539, 551, 497, 410, 447, 457, 498, 511, 563, 583, 442, 495, 432, 525, 538, 521, 532, 472, 552, 475, 469, 562, 465, 439, 450, 439, 447, 510, 547, 547, 620, 558, 479, 456, 455, 509, 494, 587, 462, 615, 459, 449, 498, 487, 504, 482, 465, 480, 429, 418, 557, 564, 440, 574, 451, 529, 496, 551, 558, 478, 394, 499, 552, 448, 486, 402, 448, 548, 556, 582, 449, 522, 505, 511, 505, 467, 572, 397, 384, 427, 435, 517, 491, 457, 472, 526, 509, 523, 558, 463, 542, 441, 503, 481, 475, 529, 501, 410, 511, 505, 460, 433, 387, 531, 543, 551, 513, 549, 542, 612, 492, 476, 478, 524, 458, 467, 457, 461, 366, 438, 485, 423, 446, 541, 434, 482, 419, 537, 515, 623, 470, 499, 446, 545, 546, 536, 459, 446, 570, 493, 511, 508, 483, 504, 496, 485, 464, 512, 400, 572, 482, 408, 417, 607, 424, 534, 574, 552, 686, 421, 411, 544, 596, 559, 408, 484, 500, 454, 455, 522, 477, 512, 437, 517, 567, 551, 486, 421, 560, 507, 433, 499, 514, 474, 520, 510, 559, 491, 544, 556, 473, 563, 480, 456, 513, 582, 515, 461, 413, 471, 448, 406, 498, 579, 443, 572, 483, 489, 405, 398, 489, 615, 487, 487, 466, 497, 466, 511, 458, 465, 517, 431, 649, 471, 534, 486, 532, 523, 506, 520, 518, 474, 475, 545, 612, 472, 466, 466, 405, 521, 547, 503, 479, 433, 460, 653, 554, 511, 471, 642, 561, 594, 466, 559, 478, 460, 507, 507, 586, 510, 466, 565, 604, 413, 414, 552, 454, 448, 475, 483, 521, 529, 483, 514, 506, 497, 460, 541, 556, 451, 530, 418, 413, 508, 625, 382, 569, 461, 525, 468, 498, 605, 454, 538, 554, 443, 515, 470, 446, 518, 571, 563, 525, 480, 472, 492, 525, 534, 589, 604, 514, 411, 429, 514, 534, 564, 507, 538, 571, 504, 416, 426, 427, 541, 608, 580, 535, 428, 418, 449, 487, 586, 494, 536, 516, 499, 542, 561, 476, 528, 489, 556, 444, 462, 560, 525, 471, 466, 458, 449, 484, 407, 485, 571, 412, 528, 504, 477, 482, 532, 425, 475, 518, 485, 409, 493, 513, 562, 494, 680, 581, 488, 466, 496, 537, 420, 467, 500, 464, 412, 393, 540, 592, 439, 517, 443, 500, 483, 509, 558, 544, 491, 493, 489, 623, 472, 407, 506, 458, 452, 436, 448, 482, 433, 454, 528, 488, 519, 526, 421, 514, 432, 463, 484, 471, 481, 492, 531, 518, 530, 516, 555, 502, 492, 537, 464, 408, 565, 479, 566, 542, 518, 470, 451, 572, 488, 547, 402, 587, 460, 572, 585, 528, 526, 591, 444, 475, 535, 528, 547, 602, 451, 532, 416, 412, 437, 502, 498, 545, 502, 619, 483, 408, 573, 527, 534, 547, 469, 510, 433, 470, 440, 493, 442, 527, 494, 508, 393, 504, 463, 512, 570, 488, 568, 545, 504, 495, 512, 470, 590, 465, 436, 489, 568, 638, 483, 530, 548, 573, 485, 582, 447, 517, 536, 569, 569, 447, 580, 524, 480, 552, 552, 500, 494, 528, 441, 496, 518, 401, 478, 432, 572, 521, 551, 435, 525, 601, 498, 525, 651, 543, 406, 633, 539, 567, 434, 500, 547, 442, 490, 454, 625, 540, 404, 506, 555, 551, 500, 487, 503, 437, 514, 477, 548, 558, 552, 611, 521, 434, 570, 527, 522, 564, 483, 470, 547, 460, 602, 542, 499, 526, 502, 548, 481, 617, 574, 559, 463, 424, 511, 398, 488, 467, 452, 548, 469, 374, 437, 491, 405, 584, 473, 606, 519, 462, 620, 523, 539, 465, 455, 473, 584, 429, 474, 462, 556, 484, 471, 547, 554, 515, 448, 539, 519, 472, 510, 489, 534, 466, 497, 480, 457, 499, 542, 524, 563, 436, 500, 484, 508, 524, 387, 425, 509, 624, 539, 539, 530, 529, 496, 476, 494, 453, 409, 535, 555, 570, 459, 527, 528, 584, 499, 479, 443, 419, 503, 465, 562, 539, 441, 582, 458, 448, 528, 519, 493, 541, 541, 483, 422, 468, 413, 566, 514, 503, 503, 461, 527, 475, 509, 378, 498, 422, 532, 497, 529, 430, 441, 597, 463, 389, 508, 557, 457, 527, 522, 452, 493, 499, 490, 419, 538, 551, 452, 532, 427, 424, 549, 543, 472, 407, 540, 529, 612, 499, 425, 503, 564, 379, 419, 466, 613, 533, 575, 509, 459, 458, 629, 451, 533, 503, 616, 498, 478, 514, 545, 545, 584, 455, 536, 500, 510, 534, 435, 447, 557, 467, 453, 436, 498, 475, 541, 491, 479, 539, 484, 474, 520, 541, 483, 516, 445, 527, 488, 442, 419, 451, 534, 510, 464, 441, 516, 499, 423, 436, 493, 501, 468, 491, 530, 524, 486, 482, 517, 556, 551, 639, 516, 538, 462, 553, 474, 554, 505, 488, 566, 416, 453, 517, 499, 477, 436, 423, 647, 502, 466, 526, 537, 501, 539, 484, 481, 533, 503, 490, 488, 514, 550, 463, 443, 584, 529, 495, 493, 599, 544, 548, 563, 474, 496, 595, 547, 507, 581, 545, 544, 551, 430, 525, 478, 447, 493, 520, 551, 532, 474, 498, 451, 498, 534, 448, 556, 484, 464, 415, 535, 385, 503, 416, 483, 546, 455, 529, 460, 438, 421, 408, 588, 516, 566, 488, 563, 616, 474, 501, 417, 616, 422, 460, 432, 557, 503, 455, 509, 452, 540, 460, 512, 405, 449, 519, 459, 537, 598, 549, 487, 502, 474, 481, 470, 484, 467, 474, 556, 373, 488, 459, 551, 442, 461, 471, 472, 600, 467, 520, 417, 444, 450, 507, 554, 418, 566, 539, 535, 455, 408, 426, 444, 493, 528, 539, 436, 549, 434, 451, 451, 526, 525, 514, 587, 532, 438, 492, 568, 525, 452, 518, 531, 482, 483, 550, 397, 544, 442, 538, 416, 543, 491, 509, 516, 554, 490, 574, 581, 499, 552, 440, 638, 605, 561, 431, 506, 484, 547, 519, 542, 608, 458, 543, 430, 503, 439, 433, 483, 528, 476, 491, 587, 599, 420, 485, 451, 483, 499, 529, 460, 493, 421, 450, 499, 552, 580, 526, 498, 503, 459, 466, 452, 514, 512, 523, 549, 456, 487, 517, 470, 502, 693, 582, 494, 476, 555, 506, 590, 563, 476, 459, 570, 551, 472, 515, 454, 526, 519, 544, 443, 439, 532, 515, 584, 563, 417, 502, 491, 487, 519, 469, 471, 487, 416, 495, 546, 629, 550, 488, 469, 449, 481, 518, 531, 555, 565, 563, 441, 527, 548, 516, 531, 551, 517, 491, 457, 515, 522, 434, 579, 538, 467, 406, 556, 436, 494, 451, 495, 559, 439, 526, 565, 524, 614, 488, 424, 401, 572, 465, 481, 563, 499, 439, 534, 499, 617, 481, 513, 478, 476, 478, 473, 492, 498, 597, 534, 590, 529, 542, 425, 451, 472, 642, 542, 567, 498, 417, 505, 421, 569, 499, 602, 464, 431, 547, 502, 451, 513, 531, 504, 430, 436, 522, 451, 570, 435, 381, 452, 460, 501, 474, 521, 465, 452, 470, 449, 498, 418, 547, 446, 513, 562, 477, 477, 430, 509, 455, 495, 422, 473, 573, 533, 535, 511, 435, 475, 623, 505, 452, 532, 463, 480, 452, 454, 459, 479, 533, 531, 551, 656, 437, 555, 461, 391, 604, 533, 470, 457, 544, 474, 528, 577, 554, 475, 528, 541, 527, 519, 491, 432, 547, 414, 387, 442, 563, 532, 443, 451, 538, 467, 503, 645, 541, 479, 410, 593, 532, 408, 511, 532, 445, 466, 530, 657, 598, 504, 468, 501, 515, 501, 513, 520, 572, 536, 560, 559, 446, 583, 505, 496, 539, 541, 600, 390, 515, 522, 558, 554, 499, 533, 573, 522, 487, 525, 581, 508, 486, 547, 420, 451, 531, 463, 500, 543, 561, 629, 460, 486, 486, 490, 551, 483, 478, 597, 559, 448, 602, 663, 502, 561, 513, 485, 542, 472, 502, 559, 646, 598, 476, 517, 576, 412, 498, 444, 514, 526, 599, 457, 560, 546, 492, 690, 455, 572, 526, 537, 595, 398, 419, 555, 562, 428, 475, 405, 543, 492, 469, 459, 421, 559, 541, 507, 576, 461, 565, 446, 480, 532, 461, 415, 502, 425, 523, 471, 431, 484, 477, 508, 485, 461, 567, 468, 522, 487, 488, 565, 574, 477, 578, 442, 531, 455, 426, 545, 541, 631, 420, 500, 546, 428, 479, 433, 427, 543, 538, 572, 431, 541, 529, 459, 473, 424, 463, 510, 406, 492, 493, 539, 462, 446, 532, 497, 466, 543, 547, 516, 516, 589, 568, 538, 511, 389, 510, 611, 443, 493, 573, 612, 522, 498, 460, 419, 403, 481, 539, 440, 531, 532, 558, 463, 496, 499, 534, 551, 563, 464, 589, 436, 434, 495, 604, 423, 440, 502, 490, 446, 463, 512, 516, 516, 551, 507, 582, 466, 511, 411, 512, 489, 449, 432, 543, 478, 565, 488, 549, 524, 532, 612, 439, 555, 466, 570, 611, 422, 493, 489, 471, 414, 440, 538, 459, 598, 503, 608, 570, 410, 457, 524, 492, 552, 507, 435, 458, 435, 438, 499, 608, 498, 522, 449, 419, 491, 615, 475, 449, 520, 559, 431, 564, 487, 450, 526, 449, 563, 436, 549, 592, 430, 558, 541, 565, 659, 436, 476, 585, 466, 555, 519, 572, 423, 654, 366, 479, 548, 493, 558, 442, 506, 488, 465, 464, 503, 555, 474, 466, 472, 462, 440, 488, 534, 476, 473, 602, 428, 603, 560, 453, 478, 540, 472, 527, 526, 487, 542, 472, 514, 487, 511, 560, 538, 578, 427, 493, 485, 468, 437, 509, 394, 457, 428, 532, 466, 471, 399, 521, 414, 523, 497, 405, 461, 455, 410, 584, 489, 410, 489, 441, 573, 382, 475, 514, 413, 497, 516, 511, 395, 455, 521, 478, 479, 522, 572, 475, 486, 569, 498, 508, 486, 665, 579, 543, 557, 451, 406, 451, 565, 505, 539, 387, 466, 545, 457, 441, 543, 461, 502, 586, 554, 621, 489, 471, 459, 492, 558, 444, 455, 552, 494, 484, 456, 530, 555, 602, 447, 488, 594, 462, 485, 450, 424, 522, 481, 532, 463, 471, 568, 473, 474, 431, 484, 569, 431, 476, 484, 400, 509, 479, 453, 484, 563, 494, 487, 502, 555, 500, 506, 563, 496, 460, 534, 497, 541, 478, 522, 567, 504, 451, 531, 558, 455, 520, 459, 449, 496, 498, 445, 488, 584, 573, 586, 439, 429, 503, 556, 612, 608, 430, 407, 463, 514, 512, 629, 477, 552, 485, 504, 468, 545, 544, 519, 509, 504, 429, 465, 472, 551, 547, 498, 422, 577, 550, 525, 485, 501, 527, 563, 507, 390, 480, 637, 599, 555, 577, 494, 515, 538, 443, 540, 423, 443, 538, 487, 566, 372, 508, 440, 440, 604, 588, 529, 523, 562, 451, 489, 459, 550, 495, 526, 514, 459, 565, 489, 521, 553, 474, 578, 567, 408, 490, 473, 557, 487, 541, 523, 491, 433, 448, 417, 549, 550, 447, 485, 495, 438, 449, 447, 575, 496, 515, 522, 450, 499, 418, 431, 475, 529, 463, 513, 526, 564, 448, 557, 481, 518, 509, 574, 531, 567, 430, 466, 630, 449, 501, 377, 483, 574, 392, 479, 472, 580, 514, 523, 490, 572, 527, 492, 528, 437, 531, 489, 517, 620, 471, 541, 444, 662, 571, 489, 439, 481, 439, 433, 515, 508, 398, 459, 492, 561, 501, 511, 535, 457, 501, 566, 497, 423, 492, 522, 408, 481, 593, 578, 422, 547, 618, 646, 591, 482, 441, 422, 416, 596, 435, 552, 540, 446, 526, 591, 551, 526, 431, 609, 380, 534, 567, 504, 635, 503, 493, 592, 484, 437, 508, 660, 449, 507, 526, 480, 598, 645, 410, 451, 534, 479, 497, 527, 540, 416, 457, 425, 454, 568, 488, 528, 462, 425, 485, 554, 536, 514, 603, 503, 434, 463, 561, 444, 511, 526, 460, 455, 536, 437, 478, 424, 394, 494, 594, 496, 463, 518, 622, 516, 515, 527, 594, 573, 614, 558, 414, 474, 530, 408, 441, 598, 453, 538, 383, 437, 455, 459, 500, 579, 420, 568, 478, 489, 512, 517, 446, 377, 477, 451, 538, 452, 507, 488, 506, 398, 440, 626, 508, 460, 446, 526, 489, 447, 482, 538, 553, 490, 497, 367, 493, 485, 589, 527, 458, 421, 548, 618, 451, 584, 454, 586, 408, 483, 556, 639, 642, 504, 578, 493, 507, 419, 496, 434, 463, 436, 579, 422, 489, 427, 403, 548, 560, 482, 553, 580, 447, 468, 496, 503, 451, 431, 500, 465, 472, 577, 559, 535, 518, 536, 537, 523, 575, 557, 467, 433, 514, 401, 532, 467, 455, 529, 527, 457, 544, 558, 558, 452, 486, 514, 461, 418, 493, 484, 584, 511, 454, 438, 479, 562, 410, 423, 546, 519, 541, 459, 562, 519, 494, 575, 490, 513, 535, 470, 411, 491, 518, 457, 507, 552, 441, 480, 497, 465, 417, 391, 452, 476, 530, 642, 449, 553, 479, 518, 604, 480, 562, 430, 540, 418, 571, 592, 498, 552, 505, 530, 539, 532, 421, 606, 479, 524, 542, 646, 476, 526, 609, 549, 584, 418, 372, 460, 473, 437, 607, 511, 568, 445, 514, 607, 491, 465, 609, 549, 434, 617, 539, 552, 500, 482, 468, 566, 505, 458, 549, 474, 488, 506, 603, 544, 527, 475, 440, 412, 503, 487, 561, 452, 644, 462, 491, 503, 550, 454, 582, 497, 572, 423, 409, 476, 529, 433, 506, 485, 610, 520, 577, 439, 456, 624, 442, 661, 501, 456, 479, 563, 566, 520, 472, 430, 565, 520, 571, 513, 511, 452, 464, 455, 527, 433, 434, 568, 381, 579, 527, 550, 539, 382, 511, 555, 541, 442, 513, 663, 446, 502, 558, 515, 470, 532, 569, 513, 402, 450, 481, 594, 449, 485, 471, 408, 450, 508, 401, 624, 491, 445, 497, 502, 495, 587, 500, 431, 423, 578, 449, 522, 493, 553, 510, 519, 586, 410, 614, 502, 503, 536, 463, 459, 405, 485, 426, 435, 558, 613, 509, 463, 617, 612, 412, 445, 452, 368, 519, 407, 488, 502, 518, 417, 504, 442, 535, 450, 490, 515, 497, 571, 456, 483, 489, 600, 610, 539, 471, 517, 538, 589, 527, 477, 401, 513, 421, 510, 458, 553, 470, 518, 579, 387, 526, 466, 414, 423, 515, 495, 520, 562, 550, 600, 510, 473, 590, 497, 475, 437, 546, 546, 483, 604, 436, 537, 642, 591, 530, 568, 454, 604, 549, 453, 399, 490, 485, 489, 457, 642, 532, 481, 615, 467, 477, 473, 476, 545, 478, 513, 407, 509, 551, 470, 422, 532, 533, 468, 481, 467, 469, 428, 570, 590, 466, 470, 558, 591, 451, 469, 472, 425, 531, 443, 600, 622, 452, 442, 611, 418, 462, 415, 492, 526, 515, 469, 505, 495, 392, 490, 580, 560, 434, 599, 446, 547, 471, 587, 503, 517, 482, 472, 544, 503, 519, 557, 588, 479, 485, 436, 481, 478, 522, 513, 607, 546, 503, 543, 470, 497, 439, 492, 464, 537, 429, 474, 559, 589, 474, 448, 597, 509, 503, 433, 548, 470, 568, 485, 552, 457, 518, 619, 648, 481, 395, 572, 408, 519, 484, 462, 467, 440, 544, 538, 602, 389, 512, 477, 500, 462, 504, 445, 381, 529, 520, 492, 451, 522, 525, 449, 438, 427, 484, 525, 523, 503, 510, 544, 555, 463, 474, 420, 523, 572, 554, 474, 510, 413, 513, 457, 486, 408, 494, 482, 514, 537, 514, 453, 457, 529, 517, 485, 441, 436, 491, 452, 480, 424, 512, 607, 519, 592, 469, 453, 490, 450, 555, 462, 560, 415, 483, 528, 499, 479, 500, 594, 501, 421, 422, 445, 536, 541, 533, 517, 642, 444, 500, 423, 512, 522, 487, 373, 509, 501, 475, 552, 486, 518, 614, 522, 475, 434, 482, 528, 499, 496, 461, 504, 447, 524, 436, 440, 389, 519, 558, 440, 445, 407, 539, 454, 555, 516, 517, 527, 541, 493, 541, 429, 513, 522, 502, 444, 484, 477, 433, 482, 550, 458, 439, 493, 529, 535, 566, 530, 617, 381, 472, 472, 390, 606, 538, 521, 397, 617, 458, 519, 594, 426, 503, 451, 524, 558, 499, 460, 554, 387, 406, 486, 476, 477, 529, 474, 522, 509, 515, 448, 459, 504, 464, 562, 498, 565, 631, 464, 559, 613, 546, 526, 470, 551, 501, 487, 471, 573, 582, 509, 558, 457, 507, 475, 583, 567, 521, 534, 549, 499, 411, 408, 496, 522, 467, 451, 479, 502, 515, 507, 552, 512, 478, 503, 522, 509, 490, 441, 562, 484, 496, 450, 575, 538, 489, 615, 468, 551, 457, 471, 488, 475, 413, 495, 513, 456, 447, 435, 426, 539, 473, 457, 568, 571, 450, 616, 443, 469, 547, 433, 556, 447, 444, 478, 419, 489, 471, 451, 463, 508, 538, 401, 502, 508, 536, 596, 463, 525, 495, 433, 600, 522, 537, 531, 457, 544, 495, 421, 572, 585, 503, 466, 518, 612, 455, 528, 578, 615, 498, 602, 500, 468, 550, 511, 557, 471, 411, 508, 505, 518, 561, 534, 602, 479, 511, 555, 595, 519, 556, 547, 491, 487, 404, 509, 396, 603, 462, 609, 541, 434, 473, 488, 524, 453, 458, 503, 473, 444, 477, 524, 499, 533, 426, 461, 551, 510, 448, 491, 437, 560, 526, 585, 553, 537, 559, 530, 511, 510, 423, 457, 444, 476, 440, 511, 517, 566, 605, 471, 513, 543, 490, 467, 424, 568, 533, 426, 475, 523, 382, 455, 480, 520, 580, 480, 571, 461, 516, 547, 537, 554, 485, 556, 484, 492, 416, 422, 514, 490, 495, 491, 593, 481, 518, 518, 590, 625, 443, 485, 470, 429, 530, 477, 523, 535, 518, 510, 543, 433, 529, 452, 606, 509, 510, 461, 503, 514, 486, 586, 605, 487, 556, 405, 557, 599, 424, 411, 563, 549, 538, 500, 691, 580, 503, 468, 515, 533, 545, 460, 503, 555, 461, 543, 605, 477, 474, 424, 438, 477, 495, 566, 587, 461, 620, 452, 525, 568, 555, 513, 410, 526, 422, 511, 598, 437, 503, 530, 467, 498, 406, 491, 526, 490, 462, 549, 450, 382, 505, 530, 514, 463, 546, 517, 556, 458, 518, 455, 557, 530, 538, 478, 556, 421, 517, 493, 447, 488, 440, 426, 573, 437, 424, 516, 395, 624, 419, 460, 506, 457, 620, 558, 515, 466, 502, 462, 489, 506, 414, 628, 581, 478, 516, 550, 538, 569, 444, 495, 474, 427, 502, 505, 453, 413, 496, 625, 572, 443, 637, 415, 456, 493, 432, 459, 515, 538, 499, 508, 530, 431, 466, 495, 573, 500, 509, 426, 580, 511, 536, 545, 538, 518, 520, 482, 522, 583, 538, 449, 411, 479, 561, 544, 443, 502, 447, 582, 526, 436, 537, 481, 518, 513, 492, 546, 486, 584, 418, 499, 506, 577, 548, 496, 534, 525, 568, 502, 394, 553, 416, 443, 473, 452, 428, 485, 506, 441, 434, 598, 552, 501, 495, 499, 493, 459, 511, 475, 475, 488, 506, 559, 503, 496, 420, 442, 531, 465, 558, 527, 483, 525, 561, 601, 587, 551, 436, 613, 433, 434, 495, 654, 532, 470, 572, 449, 407, 502, 530, 476, 512, 516, 599, 498, 491, 457, 480, 543, 578, 489, 530, 523, 475, 564, 587, 461, 490, 450, 565, 465, 514, 491, 413, 496, 493, 451, 468, 510, 446, 514, 538, 403, 415, 517, 498, 541, 401, 435, 439, 451, 482, 540, 489, 507, 581, 534, 438, 490, 511, 579, 472, 504, 404, 507, 494, 581, 546, 517, 413, 481, 481, 578, 488, 404, 508, 377, 567, 450, 445, 521, 529, 427, 586, 580, 522, 522, 517, 619, 509, 449, 517, 492, 494, 560, 503, 433, 436, 504, 603, 482, 398, 490, 426, 555, 440, 539, 518, 438, 504, 536, 464, 472, 465, 556, 520, 499, 419, 528, 456, 501, 531, 520, 539, 537, 490, 492, 452, 519, 591, 504, 521, 537, 608, 423, 429, 483, 497, 551, 590, 513, 554, 433, 437, 477, 573, 522, 533, 534, 382, 536, 511, 497, 506, 575, 577, 489, 510, 484, 447, 538, 536, 474, 535, 500, 451, 556, 469, 442, 510, 599, 475, 498, 510, 504, 495, 469, 556, 613, 435, 566, 528, 409, 505, 499, 544, 531, 583, 471, 557, 619, 479, 513, 539, 483, 515, 542, 516, 513, 500, 478, 457, 526, 496, 535, 595, 532, 406, 550, 508, 536, 485, 416, 533, 460, 499, 480, 535, 432, 485, 459, 483, 461, 459, 432, 576, 423, 471, 469, 459, 537, 474, 530, 435, 532, 575, 571, 582, 522, 457, 416, 565, 473, 468, 519, 573, 474, 435, 532, 542, 534, 585, 502, 472, 467, 549, 526, 540, 412, 447, 437, 475, 529, 570, 507, 548, 469, 428, 606, 464, 519, 430, 534, 496, 585, 561, 584, 439, 522, 573, 575, 386, 590, 484, 481, 528, 537, 452, 587, 552, 460, 511, 427, 501, 426, 607, 527, 539, 457, 549, 600, 565, 400, 588, 477, 606, 512, 521, 563, 482, 495, 519, 555, 431, 488, 444, 485, 538, 490, 455, 392, 508, 577, 523, 492, 505, 492, 502, 481, 434, 513, 605, 527, 538, 399, 567, 516, 497, 538, 578, 594, 539, 462, 479, 594, 518, 463, 549, 498, 543, 467, 489, 511, 576, 456, 526, 472, 543, 515, 505, 500, 451, 477, 590, 541, 493, 504, 458, 504, 527, 581, 452, 540, 459, 495, 455, 472, 445, 535, 472, 536, 607, 505, 460, 426, 563, 440, 481, 401, 475, 455, 563, 500, 534, 571, 418, 549, 495, 446, 579, 490, 532, 552, 483, 451, 444, 467, 492, 478, 464, 558, 583, 470, 395, 453, 465, 400, 413, 488, 481, 490, 477, 442, 492, 418, 587, 414, 453, 449, 412, 628, 485, 453, 482, 430, 463, 506, 453, 540, 488, 534, 416, 460, 451, 454, 546, 491, 456, 506, 539, 497, 451, 605, 544, 497, 473, 461, 450, 598, 508, 492, 575, 395, 463, 450, 465, 447, 509, 538, 456, 480, 483, 487, 573, 438, 650, 541, 672, 498, 435, 447, 435, 535, 480, 535, 552, 511, 527, 590, 510, 590, 551, 574, 557, 449, 623, 492, 478, 470, 498, 506, 553, 528, 494, 580, 557, 507, 435, 533, 474, 536, 455, 574, 469, 395, 466, 473, 486, 531, 480, 453, 552, 479, 486, 528, 545, 528, 464, 376, 595, 451, 460, 450, 566, 494, 530, 444, 486, 509, 559, 580, 589, 456, 461, 497, 578, 528, 497, 441, 532, 389, 501, 464, 528, 531, 527, 527, 494, 511, 567, 486, 441, 590, 471, 499, 542, 438, 425, 577, 462, 495, 505, 507, 501, 593, 492, 530, 416, 442, 464, 618, 508, 510, 531, 423, 508, 422, 529, 391, 426, 579, 489, 550, 597, 520, 515, 458, 461, 526, 556, 484, 477, 465, 497, 583, 500, 613, 437, 478, 518, 567, 474, 503, 501, 478, 532, 460, 418, 475, 437, 476, 461, 533, 446, 567, 532, 491, 495, 411, 663, 544, 411, 695, 506, 516, 561, 457, 468, 514, 406, 612, 421, 426, 459, 471, 536, 534, 517, 440, 453, 513, 478, 539, 529, 595, 408, 452, 454, 517, 587, 445, 440, 616, 437, 607, 501, 527, 445, 535, 365, 552, 586, 483, 586, 479, 452, 421, 477, 467, 541, 434, 565, 506, 547, 461, 391, 506, 498, 487, 589, 480, 456, 465, 443, 410, 462, 466, 598, 549, 566, 464, 467, 539, 448, 560, 486, 483, 488, 460, 528, 560, 397, 449, 536, 591, 547, 500, 556, 474, 475, 593, 451, 517, 541, 548, 452, 524, 492, 556, 412, 483, 497, 441, 589, 481, 545, 424, 561, 623, 490, 507, 538, 487, 590, 425, 447, 446, 562, 513, 461, 447, 451, 489, 486, 534, 540, 501, 540, 512]

