Resultados de simulación — 20260922_190214
Pasajeros: 100 | P(carry-on): 0.8 | Simulaciones por política: 5000
============================================================

[rand]
  Promedio : 1344.3s
  Desvío   : 83.4s
  IC 95%   : [1341.9s, 1346.6s]
  Mínimo   : 1046s
  Máximo   : 1644s
  Tiempos  : [1333, 1387, 1294, 1271, 1402, 1249, 1378, 1385, 1225, 1413, 1333, 1365, 1253, 1260, 1133, 1381, 1228, 1385, 1366, 1266, 1279, 1248, 1297, 1325, 1437, 1383, 1265, 1344, 1333, 1319, 1149, 1486, 1389, 1333, 1231, 1389, 1402, 1348, 1228, 1271, 1308, 1362, 1238, 1270, 1537, 1370, 1418, 1400, 1284, 1163, 1320, 1327, 1289, 1378, 1269, 1458, 1259, 1167, 1405, 1372, 1285, 1388, 1324, 1333, 1367, 1328, 1350, 1241, 1317, 1319, 1365, 1513, 1341, 1280, 1471, 1498, 1254, 1431, 1308, 1402, 1465, 1309, 1310, 1230, 1330, 1455, 1394, 1299, 1299, 1475, 1249, 1351, 1329, 1350, 1246, 1258, 1299, 1373, 1157, 1225, 1383, 1307, 1223, 1218, 1307, 1243, 1529, 1386, 1507, 1370, 1388, 1244, 1338, 1347, 1469, 1406, 1349, 1406, 1371, 1298, 1471, 1330, 1297, 1393, 1489, 1413, 1392, 1331, 1304, 1367, 1402, 1282, 1310, 1258, 1318, 1274, 1474, 1433, 1328, 1212, 1285, 1256, 1290, 1420, 1581, 1320, 1296, 1206, 1408, 1352, 1292, 1322, 1315, 1455, 1370, 1296, 1389, 1420, 1348, 1245, 1458, 1244, 1208, 1400, 1378, 1362, 1286, 1390, 1370, 1236, 1192, 1428, 1288, 1460, 1431, 1384, 1402, 1268, 1323, 1327, 1388, 1363, 1476, 1313, 1238, 1382, 1357, 1415, 1500, 1233, 1306, 1372, 1431, 1492, 1433, 1553, 1335, 1332, 1155, 1497, 1410, 1335, 1282, 1290, 1286, 1356, 1319, 1320, 1478, 1490, 1381, 1330, 1267, 1307, 1291, 1152, 1334, 1320, 1378, 1383, 1335, 1277, 1396, 1238, 1372, 1499, 1375, 1336, 1352, 1305, 1324, 1314, 1430, 1302, 1266, 1204, 1283, 1384, 1283, 1372, 1433, 1338, 1337, 1201, 1193, 1426, 1303, 1408, 1322, 1384, 1219, 1361, 1317, 1285, 1208, 1341, 1371, 1497, 1252, 1381, 1194, 1489, 1354, 1406, 1392, 1262, 1340, 1354, 1247, 1400, 1287, 1416, 1366, 1276, 1497, 1195, 1308, 1436, 1412, 1316, 1266, 1447, 1324, 1298, 1234, 1512, 1196, 1418, 1266, 1411, 1220, 1525, 1303, 1484, 1350, 1537, 1280, 1398, 1407, 1338, 1292, 1381, 1365, 1364, 1323, 1283, 1515, 1190, 1309, 1437, 1353, 1340, 1319, 1337, 1317, 1231, 1413, 1449, 1246, 1349, 1374, 1399, 1231, 1348, 1433, 1315, 1327, 1353, 1473, 1316, 1374, 1246, 1443, 1397, 1438, 1409, 1333, 1267, 1386, 1303, 1279, 1518, 1354, 1386, 1226, 1192, 1282, 1515, 1324, 1319, 1402, 1410, 1393, 1278, 1354, 1226, 1231, 1310, 1491, 1322, 1359, 1357, 1283, 1280, 1298, 1352, 1261, 1148, 1297, 1237, 1368, 1246, 1236, 1366, 1387, 1299, 1273, 1523, 1254, 1146, 1302, 1277, 1363, 1450, 1178, 1396, 1397, 1375, 1307, 1441, 1329, 1266, 1415, 1365, 1470, 1446, 1365, 1265, 1417, 1273, 1389, 1345, 1270, 1243, 1406, 1345, 1441, 1410, 1307, 1199, 1211, 1277, 1302, 1147, 1492, 1326, 1303, 1344, 1397, 1225, 1310, 1357, 1495, 1321, 1349, 1504, 1218, 1234, 1261, 1444, 1219, 1365, 1325, 1466, 1406, 1369, 1212, 1398, 1339, 1295, 1318, 1300, 1428, 1482, 1435, 1340, 1343, 1312, 1352, 1298, 1409, 1325, 1466, 1471, 1288, 1406, 1315, 1259, 1331, 1291, 1376, 1400, 1230, 1238, 1488, 1453, 1370, 1322, 1488, 1307, 1457, 1323, 1330, 1390, 1297, 1377, 1206, 1398, 1319, 1297, 1439, 1292, 1290, 1384, 1310, 1407, 1271, 1415, 1332, 1242, 1312, 1425, 1347, 1534, 1349, 1434, 1400, 1442, 1386, 1219, 1408, 1354, 1299, 1515, 1467, 1207, 1393, 1388, 1393, 1346, 1132, 1393, 1320, 1407, 1402, 1340, 1338, 1310, 1209, 1357, 1279, 1267, 1397, 1408, 1277, 1427, 1360, 1476, 1333, 1403, 1383, 1357, 1268, 1332, 1251, 1389, 1251, 1194, 1315, 1377, 1463, 1366, 1348, 1391, 1292, 1511, 1511, 1446, 1261, 1303, 1412, 1322, 1308, 1299, 1291, 1396, 1263, 1312, 1270, 1266, 1279, 1473, 1429, 1374, 1465, 1434, 1378, 1213, 1343, 1429, 1299, 1298, 1366, 1292, 1172, 1405, 1312, 1270, 1309, 1289, 1101, 1484, 1433, 1256, 1260, 1501, 1358, 1348, 1267, 1282, 1422, 1418, 1429, 1332, 1360, 1199, 1209, 1247, 1205, 1349, 1237, 1532, 1211, 1191, 1257, 1363, 1223, 1332, 1400, 1418, 1289, 1407, 1387, 1404, 1297, 1406, 1225, 1401, 1322, 1342, 1603, 1399, 1153, 1334, 1455, 1209, 1289, 1352, 1502, 1432, 1330, 1395, 1353, 1404, 1300, 1325, 1388, 1226, 1245, 1218, 1502, 1484, 1487, 1262, 1297, 1326, 1322, 1384, 1319, 1324, 1440, 1357, 1230, 1389, 1224, 1417, 1241, 1386, 1436, 1398, 1248, 1339, 1164, 1345, 1454, 1293, 1456, 1309, 1471, 1345, 1262, 1468, 1357, 1315, 1322, 1432, 1261, 1350, 1350, 1517, 1432, 1454, 1422, 1403, 1284, 1372, 1328, 1296, 1306, 1349, 1304, 1262, 1207, 1199, 1225, 1253, 1447, 1191, 1395, 1319, 1326, 1328, 1450, 1331, 1363, 1362, 1150, 1213, 1384, 1325, 1328, 1269, 1480, 1224, 1166, 1273, 1349, 1355, 1379, 1205, 1455, 1257, 1321, 1270, 1426, 1206, 1233, 1400, 1200, 1217, 1325, 1189, 1355, 1388, 1343, 1304, 1358, 1420, 1441, 1488, 1454, 1344, 1411, 1407, 1422, 1468, 1375, 1217, 1378, 1387, 1289, 1293, 1379, 1351, 1405, 1413, 1495, 1270, 1452, 1431, 1367, 1419, 1461, 1468, 1348, 1365, 1237, 1354, 1225, 1390, 1543, 1309, 1324, 1358, 1373, 1183, 1217, 1238, 1234, 1402, 1265, 1336, 1380, 1262, 1295, 1276, 1240, 1445, 1400, 1415, 1356, 1405, 1340, 1424, 1309, 1337, 1445, 1419, 1302, 1412, 1244, 1485, 1325, 1414, 1390, 1349, 1246, 1235, 1369, 1537, 1448, 1291, 1287, 1401, 1365, 1337, 1355, 1384, 1183, 1477, 1242, 1418, 1256, 1176, 1190, 1361, 1178, 1397, 1298, 1425, 1438, 1352, 1477, 1349, 1402, 1322, 1334, 1206, 1223, 1338, 1374, 1415, 1421, 1273, 1470, 1358, 1334, 1364, 1428, 1289, 1251, 1393, 1320, 1211, 1484, 1499, 1345, 1307, 1402, 1498, 1280, 1294, 1378, 1268, 1403, 1438, 1417, 1414, 1207, 1300, 1391, 1325, 1337, 1249, 1396, 1206, 1354, 1323, 1390, 1596, 1382, 1373, 1120, 1376, 1314, 1234, 1296, 1339, 1149, 1365, 1427, 1383, 1392, 1301, 1293, 1383, 1364, 1446, 1341, 1411, 1272, 1425, 1251, 1412, 1253, 1324, 1309, 1373, 1266, 1261, 1266, 1516, 1246, 1202, 1324, 1315, 1431, 1265, 1335, 1531, 1293, 1221, 1385, 1368, 1323, 1409, 1288, 1303, 1227, 1361, 1431, 1462, 1586, 1387, 1286, 1298, 1430, 1457, 1476, 1511, 1461, 1397, 1269, 1276, 1198, 1259, 1308, 1313, 1285, 1213, 1351, 1300, 1408, 1332, 1309, 1281, 1395, 1228, 1208, 1209, 1435, 1431, 1472, 1524, 1397, 1345, 1295, 1313, 1268, 1389, 1361, 1548, 1364, 1332, 1503, 1427, 1372, 1262, 1215, 1316, 1361, 1375, 1269, 1370, 1265, 1431, 1358, 1337, 1357, 1265, 1328, 1359, 1274, 1396, 1358, 1239, 1394, 1332, 1268, 1456, 1457, 1382, 1208, 1304, 1419, 1353, 1179, 1349, 1550, 1359, 1282, 1450, 1344, 1304, 1322, 1474, 1430, 1228, 1338, 1374, 1415, 1535, 1305, 1430, 1319, 1330, 1304, 1341, 1428, 1385, 1211, 1334, 1317, 1117, 1269, 1298, 1402, 1390, 1346, 1352, 1340, 1305, 1310, 1393, 1340, 1371, 1324, 1336, 1208, 1409, 1276, 1436, 1288, 1500, 1295, 1275, 1380, 1313, 1263, 1303, 1499, 1304, 1298, 1276, 1442, 1331, 1151, 1419, 1364, 1234, 1302, 1513, 1364, 1430, 1358, 1209, 1347, 1282, 1266, 1330, 1369, 1289, 1219, 1283, 1225, 1336, 1347, 1199, 1353, 1378, 1228, 1385, 1324, 1469, 1318, 1452, 1328, 1444, 1338, 1351, 1548, 1328, 1298, 1208, 1262, 1467, 1327, 1285, 1304, 1384, 1137, 1306, 1363, 1282, 1350, 1503, 1236, 1450, 1300, 1431, 1339, 1513, 1244, 1414, 1259, 1377, 1438, 1282, 1314, 1471, 1309, 1319, 1458, 1379, 1291, 1449, 1349, 1215, 1249, 1261, 1343, 1329, 1295, 1324, 1524, 1313, 1360, 1583, 1285, 1417, 1469, 1237, 1343, 1527, 1425, 1231, 1356, 1394, 1291, 1140, 1242, 1242, 1311, 1318, 1175, 1258, 1306, 1366, 1191, 1412, 1418, 1363, 1343, 1535, 1415, 1438, 1290, 1219, 1361, 1352, 1421, 1234, 1421, 1343, 1392, 1320, 1242, 1242, 1342, 1277, 1413, 1251, 1320, 1205, 1445, 1401, 1309, 1314, 1163, 1306, 1358, 1321, 1377, 1382, 1335, 1352, 1364, 1286, 1363, 1497, 1380, 1522, 1160, 1189, 1289, 1417, 1346, 1418, 1202, 1320, 1457, 1333, 1300, 1344, 1306, 1316, 1375, 1353, 1355, 1227, 1329, 1242, 1394, 1343, 1303, 1309, 1413, 1494, 1290, 1434, 1332, 1301, 1160, 1314, 1315, 1208, 1330, 1356, 1324, 1477, 1423, 1400, 1407, 1553, 1455, 1329, 1265, 1473, 1294, 1273, 1335, 1408, 1419, 1263, 1317, 1335, 1296, 1308, 1248, 1315, 1386, 1413, 1393, 1427, 1421, 1286, 1351, 1568, 1371, 1405, 1293, 1265, 1441, 1252, 1284, 1304, 1254, 1310, 1236, 1579, 1333, 1350, 1391, 1282, 1414, 1459, 1376, 1321, 1348, 1361, 1428, 1405, 1458, 1317, 1395, 1344, 1321, 1353, 1189, 1477, 1390, 1313, 1327, 1597, 1257, 1364, 1433, 1435, 1304, 1422, 1459, 1577, 1286, 1344, 1254, 1276, 1377, 1411, 1262, 1358, 1334, 1234, 1222, 1441, 1330, 1423, 1371, 1361, 1326, 1335, 1345, 1368, 1389, 1321, 1254, 1226, 1463, 1352, 1278, 1337, 1445, 1340, 1286, 1184, 1326, 1335, 1404, 1374, 1356, 1373, 1429, 1234, 1523, 1303, 1322, 1356, 1368, 1372, 1451, 1345, 1278, 1274, 1381, 1222, 1395, 1371, 1348, 1312, 1284, 1249, 1360, 1460, 1426, 1383, 1389, 1404, 1220, 1298, 1335, 1243, 1250, 1352, 1565, 1301, 1487, 1307, 1325, 1393, 1359, 1224, 1372, 1225, 1264, 1375, 1282, 1468, 1276, 1510, 1295, 1390, 1469, 1160, 1227, 1263, 1286, 1243, 1421, 1365, 1252, 1340, 1358, 1516, 1289, 1405, 1360, 1385, 1195, 1392, 1290, 1501, 1347, 1254, 1276, 1305, 1419, 1327, 1361, 1463, 1241, 1408, 1457, 1452, 1356, 1444, 1229, 1363, 1421, 1393, 1408, 1237, 1544, 1232, 1311, 1284, 1352, 1450, 1262, 1311, 1364, 1169, 1317, 1440, 1292, 1191, 1420, 1234, 1184, 1358, 1352, 1414, 1294, 1344, 1311, 1321, 1307, 1269, 1381, 1172, 1253, 1293, 1338, 1309, 1327, 1330, 1488, 1426, 1199, 1278, 1320, 1351, 1264, 1253, 1477, 1411, 1411, 1408, 1401, 1438, 1361, 1289, 1395, 1301, 1371, 1335, 1262, 1189, 1209, 1388, 1211, 1252, 1407, 1278, 1300, 1292, 1265, 1477, 1195, 1345, 1388, 1213, 1234, 1410, 1331, 1492, 1323, 1270, 1404, 1468, 1334, 1301, 1383, 1382, 1431, 1473, 1458, 1394, 1421, 1556, 1502, 1301, 1329, 1190, 1342, 1457, 1245, 1358, 1263, 1320, 1518, 1348, 1398, 1382, 1323, 1348, 1278, 1257, 1512, 1440, 1317, 1269, 1325, 1210, 1233, 1246, 1392, 1334, 1238, 1457, 1490, 1303, 1274, 1299, 1311, 1440, 1370, 1381, 1241, 1425, 1371, 1282, 1401, 1300, 1302, 1261, 1362, 1513, 1435, 1528, 1324, 1455, 1473, 1267, 1241, 1409, 1261, 1307, 1274, 1378, 1435, 1343, 1502, 1301, 1340, 1403, 1461, 1361, 1251, 1457, 1458, 1357, 1419, 1291, 1154, 1307, 1291, 1356, 1350, 1485, 1202, 1382, 1448, 1246, 1396, 1420, 1309, 1494, 1483, 1301, 1368, 1240, 1336, 1243, 1376, 1392, 1437, 1101, 1423, 1273, 1360, 1308, 1398, 1363, 1446, 1300, 1439, 1330, 1276, 1237, 1333, 1237, 1378, 1424, 1209, 1246, 1384, 1336, 1422, 1446, 1210, 1487, 1394, 1223, 1185, 1259, 1436, 1344, 1310, 1283, 1534, 1304, 1377, 1322, 1297, 1332, 1439, 1263, 1275, 1344, 1293, 1242, 1373, 1391, 1492, 1363, 1268, 1346, 1424, 1179, 1315, 1176, 1403, 1347, 1324, 1392, 1298, 1322, 1345, 1391, 1279, 1342, 1377, 1283, 1451, 1272, 1192, 1379, 1373, 1284, 1434, 1384, 1327, 1389, 1225, 1205, 1311, 1518, 1314, 1246, 1323, 1479, 1415, 1293, 1340, 1419, 1345, 1558, 1509, 1318, 1319, 1437, 1208, 1180, 1270, 1320, 1294, 1358, 1317, 1398, 1313, 1313, 1206, 1408, 1389, 1435, 1242, 1251, 1376, 1196, 1338, 1365, 1498, 1453, 1259, 1380, 1378, 1383, 1286, 1403, 1257, 1376, 1391, 1382, 1362, 1350, 1308, 1280, 1482, 1509, 1219, 1268, 1387, 1448, 1450, 1389, 1515, 1484, 1391, 1405, 1343, 1300, 1410, 1240, 1336, 1276, 1357, 1314, 1458, 1326, 1261, 1464, 1288, 1385, 1338, 1261, 1359, 1419, 1531, 1469, 1480, 1340, 1318, 1276, 1358, 1432, 1212, 1338, 1385, 1267, 1343, 1446, 1309, 1321, 1372, 1265, 1359, 1171, 1332, 1522, 1389, 1450, 1455, 1277, 1265, 1404, 1445, 1424, 1375, 1297, 1391, 1301, 1399, 1275, 1341, 1294, 1419, 1249, 1354, 1238, 1321, 1437, 1380, 1565, 1163, 1287, 1326, 1329, 1237, 1427, 1250, 1365, 1382, 1433, 1387, 1329, 1466, 1407, 1462, 1181, 1379, 1242, 1386, 1324, 1265, 1335, 1350, 1370, 1292, 1424, 1385, 1362, 1304, 1306, 1356, 1306, 1264, 1491, 1469, 1233, 1186, 1168, 1287, 1359, 1379, 1418, 1288, 1494, 1239, 1350, 1401, 1271, 1266, 1379, 1259, 1174, 1357, 1306, 1415, 1316, 1612, 1400, 1296, 1258, 1233, 1409, 1271, 1330, 1362, 1231, 1312, 1246, 1330, 1289, 1330, 1186, 1413, 1305, 1428, 1369, 1344, 1401, 1356, 1336, 1311, 1507, 1347, 1230, 1252, 1459, 1460, 1247, 1375, 1363, 1289, 1322, 1298, 1520, 1390, 1248, 1262, 1389, 1333, 1436, 1293, 1307, 1141, 1321, 1367, 1202, 1420, 1179, 1352, 1267, 1274, 1168, 1401, 1245, 1110, 1394, 1301, 1371, 1307, 1321, 1438, 1256, 1283, 1327, 1364, 1264, 1123, 1344, 1411, 1251, 1174, 1426, 1151, 1412, 1423, 1201, 1368, 1270, 1505, 1247, 1284, 1229, 1364, 1247, 1553, 1384, 1477, 1459, 1306, 1334, 1222, 1237, 1223, 1344, 1322, 1289, 1418, 1340, 1417, 1239, 1369, 1376, 1167, 1335, 1291, 1317, 1390, 1512, 1344, 1279, 1338, 1409, 1408, 1309, 1298, 1277, 1352, 1278, 1336, 1325, 1294, 1327, 1214, 1440, 1440, 1384, 1363, 1591, 1382, 1287, 1377, 1237, 1353, 1279, 1423, 1313, 1429, 1230, 1289, 1382, 1172, 1233, 1309, 1298, 1318, 1378, 1325, 1442, 1226, 1312, 1396, 1284, 1180, 1315, 1414, 1222, 1364, 1367, 1496, 1315, 1245, 1267, 1236, 1260, 1191, 1328, 1346, 1314, 1318, 1384, 1319, 1314, 1285, 1377, 1278, 1250, 1338, 1353, 1327, 1309, 1327, 1419, 1366, 1359, 1249, 1330, 1367, 1323, 1323, 1414, 1350, 1468, 1276, 1479, 1200, 1383, 1436, 1325, 1267, 1379, 1437, 1422, 1424, 1414, 1296, 1410, 1386, 1409, 1410, 1339, 1397, 1275, 1351, 1410, 1347, 1345, 1338, 1423, 1337, 1246, 1355, 1246, 1468, 1308, 1340, 1338, 1369, 1389, 1454, 1273, 1427, 1294, 1286, 1408, 1277, 1285, 1332, 1385, 1353, 1331, 1130, 1303, 1424, 1424, 1286, 1419, 1267, 1251, 1223, 1409, 1235, 1325, 1356, 1252, 1364, 1398, 1472, 1249, 1324, 1497, 1486, 1401, 1315, 1440, 1437, 1523, 1558, 1346, 1261, 1402, 1253, 1353, 1380, 1305, 1355, 1415, 1296, 1326, 1365, 1497, 1243, 1225, 1444, 1374, 1248, 1310, 1475, 1261, 1473, 1330, 1290, 1422, 1237, 1137, 1312, 1349, 1206, 1316, 1247, 1349, 1305, 1428, 1303, 1310, 1263, 1284, 1421, 1465, 1388, 1282, 1396, 1307, 1303, 1347, 1236, 1350, 1246, 1485, 1329, 1388, 1373, 1252, 1369, 1481, 1358, 1375, 1250, 1345, 1263, 1487, 1257, 1314, 1361, 1500, 1382, 1325, 1286, 1594, 1379, 1328, 1211, 1269, 1488, 1242, 1348, 1290, 1394, 1241, 1475, 1421, 1289, 1270, 1311, 1366, 1372, 1414, 1300, 1332, 1340, 1400, 1313, 1370, 1353, 1248, 1223, 1501, 1339, 1200, 1227, 1308, 1367, 1360, 1516, 1310, 1480, 1341, 1383, 1384, 1501, 1259, 1313, 1396, 1322, 1329, 1303, 1391, 1319, 1289, 1349, 1347, 1276, 1323, 1333, 1247, 1325, 1365, 1355, 1228, 1318, 1401, 1316, 1290, 1418, 1361, 1381, 1324, 1285, 1296, 1370, 1492, 1212, 1250, 1148, 1360, 1363, 1368, 1522, 1334, 1405, 1397, 1431, 1279, 1434, 1348, 1459, 1370, 1444, 1379, 1354, 1251, 1312, 1436, 1519, 1285, 1226, 1327, 1172, 1282, 1320, 1424, 1228, 1352, 1377, 1389, 1370, 1408, 1348, 1506, 1390, 1385, 1358, 1476, 1451, 1277, 1257, 1423, 1369, 1306, 1292, 1434, 1326, 1169, 1269, 1402, 1380, 1316, 1298, 1157, 1427, 1424, 1233, 1392, 1198, 1511, 1392, 1502, 1312, 1325, 1440, 1371, 1439, 1287, 1389, 1412, 1367, 1310, 1421, 1338, 1370, 1412, 1403, 1401, 1473, 1465, 1398, 1381, 1273, 1283, 1414, 1408, 1153, 1150, 1329, 1403, 1319, 1255, 1385, 1346, 1183, 1312, 1296, 1388, 1369, 1405, 1249, 1410, 1373, 1479, 1412, 1558, 1425, 1182, 1366, 1272, 1276, 1470, 1381, 1412, 1371, 1353, 1322, 1239, 1374, 1258, 1392, 1311, 1342, 1347, 1189, 1231, 1453, 1241, 1348, 1290, 1403, 1505, 1383, 1271, 1344, 1282, 1314, 1398, 1379, 1129, 1387, 1317, 1242, 1249, 1393, 1420, 1262, 1172, 1339, 1537, 1247, 1378, 1365, 1425, 1467, 1381, 1271, 1489, 1296, 1304, 1393, 1313, 1275, 1353, 1251, 1356, 1380, 1268, 1371, 1187, 1378, 1375, 1395, 1409, 1374, 1363, 1312, 1308, 1339, 1344, 1353, 1492, 1308, 1400, 1349, 1539, 1440, 1336, 1441, 1367, 1436, 1340, 1334, 1263, 1357, 1295, 1411, 1271, 1266, 1212, 1477, 1293, 1460, 1169, 1453, 1444, 1350, 1396, 1127, 1433, 1333, 1323, 1211, 1272, 1351, 1398, 1234, 1437, 1427, 1344, 1443, 1247, 1295, 1185, 1317, 1290, 1454, 1520, 1207, 1259, 1373, 1232, 1357, 1410, 1348, 1467, 1492, 1177, 1373, 1388, 1235, 1395, 1297, 1441, 1277, 1472, 1454, 1304, 1286, 1363, 1348, 1336, 1421, 1338, 1384, 1355, 1320, 1267, 1322, 1362, 1321, 1355, 1194, 1169, 1309, 1194, 1464, 1331, 1445, 1226, 1436, 1235, 1343, 1304, 1385, 1451, 1255, 1406, 1249, 1321, 1405, 1389, 1349, 1403, 1322, 1292, 1379, 1448, 1316, 1378, 1488, 1231, 1325, 1192, 1491, 1470, 1326, 1321, 1357, 1258, 1378, 1324, 1276, 1310, 1265, 1374, 1351, 1564, 1466, 1435, 1294, 1407, 1408, 1235, 1443, 1274, 1377, 1163, 1363, 1287, 1246, 1319, 1288, 1370, 1307, 1490, 1329, 1270, 1413, 1318, 1326, 1234, 1301, 1376, 1229, 1429, 1359, 1364, 1326, 1407, 1365, 1319, 1219, 1326, 1354, 1291, 1204, 1377, 1447, 1308, 1285, 1345, 1276, 1470, 1301, 1289, 1303, 1372, 1408, 1357, 1334, 1327, 1359, 1292, 1282, 1438, 1434, 1435, 1303, 1345, 1190, 1349, 1245, 1393, 1338, 1258, 1195, 1452, 1375, 1359, 1366, 1361, 1297, 1192, 1345, 1425, 1362, 1317, 1285, 1255, 1364, 1440, 1227, 1289, 1355, 1305, 1391, 1267, 1302, 1146, 1412, 1353, 1271, 1478, 1377, 1339, 1424, 1350, 1328, 1395, 1533, 1202, 1285, 1310, 1367, 1408, 1346, 1315, 1271, 1398, 1381, 1349, 1361, 1234, 1159, 1440, 1411, 1287, 1338, 1338, 1344, 1234, 1331, 1407, 1415, 1282, 1261, 1314, 1389, 1309, 1224, 1381, 1304, 1507, 1387, 1386, 1262, 1288, 1430, 1288, 1358, 1283, 1395, 1300, 1286, 1386, 1218, 1265, 1524, 1215, 1448, 1431, 1411, 1298, 1434, 1183, 1282, 1296, 1328, 1410, 1258, 1481, 1305, 1358, 1416, 1225, 1285, 1423, 1293, 1331, 1246, 1475, 1330, 1409, 1264, 1430, 1309, 1273, 1272, 1281, 1333, 1384, 1180, 1346, 1240, 1286, 1237, 1325, 1349, 1241, 1267, 1421, 1321, 1247, 1338, 1339, 1353, 1307, 1367, 1346, 1235, 1429, 1400, 1295, 1444, 1427, 1294, 1149, 1281, 1477, 1309, 1270, 1404, 1467, 1348, 1459, 1481, 1461, 1275, 1242, 1338, 1360, 1398, 1322, 1273, 1269, 1415, 1436, 1422, 1355, 1379, 1431, 1298, 1473, 1509, 1230, 1354, 1340, 1362, 1236, 1335, 1326, 1282, 1295, 1391, 1327, 1414, 1400, 1464, 1313, 1248, 1125, 1366, 1336, 1237, 1345, 1431, 1225, 1455, 1251, 1478, 1226, 1299, 1231, 1400, 1346, 1404, 1435, 1303, 1374, 1393, 1232, 1412, 1272, 1300, 1358, 1433, 1146, 1375, 1295, 1390, 1344, 1269, 1316, 1252, 1244, 1359, 1336, 1342, 1355, 1301, 1284, 1164, 1267, 1415, 1318, 1445, 1473, 1388, 1302, 1377, 1314, 1451, 1205, 1332, 1367, 1353, 1464, 1329, 1412, 1406, 1181, 1260, 1323, 1192, 1412, 1402, 1355, 1331, 1214, 1273, 1328, 1424, 1376, 1216, 1205, 1350, 1386, 1372, 1194, 1440, 1311, 1223, 1428, 1313, 1364, 1329, 1321, 1339, 1411, 1326, 1436, 1286, 1369, 1355, 1427, 1452, 1214, 1448, 1478, 1226, 1319, 1415, 1407, 1267, 1268, 1264, 1241, 1364, 1390, 1396, 1319, 1414, 1330, 1481, 1381, 1375, 1360, 1180, 1303, 1126, 1262, 1346, 1355, 1338, 1477, 1365, 1243, 1420, 1436, 1326, 1423, 1263, 1456, 1335, 1386, 1293, 1397, 1372, 1388, 1408, 1350, 1324, 1359, 1511, 1420, 1519, 1380, 1315, 1420, 1476, 1376, 1306, 1367, 1176, 1324, 1278, 1315, 1266, 1206, 1557, 1311, 1120, 1334, 1347, 1425, 1253, 1377, 1219, 1399, 1301, 1423, 1304, 1441, 1399, 1219, 1435, 1309, 1313, 1396, 1291, 1310, 1298, 1329, 1269, 1471, 1406, 1368, 1353, 1482, 1303, 1272, 1327, 1389, 1356, 1366, 1391, 1250, 1457, 1419, 1438, 1389, 1340, 1318, 1382, 1346, 1472, 1208, 1401, 1374, 1375, 1276, 1267, 1532, 1503, 1355, 1482, 1274, 1418, 1314, 1324, 1344, 1274, 1263, 1345, 1398, 1385, 1431, 1364, 1314, 1543, 1360, 1306, 1390, 1270, 1477, 1466, 1310, 1290, 1453, 1289, 1313, 1329, 1298, 1318, 1389, 1436, 1440, 1360, 1342, 1364, 1281, 1468, 1356, 1228, 1373, 1368, 1263, 1285, 1448, 1315, 1419, 1503, 1434, 1316, 1391, 1302, 1306, 1296, 1202, 1395, 1176, 1298, 1334, 1143, 1400, 1267, 1498, 1399, 1353, 1306, 1255, 1291, 1376, 1406, 1381, 1380, 1314, 1369, 1365, 1346, 1312, 1335, 1292, 1305, 1274, 1156, 1324, 1368, 1449, 1417, 1461, 1278, 1402, 1428, 1326, 1195, 1256, 1485, 1298, 1450, 1274, 1296, 1362, 1268, 1387, 1461, 1385, 1219, 1293, 1315, 1227, 1439, 1270, 1456, 1309, 1304, 1394, 1313, 1374, 1431, 1289, 1374, 1289, 1372, 1403, 1269, 1254, 1377, 1224, 1438, 1337, 1377, 1287, 1252, 1489, 1273, 1348, 1300, 1262, 1453, 1393, 1352, 1371, 1365, 1367, 1384, 1257, 1171, 1383, 1375, 1319, 1383, 1335, 1258, 1424, 1321, 1312, 1284, 1439, 1287, 1418, 1286, 1263, 1402, 1492, 1387, 1221, 1339, 1504, 1284, 1216, 1212, 1285, 1318, 1264, 1386, 1253, 1474, 1244, 1438, 1243, 1290, 1509, 1337, 1283, 1337, 1321, 1347, 1319, 1359, 1247, 1363, 1330, 1489, 1531, 1325, 1342, 1437, 1402, 1276, 1342, 1385, 1348, 1229, 1215, 1417, 1391, 1381, 1390, 1331, 1186, 1402, 1503, 1267, 1261, 1494, 1428, 1271, 1454, 1291, 1495, 1246, 1364, 1210, 1110, 1322, 1318, 1361, 1423, 1419, 1424, 1314, 1394, 1446, 1443, 1187, 1396, 1310, 1477, 1319, 1292, 1325, 1433, 1532, 1508, 1289, 1325, 1493, 1325, 1283, 1263, 1279, 1218, 1305, 1276, 1323, 1434, 1359, 1336, 1346, 1529, 1376, 1378, 1440, 1353, 1507, 1355, 1345, 1391, 1430, 1370, 1463, 1353, 1345, 1467, 1265, 1321, 1375, 1359, 1193, 1313, 1446, 1319, 1351, 1416, 1301, 1389, 1362, 1371, 1373, 1225, 1428, 1379, 1289, 1221, 1122, 1466, 1424, 1320, 1337, 1362, 1385, 1214, 1337, 1306, 1486, 1384, 1046, 1313, 1313, 1309, 1380, 1376, 1417, 1459, 1194, 1434, 1266, 1327, 1296, 1438, 1410, 1488, 1382, 1436, 1310, 1295, 1328, 1393, 1306, 1246, 1322, 1370, 1538, 1194, 1235, 1478, 1418, 1320, 1397, 1370, 1330, 1361, 1530, 1325, 1267, 1512, 1340, 1465, 1359, 1420, 1350, 1443, 1253, 1199, 1292, 1252, 1295, 1324, 1288, 1192, 1474, 1357, 1469, 1311, 1260, 1353, 1202, 1326, 1362, 1369, 1327, 1509, 1340, 1220, 1350, 1453, 1412, 1356, 1453, 1279, 1269, 1269, 1306, 1414, 1437, 1286, 1330, 1448, 1436, 1332, 1401, 1485, 1388, 1313, 1264, 1244, 1335, 1305, 1412, 1390, 1320, 1435, 1389, 1267, 1303, 1398, 1245, 1364, 1396, 1392, 1344, 1226, 1265, 1443, 1345, 1449, 1324, 1292, 1245, 1400, 1200, 1331, 1287, 1204, 1322, 1502, 1210, 1379, 1291, 1417, 1303, 1389, 1357, 1385, 1352, 1349, 1183, 1299, 1354, 1408, 1377, 1483, 1418, 1311, 1530, 1369, 1250, 1376, 1240, 1442, 1439, 1487, 1451, 1265, 1408, 1335, 1519, 1320, 1292, 1405, 1309, 1287, 1373, 1337, 1473, 1299, 1358, 1520, 1400, 1191, 1322, 1377, 1489, 1343, 1388, 1452, 1287, 1379, 1327, 1374, 1255, 1527, 1408, 1406, 1447, 1384, 1455, 1365, 1251, 1330, 1303, 1308, 1307, 1315, 1351, 1462, 1317, 1386, 1251, 1328, 1371, 1259, 1391, 1235, 1262, 1394, 1276, 1469, 1321, 1181, 1403, 1306, 1317, 1270, 1383, 1297, 1307, 1318, 1353, 1370, 1506, 1221, 1243, 1353, 1407, 1511, 1396, 1223, 1343, 1340, 1384, 1315, 1341, 1290, 1349, 1389, 1260, 1201, 1367, 1349, 1303, 1450, 1349, 1284, 1379, 1136, 1501, 1367, 1341, 1332, 1233, 1255, 1439, 1265, 1364, 1238, 1188, 1354, 1333, 1287, 1312, 1202, 1331, 1280, 1274, 1278, 1436, 1190, 1367, 1319, 1412, 1230, 1235, 1367, 1436, 1322, 1235, 1453, 1328, 1275, 1289, 1252, 1355, 1355, 1127, 1261, 1329, 1329, 1227, 1530, 1230, 1419, 1418, 1375, 1309, 1225, 1259, 1478, 1277, 1221, 1457, 1455, 1384, 1287, 1406, 1326, 1312, 1445, 1352, 1328, 1277, 1348, 1223, 1256, 1388, 1313, 1271, 1307, 1328, 1293, 1502, 1213, 1406, 1397, 1551, 1444, 1336, 1342, 1211, 1464, 1457, 1380, 1392, 1432, 1430, 1234, 1308, 1492, 1488, 1340, 1421, 1218, 1447, 1272, 1320, 1303, 1463, 1294, 1191, 1275, 1360, 1426, 1282, 1367, 1429, 1318, 1254, 1303, 1261, 1529, 1228, 1445, 1414, 1456, 1375, 1174, 1314, 1458, 1488, 1356, 1349, 1269, 1285, 1338, 1312, 1275, 1347, 1310, 1279, 1315, 1455, 1414, 1318, 1524, 1228, 1313, 1271, 1466, 1232, 1424, 1334, 1451, 1276, 1338, 1278, 1330, 1205, 1239, 1380, 1366, 1404, 1413, 1367, 1441, 1302, 1325, 1341, 1427, 1267, 1428, 1301, 1279, 1570, 1258, 1296, 1335, 1329, 1298, 1303, 1267, 1376, 1455, 1511, 1380, 1433, 1446, 1415, 1305, 1514, 1234, 1410, 1356, 1511, 1396, 1340, 1457, 1537, 1491, 1296, 1404, 1374, 1314, 1400, 1356, 1419, 1321, 1364, 1345, 1351, 1168, 1426, 1268, 1360, 1405, 1370, 1347, 1272, 1335, 1414, 1333, 1327, 1504, 1294, 1248, 1311, 1242, 1489, 1422, 1365, 1302, 1361, 1276, 1414, 1286, 1352, 1366, 1344, 1442, 1515, 1296, 1374, 1369, 1214, 1275, 1387, 1280, 1408, 1356, 1373, 1364, 1248, 1292, 1460, 1392, 1287, 1359, 1268, 1223, 1362, 1405, 1327, 1267, 1343, 1275, 1342, 1491, 1390, 1456, 1399, 1406, 1359, 1243, 1240, 1470, 1411, 1406, 1594, 1466, 1264, 1314, 1280, 1327, 1420, 1146, 1473, 1308, 1358, 1407, 1382, 1327, 1370, 1256, 1136, 1328, 1361, 1461, 1299, 1213, 1292, 1306, 1119, 1123, 1168, 1303, 1357, 1332, 1371, 1245, 1311, 1597, 1314, 1511, 1257, 1329, 1316, 1392, 1206, 1308, 1406, 1343, 1504, 1357, 1331, 1400, 1252, 1356, 1390, 1198, 1286, 1408, 1251, 1379, 1319, 1270, 1372, 1476, 1257, 1153, 1176, 1340, 1287, 1459, 1392, 1370, 1223, 1282, 1302, 1280, 1303, 1359, 1319, 1252, 1305, 1338, 1297, 1236, 1348, 1273, 1322, 1327, 1398, 1340, 1328, 1331, 1408, 1284, 1310, 1385, 1222, 1327, 1359, 1256, 1300, 1393, 1439, 1386, 1368, 1397, 1306, 1417, 1391, 1226, 1443, 1308, 1308, 1524, 1347, 1305, 1567, 1264, 1395, 1407, 1321, 1363, 1200, 1230, 1462, 1284, 1348, 1239, 1357, 1362, 1239, 1272, 1316, 1364, 1515, 1425, 1349, 1411, 1383, 1283, 1403, 1386, 1235, 1290, 1376, 1325, 1299, 1395, 1382, 1282, 1369, 1427, 1331, 1222, 1289, 1282, 1320, 1307, 1544, 1338, 1338, 1324, 1315, 1390, 1334, 1270, 1323, 1332, 1375, 1333, 1381, 1281, 1341, 1396, 1297, 1390, 1384, 1416, 1221, 1336, 1209, 1426, 1268, 1268, 1338, 1357, 1332, 1411, 1315, 1199, 1346, 1275, 1300, 1253, 1301, 1488, 1376, 1311, 1299, 1345, 1301, 1363, 1391, 1410, 1375, 1356, 1236, 1480, 1230, 1259, 1255, 1330, 1468, 1358, 1472, 1304, 1261, 1455, 1456, 1162, 1387, 1263, 1325, 1426, 1469, 1280, 1260, 1317, 1350, 1377, 1382, 1431, 1398, 1175, 1247, 1420, 1428, 1315, 1388, 1468, 1453, 1473, 1132, 1157, 1477, 1293, 1479, 1387, 1438, 1526, 1485, 1362, 1357, 1263, 1214, 1402, 1398, 1163, 1332, 1507, 1405, 1330, 1376, 1340, 1360, 1321, 1543, 1428, 1369, 1342, 1416, 1433, 1423, 1300, 1403, 1256, 1528, 1231, 1373, 1371, 1234, 1220, 1276, 1228, 1337, 1422, 1396, 1387, 1410, 1285, 1211, 1406, 1142, 1317, 1349, 1460, 1432, 1196, 1209, 1143, 1520, 1291, 1403, 1384, 1287, 1444, 1335, 1349, 1418, 1287, 1310, 1497, 1271, 1505, 1341, 1328, 1291, 1404, 1493, 1427, 1325, 1236, 1366, 1454, 1264, 1431, 1308, 1282, 1307, 1358, 1383, 1445, 1644, 1368, 1342, 1572, 1321, 1330, 1255, 1273, 1366, 1362, 1253, 1320, 1280, 1363, 1348, 1118, 1359, 1409, 1294, 1311, 1340, 1213, 1382, 1344, 1324, 1352, 1267, 1419, 1404, 1284, 1450, 1451, 1172, 1162, 1362, 1343, 1279, 1301, 1456, 1359, 1234, 1444, 1274, 1393, 1336, 1380, 1392, 1394, 1290, 1313, 1339, 1389, 1375, 1236, 1300, 1399, 1439, 1215, 1386, 1298, 1346, 1291, 1264, 1378, 1360, 1372, 1327, 1304, 1303, 1284, 1477, 1393, 1388, 1464, 1168, 1355, 1242, 1377, 1281, 1310, 1316, 1323, 1409, 1521, 1309, 1292, 1392, 1269, 1408, 1468, 1361, 1414, 1208, 1388, 1374, 1239, 1479, 1428, 1271, 1352, 1191, 1235, 1324, 1308, 1264, 1321, 1390, 1359, 1187, 1326, 1322, 1285, 1326, 1289, 1538, 1343, 1405, 1185, 1311, 1351, 1430, 1228, 1132, 1402, 1328, 1371, 1396, 1418, 1398, 1390, 1322, 1509, 1395, 1345, 1216, 1393, 1276, 1327, 1172, 1501, 1374, 1463, 1346, 1361, 1229, 1350, 1470, 1358, 1228, 1463, 1341, 1391, 1452, 1233, 1275, 1290, 1286, 1279, 1395, 1465, 1369, 1506, 1390, 1479, 1232, 1293, 1382, 1267, 1338, 1258, 1383, 1270, 1387, 1287, 1319, 1351, 1268, 1424, 1333, 1428, 1251, 1313, 1391, 1319, 1282, 1398, 1294, 1347, 1419, 1325, 1390, 1353, 1361, 1276, 1388, 1261, 1426, 1341, 1385, 1465, 1253, 1366, 1368, 1470, 1379, 1203, 1314, 1483, 1458, 1253, 1306, 1368, 1436, 1255, 1316, 1372, 1439, 1346, 1271, 1355, 1431, 1357, 1339, 1353, 1271, 1382, 1292, 1385, 1336, 1186, 1346, 1407, 1272, 1411, 1335, 1229, 1288, 1384, 1343, 1351, 1324, 1384, 1366, 1479, 1318, 1213, 1540, 1415, 1502, 1370, 1350, 1343, 1340, 1274, 1352, 1302, 1409, 1338, 1329, 1485, 1360, 1257, 1321, 1420, 1218, 1463, 1446, 1336, 1408, 1222, 1335, 1425, 1469, 1297, 1353, 1419, 1345, 1273, 1447, 1366, 1350, 1406, 1389, 1305, 1188, 1299, 1225, 1365, 1361, 1297, 1400, 1352, 1355, 1309, 1324, 1434, 1354, 1236, 1341, 1419, 1309, 1294, 1293, 1221, 1361, 1380, 1377, 1436, 1262, 1451, 1391, 1351, 1383, 1334, 1225, 1276, 1307, 1336, 1404, 1199, 1371, 1354, 1271, 1368, 1345, 1312, 1380, 1216, 1280, 1487, 1238, 1300, 1384, 1444, 1318, 1154, 1308, 1410, 1274, 1331, 1155, 1421, 1230, 1233, 1357, 1316, 1334, 1307, 1319, 1375, 1448, 1269, 1401, 1413, 1425, 1271, 1342, 1250, 1475, 1311, 1350, 1344, 1349, 1374, 1360, 1352, 1419, 1495, 1311, 1317, 1430, 1389, 1295, 1307, 1309, 1289, 1375, 1413, 1326, 1277, 1346, 1449, 1410, 1301, 1517, 1311, 1400, 1337, 1361, 1373, 1266, 1249, 1486, 1287, 1481, 1331, 1433, 1291, 1264, 1394, 1422, 1405, 1340, 1396, 1246, 1325, 1361, 1411, 1343, 1376, 1322, 1340, 1163, 1260, 1425, 1371, 1315, 1423, 1325, 1439, 1255, 1397, 1321, 1233, 1316, 1384, 1298, 1227, 1355, 1353, 1382, 1256, 1339, 1347, 1393, 1429, 1375, 1258, 1308, 1411, 1359, 1344, 1384, 1311, 1268, 1179, 1326, 1349, 1331, 1538, 1312, 1402, 1344, 1357, 1327, 1373, 1394, 1429, 1323, 1295, 1387, 1396, 1278, 1309, 1267, 1426, 1312, 1202, 1308, 1268, 1438, 1236, 1150, 1325, 1334, 1370, 1238, 1356, 1368, 1147, 1481, 1325, 1325, 1347, 1378, 1225, 1339, 1526, 1441, 1273, 1330, 1508, 1381, 1211, 1355, 1454, 1361, 1475, 1403, 1363, 1424, 1346, 1375, 1392, 1396, 1328, 1321, 1221, 1435, 1383, 1488, 1321, 1295, 1270, 1517, 1386, 1273, 1336, 1457, 1302, 1500, 1468, 1379, 1283, 1422, 1425, 1129, 1396, 1323, 1395, 1506, 1214, 1318, 1415, 1303, 1469, 1302, 1333, 1161, 1342, 1419, 1356, 1329, 1345, 1486, 1315, 1412, 1525, 1334, 1423, 1273, 1395, 1302, 1426, 1321, 1375, 1163, 1373, 1376, 1240, 1372, 1446, 1385, 1291, 1354, 1242, 1470, 1342, 1335, 1426, 1477, 1447, 1334, 1447, 1415, 1395, 1306, 1441, 1226, 1336, 1366, 1337, 1468, 1498, 1359, 1391, 1250, 1419, 1468, 1497, 1267, 1376, 1272, 1383, 1512, 1347, 1367, 1372, 1360, 1348, 1466, 1316, 1359, 1351, 1319, 1361, 1332, 1198, 1439, 1436, 1229, 1474, 1405, 1409, 1479, 1242, 1395, 1194, 1188, 1300, 1366, 1332, 1203, 1292, 1429, 1254, 1451, 1486, 1359, 1297, 1074, 1361, 1343, 1328, 1418, 1442, 1328, 1314, 1413, 1262, 1519, 1327, 1301, 1269, 1406, 1300, 1372, 1304, 1436, 1423, 1352, 1413, 1270, 1251, 1419, 1347, 1345, 1388, 1322, 1386, 1201, 1463, 1434, 1442, 1486, 1268, 1427, 1391, 1434, 1287, 1389, 1281, 1312, 1257, 1258, 1370, 1214, 1328, 1434, 1280, 1418, 1373, 1381, 1314, 1382, 1428, 1383, 1339, 1364, 1229, 1334, 1323, 1358, 1467, 1383, 1298, 1334, 1311, 1215, 1315, 1411, 1360, 1366, 1365, 1428, 1328, 1270, 1347, 1402, 1364, 1195, 1400, 1366, 1308, 1417, 1425, 1334, 1320, 1236, 1356, 1401, 1372, 1322, 1346, 1449, 1393, 1419, 1388, 1462, 1458, 1584, 1469, 1382, 1257, 1395, 1359, 1317, 1284, 1343, 1316, 1221, 1380, 1350, 1263, 1424, 1356, 1319, 1257, 1271, 1253, 1303, 1362, 1338, 1399, 1506, 1408, 1367, 1352, 1305, 1396, 1371, 1440, 1312, 1269, 1318, 1245, 1279, 1274]

[btf]
  Promedio : 2342.0s
  Desvío   : 106.0s
  IC 95%   : [2339.0s, 2344.9s]
  Mínimo   : 1869s
  Máximo   : 2728s
  Tiempos  : [2595, 2385, 2498, 2420, 2193, 2335, 2396, 2444, 2126, 2425, 2357, 2256, 2542, 2207, 2226, 2438, 2262, 2412, 2273, 2426, 2176, 2321, 2314, 2329, 2281, 2210, 2390, 2375, 2175, 2271, 2408, 2495, 2519, 2448, 2267, 2230, 2325, 2277, 2240, 2238, 2322, 2269, 2435, 2116, 2358, 2239, 2243, 2297, 2242, 2440, 2326, 2255, 2346, 2227, 2294, 2340, 2506, 2242, 2414, 2364, 2185, 2381, 2390, 2291, 2324, 2379, 2377, 2437, 2226, 2100, 2396, 2337, 2191, 2444, 2480, 2374, 2368, 2326, 2016, 2383, 2284, 2246, 2470, 2200, 2344, 2254, 2352, 2246, 2281, 2405, 2446, 2306, 2341, 2322, 2309, 2397, 2288, 2476, 2466, 2284, 2334, 2180, 2326, 2497, 2501, 2319, 2435, 2227, 2281, 2562, 2386, 2377, 2345, 2457, 2422, 2442, 2368, 2336, 2270, 2449, 2268, 2389, 2507, 2357, 2212, 2272, 2339, 2435, 2269, 2416, 2294, 2262, 2265, 2257, 2450, 2310, 2471, 2260, 2360, 2280, 2333, 2359, 2250, 2138, 2429, 2491, 2357, 2438, 2325, 2276, 2326, 2340, 2420, 2202, 2402, 2336, 2385, 2302, 2375, 2431, 2164, 2278, 2367, 2231, 2420, 2307, 2155, 2470, 2180, 2376, 2378, 2505, 2340, 2257, 2332, 2535, 2350, 2308, 2393, 2325, 2343, 2325, 2286, 2336, 2511, 2424, 2412, 2370, 2478, 2291, 2519, 2412, 2315, 2288, 2281, 2405, 2279, 2316, 2435, 2363, 2360, 2323, 2314, 2288, 2455, 2363, 2369, 2348, 2595, 2265, 2347, 2263, 2480, 2348, 2194, 2366, 2336, 2334, 2095, 2311, 2262, 2390, 2407, 2104, 2498, 2514, 2298, 2208, 2499, 2394, 2399, 2370, 2347, 2376, 2396, 2514, 2236, 2506, 2274, 2229, 2357, 2423, 2328, 2523, 2244, 2468, 2252, 2316, 2409, 2567, 2207, 2256, 2309, 2401, 2503, 2386, 2516, 2245, 2411, 2208, 2478, 2317, 2334, 2341, 2370, 2489, 2366, 2253, 2311, 2463, 2394, 2339, 2370, 2208, 2277, 2290, 2385, 2350, 2242, 2300, 2232, 2695, 2278, 2398, 2035, 2326, 2192, 2208, 2260, 2373, 2388, 2218, 2362, 2302, 2310, 2428, 2390, 2332, 2463, 2154, 2195, 2394, 2399, 2292, 2279, 2389, 2351, 2385, 2471, 2266, 2429, 2561, 2449, 2316, 2372, 2394, 2453, 2323, 2169, 2459, 2405, 2385, 2439, 2262, 2416, 2581, 2381, 2426, 2289, 2328, 2392, 2303, 2268, 2334, 2353, 2365, 2107, 2286, 2395, 2373, 2355, 2361, 2145, 2498, 2515, 2286, 2476, 2429, 2340, 2207, 2507, 2338, 2328, 2285, 2228, 2371, 2324, 2145, 2254, 2171, 2259, 2256, 2128, 2388, 2261, 2285, 2319, 2452, 2332, 2324, 2506, 2377, 2469, 2363, 2206, 2362, 2443, 2346, 2283, 2338, 2248, 2487, 2389, 2387, 2181, 2363, 2321, 2448, 2420, 2298, 2426, 2333, 2364, 2252, 2463, 2170, 2306, 2214, 2151, 2377, 2369, 2177, 2309, 2449, 2191, 2238, 2328, 2362, 2352, 2221, 2460, 2352, 2129, 2569, 2320, 2380, 2421, 2227, 2214, 2441, 2350, 2478, 2370, 2489, 2269, 2286, 2375, 2431, 2173, 2386, 2381, 2361, 2247, 2210, 2356, 2341, 2302, 2269, 2399, 2595, 2322, 2415, 2295, 2352, 2393, 2421, 2274, 2334, 2375, 2207, 2364, 2266, 2312, 2367, 2238, 2325, 2379, 2373, 2096, 2317, 2404, 2367, 2356, 2270, 2312, 2284, 2142, 2541, 2368, 2427, 2312, 2278, 2311, 2288, 2190, 2223, 2414, 2244, 2392, 2355, 2326, 2333, 2235, 2381, 2287, 2571, 2431, 2324, 2379, 2379, 2396, 2310, 2220, 2399, 2292, 2401, 2287, 2342, 2314, 2102, 2101, 2367, 2365, 2336, 2341, 2105, 2311, 2412, 2282, 2523, 2391, 2285, 2285, 2203, 2423, 2240, 2351, 2110, 2237, 2273, 2520, 2195, 2340, 2157, 2401, 2380, 2580, 2430, 2414, 2421, 2254, 2289, 2275, 2143, 2394, 2352, 2271, 2273, 2326, 2305, 2314, 2420, 2400, 2334, 2412, 2387, 2586, 2331, 2291, 2474, 2286, 2332, 2446, 2278, 2413, 2216, 2435, 2487, 2344, 2179, 2446, 2265, 2442, 2287, 2414, 2204, 2403, 2412, 2384, 2289, 2395, 2470, 2326, 2390, 2477, 2173, 2374, 2444, 2257, 2440, 2306, 2536, 2313, 2525, 2309, 2389, 2366, 2159, 2369, 2281, 2310, 2269, 2356, 2140, 2207, 2333, 2417, 2173, 2174, 2439, 2304, 2371, 2334, 2438, 2259, 2349, 2415, 2183, 2410, 2236, 2324, 2306, 2421, 2317, 2296, 2344, 2175, 2312, 2366, 2263, 2174, 2306, 2405, 2543, 2315, 2378, 2230, 2576, 2363, 2412, 2284, 2066, 2266, 2238, 2340, 2269, 2475, 2244, 2282, 2262, 2336, 2328, 2329, 2515, 2166, 2377, 2232, 2397, 2319, 2428, 2456, 2235, 2074, 2469, 2456, 2292, 2382, 2153, 2425, 2406, 2288, 2602, 2320, 2401, 2215, 2177, 2371, 2313, 2340, 2556, 2276, 2406, 2346, 2460, 2184, 2310, 2091, 2405, 2177, 2062, 2176, 2345, 2453, 2369, 2375, 2340, 2535, 2503, 2303, 2217, 2133, 2448, 2147, 2219, 2381, 2410, 2400, 2351, 2313, 2287, 2333, 2340, 2158, 2509, 2408, 2325, 2296, 2300, 2382, 2363, 2456, 2243, 2481, 2441, 2392, 2477, 2351, 2241, 2417, 2181, 2326, 2627, 2511, 2394, 2377, 2166, 2413, 2473, 2302, 2275, 2289, 2388, 2386, 2585, 2426, 2480, 2473, 2290, 2328, 2323, 2239, 2334, 2532, 2422, 2399, 2461, 2322, 2272, 2221, 2359, 2321, 2396, 2289, 2446, 2459, 2469, 2376, 2291, 2214, 2174, 2483, 2388, 2398, 2417, 2498, 2414, 2400, 2331, 2303, 2500, 2139, 2275, 2497, 2282, 2444, 2249, 2404, 2281, 2385, 2450, 2182, 2268, 2386, 2238, 2293, 2385, 2290, 2505, 2227, 2341, 2348, 2193, 2310, 2262, 2318, 2422, 2351, 2324, 2229, 2343, 2383, 2231, 2389, 2296, 2327, 2340, 2344, 2426, 2296, 2520, 2149, 2150, 2373, 2345, 2412, 2439, 2404, 2329, 2365, 2684, 2354, 2485, 2416, 2375, 2399, 2410, 2261, 2499, 2416, 2436, 2395, 2250, 2602, 2296, 2335, 2412, 2453, 2382, 2206, 2401, 2178, 2410, 2335, 2212, 2236, 2344, 2285, 2359, 2451, 2273, 2573, 2332, 2349, 2456, 2297, 2303, 2351, 2246, 2249, 2478, 2315, 2323, 2296, 2325, 2455, 2267, 2241, 2516, 2625, 2322, 2270, 2395, 2140, 2478, 2219, 2323, 2140, 2364, 2251, 2402, 2410, 2307, 2249, 2418, 2426, 2551, 2501, 2392, 2267, 2316, 2374, 2347, 2423, 2216, 2446, 2135, 2367, 2427, 2365, 2294, 2114, 2197, 2334, 2421, 2298, 2350, 2344, 2422, 2270, 2331, 2220, 2310, 2170, 2318, 2514, 2252, 2451, 2481, 2375, 2418, 2246, 2456, 2515, 2214, 2418, 2167, 2267, 2504, 2434, 2391, 2339, 2258, 2274, 2339, 2286, 2263, 2404, 2288, 2405, 2355, 2154, 2254, 2299, 2213, 2153, 2387, 2398, 2124, 2344, 2151, 2382, 2407, 2110, 2381, 2342, 2167, 2420, 2486, 2331, 2126, 2447, 2323, 2391, 2369, 2187, 2295, 2401, 2519, 2505, 2194, 2479, 2368, 2408, 2265, 2234, 2288, 2480, 2361, 2062, 2316, 2402, 2430, 2335, 2361, 2356, 2364, 2461, 2441, 2355, 2308, 2459, 2356, 2421, 2401, 2448, 2126, 2388, 2193, 2223, 2312, 2411, 2461, 2532, 2179, 2383, 2337, 2362, 2317, 2584, 2255, 2247, 2381, 2200, 2422, 2271, 2228, 2337, 2325, 2418, 2270, 2459, 2060, 2484, 2316, 2447, 2351, 2399, 2380, 2341, 2388, 2297, 2273, 2354, 2525, 2468, 2429, 2197, 2393, 2312, 2376, 2464, 2334, 2252, 2274, 2384, 2203, 2224, 2357, 2599, 2398, 2476, 2116, 2280, 2363, 2165, 1995, 2475, 2261, 2403, 2178, 2560, 2301, 2430, 2459, 2540, 2445, 2302, 2354, 2291, 2305, 2358, 2268, 2448, 2298, 2310, 2320, 2291, 2366, 2332, 2178, 2257, 2268, 2597, 2342, 2347, 2343, 2362, 2254, 1982, 2367, 2301, 2512, 2381, 2306, 2200, 2612, 2384, 2540, 2343, 2388, 2312, 2295, 2408, 2368, 2309, 2325, 2363, 2421, 2514, 2387, 2392, 2344, 2206, 2526, 2572, 2358, 2436, 2180, 2243, 2093, 2275, 2442, 2291, 2251, 2367, 2373, 2335, 2214, 2276, 2384, 2296, 2331, 2451, 2462, 2447, 2419, 2238, 2300, 2314, 2364, 2383, 2327, 2258, 2220, 2418, 2369, 2074, 2382, 2201, 2342, 2574, 2334, 2331, 2343, 2201, 2439, 2336, 2388, 2395, 2302, 2270, 2396, 2283, 2359, 2170, 2297, 2310, 2375, 2366, 2468, 2291, 2313, 2280, 2390, 2244, 2385, 2335, 2402, 2437, 2214, 2395, 2343, 2476, 2426, 2377, 2488, 2216, 2525, 2325, 2363, 2509, 2419, 2265, 2342, 2533, 2376, 2463, 2423, 2171, 2400, 2399, 2226, 2276, 2230, 2388, 2372, 2094, 2196, 2356, 2206, 2327, 2284, 2399, 2406, 2469, 2238, 2406, 2260, 2296, 2393, 2273, 2593, 2323, 2238, 2324, 2371, 2413, 2476, 2408, 2277, 2361, 2381, 2298, 2210, 2057, 2192, 2429, 2354, 2483, 2398, 2360, 2437, 2181, 2276, 2331, 2308, 2296, 2372, 2273, 2323, 2497, 2407, 2181, 2435, 2364, 2468, 2462, 2174, 2167, 2041, 2549, 2207, 2440, 2408, 2338, 2273, 2412, 2377, 2210, 2148, 2417, 2417, 2347, 2366, 2428, 2369, 2433, 2348, 2357, 2390, 2282, 2284, 2365, 2264, 2178, 2374, 2211, 2244, 2399, 2333, 2397, 2314, 2439, 2289, 2451, 2267, 2290, 2343, 2150, 2134, 2403, 2192, 2370, 2375, 2242, 2373, 2401, 2275, 2458, 2365, 2432, 2277, 2235, 2528, 2567, 2316, 2335, 2356, 2228, 2454, 2354, 2422, 2353, 2508, 2368, 2428, 2426, 2292, 2236, 2523, 2446, 2305, 2306, 2451, 2183, 2393, 2502, 2338, 2389, 2294, 2335, 2342, 2254, 2281, 2346, 2339, 2329, 2317, 2545, 2458, 2442, 2387, 2348, 2264, 2433, 2435, 2271, 2157, 2340, 2345, 2422, 2179, 2300, 2352, 2433, 2459, 2286, 2503, 2629, 2385, 2706, 2321, 2291, 2273, 2300, 2239, 2534, 2374, 2466, 2333, 2448, 2613, 2374, 2355, 2314, 2350, 2203, 2224, 2408, 2433, 2353, 2293, 2298, 2278, 2498, 2088, 2457, 2278, 2258, 2285, 2273, 2134, 2421, 2325, 2146, 2438, 2477, 2276, 2340, 2385, 2249, 2431, 2227, 2438, 2262, 2396, 2386, 2256, 2186, 2427, 2186, 2344, 2215, 2328, 2356, 2369, 2373, 2280, 2427, 2383, 2492, 2327, 2403, 2331, 2421, 2404, 2381, 2236, 2246, 2396, 2377, 2547, 2221, 2203, 2397, 2378, 2366, 2541, 2401, 2176, 2311, 2346, 2076, 2189, 2144, 2361, 2377, 2020, 2512, 2441, 2286, 2316, 2320, 2167, 2247, 2534, 2266, 2515, 2123, 2457, 2476, 2306, 2587, 2368, 2331, 2211, 2067, 2279, 2428, 2434, 2138, 2375, 2242, 2344, 2531, 2327, 2377, 2443, 2260, 2514, 2295, 2300, 2205, 2320, 2198, 2412, 2313, 2313, 2492, 2401, 2262, 2383, 2255, 2521, 2274, 2257, 2292, 2337, 2367, 2264, 2438, 2173, 2327, 2223, 2305, 2325, 2290, 2431, 2388, 2225, 2455, 2350, 2381, 2307, 2458, 2337, 2345, 2437, 2253, 2449, 2235, 2176, 2410, 2181, 2162, 2366, 2528, 2420, 2369, 2383, 2463, 2361, 2501, 2391, 2299, 2356, 2416, 2413, 2226, 2137, 2377, 2497, 2206, 2299, 2469, 2396, 2331, 2343, 2341, 2387, 2407, 2314, 2159, 2212, 2486, 2299, 2384, 2132, 2443, 1869, 2306, 2209, 2282, 2435, 2383, 2446, 2315, 2348, 2413, 2079, 2624, 2468, 2358, 2365, 2349, 2251, 2556, 2223, 2359, 2248, 2348, 2389, 2459, 2367, 2216, 2308, 2189, 2450, 2389, 2352, 2471, 2333, 2415, 2412, 2508, 2232, 2455, 2383, 2522, 2411, 2187, 2581, 2464, 2306, 2285, 2117, 2117, 2258, 2438, 2437, 2378, 2298, 2267, 2334, 2427, 2245, 2233, 2309, 2341, 2335, 2582, 2277, 2413, 2407, 2215, 2450, 2479, 2540, 2261, 2256, 2190, 2245, 2400, 2337, 2400, 2179, 2490, 2444, 2323, 2398, 2226, 2418, 2348, 2558, 2254, 2304, 2144, 2518, 2323, 2421, 2192, 2487, 2498, 2560, 2446, 2329, 2211, 2305, 2217, 2476, 2347, 2346, 2365, 2383, 2269, 2356, 2330, 2346, 2444, 2421, 2448, 2406, 2283, 2490, 2343, 2323, 2485, 2353, 2208, 2290, 2404, 2392, 2561, 2517, 2366, 2267, 2291, 2468, 2421, 2099, 2158, 2555, 2453, 2284, 2192, 2303, 2338, 2246, 2398, 2462, 2335, 2330, 2399, 2265, 2473, 2393, 2231, 2174, 2142, 2308, 2463, 2621, 2359, 2501, 2261, 2190, 2133, 2455, 2322, 2397, 2259, 2257, 2456, 2451, 2550, 2190, 2415, 2269, 2271, 2378, 2351, 2459, 2251, 2445, 2327, 2324, 2232, 2284, 2275, 2571, 2315, 2336, 2369, 2268, 2418, 2299, 2500, 2335, 2358, 2485, 2564, 2206, 2355, 2165, 2240, 2357, 2322, 2262, 2398, 2375, 2478, 2261, 2432, 2446, 2299, 2490, 2159, 2345, 2254, 2263, 2414, 2457, 2388, 2339, 2374, 2134, 2266, 2185, 2285, 2378, 2474, 2394, 2143, 2397, 2506, 2203, 2263, 2347, 2376, 2420, 2355, 2406, 2263, 2168, 2424, 2403, 2479, 2506, 2562, 2288, 2303, 2425, 2308, 2402, 2492, 2333, 2260, 2466, 2269, 2336, 2380, 2192, 2307, 2169, 2353, 2106, 2419, 2365, 2432, 2432, 2277, 2348, 2392, 2303, 2497, 2282, 2171, 2348, 2146, 2468, 2244, 2390, 2387, 2156, 2370, 2275, 2289, 2491, 2207, 2527, 2438, 2453, 2163, 2359, 2300, 2295, 2198, 2338, 2508, 2182, 2425, 2260, 2433, 2327, 2437, 2306, 2397, 2408, 2451, 2321, 2414, 2511, 2345, 2276, 2363, 2463, 2281, 2455, 2430, 2381, 2337, 2520, 2292, 2231, 2439, 2410, 2463, 2368, 2381, 2330, 2382, 2274, 2434, 2194, 2535, 2465, 2482, 2477, 2407, 2501, 2261, 2473, 2330, 2459, 2278, 2264, 2301, 2656, 2351, 2269, 2317, 2491, 2291, 2271, 2268, 2228, 2365, 2451, 2349, 2374, 2265, 2354, 2365, 2441, 2494, 2423, 2501, 2378, 2444, 2034, 2276, 2404, 2286, 2357, 2446, 2451, 2364, 2210, 2504, 2274, 2268, 2307, 2500, 2319, 2367, 2252, 2181, 2315, 2344, 2303, 2333, 2471, 2370, 2428, 2178, 2414, 2420, 2322, 2421, 2444, 2428, 2533, 2385, 2270, 2232, 2492, 2257, 2149, 2288, 2326, 2535, 2284, 2214, 2358, 2408, 2571, 2445, 2482, 2351, 2415, 2414, 2324, 2412, 2367, 2269, 2188, 2292, 2396, 2177, 2310, 2190, 2361, 2352, 2203, 2147, 2418, 2450, 2399, 2261, 2404, 2405, 2277, 2378, 2147, 2344, 2298, 2439, 2338, 2343, 2334, 2397, 2361, 2385, 2376, 2379, 2078, 2568, 2560, 2336, 2219, 2283, 2497, 2376, 2269, 2275, 2348, 2410, 2366, 2277, 2520, 2332, 2261, 2406, 2303, 2258, 2443, 2393, 2366, 2368, 2297, 2239, 2289, 2181, 2031, 2301, 2462, 2313, 2489, 2458, 2213, 2320, 2361, 2258, 2351, 2400, 2334, 2188, 2298, 2323, 2285, 2310, 2209, 2307, 2285, 2352, 2429, 2255, 2216, 2213, 2363, 2308, 2342, 2242, 2337, 2482, 2332, 2529, 2399, 2172, 2142, 2394, 2244, 2245, 2280, 2237, 2387, 2478, 2058, 2470, 2180, 2413, 2333, 2437, 2263, 2485, 2227, 2229, 2384, 2182, 2350, 2400, 2529, 2347, 2346, 2372, 2422, 2478, 2291, 2187, 2120, 2284, 2289, 2436, 2252, 2246, 2395, 2412, 2550, 2376, 2516, 2265, 2289, 2249, 2394, 2443, 2395, 2350, 2334, 2374, 2278, 2278, 2255, 2354, 2352, 2360, 2585, 2186, 2360, 2387, 2260, 2300, 2220, 2302, 2554, 2498, 2278, 2437, 2386, 2175, 2402, 2338, 2327, 2249, 2180, 2253, 2372, 2437, 2370, 2346, 2419, 2244, 2454, 2386, 2519, 2259, 2366, 2482, 2142, 2099, 2337, 2304, 2298, 2142, 2468, 2436, 2398, 2388, 2480, 2395, 2312, 2548, 2243, 2266, 2469, 2427, 2433, 2203, 2210, 2490, 2445, 2158, 2409, 2467, 2455, 2249, 2148, 2089, 2324, 2372, 2309, 2478, 2280, 2376, 2344, 2311, 2314, 2273, 2486, 2431, 2334, 2412, 2281, 2151, 2291, 2267, 2277, 2301, 2455, 2608, 2320, 2443, 2303, 2544, 2344, 2491, 2377, 2370, 2240, 2222, 2247, 2372, 2158, 2182, 2452, 2404, 2284, 2297, 2434, 2450, 2290, 2440, 2289, 2261, 2367, 2266, 2427, 2423, 2280, 2278, 2247, 2323, 2237, 2322, 2271, 2398, 2442, 2504, 2296, 2230, 2320, 2501, 2373, 2369, 2271, 2273, 2385, 2248, 2491, 2389, 2280, 2442, 2256, 2294, 2375, 2191, 2435, 2369, 2501, 2362, 2168, 2227, 2175, 2315, 2468, 2319, 2320, 2328, 2364, 2253, 2466, 2496, 2502, 2177, 2298, 2350, 2587, 2345, 2231, 2428, 2534, 2208, 2413, 2160, 2351, 2431, 2309, 2315, 2601, 2412, 2276, 2195, 2388, 2326, 2371, 2028, 2426, 2233, 2372, 2448, 2406, 2503, 2562, 2432, 2404, 2410, 2295, 2325, 2383, 2190, 2340, 2111, 2288, 2325, 2418, 2365, 2350, 2117, 2408, 2383, 2426, 2453, 2423, 2370, 2354, 2326, 2111, 2257, 2209, 2562, 2242, 2419, 2297, 2448, 2215, 2350, 2269, 2284, 2339, 2287, 2364, 2336, 2463, 2296, 2246, 2302, 2299, 2386, 2520, 2436, 2355, 2285, 2440, 2375, 2362, 2174, 2454, 2117, 2300, 2205, 2508, 2348, 2400, 2328, 2248, 2150, 2393, 2302, 2342, 2310, 2314, 2338, 2204, 2494, 2402, 2264, 2527, 2296, 2354, 2071, 2347, 2175, 2352, 2227, 2376, 2349, 2378, 2312, 2410, 2407, 2180, 2359, 2327, 2277, 2348, 2479, 2209, 2279, 2228, 2424, 2040, 2519, 2256, 2184, 2103, 2398, 2285, 2320, 2293, 2249, 2211, 2491, 2255, 2445, 2436, 2391, 2466, 2433, 2270, 2219, 2418, 2346, 2354, 2215, 2397, 2383, 2360, 2311, 2473, 2349, 2271, 2327, 2418, 2415, 2300, 2331, 2399, 2315, 2477, 2369, 2398, 2117, 2501, 2398, 2233, 2263, 2391, 2304, 2366, 2422, 2313, 2373, 2411, 2458, 2364, 2370, 2464, 2248, 2219, 2349, 2360, 2535, 2221, 2493, 2086, 2434, 2415, 2313, 2369, 2207, 2374, 2308, 2320, 2259, 2305, 2597, 2404, 2301, 2367, 2318, 2451, 2372, 2348, 2384, 2344, 2327, 2350, 2176, 2374, 2216, 2400, 2338, 2276, 2461, 2290, 2191, 2442, 2316, 2309, 2425, 2293, 2320, 2194, 2351, 2167, 2374, 2346, 2415, 2368, 2447, 2287, 2418, 2335, 2264, 2362, 2464, 2241, 2412, 2414, 2300, 2357, 2391, 2272, 2436, 2508, 2384, 2488, 2233, 2418, 2331, 2530, 2475, 2480, 2197, 2033, 2438, 2420, 2253, 2256, 2246, 2344, 2561, 2433, 2197, 2250, 2266, 2552, 2391, 2433, 2277, 2405, 2306, 2342, 2319, 2373, 2393, 2328, 2263, 2401, 2304, 2234, 2292, 2386, 2306, 2281, 2392, 2247, 2466, 2508, 2418, 2296, 2414, 2147, 2474, 2377, 2377, 2414, 2281, 2407, 2282, 2197, 2333, 2432, 2168, 2202, 2246, 2325, 2418, 2150, 2394, 2431, 2335, 2404, 2532, 2316, 2311, 2352, 2366, 2101, 2198, 2266, 2492, 2506, 2356, 2343, 2559, 2314, 2248, 2270, 2339, 2368, 2346, 2311, 2396, 2408, 2369, 2225, 2355, 2123, 2360, 2180, 2401, 2268, 2326, 2377, 2346, 2520, 2485, 2136, 2246, 2352, 2334, 2362, 2373, 2390, 2402, 2464, 2556, 2287, 2380, 2418, 2137, 2253, 2416, 2136, 2107, 2388, 2448, 2331, 2345, 2268, 2330, 2202, 2427, 2461, 2251, 2338, 2287, 2177, 2448, 2364, 2310, 2336, 2357, 2332, 2512, 2464, 2309, 2283, 2336, 2401, 2321, 2210, 2336, 2314, 2540, 2545, 2363, 2372, 2359, 2388, 2333, 2352, 2346, 2296, 2353, 2390, 2367, 2216, 2193, 2404, 2418, 2231, 2406, 2282, 2299, 2316, 2321, 2235, 2230, 2386, 2389, 2155, 2572, 2452, 2423, 2475, 2221, 2428, 2187, 2250, 2361, 2145, 2389, 2202, 2416, 2181, 2574, 2393, 2357, 2501, 2468, 2235, 2360, 2406, 2282, 2325, 2395, 2229, 2242, 2126, 2359, 2288, 2450, 2289, 2471, 2474, 2256, 2346, 2420, 2333, 2083, 2347, 2451, 2394, 2233, 2447, 2398, 2423, 2437, 2397, 2503, 2343, 2130, 2294, 2376, 2309, 2249, 2245, 2381, 2184, 2451, 2238, 2294, 2407, 2127, 2375, 2256, 2311, 2536, 1921, 2212, 2257, 2426, 2179, 2272, 2420, 2394, 2281, 2159, 2276, 2465, 2251, 2316, 2445, 2434, 2260, 2305, 2343, 2444, 2323, 2308, 2332, 2492, 2201, 2272, 2306, 2402, 2167, 2178, 2378, 2320, 2291, 2191, 2155, 2271, 2159, 2360, 2339, 2292, 2356, 2380, 2390, 2413, 2432, 2207, 2313, 2196, 2273, 2404, 2031, 2315, 2271, 2470, 2277, 2354, 2332, 2203, 2290, 2367, 2258, 2313, 2403, 2306, 2302, 2292, 2259, 2373, 2363, 2388, 2388, 2383, 2406, 2246, 2388, 2230, 2176, 2305, 2513, 2443, 2374, 2399, 2340, 2185, 2347, 2325, 2121, 2249, 2431, 2296, 2266, 2443, 2223, 2516, 2373, 2458, 2469, 2493, 2307, 2478, 2339, 2268, 2134, 2269, 2451, 2302, 2049, 2477, 2383, 2243, 2199, 2386, 2337, 2366, 2152, 2478, 2313, 2494, 2284, 2414, 2188, 2316, 2467, 2219, 2476, 2288, 2415, 2383, 2305, 2334, 2333, 2299, 2326, 2338, 2327, 2183, 2365, 2401, 2128, 2369, 2445, 2314, 2326, 2319, 2483, 2423, 2407, 2435, 2446, 2450, 2398, 2391, 2323, 2367, 2161, 2218, 2145, 2273, 2452, 2442, 2297, 2197, 2143, 2345, 2322, 2048, 2427, 2369, 2343, 2416, 2529, 2377, 2360, 2370, 2415, 2293, 2263, 2332, 2567, 2189, 2257, 2501, 2375, 2246, 2257, 2361, 2293, 2455, 2402, 2259, 2303, 2358, 2257, 2564, 2213, 2374, 2306, 2233, 2390, 2371, 2247, 2512, 2288, 2466, 2394, 2358, 2296, 2242, 2448, 2377, 2183, 2258, 2183, 2210, 2499, 2384, 2379, 2312, 2376, 2158, 2287, 2281, 2349, 2422, 2392, 2272, 2416, 2372, 2238, 2204, 2227, 2503, 2271, 2288, 2318, 2502, 2196, 2367, 2413, 2355, 2433, 2279, 2436, 2253, 2470, 2361, 2317, 2370, 2511, 2308, 2528, 2370, 2149, 2563, 2388, 2376, 2351, 2318, 2323, 2226, 2337, 2378, 2412, 2129, 2522, 2304, 2304, 2331, 2405, 2287, 2280, 2500, 2373, 2389, 2342, 2375, 2376, 2487, 2328, 2371, 2512, 2425, 2337, 2323, 2420, 2232, 2416, 2474, 2288, 2457, 2515, 2361, 2160, 2508, 2203, 2489, 2266, 2443, 2351, 2466, 2375, 2394, 2435, 2253, 2334, 2490, 2308, 2386, 2290, 2507, 2260, 2336, 2434, 2294, 2277, 2479, 2387, 2239, 2542, 2304, 2421, 2248, 2458, 2518, 2576, 2581, 2338, 2323, 2379, 2454, 2199, 2431, 2365, 2348, 2371, 2232, 2370, 2309, 2275, 2289, 2322, 2391, 2315, 2304, 2415, 2306, 2469, 2463, 2316, 2296, 2359, 2229, 2210, 2487, 2482, 2335, 2612, 2283, 2478, 2252, 2292, 2297, 2357, 2435, 2205, 2150, 2452, 2320, 2326, 2251, 2268, 2218, 2302, 2378, 2297, 2436, 2298, 2298, 2354, 2413, 2247, 2377, 2377, 2331, 2343, 2391, 2124, 2329, 2290, 2246, 2294, 2322, 2395, 2279, 2318, 2427, 2294, 2482, 2373, 2357, 2418, 2358, 2305, 2333, 2126, 2339, 2564, 2510, 2317, 2260, 2213, 2301, 2160, 2271, 2408, 2463, 2387, 2301, 2481, 2375, 2445, 2205, 2436, 2260, 2446, 2315, 2199, 2352, 2141, 2583, 2257, 2520, 2315, 2300, 2374, 2405, 2383, 2187, 2161, 2317, 2269, 2114, 2374, 2236, 2445, 2308, 2482, 2202, 2569, 2334, 2273, 2372, 2412, 2441, 2376, 2134, 2363, 2424, 2326, 2325, 2436, 2492, 2326, 2369, 2408, 2419, 2019, 2426, 2303, 2254, 2317, 2348, 2338, 2381, 2264, 2228, 2178, 2327, 2423, 2425, 2361, 2308, 2412, 2430, 2422, 2272, 2265, 2513, 2222, 2569, 2119, 2333, 2498, 2479, 2138, 2248, 2255, 2379, 2239, 2415, 2428, 2292, 2432, 2261, 2447, 2390, 2321, 2310, 2431, 2372, 2407, 2414, 2337, 2439, 2369, 2268, 2096, 2423, 2344, 2421, 2483, 2387, 2398, 2349, 2317, 2316, 2345, 2136, 2202, 2306, 2418, 2287, 2197, 2371, 2401, 2293, 2382, 2388, 2447, 2241, 2491, 2215, 2193, 2360, 2299, 2563, 2500, 2173, 2412, 2329, 2488, 2322, 2529, 2519, 2334, 2244, 2540, 2248, 2198, 2360, 2380, 2387, 2430, 2374, 2527, 2442, 2369, 2442, 2380, 2162, 2428, 2253, 2413, 2320, 2272, 2296, 2271, 2458, 2524, 2359, 2425, 2377, 2482, 2328, 2219, 2379, 2371, 2416, 2389, 2255, 2414, 2290, 2281, 2434, 2385, 2463, 2166, 2483, 2315, 2269, 2439, 2391, 2394, 2325, 2302, 2402, 2280, 2317, 2342, 2594, 2332, 2239, 2356, 2262, 2142, 2260, 2307, 2443, 2449, 2400, 2379, 2431, 2357, 2431, 2356, 2239, 2354, 2369, 2389, 2304, 2103, 2308, 2514, 2157, 2095, 2491, 2311, 2334, 2330, 2411, 2504, 2190, 2318, 2316, 2118, 2386, 2373, 2465, 2323, 2496, 2315, 2599, 2420, 2380, 2120, 2539, 2282, 2211, 2224, 2286, 2275, 2376, 2382, 2443, 2109, 2337, 2486, 2328, 2337, 2292, 2472, 2311, 2321, 2362, 2444, 2334, 2438, 2330, 2236, 2582, 2291, 2430, 2539, 2470, 2535, 2362, 2224, 2320, 2456, 2225, 2200, 2314, 2383, 2186, 2384, 2264, 2394, 2126, 2329, 2254, 2308, 2260, 2286, 2314, 2493, 2200, 2225, 2337, 2286, 2246, 2304, 2400, 2384, 2529, 2296, 2375, 2305, 2205, 2302, 2240, 2362, 2421, 2296, 2177, 2216, 2309, 2326, 2416, 2227, 2176, 2388, 2409, 2331, 2422, 2346, 2248, 2382, 2259, 2263, 2402, 2472, 2393, 2387, 2214, 2463, 2459, 2328, 2356, 2388, 2306, 2453, 2325, 2271, 2389, 2158, 2366, 2443, 2275, 2069, 2466, 2334, 2178, 2465, 2436, 2298, 2358, 2286, 2373, 2228, 2260, 2369, 2190, 2414, 2307, 2268, 2562, 2351, 2297, 2379, 2493, 2148, 2255, 2308, 2305, 2303, 2425, 2443, 2169, 2429, 2407, 2382, 2211, 2321, 2372, 2364, 2345, 2075, 2464, 2318, 2355, 2286, 2327, 2445, 2468, 2262, 2497, 2449, 2292, 2336, 2266, 2169, 2383, 2248, 2259, 2380, 2322, 2427, 2386, 2228, 2422, 2537, 2312, 2221, 2195, 2414, 2382, 2429, 2220, 2328, 2225, 2264, 2387, 2465, 2341, 2385, 2274, 2277, 2227, 2379, 2311, 2217, 2338, 2345, 2331, 2187, 2265, 2485, 2204, 2398, 2285, 2334, 2487, 2509, 2480, 2338, 2344, 2436, 2513, 2362, 2412, 2261, 2334, 2398, 2176, 2309, 2486, 2365, 2336, 2502, 2320, 2316, 2384, 2327, 2445, 2128, 2298, 2123, 2259, 2362, 2225, 2504, 2476, 2378, 2350, 2340, 2209, 2370, 2277, 2471, 2164, 2235, 2497, 2314, 2314, 2462, 2374, 2544, 2235, 2282, 2205, 2271, 2338, 2264, 2290, 2299, 2473, 2356, 2462, 2120, 2190, 2253, 2337, 2403, 2385, 2351, 2327, 2289, 2357, 2325, 2138, 2308, 2362, 2296, 2552, 2549, 2468, 2338, 2371, 2253, 2501, 2466, 2348, 2244, 2264, 2357, 2265, 2507, 2313, 2292, 2338, 2384, 2335, 2391, 2334, 2320, 2346, 2306, 2306, 2436, 2107, 2418, 2401, 2307, 2398, 2372, 2234, 2121, 2291, 2290, 2399, 2470, 2272, 2518, 2339, 2334, 2368, 2337, 2368, 2389, 2401, 2266, 2356, 2323, 2330, 2452, 2312, 2250, 2349, 2393, 2225, 2416, 2458, 2040, 2252, 2471, 2412, 2479, 2572, 2620, 2295, 2353, 2460, 2301, 2517, 2239, 2368, 2436, 2186, 2098, 2305, 2241, 2293, 2115, 2202, 2184, 2229, 2324, 2431, 2084, 2325, 2234, 2473, 2423, 2441, 2218, 2333, 2572, 2563, 2138, 2191, 2366, 2543, 2369, 2172, 2303, 2295, 2456, 2435, 2377, 2276, 2292, 2339, 2401, 2532, 2411, 2376, 2124, 2398, 2205, 2401, 2351, 2303, 2158, 2336, 2451, 2158, 2184, 2322, 2202, 2262, 2508, 2140, 2373, 2197, 2327, 2426, 2461, 2398, 2206, 2308, 2449, 2372, 2324, 2269, 2099, 2310, 2374, 2366, 2368, 2113, 2314, 2152, 2279, 2276, 2303, 2327, 2388, 2198, 2307, 2327, 2301, 2277, 2152, 2225, 2445, 2415, 2323, 2488, 2581, 2475, 2440, 2315, 2392, 2100, 2233, 2340, 2269, 2332, 2379, 2297, 2222, 2418, 2471, 2380, 2223, 2446, 2109, 2261, 2238, 2266, 2132, 2258, 2438, 2455, 2247, 2199, 2377, 2387, 2225, 2284, 2164, 2486, 2454, 2346, 2533, 2369, 2278, 2474, 2195, 2436, 2463, 2352, 2224, 2272, 2236, 2540, 2419, 2405, 2232, 2365, 2250, 2179, 2480, 2383, 2266, 2558, 2375, 2184, 2374, 2350, 2207, 2433, 2450, 2230, 2236, 2246, 2088, 2411, 2206, 2281, 2199, 2325, 2260, 2489, 2315, 2326, 2468, 2433, 2280, 2317, 2402, 2270, 2238, 2316, 2405, 2292, 2358, 2362, 2265, 2363, 2334, 2476, 2233, 2240, 2228, 2282, 2579, 2460, 2436, 2247, 2316, 2690, 2331, 2419, 2270, 2544, 2326, 2279, 2313, 2211, 2517, 2354, 2426, 2349, 2378, 2389, 2496, 2458, 2441, 2402, 2253, 2391, 2388, 2486, 2190, 2389, 2452, 2371, 2327, 2391, 2524, 2225, 2443, 2373, 2395, 2446, 2205, 2372, 2316, 2381, 2217, 2275, 2394, 2476, 2295, 2120, 2504, 2409, 2122, 2292, 2356, 2373, 2147, 2403, 2309, 2363, 2559, 2359, 2363, 2354, 2389, 2452, 2443, 2252, 2503, 2231, 2365, 2270, 2432, 2191, 2422, 2140, 2544, 2253, 2359, 2436, 2422, 2358, 2341, 2414, 2329, 2427, 2240, 2412, 2237, 2413, 2482, 2429, 2156, 2456, 2438, 2426, 2497, 2507, 2440, 2249, 2187, 2317, 2374, 2241, 2273, 2358, 2501, 2298, 2270, 2534, 2296, 2414, 2415, 2536, 2297, 2337, 2525, 2193, 2478, 2390, 2509, 2562, 2456, 2346, 2494, 2234, 2231, 2320, 2444, 2410, 2203, 2418, 2382, 2387, 2354, 2320, 2112, 2266, 2345, 2546, 2283, 2391, 2472, 2315, 2427, 2254, 2315, 2192, 2422, 2225, 2439, 2414, 2364, 2430, 2398, 2299, 2239, 2243, 2407, 2370, 2139, 2446, 2225, 2400, 2332, 2218, 2160, 2274, 2296, 2219, 2335, 2196, 2299, 2199, 2460, 2412, 2285, 2323, 2234, 2199, 2285, 2173, 2212, 2284, 2451, 2084, 2390, 2281, 2203, 2377, 2228, 2259, 2380, 2534, 2258, 2253, 2346, 2337, 2522, 2443, 2184, 2299, 2493, 2252, 2395, 2469, 2330, 2078, 2458, 2304, 2258, 2304, 2341, 2371, 2320, 2561, 2247, 2271, 2227, 2210, 2406, 2475, 2309, 2456, 2178, 2500, 2331, 2261, 2432, 2352, 2352, 2498, 2170, 2188, 2180, 2157, 2379, 2282, 2241, 2459, 2405, 2361, 2282, 2299, 2511, 2508, 2391, 2366, 2349, 2340, 2469, 2383, 2110, 2218, 2344, 2450, 2429, 2212, 2389, 2217, 2296, 2527, 2379, 2262, 2089, 2368, 2505, 2203, 2425, 2511, 2318, 2388, 2328, 2339, 2350, 2148, 2359, 2228, 2369, 2349, 2461, 2284, 2486, 2273, 2412, 2554, 2484, 2239, 2388, 2565, 2300, 2484, 2728, 2290, 2328, 2301, 2334, 2399, 2553, 2393, 2466, 2328, 2426, 2328, 2479, 2372, 2319, 2567, 2441, 2147, 2402, 2343, 2476, 2349, 2383, 2334, 2415, 2603, 2313, 2311, 2355, 2159, 2194, 2339, 2340, 2412, 2341, 2535, 2403, 2406, 2322, 2406, 2395, 2360, 2382, 2420, 2177, 2295, 2381, 2364, 2195, 2520, 2321, 2288, 2440, 2310, 2382, 2305, 2329, 2332, 2199, 2165, 2518, 2298, 2293, 2276, 2391, 1936, 2366, 2197, 2283, 2202, 2225, 2365, 2431, 2287, 2413, 2332, 2269, 2250, 2259, 2393, 2271, 2250, 2332, 2272, 2379, 2489, 2168, 2458, 2325, 2464, 2230, 2546, 2334, 2213, 2351, 2380, 2286, 2450, 2431, 2275, 2308, 2336, 2525, 2102, 2242, 2483, 2343, 2307, 2450, 2388, 2481, 2336, 2297, 2393, 2317, 2403, 2384, 2373, 2134, 2552, 2507, 2118, 2398, 2276, 2443, 2444, 2423, 2149, 2486, 2244, 2307, 2360, 2251, 2361, 2401, 2169, 2224, 2310, 2587, 2432, 2468, 2483, 2406, 2180, 2455, 2357, 2291, 2277, 2334, 2410, 2361, 2161, 2261, 2272, 2295, 2134, 2375, 2313, 2475, 2547, 2326, 2265, 2156, 2398, 2307, 2353, 2268, 2336, 2324, 2342, 2558, 2383, 2289, 2301, 2445, 2403, 2339, 2284, 2296, 2399, 2399, 2282, 2199, 2397, 2168, 2242, 2571, 2319, 2182, 2454, 2210, 2311, 2373, 2370, 2190, 2320, 2295, 2191, 2472, 2432, 2306, 2477, 2562, 2412, 2213, 2446, 2392, 2298, 2341, 2209, 2436, 2379, 2401, 2191, 2492, 2417, 2375, 2245, 2410, 2293, 2282, 2224, 2289, 2233, 2371, 2302, 2428, 2383, 2326, 2296, 2107, 2277, 2104, 2216, 2572, 2363, 2140, 2390, 2325, 2319, 2105, 2235, 2397, 2308, 2581, 2220, 2555, 2371, 2364, 2353, 2298, 2381, 2241, 2384, 2371, 2290, 2374, 2431, 2254, 2311, 2293, 2464, 2301, 2289, 2291, 2470, 2261, 2119, 2264, 2395, 2141, 2414, 2361, 2451, 2228, 2424, 2572, 2341, 2129, 2357, 2348, 2528, 2472, 2278, 2164, 2481, 2330, 2427, 2360, 2357, 2448, 2435, 2538, 2466, 2591, 2393, 2351, 2179, 2258, 2372, 2507, 2281, 2420, 2397, 2284, 2288, 2162, 2131, 2383, 2306, 2019, 2514, 2371, 2373, 2491, 2507, 2356, 2358, 2393, 2396, 2445, 2243, 2276, 2444, 2147, 2402, 2334, 2295, 2130, 2353, 2370, 2148, 2319, 2404, 2450, 2089, 2288, 2485, 2376, 2350, 2456, 2624, 2457, 2378, 2240, 2335, 2312, 2450, 2454, 2313, 2176, 2558, 2544, 2280, 2190, 2296, 2284, 2448, 2254, 2328, 2392, 2208, 2319, 2438, 2522, 2222, 2354, 2384, 2223, 2488, 2359, 2153, 2394, 2256, 2309, 2545, 2362, 2389, 2430, 2373, 2372, 2590, 2446, 2241, 2250, 2311, 2421, 2306, 2545, 2326, 2442, 2445, 2294, 2467, 2374, 2447, 2339, 2316, 2345, 2454, 2330, 2358, 2322, 2405, 2323, 2205, 2386, 2242, 2444, 2298, 2385, 2217, 2243, 2345, 2333, 2455, 2290, 2411, 2357, 2290, 2334, 2314, 2433, 2498, 2223, 2323, 2405, 2295, 2323, 2393, 2330, 2462, 2452, 2329, 2231, 2301, 2224, 2151, 2348, 2356, 2174, 2161, 2448, 2387, 2641, 2256, 2362, 2307, 2383, 2385, 2464, 2490, 2327, 2314, 2406, 2356, 2391, 2508, 2246, 2326, 2243, 2177, 2316, 2532, 2247, 2365, 2271, 2361, 2461, 2365, 2490, 2302, 2436, 2470, 2367, 2448, 2413, 2442, 2461, 2369, 2128, 2158, 2408, 2311, 2117, 2313, 2432, 2304, 2461, 2318, 2441, 2374, 2310, 2480, 2083, 2326, 2480, 2447, 2396, 2220, 2378, 2409, 2436, 2298, 2456, 2374, 2344, 2464, 2282, 2276, 2175, 2375, 2260, 2350, 2593, 2304, 2410, 2361, 2261, 2276, 2097, 2376, 2308, 2222, 2431, 2376, 2297, 2406, 2401, 2308, 2109, 2334, 2254, 2545, 2424, 2285, 2274, 2391, 2152, 2319, 2388, 2152, 2190, 2196, 2494, 2312, 2203, 2347, 2266, 2289, 2397, 2433, 2143, 2335, 2174, 2304, 2427, 2353, 2133, 2460, 2424, 2411, 2255, 2411, 2276, 2410, 2343, 2227, 2355, 2413, 2412, 2447, 2480, 2226, 2276, 2595, 2325, 2196, 2362, 2525, 2403, 2417, 2156, 2289, 2413, 2121, 2444, 2381, 2363, 2472, 2432, 2326, 2390, 2389, 2292, 2317, 2320, 2286, 2275, 2328, 2369, 2214, 2469, 2246, 2422, 2386, 2412, 2392, 2400, 2454, 2506, 2336, 2395, 2278, 2310, 2320, 2516, 2345, 2457, 2343, 2276, 2297, 2381, 2332, 2392, 2340, 2337, 2369, 2298, 2410, 2160, 2299, 2334, 2076, 2341, 2446, 2306, 2275, 2222, 2308, 2323, 2290, 2247, 2508, 2434, 2275, 2292, 2438, 2300, 2300, 2122, 2323, 2298, 2336, 2228, 2388, 2175, 2471, 2218, 2331, 2386, 2440, 2375, 2495, 2469, 2450, 2046, 2451, 2308, 2145, 2187, 2281, 2417, 2459, 2358, 2154, 2392, 2360, 2500, 2390, 2322, 2406, 2314, 2399, 2285, 2169, 2192, 2317, 2331, 2236, 2219, 2325, 2217, 2218, 2326, 2356, 2306, 2614, 2350, 2495, 2400, 2257, 2382, 2120, 2362, 2421, 2179, 2538, 2044, 2254, 2508, 2295, 2340, 2376, 2511, 2436, 2184, 2354, 2279, 2283, 2365, 2422, 2259, 2201, 2339, 2194, 2310, 2340, 2402, 2382, 2293, 2431, 2393]

[wilma]
  Promedio : 1303.3s
  Desvío   : 81.2s
  IC 95%   : [1301.0s, 1305.5s]
  Mínimo   : 985s
  Máximo   : 1549s
  Tiempos  : [1328, 1244, 1358, 1322, 1324, 1323, 1312, 1225, 1210, 1352, 1179, 1235, 1419, 1263, 1406, 1161, 1275, 1370, 1336, 1230, 1443, 1132, 1321, 1296, 1324, 1235, 1433, 1336, 1237, 1224, 1263, 1255, 1300, 1269, 1446, 1374, 1364, 1306, 1196, 1329, 1207, 1237, 1285, 1315, 1520, 1341, 1326, 1390, 1361, 1306, 1331, 1338, 1376, 1360, 1479, 1410, 1386, 1293, 1288, 1374, 1276, 1233, 1355, 1250, 1401, 1323, 1372, 1303, 1404, 1413, 1247, 1289, 1154, 1370, 1388, 1241, 1176, 1198, 1316, 1214, 1242, 1381, 1389, 1367, 1293, 1321, 1378, 1251, 1317, 1256, 1357, 1233, 1404, 1288, 1343, 1238, 1361, 1198, 1222, 1360, 1377, 1152, 1450, 1292, 1387, 1262, 1378, 1331, 1286, 1172, 1337, 1291, 1482, 1442, 1371, 1253, 1281, 1237, 1190, 1305, 1341, 1292, 1360, 1376, 1303, 1203, 1367, 1346, 1289, 1202, 1310, 1217, 1300, 1273, 1366, 1224, 1315, 1395, 1452, 1378, 1236, 1239, 1387, 1263, 1315, 1247, 1254, 1349, 1409, 1193, 1310, 1472, 1398, 1164, 1329, 1436, 1362, 1341, 1308, 1224, 1332, 1290, 1301, 1267, 1340, 1240, 1380, 1159, 1272, 1278, 1308, 1166, 1346, 1193, 1293, 1455, 1240, 1296, 1214, 1231, 1197, 1337, 1378, 1311, 1260, 1293, 1276, 1327, 1211, 1280, 1330, 1297, 1322, 1306, 1230, 1305, 1357, 1463, 1280, 1302, 1316, 1205, 1275, 1148, 1293, 1247, 1373, 1263, 1270, 1317, 1351, 1290, 1283, 1365, 1191, 1306, 1294, 1081, 1355, 1320, 1325, 1279, 1441, 1235, 1180, 1246, 1290, 1257, 1172, 1294, 1388, 1349, 1370, 1413, 1248, 1263, 1378, 1437, 1368, 1310, 1325, 1292, 1281, 1261, 1363, 1228, 1375, 1153, 1243, 1286, 1308, 1172, 1210, 1218, 1245, 1233, 1260, 1290, 1346, 1371, 1483, 1413, 1195, 1394, 1462, 1254, 1306, 1303, 1350, 1413, 1372, 1270, 1194, 1224, 1294, 1290, 1241, 1421, 1323, 1336, 1232, 1227, 1152, 1293, 1227, 1388, 1220, 1118, 1399, 1270, 1315, 1340, 1223, 1380, 1292, 1337, 1271, 1268, 1255, 1195, 1217, 1180, 1218, 1144, 1399, 1146, 1304, 1292, 1388, 1277, 1464, 1243, 1222, 1252, 1243, 1271, 1267, 1217, 1369, 1227, 1266, 1261, 1263, 1273, 1203, 1300, 1347, 1260, 1247, 1468, 1253, 1417, 1279, 1234, 1208, 1347, 1325, 1219, 1470, 1392, 1365, 1234, 1254, 1338, 1309, 1316, 1280, 1308, 1369, 1165, 1362, 1229, 1171, 1314, 1495, 1326, 1322, 1327, 1227, 1362, 1122, 1298, 1295, 1400, 1295, 1234, 1259, 1434, 1215, 1381, 1298, 1184, 1273, 1295, 1332, 1411, 1338, 1197, 1267, 1203, 1382, 1402, 1359, 1367, 1360, 1484, 1310, 1315, 1270, 1258, 1258, 1310, 1138, 1303, 1284, 1328, 1353, 1191, 1313, 1311, 1126, 1247, 1177, 1421, 1359, 1224, 1396, 1320, 1263, 1274, 1286, 1383, 1330, 1169, 1283, 1436, 1217, 1381, 1220, 1240, 1246, 1456, 1238, 1366, 1363, 1322, 1325, 1154, 1224, 1214, 1225, 1195, 1351, 1447, 1404, 1370, 1260, 1400, 1316, 1198, 1329, 1321, 1259, 1277, 1379, 1323, 1262, 1468, 1285, 1238, 1366, 1381, 1287, 1304, 1255, 1294, 1273, 1282, 1352, 1301, 1455, 1391, 1313, 1317, 1287, 1365, 1284, 1338, 1406, 1251, 1331, 1301, 1265, 1252, 1323, 1203, 1127, 1383, 1277, 1325, 1301, 1271, 1230, 1330, 1274, 1373, 1383, 1344, 1331, 1235, 1403, 1423, 1383, 1299, 1270, 1313, 1311, 1307, 1200, 1278, 1342, 1280, 1365, 1353, 1357, 1265, 1184, 1350, 1368, 1314, 1284, 1135, 1255, 1253, 1320, 1334, 1145, 1329, 1244, 1187, 1284, 1240, 1397, 1129, 1253, 1369, 1199, 1467, 1341, 1385, 1259, 1319, 1345, 1115, 1374, 1319, 1428, 1110, 1130, 1293, 1450, 1174, 1172, 1318, 1293, 1288, 1314, 1348, 1231, 1234, 1372, 1167, 1372, 1239, 1307, 1301, 1343, 1268, 1240, 1391, 1169, 1286, 1302, 1189, 1250, 1238, 1285, 1309, 1426, 1451, 1184, 1293, 1385, 1180, 1366, 1194, 1200, 1404, 1330, 1184, 1319, 1240, 1191, 1267, 1274, 1238, 1454, 1215, 1192, 1242, 1368, 1300, 1383, 1137, 1393, 1246, 1315, 1316, 1393, 1463, 1253, 1428, 1208, 1272, 1416, 1303, 1199, 1483, 1415, 1327, 1279, 1326, 1347, 1386, 1251, 1298, 1250, 1266, 1333, 1326, 1293, 1174, 1280, 1148, 1282, 1230, 1273, 1381, 1210, 1236, 1382, 1281, 1198, 1386, 1408, 1095, 1323, 1405, 1385, 1330, 1277, 1212, 1431, 1177, 1271, 1376, 1386, 1240, 1252, 1276, 1399, 1322, 1279, 1387, 1346, 1368, 1379, 1344, 1391, 1254, 1318, 1400, 1374, 1212, 1397, 1187, 1367, 1252, 1166, 1190, 1168, 1306, 1387, 1240, 1278, 1331, 1373, 1289, 1159, 1322, 1284, 1469, 1289, 1329, 1301, 1293, 1388, 1448, 1273, 1416, 1209, 1333, 1359, 1292, 1285, 1351, 1254, 1468, 1163, 1213, 1307, 1330, 1156, 1322, 1214, 1451, 1458, 1373, 1206, 1401, 1388, 1428, 1246, 1249, 1521, 1188, 1430, 1180, 1352, 1322, 1201, 1463, 1397, 1319, 1216, 1345, 1277, 1285, 1431, 1290, 1285, 1306, 1235, 1314, 1349, 1311, 1282, 1339, 1321, 1390, 1244, 1414, 1311, 1273, 1222, 1299, 1351, 1380, 1293, 1449, 1287, 1384, 1401, 1365, 1146, 1391, 1322, 1253, 1456, 1131, 1383, 1393, 1452, 1204, 1289, 1251, 1342, 1406, 1346, 1456, 1311, 1249, 1285, 1307, 1246, 1263, 1272, 1246, 1439, 1205, 1240, 1359, 1200, 1239, 1353, 1403, 1414, 1419, 1286, 1152, 1160, 1206, 1361, 1409, 1338, 1305, 1355, 1288, 1279, 1304, 1345, 1469, 1299, 1304, 1330, 1461, 1244, 1321, 1237, 1163, 1245, 1232, 1356, 1339, 1344, 1229, 1288, 1264, 1243, 1335, 1337, 1210, 1259, 1221, 1286, 1411, 1188, 1276, 1384, 1409, 1289, 1346, 1251, 1281, 1315, 1340, 1178, 1325, 1232, 1342, 1327, 1266, 1209, 1376, 1268, 1205, 1288, 1353, 1350, 1201, 1430, 1449, 1404, 1355, 1330, 1292, 1095, 1319, 1241, 1252, 1268, 1435, 1245, 1294, 1353, 1355, 1462, 1411, 1219, 1218, 1521, 1267, 1205, 1166, 1338, 1254, 1412, 1283, 1281, 1312, 1269, 1292, 1163, 1275, 1233, 1305, 1338, 1342, 1216, 1308, 1273, 1230, 1209, 1356, 1259, 1185, 1193, 1356, 1345, 1250, 1160, 1236, 1209, 1301, 1195, 1304, 1358, 1304, 1252, 1335, 1275, 1327, 1268, 1354, 1461, 1315, 1261, 1237, 1308, 1395, 1363, 1454, 1252, 1280, 1291, 1392, 1235, 1191, 1226, 1300, 1324, 1316, 1178, 1343, 1262, 1180, 1319, 1321, 1360, 1250, 1303, 1314, 1315, 1284, 1321, 1248, 1260, 1388, 1275, 1186, 1235, 1241, 1257, 1218, 1231, 1263, 1312, 1373, 1309, 1219, 1170, 1269, 1367, 1325, 1427, 1235, 1370, 1305, 1203, 1335, 1205, 1236, 1312, 1345, 1385, 1246, 1210, 1211, 1214, 1299, 1421, 1379, 1244, 1377, 1275, 1241, 1142, 1212, 1359, 1397, 1205, 1422, 1377, 1279, 1277, 1202, 1341, 1246, 1269, 1335, 1268, 1314, 1333, 1284, 1284, 1308, 1295, 1293, 1231, 1360, 1315, 1227, 1140, 1381, 1295, 1187, 1357, 1464, 1248, 1418, 1266, 1243, 1426, 1224, 1344, 1364, 1261, 1242, 1464, 1279, 1289, 1349, 1264, 1268, 1334, 1261, 1333, 1337, 1376, 1368, 1321, 1368, 1272, 1186, 1159, 1249, 1301, 1456, 1285, 1378, 1334, 1366, 1448, 1354, 1469, 1320, 1420, 1322, 1222, 1253, 1363, 1236, 1381, 1323, 1342, 1243, 1225, 1276, 1248, 1272, 1305, 1209, 1323, 1232, 1403, 1229, 1300, 1186, 1331, 1393, 1311, 1307, 1126, 1165, 1321, 1387, 1280, 1268, 1345, 1313, 1516, 1328, 1362, 1299, 1342, 1259, 1385, 1234, 1462, 1317, 1294, 1426, 1287, 1346, 1209, 1284, 1370, 1371, 1349, 1378, 1226, 1259, 1395, 1297, 1236, 1305, 1185, 1447, 1352, 1401, 1286, 1336, 1314, 1262, 1300, 1364, 1238, 1082, 1339, 1376, 1324, 1326, 1436, 1376, 1300, 1427, 1237, 1361, 1162, 1201, 1502, 1288, 1373, 1393, 1252, 1343, 1332, 1316, 1357, 1147, 1290, 1352, 1348, 1199, 1277, 1281, 1268, 1136, 1421, 1240, 1281, 1201, 1186, 1319, 1330, 1330, 1280, 1263, 1393, 1191, 1284, 1416, 1305, 1484, 1146, 1284, 1231, 1203, 1331, 1472, 1356, 1434, 1340, 1346, 1237, 1370, 1333, 1247, 1297, 1391, 1254, 1156, 1308, 1457, 1236, 1162, 1322, 1329, 1420, 1273, 1273, 1288, 1290, 1400, 1273, 1377, 1279, 1323, 1340, 1301, 1127, 1387, 1288, 1353, 1303, 1337, 1205, 1356, 1327, 1454, 1272, 1262, 1357, 1306, 1428, 1204, 1195, 1355, 1201, 1290, 1446, 1272, 1258, 1380, 1250, 1244, 1336, 1137, 1319, 1393, 1287, 1199, 1347, 1186, 1412, 1256, 1367, 1300, 1209, 1338, 1233, 1209, 1222, 1243, 1341, 1232, 1291, 1346, 1344, 1333, 1202, 1283, 1322, 1196, 1271, 1179, 1319, 1402, 1198, 1298, 1330, 1377, 1178, 1403, 1279, 1336, 1347, 1341, 1390, 1165, 1400, 1366, 1302, 1209, 1356, 1391, 1406, 1290, 1286, 1287, 1356, 1350, 1352, 1492, 1164, 1342, 1103, 1451, 1276, 1263, 1330, 1312, 1362, 1234, 1239, 1264, 1304, 1313, 1375, 1254, 1433, 1255, 1430, 1471, 1463, 1118, 1408, 1238, 1328, 1307, 1193, 1444, 1312, 1249, 1392, 1232, 1351, 1257, 1265, 1280, 1260, 1248, 1324, 1431, 1471, 1407, 1283, 1262, 1375, 1459, 1377, 1234, 1425, 1333, 1168, 1344, 1211, 1202, 1373, 1280, 1238, 1308, 1402, 1375, 1395, 1190, 1215, 1251, 1284, 1259, 1371, 1271, 1361, 1377, 1219, 1313, 1327, 1288, 1378, 1228, 1241, 1167, 1325, 1371, 1332, 1308, 1377, 1477, 1354, 1178, 1258, 1157, 1320, 1251, 1434, 1193, 1374, 1190, 1430, 1328, 1374, 1369, 1355, 1399, 1175, 1309, 1275, 1509, 1137, 1248, 1339, 1408, 1385, 1253, 1396, 1203, 1262, 1441, 1371, 1369, 1168, 1193, 1232, 1280, 1198, 1378, 1330, 1260, 1421, 1314, 1302, 1220, 1267, 1326, 1316, 1294, 1260, 1241, 1411, 1352, 1127, 1328, 1343, 1354, 1303, 1188, 1303, 1242, 1407, 1193, 1278, 1358, 1241, 1298, 1510, 1217, 1418, 1222, 1220, 1352, 1203, 1276, 1119, 1284, 1316, 1257, 1322, 1278, 1321, 1193, 1372, 1308, 1306, 1233, 1329, 1316, 1261, 1275, 1324, 1084, 1242, 1189, 1244, 1305, 1322, 1399, 1304, 1291, 1292, 1204, 1297, 1201, 1459, 1445, 1271, 1267, 1382, 1172, 1320, 1391, 1428, 1381, 1413, 1172, 1272, 1337, 1494, 1279, 1457, 1305, 1310, 1111, 1416, 1266, 1373, 1416, 1398, 1193, 1342, 1241, 1241, 1244, 1386, 1268, 1404, 1243, 1339, 1338, 1261, 1278, 1306, 1178, 1500, 1227, 1386, 1337, 1068, 1252, 1335, 1301, 1241, 1315, 1358, 1353, 1408, 1377, 1333, 1396, 1213, 1332, 1288, 1305, 1362, 1207, 1337, 1340, 1216, 1303, 1392, 1328, 1318, 1384, 1261, 1313, 1211, 1178, 1301, 1263, 1296, 1210, 1437, 1273, 1304, 1261, 1451, 1283, 1441, 1315, 1409, 1200, 1160, 1458, 1341, 1371, 1376, 1391, 1210, 1267, 1282, 1367, 1298, 1365, 1142, 1210, 1407, 1204, 1347, 1258, 1196, 1295, 1421, 1306, 1226, 1402, 1291, 1389, 1322, 1271, 1260, 1430, 1160, 1239, 1182, 1335, 1260, 1357, 1346, 1211, 1272, 1115, 1263, 1354, 1454, 1327, 1210, 1363, 1306, 1322, 1389, 1407, 1306, 1319, 1303, 1320, 1338, 1225, 1219, 1283, 1365, 1468, 1278, 1219, 1376, 1406, 1249, 1163, 1325, 1302, 1185, 1352, 1269, 1333, 1298, 1316, 1274, 1319, 1274, 1326, 1282, 1539, 1365, 1301, 1306, 1180, 1264, 1319, 1330, 1359, 1441, 1382, 1239, 1359, 1323, 1286, 1289, 1404, 1310, 1298, 1304, 1372, 1276, 1257, 1436, 1342, 1394, 1224, 1318, 1305, 1356, 1357, 1220, 1315, 1398, 1186, 1311, 1361, 1397, 1269, 1383, 1275, 1481, 1326, 1366, 1261, 1418, 1247, 1188, 1225, 1308, 1237, 1229, 1325, 1334, 1353, 1232, 1363, 1309, 1242, 1281, 1319, 1365, 1303, 1260, 1383, 1309, 1301, 1247, 1289, 1329, 1381, 1339, 1351, 1246, 1426, 1296, 1395, 1253, 1239, 1259, 1382, 1335, 1292, 1475, 1204, 1225, 1293, 1348, 1286, 1409, 1297, 1213, 1144, 1218, 1315, 1218, 1377, 1304, 1373, 1276, 1155, 1300, 1142, 1466, 1373, 1256, 1363, 1425, 1232, 1305, 1283, 1336, 1254, 1087, 1347, 1252, 1356, 1494, 1262, 1225, 1167, 1081, 1427, 1375, 1240, 1336, 1249, 1357, 1369, 1315, 1319, 1216, 1381, 1278, 1310, 1368, 1347, 1244, 1272, 1212, 1353, 1360, 1216, 1273, 1348, 1379, 1379, 1257, 1304, 1396, 1406, 1290, 1338, 1283, 1221, 1479, 1283, 1311, 1337, 1216, 1379, 1226, 1159, 1390, 1322, 1423, 1234, 1251, 1376, 1443, 1528, 1383, 1230, 1355, 1361, 1400, 1223, 1284, 1393, 1404, 1269, 1211, 1284, 1406, 1294, 1467, 1364, 1224, 1362, 1225, 1393, 1377, 1328, 1505, 1263, 1371, 1390, 1237, 1241, 1171, 1256, 1250, 1251, 1321, 1284, 1365, 1221, 1336, 1296, 1528, 1264, 1448, 1304, 1349, 1358, 1354, 1233, 1392, 1221, 1213, 1271, 1369, 1239, 1305, 1232, 1421, 1414, 1280, 1058, 1422, 1364, 1330, 1288, 1280, 1334, 1272, 1320, 1256, 1291, 1316, 1261, 1310, 1241, 1249, 1423, 1315, 1337, 1344, 1339, 1264, 1397, 1254, 1252, 1379, 1302, 1217, 1248, 1418, 1163, 1254, 1316, 1245, 1351, 1246, 1421, 1259, 1354, 1265, 1265, 1243, 1196, 1335, 1261, 1298, 1269, 1343, 1158, 1299, 1405, 1281, 1226, 1216, 1233, 1474, 1332, 1253, 1297, 1262, 1332, 1281, 1495, 1380, 1179, 1256, 1243, 1352, 1371, 1334, 1366, 1371, 1236, 1306, 1185, 1149, 1390, 1317, 1264, 1301, 1314, 1299, 1262, 1265, 1316, 1195, 1360, 1406, 1143, 1367, 1295, 1216, 1357, 1489, 1255, 1296, 1227, 1362, 1209, 1339, 1190, 1206, 1309, 1279, 1256, 1341, 1231, 1406, 1337, 1266, 1345, 1329, 1208, 1438, 1182, 1178, 1323, 1338, 1391, 1348, 1186, 1291, 1313, 1248, 1290, 1378, 1195, 1202, 1209, 1246, 1287, 1227, 1314, 1395, 1135, 1177, 1308, 1143, 1393, 1394, 1375, 1413, 1270, 1318, 1408, 1289, 1245, 1411, 1383, 1308, 1395, 1331, 1333, 1273, 1200, 1348, 1317, 1239, 1296, 1261, 1278, 1277, 1251, 1275, 1259, 1278, 1217, 1377, 1298, 1355, 1445, 1149, 1290, 1287, 1258, 1288, 1420, 1329, 1289, 1239, 1298, 1355, 1296, 1437, 1307, 1234, 1193, 1244, 1219, 1373, 1286, 1242, 1397, 1437, 1339, 1351, 1278, 1346, 1166, 1500, 1300, 1323, 1341, 1293, 1376, 1325, 1308, 1381, 1181, 1267, 1370, 1436, 1289, 1300, 1400, 1323, 1293, 1222, 1309, 1387, 1323, 1260, 1258, 1260, 1277, 1306, 1290, 1396, 1217, 1315, 1333, 1327, 1305, 1199, 1370, 1176, 1385, 1175, 1358, 1365, 1164, 1506, 1157, 1310, 1285, 1117, 1413, 1333, 1399, 1347, 1328, 1271, 1499, 1233, 1258, 1401, 1283, 1367, 1324, 1382, 1399, 1282, 1371, 1241, 1354, 1281, 1378, 1401, 1240, 1298, 1489, 1194, 1402, 1299, 1223, 1278, 1311, 1220, 1215, 1409, 1331, 1458, 1180, 1247, 1255, 1417, 1384, 1258, 1417, 1327, 1287, 1434, 1451, 1303, 1377, 1340, 1336, 1291, 1131, 1206, 1416, 1177, 1237, 1265, 1431, 1300, 1178, 1352, 1363, 1332, 1292, 1495, 1380, 1287, 1281, 1242, 1233, 1359, 1313, 1235, 1285, 1271, 1340, 1295, 1235, 1282, 1175, 1331, 1230, 1303, 1363, 1349, 1135, 1278, 1417, 1355, 1331, 1299, 1273, 1392, 1243, 1255, 1305, 1324, 1475, 1396, 1361, 1260, 1347, 1274, 1215, 1171, 1248, 1424, 1367, 1285, 1329, 1329, 1342, 1242, 1255, 1322, 1319, 1249, 1152, 1301, 1121, 1394, 1275, 1336, 1244, 1357, 1332, 1167, 1366, 1415, 1295, 1208, 1243, 1279, 1339, 1262, 1323, 1228, 1352, 1218, 1341, 1422, 1385, 1325, 1337, 1549, 1301, 1331, 1203, 1257, 1419, 1314, 1309, 1358, 1282, 1397, 1303, 1177, 1166, 1332, 1211, 1237, 1275, 1187, 1319, 1357, 1309, 1259, 1303, 1418, 1302, 1168, 1276, 1459, 1344, 1341, 1443, 1279, 1211, 1252, 1345, 1466, 1280, 1225, 1308, 1288, 1401, 1414, 1198, 1398, 1398, 1351, 1270, 1245, 1365, 1180, 1381, 1266, 1031, 1157, 1232, 1293, 1219, 1344, 1292, 1328, 1250, 1185, 1391, 1337, 1345, 1375, 1254, 1213, 1308, 1273, 1298, 1316, 1307, 1156, 1367, 1339, 1371, 1278, 1289, 1331, 1301, 1321, 1407, 1426, 1357, 1381, 1239, 1244, 1364, 1368, 1206, 1206, 1191, 1305, 1285, 1409, 1467, 1301, 1271, 1316, 1239, 1408, 1497, 1287, 1311, 1389, 1360, 1131, 1322, 1325, 1367, 1462, 1359, 1366, 1363, 1233, 1220, 1285, 1345, 1279, 1467, 1218, 1203, 1370, 1196, 985, 1325, 1279, 1180, 1357, 1397, 1255, 1303, 1318, 1366, 1331, 1360, 1281, 1326, 1292, 1195, 1317, 1178, 1318, 1233, 1343, 1340, 1278, 1303, 1259, 1244, 1339, 1330, 1404, 1477, 1311, 1398, 1271, 1345, 1223, 1298, 1203, 1164, 1211, 1325, 1306, 1217, 1353, 1342, 1289, 1281, 1161, 1241, 1348, 1252, 1361, 1287, 1110, 1354, 1330, 1307, 1368, 1287, 1413, 1349, 1143, 1405, 1274, 1263, 1266, 1361, 1325, 1298, 1325, 1286, 1156, 1272, 1349, 1432, 1177, 1305, 1182, 1298, 1435, 1263, 1356, 1218, 1296, 1196, 1390, 1338, 1315, 1275, 1201, 1175, 1305, 1362, 1266, 1250, 1246, 1240, 1419, 1245, 1288, 1150, 1425, 1288, 1381, 1155, 1280, 1260, 1345, 1288, 1420, 1213, 1352, 1196, 1304, 1356, 1249, 1261, 1236, 1411, 1222, 1272, 1378, 1217, 1285, 1295, 1406, 1230, 1236, 1150, 1342, 1198, 1183, 1142, 1236, 1284, 1210, 1291, 1363, 1341, 1273, 1243, 1263, 1401, 1392, 1315, 1231, 1388, 1263, 1328, 1149, 1172, 1198, 1288, 1381, 1312, 1426, 1381, 1248, 1189, 1306, 1299, 1327, 1439, 1283, 1383, 1357, 1282, 1232, 1172, 1228, 1270, 1271, 1417, 1295, 1302, 1292, 1360, 1370, 1148, 1440, 1297, 1303, 1243, 1445, 1164, 1362, 1253, 1114, 1274, 1304, 1267, 1213, 1416, 1269, 1276, 1224, 1307, 1400, 1404, 1355, 1372, 1196, 1339, 1294, 1313, 1106, 1301, 1264, 1428, 1231, 1183, 1392, 1369, 1305, 1297, 1196, 1353, 1445, 1130, 1265, 1343, 1359, 1373, 1397, 1349, 1369, 1293, 1186, 1360, 1196, 1260, 1359, 1374, 1368, 1303, 1414, 1308, 1383, 1341, 1364, 1402, 1276, 1299, 1479, 1259, 1278, 1373, 1405, 1280, 1251, 1297, 1350, 1396, 1322, 1190, 1352, 1228, 1344, 1198, 1287, 1207, 1437, 1363, 1344, 1219, 1277, 1284, 1160, 1453, 1252, 1410, 1405, 1349, 1189, 1301, 1293, 1265, 1413, 1342, 1324, 1513, 1311, 1303, 1268, 1340, 1297, 1109, 1412, 1283, 1329, 1244, 1384, 1209, 1275, 1277, 1304, 1376, 1296, 1297, 1302, 1328, 1423, 1194, 1375, 1338, 1259, 1453, 1286, 1515, 1393, 1086, 1291, 1324, 1304, 1289, 1311, 1318, 1224, 1356, 1183, 1430, 1282, 1267, 1194, 1262, 1272, 1254, 1216, 1296, 1461, 1279, 1164, 1036, 1332, 1228, 1217, 1335, 1201, 1224, 1361, 1348, 1316, 1226, 1369, 1296, 1374, 1363, 1447, 1448, 1443, 1328, 1499, 1482, 1356, 1236, 1239, 1331, 1266, 1280, 1420, 1358, 1419, 1355, 1264, 1213, 1156, 1475, 1297, 1338, 1342, 1446, 1257, 1232, 1375, 1204, 1320, 1237, 1376, 1393, 1236, 1171, 1363, 1194, 1230, 1315, 1175, 1380, 1299, 1293, 1300, 1374, 1285, 1281, 1369, 1297, 1305, 1150, 1314, 1239, 1349, 1420, 1249, 1342, 1321, 1274, 1274, 1342, 1294, 1291, 1354, 1311, 1244, 1266, 1313, 1295, 1170, 1442, 1348, 1391, 1334, 1197, 1443, 1249, 1237, 1242, 1253, 1319, 1398, 1428, 1247, 1182, 1256, 1186, 1351, 1141, 1252, 1385, 1341, 1398, 1185, 1382, 1368, 1238, 1440, 1390, 1300, 1263, 1334, 1350, 1241, 1104, 1349, 1376, 1282, 1388, 1330, 1300, 1282, 1164, 1235, 1345, 1200, 1257, 1313, 1321, 1379, 1196, 1456, 1204, 1327, 1259, 1232, 1303, 1289, 1354, 1283, 1157, 1280, 1242, 1286, 1402, 1242, 1352, 1215, 1226, 1129, 1461, 1207, 1269, 1327, 1193, 1303, 1251, 1429, 1253, 1439, 1468, 1300, 1437, 1350, 1376, 1447, 1291, 1354, 1190, 1220, 1206, 1441, 1334, 1296, 1381, 1337, 1259, 1287, 1251, 1319, 1497, 1373, 1234, 1386, 1261, 1293, 1439, 1449, 1357, 1275, 1294, 1168, 1341, 1107, 1161, 1357, 1342, 1275, 1381, 1316, 1267, 1368, 1416, 1104, 1284, 1390, 1268, 1207, 1377, 1330, 1414, 1184, 1380, 1314, 1394, 1267, 1440, 1270, 1229, 1120, 1359, 1295, 1394, 1324, 1389, 1274, 1474, 1297, 1246, 1234, 1190, 1249, 1370, 1371, 1403, 1303, 1207, 1242, 1203, 1334, 1337, 1280, 1255, 1293, 1234, 1209, 1428, 1303, 1233, 1347, 1293, 1179, 1266, 1302, 1385, 1241, 1422, 1163, 1249, 1269, 1384, 1338, 1323, 1233, 1391, 1394, 1277, 1192, 1332, 1369, 1240, 1262, 1242, 1218, 1371, 1281, 1511, 1307, 1238, 1351, 1326, 1228, 1401, 1212, 1296, 1267, 1293, 1253, 1307, 1146, 1326, 1343, 1455, 1370, 1422, 1476, 1093, 1273, 1340, 1229, 1248, 1454, 1118, 1347, 1406, 1349, 1279, 1332, 1324, 1249, 1357, 1316, 1349, 1222, 1270, 1214, 1441, 1249, 1398, 1470, 1216, 1444, 1385, 1231, 1293, 1376, 1221, 1383, 1430, 1317, 1305, 1309, 1261, 1269, 1223, 1273, 1302, 1189, 1180, 1291, 1355, 1276, 1205, 1365, 1390, 1374, 1323, 1181, 1268, 1350, 1233, 1424, 1218, 1404, 1379, 1144, 1422, 1200, 1281, 1158, 1157, 1203, 1240, 1318, 1328, 1291, 1307, 1206, 1254, 1106, 1250, 1290, 1410, 1376, 1278, 1366, 1329, 1262, 1259, 1167, 1202, 1196, 1313, 1349, 1234, 1301, 1448, 1358, 1191, 1245, 1187, 1272, 1104, 1277, 1261, 1393, 1258, 1342, 1315, 1438, 1186, 1275, 1353, 1295, 1247, 1386, 1306, 1309, 1305, 1477, 1269, 1315, 1336, 1182, 1265, 1270, 1188, 1330, 1282, 1386, 1282, 1360, 1430, 1192, 1239, 1312, 1336, 1166, 1319, 1266, 1447, 1284, 1354, 1406, 1218, 1312, 1396, 1360, 1248, 1440, 1140, 1314, 1248, 1289, 1431, 1221, 1317, 1252, 1217, 1292, 1377, 1369, 1340, 1310, 1160, 1304, 1450, 1358, 1309, 1293, 1284, 1312, 1477, 1370, 1372, 1131, 1330, 1308, 1308, 1321, 1296, 1192, 1284, 1240, 1367, 1255, 1302, 1364, 1303, 1308, 1451, 1415, 1255, 1360, 1373, 1250, 1175, 1340, 1321, 1282, 1269, 1167, 1246, 1438, 1318, 1215, 1438, 1333, 1204, 1258, 1338, 1247, 1347, 1275, 1257, 1324, 1330, 1464, 1377, 1308, 1303, 1315, 1244, 1194, 1358, 1394, 1183, 1388, 1340, 1288, 1351, 1316, 1310, 1201, 1155, 1415, 1378, 1371, 1261, 1159, 1113, 1204, 1293, 1146, 1245, 1409, 1170, 1322, 1147, 1388, 1241, 1203, 1346, 1257, 1225, 1220, 1320, 1307, 1307, 1354, 1189, 1456, 1362, 1289, 1229, 1420, 1184, 1316, 1342, 1340, 1300, 1328, 1397, 1305, 1289, 1326, 1438, 1305, 1291, 1296, 1172, 1310, 1434, 1267, 1225, 1247, 1279, 1193, 1212, 1374, 1277, 1259, 1351, 1409, 1390, 1418, 1236, 1313, 1335, 1239, 1335, 1214, 1309, 1168, 1358, 1279, 1368, 1451, 1348, 1168, 1347, 1358, 1333, 1185, 1390, 1236, 1266, 1351, 1142, 1180, 1255, 1319, 1285, 1296, 1352, 1467, 1126, 1369, 1422, 1342, 1350, 1305, 1502, 1264, 1353, 1325, 1307, 1302, 1209, 1269, 1362, 1376, 1257, 1371, 1410, 1210, 1250, 1396, 1279, 1350, 1118, 1437, 1189, 1428, 1309, 1276, 1259, 1208, 1307, 1271, 1320, 1286, 1376, 1279, 1130, 1397, 1235, 1189, 1213, 1308, 1204, 1376, 1281, 1363, 1437, 1212, 1347, 1314, 1286, 1353, 1284, 1337, 1347, 1179, 1250, 1334, 1438, 1450, 1384, 1213, 1210, 1259, 1378, 1358, 1249, 1428, 1397, 1411, 1299, 1388, 1303, 1222, 1328, 1409, 1325, 1446, 1243, 1538, 1282, 1256, 1173, 1332, 1290, 1227, 1260, 1276, 1347, 1282, 1350, 1269, 1237, 1404, 1275, 1436, 1400, 1347, 1211, 1194, 1296, 1370, 1300, 1361, 1378, 1311, 1197, 1258, 1309, 1359, 1332, 1341, 1308, 1278, 1161, 1325, 1229, 1286, 1361, 1237, 1282, 1286, 1295, 1231, 1267, 1295, 1200, 1287, 1146, 1255, 1460, 1222, 1351, 1235, 1284, 1381, 1312, 1256, 1337, 1269, 1291, 1280, 1249, 1302, 1253, 1339, 1250, 1275, 1501, 1406, 1433, 1221, 1335, 1212, 1235, 1160, 1276, 1452, 1294, 1346, 1296, 1336, 1461, 1313, 1314, 1233, 1336, 1243, 1269, 1349, 1300, 1261, 1161, 1235, 1294, 1401, 1236, 1398, 1338, 1434, 1230, 1318, 1332, 1317, 1353, 1356, 1326, 1240, 1338, 1154, 1307, 1336, 1249, 1324, 1364, 1290, 1346, 1256, 1139, 1284, 1353, 1129, 1231, 1264, 1321, 1294, 1361, 1303, 1384, 1312, 1419, 1270, 1273, 1317, 1299, 1366, 1329, 1394, 1243, 1387, 1177, 1211, 1261, 1182, 1091, 1265, 1288, 1429, 1235, 1183, 1447, 1315, 1353, 1210, 1243, 1311, 1252, 1242, 1112, 1199, 1292, 1267, 1154, 1435, 1304, 1219, 1153, 1379, 1263, 1507, 1168, 1195, 1242, 1406, 1263, 1355, 1374, 1263, 1378, 1328, 1257, 1292, 1280, 1378, 1213, 1114, 1257, 1277, 1327, 1265, 1335, 1430, 1433, 1386, 1269, 1354, 1407, 1179, 1249, 1221, 1358, 1121, 1220, 1328, 1355, 1277, 1258, 1193, 1305, 1260, 1416, 1188, 1172, 1282, 1147, 1366, 1347, 1410, 1220, 1446, 1316, 1278, 1370, 1358, 1314, 1317, 1250, 1151, 1382, 1315, 1434, 1270, 1210, 1370, 1423, 1255, 1223, 1412, 1282, 1247, 1350, 1334, 1306, 1323, 1177, 1274, 1327, 1347, 1237, 1288, 1293, 1310, 1364, 1429, 1334, 1428, 1333, 1140, 1226, 1387, 1248, 1271, 1319, 1339, 1393, 1203, 1269, 1335, 1276, 1317, 1129, 1288, 1282, 1354, 1342, 1379, 1308, 1222, 1316, 1306, 1405, 1490, 1314, 1331, 1385, 1249, 1429, 1298, 1265, 1212, 1209, 1367, 1421, 1301, 1299, 1381, 1248, 1335, 1309, 1278, 1373, 1348, 1239, 1325, 1267, 1491, 1382, 1325, 1409, 1133, 1288, 1247, 1233, 1364, 1221, 1324, 1203, 1381, 1246, 1245, 1259, 1384, 1329, 1373, 1453, 1354, 1235, 1231, 1234, 1370, 1322, 1326, 1239, 1219, 1378, 1483, 1265, 1320, 1291, 1342, 1205, 1477, 1420, 1388, 1255, 1246, 1297, 1253, 1486, 1380, 1333, 1251, 1402, 1170, 1363, 1274, 1396, 1360, 1341, 1407, 1377, 1298, 1306, 1346, 1174, 1376, 1329, 1375, 1263, 1320, 1332, 1229, 1190, 1193, 1307, 1243, 1267, 1246, 1388, 1220, 1385, 1309, 1433, 1307, 1293, 1227, 1443, 1495, 1204, 1339, 1418, 1432, 1347, 1232, 1287, 1429, 1223, 1281, 1387, 1233, 1214, 1272, 1332, 1459, 1318, 1242, 1258, 1300, 1190, 1248, 1277, 1263, 1217, 1230, 1248, 1426, 1451, 1280, 1359, 1264, 1434, 1217, 1191, 1295, 1107, 1440, 1307, 1253, 1273, 1148, 1325, 1330, 1435, 1362, 1283, 1194, 1298, 1215, 1297, 1278, 1184, 1257, 1196, 1291, 1234, 1309, 1358, 1327, 1255, 1432, 1333, 1281, 1345, 1407, 1323, 1207, 1391, 1092, 1310, 1339, 1348, 1266, 1271, 1358, 1280, 1354, 1425, 1174, 1412, 1294, 1345, 1248, 1421, 1390, 1328, 1221, 1327, 1337, 1331, 1264, 1320, 1312, 1285, 1311, 1306, 1380, 1376, 1215, 1274, 1260, 1333, 1256, 1386, 1267, 1406, 1397, 1323, 1244, 1323, 1406, 1268, 1292, 1211, 1429, 1329, 1377, 1262, 1192, 1435, 1247, 1308, 1329, 1255, 1211, 1438, 1439, 1335, 1238, 1268, 1236, 1349, 1317, 1210, 1274, 1280, 1355, 1298, 1214, 1213, 1325, 1256, 1229, 1170, 1312, 1324, 1390, 1447, 1347, 1349, 1272, 1175, 1318, 1258, 1354, 1351, 1257, 1242, 1268, 1229, 1277, 1228, 1249, 1258, 1250, 1253, 1273, 1363, 1432, 1408, 1295, 1355, 1206, 1326, 1365, 1106, 1418, 1400, 1353, 1258, 1268, 1261, 1274, 1344, 1301, 1226, 1204, 1173, 1354, 1376, 1206, 1280, 1214, 1303, 1302, 1320, 1230, 1247, 1369, 1371, 1267, 1403, 1473, 1366, 1216, 1224, 1415, 1358, 1265, 1309, 1193, 1315, 1300, 1121, 1314, 1330, 1385, 1181, 1323, 1238, 1348, 1109, 1289, 1179, 1303, 1257, 1169, 1250, 1195, 1207, 1352, 1364, 1199, 1231, 1389, 1291, 1219, 1242, 1263, 1441, 1291, 1374, 1318, 1275, 1233, 1336, 1152, 1388, 1188, 1445, 1150, 1321, 1234, 1359, 1483, 1237, 1241, 1340, 1275, 1238, 1414, 1305, 1306, 1269, 1320, 1273, 1312, 1277, 1308, 1373, 1220, 1234, 1135, 1348, 1354, 1291, 1154, 1420, 1320, 1505, 1335, 1353, 1282, 1261, 1203, 1371, 1426, 1259, 1441, 1244, 1104, 1546, 1311, 1309, 1372, 1317, 1241, 1359, 1346, 1406, 1324, 1241, 1370, 1208, 1347, 1272, 1410, 1337, 1391, 1395, 1341, 1117, 1426, 1247, 1185, 1120, 1330, 1223, 1196, 1337, 1301, 1327, 1259, 1313, 1410, 1240, 1321, 1230, 1187, 1239, 1255, 1290, 1295, 1329, 1131, 1269, 1147, 1398, 1256, 1404, 1250, 1205, 1284, 1326, 1376, 1375, 1306, 1294, 1153, 1254, 1329, 1235, 1343, 1150, 1124, 1255, 1370, 1378, 1300, 1286, 1201, 1266, 1219, 1262, 1371, 1166, 1309, 1301, 1226, 1390, 1267, 1443, 1371, 1350, 1400, 1139, 1250, 1239, 1469, 1290, 1420, 1376, 1300, 1368, 1274, 1281, 1316, 1158, 1334, 1304, 1300, 1391, 1250, 1327, 1254, 1363, 1280, 1271, 1339, 1286, 1481, 1423, 1228, 1276, 1487, 1249, 1384, 1246, 1344, 1123, 1220, 1442, 1314, 1435, 1213, 1450, 1315, 1249, 1411, 1295, 1394, 1271, 1399, 1378, 1216, 1229, 1348, 1270, 1311, 1286, 1422, 1179, 1207, 1232, 1282, 1380, 1338, 1162, 1382, 1265, 1332, 1317, 1277, 1411, 1055, 1191, 1438, 1384, 1348, 1306, 1206, 1177, 1328, 1388, 1290, 1369, 1210, 1372, 1250, 1215, 1177, 1205, 1349, 1368, 1282, 1331, 1321, 1261, 1316, 1463, 1381, 1322, 1336, 1368, 1164, 1326, 1306, 1424, 1229, 1252, 1255, 1190, 1164, 1182, 1322, 1379, 1376, 1312, 1244, 1388, 1516, 1241, 1272, 1466, 1303, 1194, 1270, 1295, 1294, 1388, 1302, 1344, 1368, 1294, 1308, 1251, 1420, 1223, 1439, 1434, 1270, 1231, 1313, 1410, 1379, 1436, 1327, 1474, 1337, 1262, 1397, 1343, 1374, 1288, 1266, 1445, 1222, 1276, 1259, 1118, 1242, 1264, 1168, 1248, 1233, 1270, 1392, 1204, 1096, 1203, 1392, 1283, 1362, 1203, 1367, 1254, 1405, 1338, 1210, 1116, 1236, 1362, 1536, 1292, 1248, 1358, 1296, 1387, 1349, 1123, 1253, 1339, 1382, 1166, 1316, 1200, 1313, 1399, 1214, 1523, 1476, 1422, 1325, 1248, 1297, 1261, 1233, 1163, 1344, 1381, 1201, 1261, 1319, 1499, 1277, 1289, 1362, 1364, 1315, 1461, 1305, 1453, 1249, 1235, 1325, 1239, 1511, 1416, 1377, 1306, 1296, 1320, 1367, 1189, 1274, 1253, 1241, 1314, 1376, 1348, 1289, 1453, 1329, 1431, 1230, 1308, 1326, 1311, 1428, 1384, 1265, 1199, 1319, 1356, 1359, 1450, 1396, 1358, 1430, 1149, 1297, 1413, 1347, 1235, 1195, 1153, 1224, 1299, 1349, 1409, 1403, 1276, 1396, 1278, 1181, 1290, 1378, 1396, 1264, 1238, 1226, 1284, 1331, 1290, 1289, 1273, 1368, 1234, 1214, 1312, 1216, 1158, 1343, 1365, 1358, 1356, 1231, 1329, 1264, 1334, 1286, 1384, 1302, 1364, 1333, 1297, 1297, 1207, 1287, 1205, 1293, 1383, 1138, 1188, 1435, 1477, 1271, 1160, 1510, 1304, 1287, 1463, 1378, 1352, 1349, 1391, 1259, 1423, 1400, 1412, 1307, 1422, 1201, 1406, 1318, 1387, 1190, 1360, 1320, 1273, 1344, 1299, 1167, 1348, 1361, 1371, 1161, 1296, 1220, 1307, 1338, 1306, 1361, 1231, 1312, 1415, 1188, 1374, 1292, 1299, 1268, 1186, 1356, 1242, 1416, 1407, 1485, 1265, 1253, 1255, 1337, 1167, 1268, 1196, 1516, 1428, 1279, 1309, 1390, 1314, 1303, 1313, 1511, 1284, 1364, 1417, 1112, 1219, 1358, 1366, 1184, 1198, 1334, 1389, 1347, 1268, 1283, 1429, 1271, 1235, 1393, 1511, 1282, 1302, 1283, 1189, 1310, 1384, 1005, 1218, 1206, 1349, 1368, 1300, 1306, 1245, 1295, 1228, 1424, 1372, 1267, 1181, 1304, 1476, 1356, 1410, 1226, 1357, 1375, 1371, 1300, 1259, 1510, 1216, 1374, 1311, 1221, 1346, 1290, 1301, 1328, 1337, 1282, 1251, 1268, 1314, 1323, 1447, 1358, 1285, 1302, 1435, 1276, 1154, 1265, 1337, 1306, 1171, 1200, 1323, 1440, 1266, 1413, 1281, 1148, 1416, 1134, 1223, 1291, 1474, 1254, 1322, 1431, 1239, 1309, 1374, 1455, 1366, 1236, 1377, 1389, 1367, 1234, 1378, 1293, 1194, 1248, 1363, 1315, 1361, 1314, 1370, 1203, 1327, 1301, 1235, 1343, 1333, 1435, 1245, 1368, 1141, 1358, 1299, 1308, 1309, 1314, 1443, 1485, 1261, 1462, 1367, 1265, 1316, 1402, 1424, 1233, 1239, 1344, 1399, 1426, 1219, 1339, 1211, 1344, 1230, 1420, 1226, 1425, 1327, 1401, 1333, 1402, 1204, 1257, 1347, 1192, 1355, 1214, 1239, 1338, 1405, 1413, 1281, 1277, 1344, 1398, 1412, 1201, 1303, 1354, 1235, 1374, 1279, 1314, 1301, 1309, 1144, 1394, 1248, 1449, 1345, 1329, 1144, 1251, 1424, 1260, 1352, 1084, 1373, 1295, 1409, 1283, 1404, 1353, 1233, 1412, 1152, 1346, 1326, 1381, 1322, 1351, 1148, 1361, 1200, 1320, 1276, 1297, 1347, 1152, 1204, 1296, 1128, 1281, 1114, 1319, 1345, 1325, 1335, 1300, 1195, 1389, 1326, 1298, 1269, 1152, 1343, 1227, 1320, 1210, 1365, 1328, 1386, 1142, 1318, 1262, 1333, 1209, 1275, 1387, 1367, 1305, 1250, 1482, 1399, 1277, 1293, 1301, 1292, 1449, 1264, 1198, 1340, 1375, 1223, 1259, 1375, 1311, 1313, 1466, 1315, 1451, 1186, 1325, 1193, 1223, 1291, 1330, 1283, 1075, 1330, 1275, 1123, 1196, 1311, 1327, 1238, 1357, 1112, 1289, 1327, 1281, 1200, 1357, 1419, 1389, 1300, 1287, 1244, 1306, 1332, 1327, 1312, 1398, 1245, 1252, 1266, 1397, 1369, 1207, 1495, 1463, 1337, 1314, 1345, 1335, 1319, 1394, 1250, 1350, 1348, 1373, 1379, 1311, 1273, 1364, 1203, 1401, 1278, 1406, 1245, 1422, 1238, 1359, 1314, 1453, 1365, 1246, 1328, 1233, 1240, 1370, 1168, 1352, 1220, 1227, 1259, 1301, 1341, 1486, 1198, 1304, 1306, 1352, 1224, 1251, 1268, 1288, 1287, 1259, 1358, 1212, 1147, 1371, 1220, 1307, 1213, 1336, 1271, 1181, 1447, 1404, 1237, 1376, 1271, 1398, 1248, 1419, 1437, 1388, 1460, 1212, 1325, 1167, 1249, 1462, 1374, 1225, 1333, 1174, 1127, 1203, 1284, 1290, 1237, 1332, 1340, 1169, 1208, 1252, 1334, 1269, 1388, 1225, 1212, 1258, 1405, 1302, 1245, 1168, 1249, 1485, 1348, 1280, 1305, 1288, 1134, 1385, 1533, 1177, 1409, 1274, 1307, 1216, 1303, 1344, 1388, 1315, 1292, 1332, 1224, 1371, 1369, 1403, 1247, 1153, 1326, 1272, 1317, 1397, 1285, 1463, 1284]

[stfn]
  Promedio : 490.4s
  Desvío   : 55.5s
  IC 95%   : [488.8s, 491.9s]
  Mínimo   : 356s
  Máximo   : 697s
  Tiempos  : [535, 486, 443, 495, 463, 514, 508, 502, 427, 462, 543, 432, 462, 527, 508, 436, 491, 498, 425, 406, 428, 396, 609, 516, 462, 546, 456, 491, 392, 488, 537, 552, 379, 488, 474, 538, 498, 555, 505, 456, 498, 470, 451, 537, 521, 459, 432, 443, 451, 456, 487, 456, 472, 457, 400, 396, 485, 417, 533, 573, 517, 498, 469, 497, 497, 419, 523, 414, 445, 474, 391, 401, 496, 480, 650, 523, 552, 494, 397, 440, 434, 456, 417, 472, 530, 624, 481, 456, 508, 529, 446, 551, 622, 471, 422, 494, 528, 434, 443, 492, 421, 476, 416, 520, 401, 398, 524, 422, 471, 412, 480, 511, 520, 408, 431, 500, 551, 462, 455, 553, 454, 617, 524, 583, 558, 520, 449, 466, 501, 483, 489, 444, 456, 439, 558, 477, 461, 528, 520, 470, 565, 443, 505, 525, 496, 505, 437, 488, 424, 508, 581, 468, 536, 459, 489, 533, 506, 467, 434, 506, 413, 524, 433, 483, 522, 458, 423, 513, 525, 411, 563, 559, 417, 574, 506, 486, 463, 533, 425, 477, 519, 427, 442, 530, 454, 387, 454, 562, 485, 446, 448, 483, 504, 534, 462, 524, 428, 441, 522, 551, 586, 543, 429, 483, 444, 461, 419, 448, 506, 671, 436, 576, 451, 412, 489, 453, 418, 513, 531, 603, 520, 459, 447, 427, 491, 427, 511, 461, 412, 476, 514, 392, 546, 581, 532, 483, 442, 463, 581, 446, 476, 509, 631, 464, 441, 541, 536, 424, 380, 564, 450, 425, 512, 411, 590, 563, 464, 455, 630, 493, 514, 485, 583, 505, 517, 429, 558, 449, 478, 431, 586, 441, 489, 474, 514, 497, 431, 520, 602, 483, 644, 528, 515, 585, 513, 518, 519, 581, 489, 652, 477, 455, 492, 547, 448, 528, 516, 444, 509, 573, 546, 535, 510, 450, 451, 410, 484, 406, 404, 492, 439, 479, 555, 501, 454, 416, 521, 540, 457, 390, 567, 495, 516, 421, 475, 463, 609, 526, 472, 467, 493, 452, 490, 436, 436, 572, 555, 508, 391, 543, 457, 518, 499, 525, 435, 569, 526, 451, 462, 431, 588, 532, 428, 572, 479, 513, 554, 537, 467, 469, 412, 446, 559, 445, 466, 506, 416, 430, 577, 509, 549, 488, 453, 565, 539, 519, 512, 502, 525, 465, 424, 504, 394, 460, 553, 530, 452, 530, 446, 476, 525, 536, 485, 487, 478, 402, 510, 525, 464, 447, 455, 543, 426, 569, 443, 530, 421, 398, 500, 472, 524, 483, 490, 581, 449, 499, 417, 623, 454, 446, 443, 430, 518, 491, 505, 413, 523, 448, 467, 515, 471, 486, 463, 404, 480, 446, 444, 593, 444, 543, 500, 412, 502, 492, 499, 451, 521, 549, 386, 458, 590, 475, 511, 559, 466, 503, 501, 548, 422, 528, 502, 542, 437, 441, 442, 374, 508, 458, 518, 462, 564, 453, 491, 498, 438, 494, 498, 552, 506, 399, 436, 459, 451, 541, 522, 405, 552, 571, 515, 500, 520, 431, 520, 494, 455, 476, 508, 477, 471, 517, 514, 626, 437, 573, 403, 391, 497, 519, 518, 548, 414, 503, 532, 502, 421, 482, 465, 553, 461, 620, 529, 473, 453, 414, 480, 573, 475, 464, 532, 555, 504, 561, 464, 469, 522, 444, 471, 469, 555, 453, 522, 478, 513, 543, 506, 527, 457, 614, 581, 415, 511, 620, 514, 476, 464, 415, 483, 481, 467, 517, 468, 517, 458, 544, 379, 481, 439, 444, 571, 537, 416, 558, 439, 478, 478, 523, 435, 525, 467, 456, 477, 453, 493, 424, 429, 508, 548, 540, 525, 463, 438, 524, 550, 596, 427, 416, 496, 477, 559, 440, 592, 570, 452, 420, 545, 438, 424, 492, 485, 524, 460, 586, 505, 456, 465, 468, 441, 585, 467, 499, 526, 447, 476, 410, 585, 462, 437, 535, 571, 606, 514, 518, 499, 398, 434, 467, 510, 460, 480, 466, 626, 515, 503, 533, 463, 522, 542, 605, 537, 428, 429, 379, 446, 528, 464, 565, 479, 498, 523, 436, 585, 508, 456, 534, 448, 504, 466, 467, 538, 567, 498, 550, 493, 552, 569, 470, 537, 470, 506, 565, 523, 471, 426, 436, 504, 462, 545, 517, 565, 571, 468, 463, 487, 541, 528, 516, 387, 445, 483, 620, 637, 391, 522, 490, 484, 517, 458, 519, 437, 530, 418, 480, 473, 469, 561, 446, 459, 558, 409, 542, 442, 499, 521, 489, 439, 538, 534, 433, 527, 453, 472, 558, 511, 465, 560, 420, 415, 514, 503, 494, 458, 560, 478, 575, 497, 534, 521, 477, 469, 474, 509, 392, 469, 526, 498, 419, 476, 450, 536, 447, 460, 460, 453, 431, 413, 484, 505, 480, 439, 521, 474, 422, 381, 447, 531, 634, 426, 422, 453, 504, 430, 488, 533, 415, 457, 475, 423, 455, 511, 433, 544, 525, 454, 478, 422, 502, 523, 473, 595, 446, 542, 436, 548, 480, 570, 477, 440, 535, 523, 596, 490, 499, 453, 407, 570, 490, 479, 475, 441, 591, 562, 484, 621, 499, 544, 575, 559, 564, 464, 506, 433, 448, 538, 512, 504, 522, 505, 439, 457, 382, 434, 429, 442, 488, 516, 599, 517, 412, 649, 412, 517, 495, 499, 466, 430, 438, 519, 429, 477, 603, 510, 562, 381, 501, 462, 373, 493, 594, 527, 567, 429, 535, 673, 516, 595, 577, 525, 423, 523, 430, 447, 445, 483, 433, 575, 449, 513, 485, 431, 509, 430, 475, 570, 439, 619, 484, 454, 559, 494, 459, 556, 428, 512, 520, 494, 493, 440, 436, 468, 477, 511, 527, 426, 414, 446, 427, 569, 519, 571, 405, 515, 537, 424, 545, 417, 486, 480, 521, 412, 588, 429, 467, 560, 553, 563, 482, 520, 448, 537, 488, 426, 515, 490, 435, 539, 484, 505, 427, 529, 438, 436, 414, 654, 443, 507, 564, 479, 451, 469, 418, 422, 435, 446, 516, 519, 468, 498, 486, 477, 495, 501, 456, 494, 529, 475, 413, 419, 559, 569, 565, 422, 509, 436, 489, 381, 478, 425, 497, 549, 504, 513, 611, 395, 441, 636, 512, 411, 478, 471, 506, 446, 480, 453, 449, 600, 475, 438, 423, 475, 612, 410, 493, 385, 516, 497, 635, 530, 513, 507, 442, 496, 420, 427, 458, 451, 447, 496, 459, 499, 450, 480, 448, 429, 528, 436, 444, 516, 465, 443, 467, 497, 385, 468, 527, 523, 494, 601, 442, 392, 517, 455, 426, 479, 609, 546, 505, 561, 569, 396, 421, 527, 432, 488, 455, 477, 585, 455, 500, 392, 450, 508, 458, 493, 504, 466, 498, 539, 502, 556, 589, 523, 556, 501, 453, 431, 443, 415, 609, 484, 500, 462, 461, 468, 501, 577, 487, 435, 601, 446, 473, 462, 563, 597, 526, 437, 561, 407, 518, 513, 545, 429, 567, 524, 476, 485, 440, 499, 465, 431, 537, 557, 504, 465, 455, 454, 433, 599, 451, 457, 455, 439, 483, 452, 516, 591, 496, 397, 515, 521, 468, 523, 478, 569, 456, 543, 444, 452, 561, 407, 430, 457, 516, 598, 386, 529, 402, 572, 506, 495, 524, 383, 522, 588, 578, 408, 466, 537, 448, 555, 513, 614, 466, 465, 446, 481, 649, 516, 477, 524, 462, 468, 662, 537, 512, 523, 493, 439, 498, 420, 413, 470, 512, 524, 532, 540, 449, 461, 447, 565, 438, 523, 488, 478, 534, 411, 471, 475, 487, 526, 483, 556, 535, 462, 416, 416, 498, 449, 494, 442, 413, 610, 491, 424, 456, 543, 570, 480, 582, 513, 403, 497, 459, 428, 567, 482, 481, 563, 499, 400, 451, 476, 486, 480, 546, 419, 575, 409, 500, 512, 438, 595, 436, 423, 414, 574, 437, 429, 467, 455, 542, 555, 420, 447, 559, 446, 460, 528, 452, 571, 425, 426, 458, 575, 478, 553, 516, 409, 581, 502, 466, 558, 517, 423, 561, 499, 424, 450, 595, 488, 419, 566, 394, 398, 470, 494, 432, 471, 581, 447, 572, 478, 476, 483, 498, 505, 502, 606, 426, 548, 542, 476, 490, 564, 439, 504, 519, 463, 502, 465, 481, 490, 453, 507, 508, 565, 578, 493, 486, 510, 471, 546, 533, 496, 449, 406, 550, 462, 534, 433, 491, 456, 465, 423, 440, 515, 496, 517, 533, 498, 506, 483, 399, 443, 471, 381, 576, 614, 438, 431, 431, 452, 431, 539, 438, 520, 475, 506, 521, 476, 398, 584, 413, 531, 598, 440, 613, 485, 575, 428, 429, 520, 389, 391, 505, 534, 535, 433, 576, 464, 517, 450, 598, 417, 477, 434, 508, 555, 455, 429, 532, 423, 558, 632, 515, 371, 530, 596, 541, 485, 420, 595, 583, 489, 494, 400, 486, 428, 479, 430, 419, 434, 468, 460, 567, 518, 448, 460, 447, 431, 398, 623, 515, 462, 449, 551, 453, 427, 472, 539, 579, 491, 552, 506, 409, 390, 544, 402, 436, 496, 487, 546, 423, 556, 510, 520, 598, 453, 565, 519, 609, 531, 507, 457, 445, 441, 486, 647, 452, 479, 412, 519, 428, 395, 427, 571, 479, 461, 571, 365, 461, 549, 495, 511, 409, 523, 422, 411, 468, 441, 383, 487, 611, 558, 454, 503, 565, 431, 560, 492, 434, 453, 413, 582, 490, 460, 466, 529, 558, 474, 579, 502, 425, 495, 447, 476, 518, 576, 675, 529, 539, 468, 551, 563, 492, 418, 491, 451, 638, 507, 412, 487, 503, 519, 525, 388, 452, 413, 570, 505, 480, 446, 532, 550, 413, 514, 533, 552, 525, 410, 459, 441, 579, 561, 407, 498, 494, 416, 485, 505, 450, 509, 455, 435, 533, 442, 499, 551, 473, 609, 482, 474, 556, 481, 408, 422, 516, 398, 376, 532, 459, 525, 509, 466, 579, 529, 530, 448, 449, 526, 459, 585, 516, 519, 473, 466, 517, 471, 424, 493, 476, 460, 521, 458, 495, 520, 498, 432, 429, 486, 464, 473, 473, 566, 557, 414, 480, 458, 429, 512, 396, 504, 439, 393, 531, 552, 665, 500, 447, 439, 444, 455, 485, 514, 451, 498, 390, 370, 470, 545, 491, 497, 570, 457, 521, 524, 547, 427, 431, 455, 534, 465, 455, 496, 521, 463, 490, 508, 421, 460, 496, 448, 433, 455, 463, 443, 477, 568, 497, 565, 460, 427, 527, 485, 498, 381, 524, 522, 469, 542, 437, 537, 404, 476, 475, 443, 438, 597, 441, 472, 436, 460, 466, 633, 472, 550, 540, 476, 441, 516, 472, 601, 564, 449, 466, 524, 447, 501, 406, 460, 564, 484, 462, 515, 420, 469, 518, 480, 458, 534, 616, 512, 427, 478, 499, 537, 585, 470, 441, 505, 512, 421, 433, 460, 618, 499, 465, 375, 535, 468, 463, 533, 457, 446, 459, 498, 460, 437, 586, 386, 487, 524, 506, 516, 513, 414, 561, 499, 453, 404, 495, 575, 501, 499, 560, 472, 418, 517, 442, 418, 555, 441, 559, 437, 460, 419, 523, 396, 529, 522, 481, 559, 386, 484, 527, 499, 616, 397, 422, 499, 500, 491, 580, 493, 487, 394, 472, 534, 472, 451, 590, 482, 454, 505, 591, 416, 470, 500, 433, 430, 570, 430, 477, 508, 439, 479, 601, 445, 509, 470, 493, 581, 583, 574, 539, 478, 432, 506, 404, 398, 495, 472, 543, 410, 561, 612, 537, 479, 547, 518, 451, 473, 432, 491, 452, 484, 452, 430, 393, 421, 410, 453, 461, 446, 468, 451, 564, 435, 443, 476, 443, 515, 521, 489, 437, 473, 477, 555, 526, 534, 488, 521, 428, 436, 571, 544, 464, 565, 430, 531, 439, 470, 449, 468, 514, 517, 466, 463, 443, 496, 444, 612, 459, 490, 530, 541, 554, 598, 558, 478, 557, 463, 489, 513, 494, 549, 437, 463, 452, 484, 455, 442, 508, 533, 532, 459, 512, 521, 438, 514, 507, 456, 449, 473, 454, 441, 468, 465, 503, 404, 473, 640, 537, 428, 474, 497, 442, 412, 478, 563, 455, 479, 471, 452, 545, 423, 500, 516, 409, 494, 486, 607, 475, 515, 483, 485, 543, 446, 420, 470, 565, 567, 508, 452, 676, 571, 474, 482, 537, 510, 482, 506, 468, 535, 500, 478, 405, 522, 518, 494, 481, 560, 491, 587, 454, 484, 565, 503, 553, 481, 447, 455, 403, 558, 455, 451, 408, 411, 407, 447, 422, 467, 464, 543, 536, 572, 547, 533, 510, 473, 496, 412, 475, 563, 524, 488, 523, 481, 587, 548, 480, 473, 527, 476, 519, 427, 557, 560, 476, 482, 473, 586, 486, 490, 510, 496, 417, 516, 416, 433, 457, 495, 436, 494, 534, 498, 400, 482, 579, 529, 412, 457, 548, 471, 542, 452, 426, 609, 545, 445, 413, 504, 597, 516, 461, 436, 581, 457, 400, 524, 492, 480, 413, 424, 542, 469, 531, 507, 470, 478, 435, 623, 541, 479, 460, 456, 470, 439, 405, 579, 547, 557, 517, 585, 495, 543, 470, 487, 497, 466, 496, 536, 426, 506, 386, 383, 438, 560, 474, 448, 439, 486, 510, 513, 561, 541, 483, 371, 459, 488, 489, 439, 492, 525, 533, 528, 541, 524, 384, 529, 440, 384, 508, 453, 450, 482, 459, 524, 445, 549, 444, 573, 509, 558, 418, 417, 492, 517, 469, 487, 515, 406, 526, 545, 486, 519, 495, 591, 440, 452, 483, 435, 465, 451, 494, 483, 511, 536, 424, 507, 455, 467, 462, 523, 585, 621, 519, 490, 468, 473, 463, 441, 520, 446, 636, 389, 530, 415, 441, 551, 500, 555, 503, 502, 510, 492, 416, 599, 376, 578, 568, 480, 577, 486, 412, 459, 480, 517, 480, 475, 473, 583, 468, 503, 524, 414, 510, 478, 488, 413, 492, 427, 480, 412, 529, 516, 421, 439, 515, 586, 455, 528, 474, 499, 444, 514, 528, 425, 480, 386, 475, 457, 483, 412, 409, 503, 440, 590, 525, 472, 489, 545, 510, 571, 443, 531, 569, 477, 543, 394, 492, 418, 591, 395, 520, 422, 537, 476, 474, 479, 472, 462, 434, 539, 421, 427, 373, 529, 464, 442, 520, 465, 496, 446, 548, 429, 424, 460, 522, 563, 527, 484, 578, 449, 471, 458, 493, 532, 495, 547, 553, 465, 532, 642, 533, 527, 463, 545, 486, 557, 456, 418, 482, 441, 464, 432, 519, 520, 579, 424, 516, 527, 462, 524, 553, 425, 569, 535, 530, 395, 484, 467, 455, 539, 542, 466, 481, 478, 625, 510, 463, 539, 440, 501, 485, 463, 531, 500, 479, 483, 539, 491, 538, 485, 564, 496, 577, 528, 508, 540, 486, 580, 541, 529, 419, 544, 489, 462, 462, 563, 551, 538, 477, 519, 516, 504, 436, 609, 477, 428, 439, 521, 442, 427, 528, 462, 473, 507, 445, 548, 429, 440, 494, 547, 535, 526, 470, 468, 577, 544, 452, 565, 432, 632, 493, 498, 431, 376, 434, 473, 407, 447, 422, 525, 579, 412, 396, 580, 415, 493, 503, 477, 495, 535, 480, 450, 554, 424, 439, 502, 507, 488, 497, 535, 430, 501, 470, 472, 497, 593, 530, 463, 518, 509, 551, 495, 423, 478, 490, 429, 476, 519, 438, 487, 423, 553, 501, 586, 356, 452, 512, 468, 563, 520, 405, 515, 618, 462, 518, 583, 463, 456, 481, 495, 447, 440, 518, 468, 448, 417, 447, 434, 476, 521, 479, 569, 535, 503, 458, 564, 550, 473, 504, 436, 454, 486, 445, 478, 493, 697, 504, 497, 592, 433, 474, 450, 448, 568, 453, 433, 539, 566, 452, 550, 485, 548, 400, 573, 425, 544, 538, 452, 408, 499, 401, 499, 557, 568, 442, 433, 606, 583, 535, 548, 535, 495, 504, 556, 505, 461, 514, 515, 386, 487, 440, 513, 440, 558, 551, 461, 480, 542, 509, 594, 514, 584, 514, 525, 622, 457, 672, 510, 498, 511, 412, 560, 619, 438, 510, 519, 519, 511, 387, 450, 590, 547, 580, 550, 443, 419, 580, 491, 427, 487, 485, 517, 395, 577, 447, 439, 381, 592, 567, 402, 440, 465, 453, 481, 466, 437, 443, 526, 505, 478, 571, 393, 483, 426, 500, 544, 491, 607, 554, 422, 567, 424, 579, 497, 432, 439, 577, 464, 473, 525, 473, 489, 491, 483, 405, 433, 481, 482, 515, 537, 413, 415, 507, 517, 508, 554, 462, 544, 536, 427, 491, 478, 548, 476, 432, 420, 399, 465, 458, 530, 488, 468, 509, 474, 480, 533, 437, 543, 486, 544, 479, 455, 423, 524, 599, 476, 439, 432, 528, 493, 405, 533, 551, 629, 526, 448, 445, 477, 454, 560, 482, 462, 557, 395, 384, 402, 515, 507, 552, 458, 550, 468, 421, 532, 479, 415, 594, 446, 516, 527, 465, 488, 522, 512, 512, 482, 425, 516, 436, 491, 427, 512, 414, 526, 455, 533, 516, 499, 402, 477, 437, 411, 477, 446, 543, 512, 663, 571, 543, 472, 467, 418, 391, 497, 468, 526, 629, 586, 508, 446, 532, 481, 572, 534, 459, 484, 499, 419, 546, 456, 516, 566, 643, 471, 502, 511, 410, 499, 512, 515, 473, 552, 478, 384, 590, 492, 461, 560, 410, 489, 509, 533, 524, 570, 562, 428, 472, 621, 525, 582, 455, 475, 496, 417, 462, 448, 462, 461, 480, 529, 534, 456, 639, 427, 476, 487, 474, 453, 501, 641, 541, 562, 442, 446, 446, 386, 543, 501, 509, 541, 505, 432, 584, 414, 400, 434, 400, 474, 481, 384, 538, 436, 510, 539, 518, 463, 520, 436, 504, 493, 453, 444, 541, 452, 480, 443, 546, 526, 553, 428, 520, 560, 488, 434, 470, 366, 420, 438, 541, 521, 481, 511, 526, 524, 491, 497, 586, 554, 446, 491, 449, 549, 482, 538, 584, 411, 569, 533, 494, 446, 417, 606, 465, 419, 540, 511, 424, 436, 468, 429, 487, 476, 490, 475, 557, 531, 587, 454, 377, 529, 500, 410, 485, 417, 591, 456, 529, 511, 384, 432, 424, 547, 492, 471, 465, 444, 553, 549, 471, 556, 446, 615, 395, 551, 417, 460, 616, 413, 446, 544, 549, 474, 483, 498, 482, 562, 558, 435, 490, 478, 432, 513, 438, 570, 432, 505, 502, 469, 424, 496, 475, 440, 431, 423, 476, 488, 461, 467, 487, 464, 512, 443, 515, 532, 463, 436, 504, 422, 492, 443, 660, 543, 451, 458, 520, 563, 461, 513, 419, 453, 415, 450, 511, 553, 560, 432, 529, 452, 417, 431, 493, 609, 482, 507, 417, 437, 478, 466, 547, 477, 417, 424, 476, 467, 427, 457, 486, 588, 517, 503, 404, 473, 444, 448, 514, 505, 562, 489, 529, 478, 499, 413, 613, 413, 594, 427, 552, 490, 518, 555, 520, 398, 531, 434, 618, 461, 475, 543, 478, 572, 445, 559, 480, 388, 436, 409, 400, 449, 472, 498, 495, 477, 496, 549, 551, 463, 461, 500, 439, 401, 434, 467, 454, 501, 550, 440, 450, 439, 455, 475, 495, 557, 615, 544, 570, 487, 576, 533, 517, 624, 559, 572, 507, 458, 486, 528, 484, 444, 462, 400, 388, 501, 550, 460, 479, 562, 538, 477, 527, 517, 510, 472, 475, 644, 482, 528, 538, 406, 496, 526, 462, 429, 467, 532, 551, 364, 408, 493, 494, 444, 484, 572, 521, 488, 445, 516, 494, 517, 609, 408, 512, 440, 479, 529, 544, 398, 507, 535, 437, 448, 528, 556, 594, 421, 513, 558, 483, 500, 513, 420, 455, 532, 487, 512, 454, 470, 414, 561, 415, 668, 544, 494, 487, 433, 499, 453, 593, 605, 509, 496, 513, 514, 539, 460, 510, 452, 576, 522, 469, 495, 374, 483, 526, 517, 511, 418, 499, 580, 476, 483, 492, 525, 432, 435, 530, 571, 547, 435, 536, 469, 605, 431, 521, 557, 554, 553, 422, 557, 467, 435, 446, 411, 451, 465, 416, 535, 527, 501, 442, 534, 490, 477, 604, 437, 454, 453, 480, 587, 402, 416, 554, 442, 543, 421, 461, 524, 495, 629, 542, 567, 577, 631, 527, 628, 548, 557, 476, 456, 484, 440, 480, 502, 414, 401, 392, 458, 488, 582, 490, 473, 484, 482, 466, 412, 473, 438, 472, 486, 398, 398, 479, 521, 504, 483, 443, 418, 474, 513, 585, 446, 471, 635, 526, 488, 535, 505, 649, 530, 495, 427, 419, 421, 462, 501, 573, 477, 477, 550, 444, 442, 500, 475, 477, 501, 445, 543, 554, 491, 435, 521, 471, 430, 490, 521, 395, 472, 569, 409, 502, 527, 490, 445, 524, 464, 495, 551, 428, 420, 411, 485, 551, 475, 570, 438, 518, 485, 372, 465, 420, 476, 501, 500, 480, 438, 556, 389, 514, 431, 535, 611, 485, 467, 406, 625, 464, 515, 646, 373, 595, 440, 622, 558, 438, 534, 445, 468, 498, 407, 576, 402, 454, 472, 432, 490, 433, 507, 435, 472, 499, 576, 508, 457, 472, 451, 492, 418, 629, 551, 607, 421, 435, 438, 555, 530, 483, 498, 436, 545, 476, 560, 492, 460, 489, 650, 518, 451, 475, 431, 377, 499, 436, 549, 436, 481, 524, 555, 412, 469, 470, 629, 474, 502, 477, 530, 471, 458, 510, 636, 475, 570, 532, 491, 398, 503, 563, 576, 483, 582, 489, 527, 489, 576, 503, 441, 531, 452, 523, 447, 460, 503, 493, 515, 443, 572, 427, 503, 567, 423, 462, 449, 468, 487, 529, 528, 454, 452, 473, 468, 471, 467, 510, 590, 421, 557, 447, 455, 420, 510, 434, 508, 440, 406, 513, 514, 458, 513, 523, 394, 463, 570, 542, 449, 552, 536, 570, 475, 510, 496, 551, 506, 517, 498, 483, 532, 504, 443, 473, 518, 551, 496, 503, 476, 492, 426, 378, 496, 578, 421, 456, 395, 539, 572, 571, 470, 380, 479, 496, 573, 413, 503, 451, 427, 531, 598, 506, 468, 468, 481, 481, 503, 593, 479, 424, 611, 495, 492, 552, 486, 402, 533, 615, 436, 456, 562, 448, 443, 529, 406, 513, 517, 440, 437, 368, 485, 453, 515, 529, 495, 451, 469, 474, 437, 480, 489, 489, 474, 519, 513, 497, 455, 473, 531, 465, 447, 434, 435, 479, 502, 431, 503, 468, 459, 530, 432, 476, 595, 460, 447, 428, 453, 474, 465, 580, 591, 457, 466, 462, 460, 464, 491, 421, 497, 419, 471, 490, 539, 550, 488, 500, 482, 463, 497, 483, 520, 424, 542, 526, 505, 443, 462, 441, 461, 502, 376, 491, 563, 521, 455, 443, 489, 440, 478, 522, 508, 514, 439, 544, 555, 511, 406, 512, 421, 485, 588, 504, 442, 546, 391, 485, 499, 442, 549, 586, 455, 539, 490, 550, 511, 471, 477, 503, 546, 513, 448, 403, 599, 446, 444, 550, 443, 547, 535, 450, 486, 497, 489, 509, 444, 480, 508, 418, 548, 503, 412, 517, 452, 439, 428, 418, 629, 444, 484, 507, 493, 507, 436, 436, 471, 489, 484, 566, 497, 480, 448, 454, 427, 429, 477, 472, 501, 488, 385, 535, 401, 499, 481, 550, 506, 666, 489, 442, 495, 460, 569, 450, 519, 592, 414, 536, 553, 494, 418, 450, 525, 447, 391, 540, 491, 474, 479, 543, 487, 571, 638, 473, 508, 438, 398, 524, 480, 412, 509, 465, 498, 514, 397, 505, 428, 467, 566, 532, 477, 409, 552, 510, 433, 434, 509, 520, 439, 398, 494, 432, 513, 546, 480, 442, 511, 595, 447, 506, 510, 557, 407, 456, 519, 476, 447, 465, 484, 509, 533, 479, 464, 432, 464, 375, 388, 568, 449, 560, 463, 453, 496, 532, 474, 527, 628, 468, 516, 469, 510, 594, 365, 513, 464, 479, 467, 437, 474, 457, 428, 585, 555, 441, 448, 634, 448, 547, 582, 424, 542, 447, 481, 521, 468, 523, 436, 483, 584, 479, 405, 536, 524, 483, 470, 478, 511, 642, 441, 475, 512, 542, 385, 418, 535, 465, 567, 451, 464, 482, 531, 472, 520, 469, 477, 392, 491, 554, 459, 583, 457, 455, 480, 523, 533, 493, 495, 411, 518, 457, 556, 451, 563, 462, 477, 645, 462, 416, 474, 442, 563, 478, 594, 577, 522, 558, 499, 431, 512, 527, 464, 513, 514, 609, 438, 508, 488, 522, 517, 442, 512, 403, 514, 561, 567, 555, 511, 505, 381, 495, 462, 404, 397, 413, 427, 437, 557, 577, 485, 480, 476, 447, 511, 513, 547, 523, 573, 457, 543, 512, 448, 481, 430, 477, 566, 508, 489, 571, 510, 463, 507, 535, 510, 520, 623, 433, 413, 434, 537, 449, 398, 433, 538, 533, 425, 420, 523, 522, 523, 579, 452, 403, 490, 403, 529, 424, 536, 569, 461, 380, 513, 437, 555, 415, 409, 517, 505, 466, 522, 610, 547, 560, 559, 485, 555, 446, 563, 467, 490, 428, 435, 541, 446, 425, 460, 494, 410, 508, 404, 557, 463, 470, 552, 500, 556, 625, 589, 509, 512, 444, 558, 571, 507, 617, 564, 471, 467, 460, 545, 456, 467, 432, 502, 586, 412, 458, 482, 438, 486, 582, 483, 524, 434, 441, 497, 508, 645, 464, 518, 467, 383, 452, 420, 425, 599, 555, 488, 542, 492, 569, 506, 509, 471, 478, 475, 522, 618, 534, 535, 577, 437, 521, 578, 552, 526, 673, 430, 498, 541, 436, 666, 454, 495, 519, 429, 393, 460, 550, 363, 427, 531, 456, 480, 460, 540, 624, 424, 447, 445, 475, 450, 390, 490, 494, 581, 457, 488, 501, 492, 540, 611, 573, 433, 529, 507, 462, 477, 412, 510, 439, 513, 416, 460, 530, 474, 513, 691, 486, 466, 495, 502, 459, 488, 415, 491, 446, 499, 562, 548, 430, 511, 467, 476, 465, 519, 602, 465, 439, 467, 506, 373, 410, 599, 462, 527, 616, 476, 454, 451, 510, 556, 537, 431, 501, 453, 456, 474, 539, 558, 462, 424, 510, 488, 553, 582, 415, 560, 428, 484, 496, 550, 414, 513, 545, 404, 387, 511, 466, 454, 427, 467, 492, 511, 436, 403, 549, 461, 548, 435, 456, 569, 497, 500, 523, 586, 478, 451, 527, 423, 541, 494, 540, 481, 579, 574, 450, 479, 495, 554, 561, 566, 394, 538, 469, 467, 485, 507, 527, 509, 441, 643, 436, 473, 460, 516, 538, 467, 405, 549, 484, 506, 515, 489, 637, 460, 541, 420, 477, 410, 526, 477, 438, 405, 462, 588, 545, 532, 510, 403, 448, 459, 509, 450, 483, 488, 494, 446, 596, 513, 441, 436, 512, 534, 440, 592, 530, 600, 511, 548, 527, 462, 492, 544, 634, 441, 552, 543, 564, 581, 446, 444, 469, 465, 426, 537, 444, 471, 552, 510, 553, 504, 476, 464, 427, 463, 469, 552, 612, 565, 406, 538, 603, 501, 468, 441, 577, 464, 436, 463, 501, 490, 395, 450, 465, 444, 598, 483, 424, 495, 465, 460, 413, 537, 452, 440, 525, 417, 431, 512, 424, 497, 565, 480, 529, 470, 429, 511, 518, 621, 447, 503, 484, 554, 530, 522, 405, 405, 415, 470, 490, 503, 452, 412, 474, 504, 552, 509, 404, 512, 474, 566, 473, 600, 503, 592, 449, 392, 490, 404, 569, 484, 486, 526, 472, 457, 493, 549, 521, 533, 526, 465, 563, 425, 493, 426, 442, 468, 427, 563, 543, 486, 411, 432, 478, 552, 501, 481, 401, 517, 589, 546, 449, 545, 430, 448, 452, 417, 465, 470, 552, 408, 442, 450, 447, 543, 468, 495, 466, 511, 413, 428, 451, 441, 605, 472, 492, 572, 505, 439, 449, 495, 493, 460, 501, 474, 508, 427, 571, 492, 514, 597, 383, 436, 555, 536, 533, 561, 511, 497, 380, 490, 512, 570, 501, 647, 430, 424, 528, 628, 417, 442, 435, 539, 486, 410, 473, 527, 513, 473, 470, 534, 521, 426, 532, 533, 504, 401, 498, 414, 488, 502, 423, 468, 491, 492, 433, 453, 450, 578, 577, 565, 531, 620, 605, 485, 552, 502, 473, 474, 580, 495, 519, 403, 495, 503, 516, 447, 522, 437, 467, 447, 484, 387, 432, 481, 539, 509, 469, 472, 530, 463, 567, 449, 534, 450, 523, 401, 489, 467, 492, 575, 515, 546, 551, 508, 488, 523, 520, 523, 564, 467, 473, 518, 441, 455, 466, 399, 432, 444, 419, 506, 485, 509, 428, 564, 480, 480, 488, 538, 471, 480, 552, 427, 413, 419, 601, 461, 427, 428, 465, 466, 488, 540, 448, 564, 487, 496, 472, 448, 506, 462, 460, 499, 559, 499, 414, 483, 481, 468, 467, 428, 546, 476, 406, 426, 393, 516, 413, 442, 492, 530, 432, 485, 642, 452, 422, 496, 431, 413, 479, 497, 442, 453, 432, 508, 531, 452, 479, 483, 486, 596, 568, 443, 456, 557, 517, 449, 482, 511, 430, 406, 432, 444, 473, 510, 528, 434, 501, 515, 507, 556, 631, 431, 443, 493, 497, 515, 388, 524, 481, 582, 488, 540, 444, 456, 509, 475, 458, 541, 604, 580, 511, 541, 455, 381, 571, 587, 565, 456, 466, 501, 435, 492, 447, 470, 427, 445, 488, 469, 576, 518, 525, 504, 539, 458, 447, 482, 567, 405, 406, 531, 463, 449, 546, 430, 540, 382, 510, 535, 472, 555, 481, 381, 484, 392, 433, 554, 439, 532, 456, 483, 528, 497, 431, 538, 483, 480, 518, 397, 554, 580, 566, 389, 520, 477, 513, 501, 378, 474, 455, 560, 419, 553, 575, 521, 516, 459, 524, 522, 420, 466, 461, 491, 439, 617, 425, 564, 514, 458, 407, 610, 490, 483, 524, 503, 518, 496, 494, 584, 516, 515, 481, 478, 516, 495, 496, 533, 436, 459, 524, 503, 432, 501, 423, 474, 419, 478, 412, 516, 447, 497, 501, 550, 476, 467, 423, 528, 528, 463, 386, 589, 494, 469, 560, 533, 547, 484, 538, 414, 416, 609, 448, 438, 497, 394, 624, 442, 473, 527, 552, 522, 478, 585, 431, 529, 508, 470, 562, 464, 631, 496, 407, 459, 466, 479, 457, 523, 485, 494, 628, 480, 530, 505, 420, 511, 575, 551, 463, 465, 532, 423, 480, 510, 459, 460, 509, 501, 468, 466, 437, 493, 454, 513, 422, 450, 557, 412, 467, 420, 504, 416, 478, 523, 586, 393, 478, 446, 473, 499, 504, 653, 507, 480, 508, 504, 520, 504, 422, 511, 409, 435, 424, 483, 428, 462, 480, 455, 451, 433, 423, 550, 538, 529, 509, 533, 470, 484, 565, 435, 441, 506, 418, 540, 390, 443, 520, 538, 472, 540, 486, 504, 529, 478, 463, 645, 475, 420, 569, 476, 526, 474, 514, 458, 581, 544, 446, 436, 604, 507, 474, 534, 489, 509, 479, 504, 435, 500, 530, 527, 560, 638, 614, 438, 552, 409, 455, 397, 554, 376, 554, 478, 461, 384, 439, 417, 501, 506, 484, 534, 443, 403, 505, 402, 452, 455, 404, 583, 396, 570, 505, 460, 447, 558, 526, 404, 490, 539, 567, 506, 397, 458, 479, 413, 434, 413, 468]

