Resultados de simulación — 20260923_203732
Pasajeros: 100 | P(carry-on): 0.8 | Simulaciones por política: 5000
============================================================

[rand]
  Promedio : 2085.5s
  Desvío   : 113.5s
  IC 95%   : [2082.3s, 2088.6s]
  Mínimo   : 1714s
  Máximo   : 2521s
  Tiempos  : [1996, 1998, 1994, 2030, 2154, 2233, 2180, 2147, 1984, 2117, 1965, 2005, 2067, 2104, 2015, 2035, 1976, 2220, 2099, 2364, 2059, 1964, 2126, 2182, 2177, 2012, 1956, 2365, 2019, 2054, 2253, 2166, 1987, 2021, 2004, 2071, 1938, 1931, 2125, 1902, 2022, 2097, 1855, 2176, 2216, 2050, 2025, 2051, 2197, 2202, 1953, 1976, 1975, 2383, 2336, 2088, 2192, 1986, 2208, 2137, 2167, 2101, 2088, 2076, 2080, 2287, 2308, 2079, 2060, 1851, 2274, 2201, 2066, 2107, 2092, 2101, 2187, 2075, 2050, 2292, 2031, 1976, 1964, 2094, 1960, 1898, 2090, 1975, 1988, 2044, 2162, 2196, 2266, 2011, 2141, 2197, 1911, 2237, 1978, 1990, 2134, 2056, 2038, 2188, 2317, 2042, 2276, 1890, 1962, 2005, 2140, 2064, 1895, 1888, 2265, 2114, 2207, 1909, 1984, 2011, 2045, 2002, 2228, 1928, 1868, 1956, 2205, 2208, 2192, 2195, 2254, 2196, 1982, 2000, 1953, 2181, 1911, 1997, 2122, 2195, 2116, 1914, 2065, 2077, 1970, 2012, 2175, 2042, 2136, 2037, 2328, 2102, 1992, 2111, 2121, 2011, 2259, 2113, 2265, 2094, 2243, 2155, 2084, 2115, 2126, 2232, 2227, 1926, 2039, 2044, 1936, 2222, 2096, 2126, 2122, 1985, 2143, 2038, 2169, 2518, 1993, 2231, 2232, 2088, 1972, 2118, 2144, 2212, 2002, 1973, 2153, 2279, 2207, 2082, 2045, 2076, 2025, 1999, 2156, 2035, 2206, 2186, 2463, 2142, 2037, 2219, 2029, 2060, 2094, 2154, 2197, 2020, 2010, 2271, 2100, 1971, 2062, 2031, 1926, 2225, 2160, 2190, 1872, 2114, 2134, 2142, 1993, 2048, 1975, 2278, 2104, 2166, 1963, 1972, 2218, 2248, 2162, 2193, 2107, 2206, 2013, 1973, 2101, 2222, 2149, 1967, 2128, 2017, 2125, 2063, 1872, 1862, 2101, 2015, 2052, 2059, 1868, 1867, 2229, 2020, 1982, 1938, 1997, 1970, 1902, 2145, 2092, 1864, 2219, 2210, 2244, 2180, 2007, 1985, 2091, 2184, 1963, 1984, 2109, 2164, 2138, 2126, 1956, 2065, 2048, 2002, 2049, 2179, 1942, 1975, 2136, 1958, 2190, 2066, 1981, 1926, 2072, 2185, 2003, 1972, 2164, 2183, 1978, 2108, 1918, 2127, 2237, 2117, 1898, 2209, 1814, 1965, 1937, 2191, 1994, 2229, 2222, 1954, 2193, 2069, 2058, 2177, 2103, 2290, 2119, 2107, 2190, 2252, 2237, 1956, 1954, 2028, 2225, 1956, 1946, 2069, 2079, 2037, 1997, 2049, 2151, 1885, 2231, 2006, 2091, 2311, 1873, 2149, 2224, 2176, 1861, 2286, 2025, 2115, 2119, 2100, 1878, 2041, 2163, 1916, 2144, 1930, 2160, 1962, 2289, 2031, 2042, 2062, 2121, 2371, 1914, 2236, 1959, 2105, 2066, 2071, 2301, 2013, 1986, 1826, 1939, 1908, 2002, 2205, 2027, 1928, 2186, 2068, 2162, 1856, 2180, 2089, 2063, 2136, 2049, 2152, 2376, 1970, 2080, 2235, 2047, 2234, 2113, 2248, 1999, 2156, 2060, 2087, 2129, 2172, 1913, 2087, 1991, 2044, 2136, 1833, 2151, 2009, 2113, 1993, 1839, 2332, 2225, 2085, 1979, 2009, 2170, 2163, 2229, 1950, 2117, 1971, 2155, 2052, 2095, 1894, 2521, 2210, 2086, 1920, 2076, 2188, 2059, 1968, 2107, 1968, 2076, 2240, 1973, 2282, 2062, 2215, 1980, 2133, 2021, 1991, 2099, 2007, 1994, 2256, 2003, 2054, 2027, 2137, 2064, 2115, 1858, 2030, 1943, 1996, 2206, 2008, 2086, 2485, 1903, 2155, 2129, 2135, 2118, 2095, 1973, 1949, 2010, 2057, 2106, 1973, 2087, 2154, 2138, 1870, 2089, 2084, 2032, 2130, 2056, 2147, 1975, 2096, 2054, 1943, 1932, 1914, 2141, 2133, 2078, 2244, 2148, 1989, 2145, 2072, 2089, 1971, 1901, 2173, 2014, 1996, 1978, 2181, 2000, 1905, 2041, 2414, 2050, 1884, 2178, 2032, 2058, 2070, 1984, 2264, 1995, 2031, 2080, 2038, 2092, 2075, 2107, 2198, 2220, 2069, 2118, 2245, 1951, 2162, 2188, 2096, 2086, 2028, 2125, 2116, 2044, 2241, 2078, 1970, 2119, 1929, 1940, 2035, 1956, 2156, 2180, 1940, 2071, 2218, 2244, 2134, 2061, 1977, 2034, 2037, 2068, 2070, 2014, 2100, 2064, 2172, 2203, 2074, 2150, 1943, 2003, 1833, 2274, 1957, 2181, 2063, 2110, 1892, 2292, 1961, 2124, 1927, 2235, 1861, 2104, 2237, 1905, 2270, 2001, 2191, 1976, 2040, 2075, 1990, 2157, 2188, 2125, 1999, 2092, 1950, 2068, 1909, 1870, 2072, 2200, 2143, 2067, 2006, 2253, 2094, 2254, 2277, 2152, 2165, 2076, 2123, 2064, 2236, 2080, 2008, 2214, 2300, 2045, 2048, 2421, 2328, 2075, 1995, 2144, 1986, 2047, 2125, 2115, 1949, 2116, 2140, 2119, 2048, 2124, 2054, 1881, 2088, 2153, 2203, 2098, 1852, 1793, 2080, 2029, 2149, 2135, 1961, 2043, 2032, 1912, 2437, 2066, 1930, 2096, 2088, 1969, 2125, 2004, 2022, 2094, 2160, 1958, 1976, 2135, 2126, 2206, 2045, 1768, 2219, 2232, 2189, 1890, 2033, 2050, 2074, 2164, 2177, 2027, 1992, 2283, 2054, 2145, 2029, 2104, 2109, 2121, 2269, 2119, 1963, 1897, 2071, 2085, 2101, 2117, 1898, 2108, 2252, 2076, 1846, 1892, 2272, 2005, 1895, 1982, 1916, 2105, 1959, 2042, 2105, 2075, 2091, 2174, 2057, 2045, 1929, 2151, 2079, 2115, 2067, 1959, 2095, 2062, 1950, 2069, 2037, 2091, 2137, 2131, 2144, 2231, 1891, 2079, 1978, 1839, 2083, 2045, 2009, 2129, 1993, 2067, 2157, 2203, 2098, 2103, 2063, 2174, 2102, 2119, 1983, 2214, 2043, 2166, 1863, 2222, 2195, 1972, 2189, 2253, 2027, 2057, 1979, 2145, 1962, 2262, 1950, 2019, 1969, 1887, 2128, 1991, 2228, 2233, 2085, 2102, 2231, 2097, 1939, 2059, 2082, 1888, 1929, 1915, 1875, 2102, 2114, 2067, 2005, 2026, 2249, 2153, 1931, 2059, 1927, 1859, 2117, 1981, 2178, 1997, 2061, 1884, 2074, 2097, 1937, 2271, 2128, 2067, 2091, 2141, 2117, 1923, 1934, 1918, 2110, 2126, 2075, 1965, 2032, 2055, 1875, 2044, 1985, 2134, 1975, 1929, 2078, 1931, 2225, 2169, 2085, 2023, 1835, 2103, 1948, 2161, 2033, 2087, 2230, 2111, 2103, 2128, 2255, 1858, 2058, 2154, 2018, 2001, 2091, 2105, 1952, 2020, 1977, 2098, 2185, 2057, 2095, 2430, 2057, 2129, 2095, 1992, 2096, 1916, 2100, 2089, 1958, 2171, 2094, 2043, 2295, 2062, 2113, 1954, 2109, 2128, 1922, 2048, 1961, 2114, 2208, 2130, 2184, 2149, 2109, 2137, 2093, 2182, 2092, 2000, 2200, 2065, 2198, 2207, 2139, 2289, 1976, 2307, 2263, 2056, 2061, 2157, 2045, 2242, 2042, 2011, 1958, 1962, 2064, 2102, 1796, 2061, 2178, 2061, 2108, 2102, 2198, 2161, 1991, 2250, 2383, 1977, 2147, 1966, 2125, 2086, 1997, 2073, 2066, 2054, 1932, 2023, 1994, 2023, 2027, 2083, 2194, 2188, 2265, 2020, 2034, 2003, 2104, 2042, 2181, 2125, 2050, 1860, 2067, 2105, 2094, 2216, 2005, 2248, 2053, 1935, 2035, 2071, 2013, 2161, 2099, 1946, 2029, 2050, 2191, 2087, 2162, 1985, 1876, 2063, 1980, 2091, 2081, 2309, 2041, 2183, 2244, 2023, 2006, 2155, 2237, 1961, 2099, 2024, 1989, 2044, 2287, 1987, 2025, 2004, 1964, 2202, 2106, 1987, 2189, 2101, 1991, 2096, 2186, 1881, 2075, 2019, 2275, 2006, 2197, 2354, 1981, 2014, 2076, 1997, 2243, 2061, 2272, 2188, 2244, 1910, 2265, 2158, 2127, 2014, 2117, 2305, 2236, 2279, 1999, 2166, 2073, 2114, 1908, 2164, 1983, 2090, 2033, 2137, 1863, 1988, 2174, 2081, 2070, 1950, 2000, 2054, 2078, 2117, 2160, 1962, 2130, 1970, 2193, 1968, 2113, 2300, 2088, 1972, 1887, 2184, 2067, 2159, 2179, 2248, 2010, 2195, 2037, 2192, 2229, 2014, 1880, 2350, 1928, 1998, 2058, 1951, 2151, 2126, 2063, 2138, 1967, 2074, 2136, 2125, 2019, 2007, 2053, 2043, 2172, 2023, 1822, 2074, 2086, 2083, 2121, 2212, 2150, 1911, 2095, 2111, 2178, 2091, 2113, 2095, 2091, 2305, 2080, 2155, 2228, 2069, 2072, 2163, 1947, 2154, 2291, 1968, 2101, 2054, 2074, 2135, 2136, 2107, 2187, 2005, 1985, 2100, 2139, 2023, 2122, 2080, 1915, 2128, 2114, 2152, 2238, 2003, 2155, 2035, 2095, 2048, 2264, 2238, 2163, 2136, 1952, 2093, 2004, 2178, 2003, 2203, 2146, 2124, 2131, 2135, 2211, 2044, 1861, 2151, 1946, 1990, 1902, 2112, 2072, 2207, 2386, 2100, 2097, 1935, 1997, 2156, 1947, 2089, 2176, 2008, 2019, 2180, 1984, 2143, 2266, 2083, 2021, 1912, 1874, 1925, 2160, 2045, 2145, 1964, 2173, 2079, 1878, 2166, 1902, 2128, 2300, 1995, 1939, 2124, 1947, 2235, 2027, 2172, 2218, 2042, 2047, 2327, 2107, 2089, 2109, 2115, 1999, 2120, 2052, 2249, 2007, 2059, 2037, 2106, 2054, 2029, 2169, 2232, 2131, 1916, 2010, 1987, 1999, 1903, 2068, 2038, 2136, 1890, 2150, 1895, 2226, 2125, 2001, 2210, 2207, 2094, 2173, 2009, 1933, 2146, 2090, 2044, 2071, 2072, 2060, 2027, 2203, 2033, 2081, 2161, 2090, 1950, 2183, 2174, 1989, 2303, 2068, 2211, 2172, 1869, 1964, 1994, 2117, 2033, 2216, 2025, 2149, 2295, 2026, 2006, 1802, 1996, 2044, 1923, 2102, 2199, 2311, 2125, 2057, 2163, 2119, 2204, 2183, 2064, 2223, 2109, 1959, 2045, 2110, 1917, 1982, 2054, 2004, 2052, 2251, 2210, 2178, 2063, 2220, 2254, 1994, 2109, 2146, 2180, 2291, 2141, 2043, 1967, 1884, 2002, 2071, 2066, 1958, 2213, 1912, 2246, 2050, 2095, 2255, 2039, 1846, 2135, 2053, 2269, 2021, 2114, 2058, 1944, 2074, 2137, 2085, 2208, 2027, 1968, 2254, 1878, 2014, 2096, 2014, 2150, 2057, 2118, 1982, 2167, 2156, 1890, 2094, 2187, 2065, 2273, 2206, 2137, 1866, 1971, 2107, 2141, 1809, 1929, 1972, 2083, 2056, 2287, 2191, 2169, 2113, 2058, 2067, 1966, 2155, 1972, 2182, 1997, 2089, 2113, 1996, 2112, 2056, 2224, 2088, 2111, 2075, 1943, 2004, 2044, 2050, 2053, 1924, 2039, 2043, 2145, 2075, 2164, 2178, 2053, 2219, 2066, 2232, 2143, 1815, 2136, 2081, 1993, 2430, 2069, 2103, 2030, 1890, 2051, 2177, 1985, 2240, 1831, 2018, 1906, 1901, 1920, 2075, 2128, 1907, 2041, 2039, 2099, 2093, 2115, 2034, 1950, 1948, 2085, 1990, 2401, 2017, 2084, 1955, 2326, 2080, 1982, 2034, 1971, 2141, 2203, 2093, 2046, 2108, 1990, 2101, 1927, 2064, 1994, 2103, 2020, 2078, 2018, 2165, 2212, 1962, 2141, 2202, 2205, 2250, 2059, 2225, 2181, 2112, 1993, 2035, 2200, 1980, 2095, 2195, 2123, 2038, 2208, 2119, 1892, 2064, 1867, 2026, 1918, 2014, 2134, 2067, 2205, 1944, 2102, 2014, 2315, 2005, 2036, 1909, 2174, 2205, 2061, 2051, 1855, 2130, 2243, 1883, 2002, 2323, 2036, 1943, 2206, 2084, 1956, 2036, 1977, 2131, 2160, 2173, 2197, 1999, 2073, 2180, 1995, 2116, 2103, 1946, 1977, 2154, 2190, 2141, 1913, 1987, 1907, 2241, 2053, 1987, 2149, 2075, 2084, 2216, 2223, 2187, 2025, 1974, 2152, 1842, 2107, 2280, 2205, 2078, 1997, 2095, 1936, 2066, 2202, 2109, 2172, 2169, 2182, 2122, 1908, 2099, 2010, 2260, 2149, 2174, 2071, 2417, 1998, 2260, 2184, 2226, 2050, 2087, 2138, 2057, 2275, 2196, 2244, 2358, 2224, 1985, 2054, 2266, 2073, 2001, 2139, 2112, 2054, 1890, 2039, 1971, 1981, 1982, 2103, 2030, 2228, 1867, 2069, 2009, 1862, 2136, 2015, 2055, 2059, 2305, 2156, 1923, 1968, 1935, 2127, 2201, 2147, 2030, 2075, 2035, 2297, 2177, 2061, 1955, 2182, 2032, 2299, 2018, 2044, 2186, 1955, 1950, 2087, 1974, 2148, 1950, 2076, 2262, 1989, 2215, 2114, 2134, 2117, 1945, 1957, 1879, 2230, 2250, 2120, 2121, 2131, 2229, 2124, 2158, 2016, 2217, 2106, 2150, 2244, 2082, 2149, 2203, 2235, 2198, 2293, 2135, 2122, 2168, 2003, 2160, 2002, 2070, 2111, 2171, 2198, 2126, 2061, 2172, 2109, 1947, 2065, 2213, 2125, 1938, 2133, 2131, 2076, 2251, 1949, 2240, 1914, 2183, 2068, 2035, 2025, 2062, 2251, 1923, 2173, 2096, 1876, 1878, 2274, 2052, 2189, 2084, 1996, 1963, 1919, 2126, 1892, 1985, 1981, 2046, 1814, 2026, 2105, 1911, 2103, 2033, 2180, 2100, 1981, 2032, 1939, 2355, 1993, 1938, 2043, 2068, 2159, 2098, 2132, 2157, 2182, 2255, 2236, 2202, 2333, 2380, 2140, 2047, 1837, 2139, 2152, 2075, 2066, 2115, 2060, 2194, 2127, 1951, 2099, 2210, 2142, 2285, 2099, 2073, 2163, 2050, 2192, 2267, 2044, 2251, 1991, 2014, 2037, 2124, 1943, 2098, 2206, 1899, 2125, 1921, 1941, 2100, 2009, 1990, 2002, 2015, 2202, 2238, 2099, 2316, 2185, 2146, 2226, 2087, 2080, 2206, 2107, 2050, 2058, 2158, 2042, 2020, 1982, 2058, 2239, 2172, 1968, 1954, 2102, 2071, 2128, 2134, 2111, 2126, 2003, 2123, 2081, 2086, 2187, 2050, 2070, 2206, 2166, 2001, 2162, 2109, 2092, 2228, 2160, 2018, 2078, 2210, 1983, 2060, 2046, 2072, 2215, 2102, 2110, 2291, 2100, 2376, 2039, 1979, 2099, 2246, 2056, 1985, 1982, 2069, 2240, 2152, 2126, 2135, 2126, 2322, 2177, 1894, 2282, 1941, 2215, 2025, 1859, 2035, 1982, 2110, 1972, 2076, 1988, 2235, 2139, 2125, 2329, 1893, 2151, 2104, 2112, 2230, 2243, 1986, 2154, 2115, 1937, 2129, 2044, 1886, 2235, 2009, 2037, 2052, 2022, 1992, 1974, 1867, 2000, 2069, 2159, 2209, 2148, 2021, 2128, 2213, 2064, 2024, 1954, 1993, 2038, 1920, 1995, 2223, 2190, 1998, 2155, 2010, 2165, 2221, 2113, 2250, 2100, 2298, 2169, 1946, 2048, 2166, 2032, 1918, 2058, 1911, 2116, 2206, 1994, 2040, 2035, 2072, 2031, 2198, 2098, 1995, 2036, 2052, 2135, 2141, 1834, 2113, 2119, 1993, 2159, 1891, 2153, 2240, 2297, 2040, 2181, 2193, 2001, 2174, 2172, 2021, 2167, 1906, 2110, 2088, 1966, 2107, 1952, 2117, 2067, 1984, 2239, 2234, 2070, 2164, 2153, 2112, 2188, 2154, 1903, 1923, 2199, 2208, 2176, 2185, 2189, 2156, 2071, 2158, 2066, 2083, 2099, 2253, 2135, 1936, 2159, 1976, 2210, 2125, 2171, 1912, 2070, 2057, 1910, 1983, 1932, 1909, 1959, 2030, 1907, 1835, 1924, 2036, 2010, 2092, 1998, 1994, 1964, 2289, 2338, 2122, 1936, 2038, 2157, 2132, 2228, 2096, 2196, 1994, 2191, 2059, 2160, 1929, 1977, 1992, 2266, 2000, 2147, 2145, 2052, 2104, 2290, 2172, 2304, 2014, 2091, 2116, 2159, 2126, 2407, 2216, 2104, 1968, 1967, 2128, 1924, 2005, 1916, 2135, 1896, 2144, 2132, 2234, 2111, 2344, 2053, 2307, 2053, 2108, 2183, 2098, 2111, 2006, 2217, 2033, 2150, 2049, 2187, 2161, 2143, 2013, 2218, 2139, 2287, 2078, 2136, 2150, 2412, 2097, 2220, 1982, 2093, 1817, 2084, 1989, 2067, 2086, 2291, 2164, 2021, 2019, 2244, 2201, 1975, 2049, 2122, 1965, 2049, 2176, 1999, 1978, 2053, 1928, 1951, 2194, 2111, 2119, 2258, 2259, 2286, 2004, 2138, 2029, 2077, 2197, 2220, 2094, 2283, 1893, 2011, 2283, 2116, 2176, 2000, 2311, 2216, 2269, 2113, 2289, 1955, 2192, 1992, 2151, 2023, 2095, 2248, 2008, 2025, 2072, 2030, 1872, 2044, 1716, 1936, 1847, 2085, 2059, 2100, 2178, 2215, 2027, 2020, 1976, 2122, 2073, 2110, 2081, 2189, 2008, 2155, 2099, 2071, 2103, 1979, 2166, 2120, 2206, 2308, 2086, 2198, 2287, 2074, 2100, 1887, 2128, 1986, 2093, 2344, 2326, 2143, 2208, 2020, 1954, 2176, 2028, 1993, 2063, 2079, 2121, 2365, 2161, 2097, 1881, 2220, 2071, 2264, 2201, 2197, 2120, 2357, 2026, 2157, 2012, 2002, 1975, 1899, 2278, 2241, 2183, 2233, 1988, 2155, 1994, 2064, 2164, 1983, 2122, 2027, 2168, 1873, 1966, 2140, 2270, 1967, 2088, 2114, 2098, 2082, 1975, 1904, 1978, 2013, 2160, 2278, 2052, 2200, 1987, 2183, 2232, 2105, 2038, 2097, 1994, 1965, 2124, 2004, 2194, 2007, 1951, 2227, 2036, 2026, 2049, 2146, 2217, 2074, 2141, 1970, 2173, 2040, 2068, 2235, 2206, 2067, 2151, 2095, 2086, 1921, 2139, 1957, 2068, 2444, 1865, 2108, 2234, 1948, 2291, 2112, 2114, 2052, 1986, 2243, 1985, 1945, 2189, 1918, 2125, 2056, 2051, 1985, 1943, 2037, 2091, 2171, 2145, 2222, 2068, 2052, 1977, 1828, 2179, 2127, 2033, 2142, 2049, 2260, 2094, 2260, 2016, 2169, 2094, 1931, 2126, 2078, 1956, 1979, 2028, 2220, 2214, 2205, 2116, 2293, 2060, 2267, 2133, 2004, 2183, 2216, 1951, 1941, 2095, 2070, 1932, 2116, 2148, 2056, 2480, 2094, 2051, 2075, 2167, 2000, 2093, 2106, 2004, 1885, 2124, 2171, 2080, 2166, 2363, 2066, 2115, 2312, 1873, 2147, 2038, 2164, 2105, 2022, 2099, 2066, 2021, 2058, 1838, 1965, 2175, 1868, 2053, 2195, 2136, 1918, 2136, 2381, 1977, 2070, 2024, 2119, 2128, 1818, 2181, 2080, 2090, 2225, 2118, 2139, 1929, 2021, 2065, 2012, 1889, 2134, 2076, 2125, 1892, 2065, 1983, 2275, 1896, 1973, 2061, 2276, 2184, 2082, 1922, 2108, 1909, 1973, 2031, 2134, 1907, 2053, 2000, 1951, 2114, 2015, 1979, 2066, 2126, 2212, 2063, 2167, 2088, 2188, 2177, 2149, 2316, 2142, 2127, 2148, 1972, 1936, 1971, 2163, 2064, 2291, 1882, 2289, 2036, 2215, 2202, 2156, 2064, 1944, 2146, 1910, 2101, 2138, 2112, 2167, 2134, 2091, 2070, 2214, 2070, 2058, 2022, 2134, 2400, 2327, 1955, 1905, 2036, 1904, 1991, 2126, 2170, 2031, 2190, 2208, 2076, 2105, 1972, 2248, 2068, 2185, 2105, 1989, 2042, 2009, 2055, 1921, 1959, 1998, 2214, 2149, 2266, 2109, 1972, 2287, 2101, 2021, 1980, 2123, 2411, 1983, 2034, 2177, 1962, 2132, 2226, 2252, 2180, 2095, 2184, 2001, 1885, 1989, 2210, 1894, 1884, 2104, 2236, 2329, 1869, 2234, 2083, 2206, 2090, 2118, 2039, 2119, 2100, 2062, 2221, 2208, 2005, 2083, 2262, 2005, 1980, 1950, 2395, 1998, 2091, 2071, 2159, 2359, 2221, 2156, 1866, 1931, 2052, 2131, 2113, 1969, 2187, 2160, 2089, 2019, 2090, 2224, 2052, 1930, 2171, 2083, 2086, 1964, 2245, 1982, 1999, 2101, 2357, 2149, 2230, 2142, 2159, 2040, 2275, 2055, 2131, 2126, 2240, 2151, 2032, 2066, 2037, 1833, 1994, 2259, 1962, 2036, 2199, 1935, 1872, 1985, 1916, 1947, 2083, 1995, 2074, 1996, 1952, 2131, 2095, 2012, 2163, 1868, 2088, 2182, 2389, 2245, 2125, 2050, 1977, 2334, 2184, 2034, 2051, 2300, 2072, 1998, 1862, 2151, 1991, 2197, 2121, 2252, 2187, 2186, 2144, 2198, 2147, 2089, 2143, 2128, 1947, 2063, 2240, 2388, 2042, 2001, 1936, 2215, 2026, 2149, 2070, 2245, 1960, 2027, 2216, 2152, 2230, 2025, 2002, 1950, 1995, 1919, 2016, 2213, 1935, 2127, 2064, 2135, 2194, 2191, 2330, 2269, 2172, 2049, 2079, 2175, 2175, 1982, 1962, 1998, 2225, 2105, 2274, 2296, 2208, 2169, 2069, 1942, 2112, 2003, 2149, 2232, 2049, 1999, 2274, 2045, 1977, 2054, 2350, 2107, 2010, 2065, 2019, 2120, 2015, 2003, 1973, 2225, 2134, 2230, 2337, 2283, 2109, 1869, 2067, 2052, 2201, 2192, 2227, 2217, 2219, 2066, 2229, 1933, 2007, 2106, 1946, 2140, 2207, 2062, 2050, 2057, 2098, 2250, 2094, 1967, 2125, 2285, 1996, 1946, 1958, 2514, 2014, 2068, 2185, 2100, 2064, 1957, 2119, 2142, 2182, 2188, 1910, 2116, 2205, 2159, 2078, 2142, 2149, 2100, 2091, 2106, 2080, 2045, 2183, 2238, 2044, 2018, 1872, 2133, 2121, 2270, 1924, 1975, 2097, 2015, 2225, 1967, 2296, 2048, 2094, 2124, 2050, 2111, 2146, 1967, 2119, 2124, 2190, 2050, 2058, 1922, 2094, 2120, 2179, 1883, 2085, 2014, 2001, 2189, 2288, 2124, 1973, 1881, 2036, 2121, 1952, 2027, 2127, 2152, 2121, 2152, 1935, 1945, 2065, 2104, 1897, 2077, 2145, 2052, 2318, 2044, 1954, 1909, 1957, 1842, 2098, 1940, 2022, 2125, 1996, 1964, 2022, 2080, 2197, 2171, 2113, 2152, 1993, 1937, 2267, 1902, 2015, 1935, 2193, 2001, 2017, 2033, 1976, 2099, 2356, 1928, 2269, 2107, 2048, 2155, 2029, 1985, 2054, 2376, 2240, 1838, 2263, 2187, 2069, 1895, 2294, 2044, 2107, 2034, 2116, 2085, 2037, 2119, 1956, 2129, 2002, 1980, 1976, 1974, 2005, 2125, 2055, 1945, 2000, 2156, 2064, 2118, 1871, 2052, 1995, 2104, 2250, 2009, 2018, 2077, 2168, 2176, 2079, 2176, 2192, 1949, 2156, 2012, 2010, 2031, 1993, 2070, 1995, 2128, 2114, 2184, 2023, 2187, 1997, 2065, 2004, 2084, 2142, 2373, 1958, 1976, 2034, 2008, 2214, 2088, 2010, 2155, 2027, 2218, 2317, 1955, 2106, 1846, 1922, 2104, 1927, 2329, 2075, 2089, 2300, 2147, 2102, 2042, 2034, 2000, 1904, 2188, 2052, 2131, 2094, 1934, 2054, 2147, 2242, 2018, 2026, 2056, 2054, 2082, 2270, 2079, 2132, 2192, 2109, 2085, 2067, 2080, 2028, 2093, 2065, 2120, 2048, 2059, 2007, 2236, 1912, 2322, 1906, 2279, 2068, 1967, 2058, 2169, 2105, 2045, 2016, 1951, 2113, 2199, 2096, 2184, 2242, 2016, 1984, 2286, 1923, 2185, 2043, 2372, 2346, 1911, 2171, 2083, 2287, 2168, 2261, 2048, 2160, 2155, 1960, 2217, 2122, 2047, 2055, 2176, 2034, 2053, 2023, 2449, 2206, 2102, 2211, 2245, 2176, 1944, 2120, 2145, 1938, 2096, 2121, 2023, 1980, 2076, 2166, 1978, 1961, 2032, 2048, 2137, 2078, 1985, 2304, 2240, 1871, 2061, 2028, 2009, 2220, 2169, 2029, 2055, 2089, 1998, 2039, 2116, 2042, 2025, 2148, 2260, 2164, 2042, 2064, 2037, 2356, 2088, 2002, 2216, 2061, 2155, 1999, 2092, 1804, 2087, 2028, 2049, 2074, 2138, 2128, 2043, 2006, 1918, 2165, 2167, 2077, 2274, 2217, 2101, 2037, 1993, 1974, 2180, 1806, 2222, 2106, 2140, 2179, 2000, 2071, 2032, 1714, 2043, 1886, 2186, 1977, 1829, 1957, 2103, 2120, 2003, 2023, 1883, 1999, 2058, 1939, 2011, 2262, 1919, 2058, 2046, 2135, 2341, 2328, 2120, 2121, 2030, 2157, 2228, 2241, 2136, 2064, 2187, 2066, 1969, 2036, 1997, 1979, 2093, 2034, 2001, 2021, 1971, 2035, 2291, 2049, 1991, 1967, 2120, 1969, 2153, 2080, 2220, 2168, 2071, 2130, 2053, 2037, 2135, 2030, 2197, 1958, 2062, 2121, 2004, 2060, 2144, 2194, 1981, 2020, 2051, 2102, 2044, 1969, 2083, 2170, 1990, 2055, 2122, 2099, 2346, 2059, 2152, 2197, 2249, 2289, 2158, 2226, 2177, 2325, 1874, 1890, 1960, 1971, 1953, 2208, 2121, 2181, 2139, 2113, 2142, 1818, 1971, 2155, 2081, 2345, 2163, 1913, 2143, 2063, 2237, 2011, 2297, 2104, 1880, 2094, 1912, 1897, 2233, 2081, 2109, 2019, 2186, 2175, 2119, 1875, 2042, 2114, 2038, 2475, 2042, 2164, 1920, 2162, 1858, 1965, 1938, 2027, 2219, 2113, 1961, 2016, 2199, 2255, 1983, 2145, 2139, 2078, 2106, 2174, 2096, 1972, 2170, 2173, 2105, 1988, 2157, 1993, 1977, 2045, 1985, 2266, 2183, 2059, 2120, 2236, 2024, 2206, 2086, 2020, 2011, 2132, 2124, 2082, 1959, 2221, 2094, 1951, 2289, 1980, 2028, 2093, 2050, 2107, 2285, 2087, 2414, 1980, 1997, 2069, 2166, 2014, 2036, 2100, 2259, 1934, 2020, 2105, 2037, 2189, 2144, 1914, 2127, 2264, 2193, 2090, 2009, 2109, 2092, 2366, 1941, 1924, 2155, 2110, 1892, 2078, 2054, 2047, 2117, 2071, 1997, 2060, 2081, 1993, 2246, 2130, 2052, 1904, 1934, 2067, 1973, 2220, 2012, 2176, 1913, 2177, 1986, 1980, 1956, 1934, 2037, 1982, 2026, 2016, 2161, 2231, 2216, 2189, 2395, 2136, 1934, 2037, 2082, 1974, 1989, 1974, 2122, 2235, 2082, 2215, 1995, 2350, 2112, 1943, 2100, 2042, 2140, 1990, 2161, 2122, 1881, 2028, 2047, 2091, 2018, 2002, 2052, 2113, 2380, 1956, 1890, 2096, 1998, 1900, 2097, 2032, 1962, 2164, 2141, 1919, 2077, 1995, 2286, 2197, 2061, 2069, 2161, 2232, 2039, 2179, 2197, 1861, 2142, 2060, 2074, 2110, 1957, 2075, 2085, 2054, 1942, 1969, 2040, 2277, 2056, 2115, 2184, 2090, 2024, 2030, 2031, 2090, 1988, 2052, 2019, 2153, 2011, 2163, 2262, 1927, 2017, 2081, 2090, 1979, 2186, 1982, 1953, 1866, 2029, 2018, 2073, 2089, 1986, 2030, 2169, 2055, 2108, 2120, 2206, 1953, 2040, 2022, 2256, 2025, 2040, 1834, 1857, 2074, 2213, 2007, 2143, 1866, 2143, 2114, 2288, 1914, 2105, 1979, 2121, 2332, 1900, 2079, 2375, 1959, 2023, 2171, 1876, 2099, 2155, 2187, 2100, 2110, 2248, 2132, 2063, 2058, 2052, 2225, 2096, 2103, 2071, 1943, 2032, 2202, 2258, 2098, 2034, 2148, 2183, 2307, 2218, 2019, 2011, 2032, 2096, 1971, 2041, 2073, 2053, 1971, 2001, 2213, 2233, 1906, 2005, 2198, 2328, 2324, 2102, 2043, 1828, 2071, 2055, 1935, 2042, 2054, 1892, 2263, 1940, 2010, 1948, 2292, 2108, 2039, 2185, 2037, 1974, 1895, 2007, 2139, 1994, 1998, 2121, 1957, 2188, 1911, 2017, 1999, 2167, 2150, 2194, 1875, 1770, 2053, 2168, 1906, 2134, 2067, 2085, 2144, 2026, 2036, 1892, 1996, 2173, 2163, 2139, 2001, 2038, 2172, 2030, 2135, 2238, 2080, 2210, 2025, 2088, 2049, 2073, 1944, 1987, 2113, 2173, 2129, 2014, 1962, 2060, 1988, 2131, 1909, 2165, 2103, 2107, 2026, 2160, 2051, 2065, 2039, 2183, 1946, 2209, 2036, 2132, 2120, 2200, 1993, 2070, 2094, 2250, 1845, 2133, 2152, 2208, 2162, 2163, 2239, 2094, 1993, 2195, 2136, 2197, 1904, 1889, 2093, 1900, 2062, 1923, 2396, 2006, 2073, 2081, 2073, 2022, 1983, 2311, 2271, 2311, 2019, 1992, 2182, 2090, 2257, 2275, 2186, 2138, 2096, 1982, 2044, 1909, 2130, 1978, 1992, 2343, 2006, 2198, 1980, 2265, 2074, 1996, 2078, 2049, 1895, 2145, 2061, 2078, 2105, 2049, 1928, 2182, 2163, 2209, 1948, 2002, 2146, 2097, 2073, 2230, 2330, 2329, 1984, 2077, 2096, 2285, 1993, 2145, 2105, 2077, 2032, 2283, 2249, 2091, 2258, 2251, 1896, 1960, 1921, 2211, 2446, 2341, 1969, 2111, 2251, 2029, 2228, 2040, 2123, 2084, 2172, 1934, 2220, 2307, 2166, 2064, 1904, 2177, 2002, 2109, 2260, 2043, 1974, 1924, 2044, 1898, 2220, 1913, 2093, 2124, 2259, 2285, 2273, 1873, 2050, 1964, 1908, 2089, 2120, 1860, 2146, 2025, 2206, 2121, 2126, 2030, 2078, 2050, 2020, 2084, 1965, 2163, 2103, 2346, 1854, 2077, 1837, 2083, 1894, 2163, 2144, 2084, 2041, 1852, 2024, 1982, 2303, 2163, 2068, 2140, 2392, 1940, 2201, 2106, 2062, 2042, 1983, 2032, 2002, 1930, 2235, 1967, 1899, 2208, 2391, 2012, 2022, 2135, 2262, 2093, 2327, 2031, 1907, 2109, 2020, 2083, 2144, 2255, 2089, 1763, 2104, 2233, 2145, 2196, 1894, 2011, 2201, 2073, 2229, 2129, 1929, 2027, 2144, 2033, 2116, 1997, 2097, 2133, 2063, 2093, 2282, 2165, 2158, 2148, 2091, 2058, 2167, 2209, 2057, 2132, 2114, 2167, 2085, 2236, 2018, 2063, 2085, 2317, 2077, 2096, 2158, 1980, 2136, 1993, 2122, 1989, 2089, 2206, 2225, 2193, 2124, 2014, 2066, 2174, 2020, 2029, 2216, 2186, 1947, 1860, 2030, 2112, 2183, 1968, 2048, 2044, 2007, 1977, 2079, 1909, 1926, 2066, 2171, 1941, 1973, 2222, 2091, 2229, 1975, 2220, 2078, 1883, 2075, 2143, 2220, 2109, 2151, 1956, 2017, 1962, 2140, 1928, 2087, 2118, 2005, 2023, 2166, 2048, 2031, 2060, 1997, 2053, 1986, 2310, 1953, 2005, 2270, 2017, 1967, 1982, 2048, 2051, 1804, 2135, 2304, 2008, 2153, 2174, 2116, 1980, 2088, 2054, 1954, 2121, 2026, 2137, 2286, 2042, 2137, 1979, 2093, 2146, 1861, 2252, 2141, 2162, 2227, 2128, 2304, 2003, 2080, 2087, 1975, 2135, 2014, 2006, 1997, 2177, 2146, 2259, 2157, 2065, 2059, 2030, 2078, 1973, 2207, 1942, 2123, 2096, 1988, 2071, 1958, 1957, 2224, 2146, 2177, 2186, 2241, 2003, 1902, 2040, 1976, 2126, 2150, 2218, 1955, 2070, 2093, 2153, 1997, 2071, 2038, 2149, 2195, 2268, 2229, 2091, 1961, 2160, 2138, 2029, 2213, 2271, 2089, 2079, 2154, 1845, 2235, 2020, 2115, 2187, 1975, 2157, 2233, 2004, 2300, 2052, 2010, 1952, 2051, 2108, 2045, 2057, 2118, 2057, 2120, 2098, 2066, 2216, 2024, 2056, 1945, 2140, 2094, 2091, 1978, 2025, 2369, 2053, 2267, 2062, 2072, 2105, 1973, 2112, 1871, 2122, 2006, 2050, 2236, 1942, 2227, 2164, 1966, 2180, 2022, 2021, 1927, 2233, 2150, 2340, 2032, 2104, 2149, 2253, 2026, 2062, 2053, 1947, 2048, 2202, 2061, 2191, 2113, 2259, 2050, 2183, 2184, 2081, 2054, 2045, 2262, 2072, 2385, 2090, 1915, 2107, 2157, 2167, 2117, 2239, 2124, 1926, 2152, 2004, 1890, 2085, 1948, 1954, 2242, 1976, 2250, 2185, 2062, 2100, 2151, 2060, 2169, 1926, 2177, 2054, 2280, 1891, 2147, 2100, 2013, 1957, 2195, 2016, 1953, 2104, 2176, 2087, 1907, 2076, 1956, 2062, 1889, 2208, 2188, 2274, 2159, 2045, 2084, 2126, 2269, 2091, 2167, 2052, 1863, 2050, 2063, 2158, 1990, 2286, 1981, 2110, 2020, 2243, 2035, 2150, 2183, 1902, 2009, 2197, 2122, 2137, 1929, 1993, 1993, 1859, 2272, 2316, 1964, 2021, 2175, 2042, 2037, 2192, 1884, 2221, 2084, 2254, 2188, 2101, 2047, 2044, 1967, 2136, 2178, 2032, 2088, 2170, 2170, 2157, 2231, 2033, 2170, 2350, 2174, 2102, 2312, 2163, 2070, 2019, 2235, 2015, 2196, 2066, 2210, 2030, 1934, 2186, 2083, 2328, 2041, 2000, 2286, 2110, 2107, 1824, 1968, 1989, 2254, 2219, 2229, 2042, 2010, 2072, 2271, 2013, 2012, 2012, 1998, 2148, 2279, 1951, 2008, 2154, 2048, 1863, 1939, 2156, 2090, 2236, 2243, 1841, 2202, 2043, 2137, 2141, 2215, 1979, 2172, 2256, 2211, 2239, 2303, 2004, 2069, 2193, 2026, 2221, 1918, 1959, 1911, 2165, 2130, 2332, 2117, 2208, 2092, 2012, 2050, 2047, 2040, 2090, 2094, 2185, 2056, 1958, 2163, 2400, 2028, 1887, 2019, 2083, 1995, 1925, 2074, 2072, 1973, 2289, 2093, 1891, 2176, 2063, 2133, 2371, 1987, 2102, 2008, 2076, 1865, 2057, 2280, 2053, 2124, 2057, 2176, 2124, 2248, 2020, 2040, 2003, 2182, 1980, 2178, 2001, 2098, 2186, 2179, 2146, 2020, 2067, 1914, 1949, 2095, 2034, 2048, 2096, 2084, 1928, 2059, 2048, 1918, 1896, 1995, 1940, 2123, 2035, 2051, 2070, 2051, 1955, 1936, 2020, 2034, 2258, 2194, 2305, 2143, 1843, 2152, 1964, 2132, 2036, 1984, 2141, 2095, 2017, 2165, 1992, 1935, 2159, 2041, 2189, 2039, 2117, 1984, 2161, 2059, 2083, 2147, 2169, 2007, 2170, 2364, 2003, 1927, 1916, 2041, 2083, 1988, 2015, 1940, 2242, 1990, 2066, 2207, 2036, 2038, 2155, 2028, 2199, 2194, 2049, 1964, 1973, 2209, 2013, 2264, 2064, 2032, 1893, 2102, 2142, 2146, 2040, 2258, 1819, 2004, 2174, 2027, 2032, 1985, 2078, 2320, 1974, 2173, 1977, 2239, 1965, 2135, 2124, 2130, 2150, 2206, 2076, 2202, 2242, 2181, 2104, 1876, 2017, 2196, 2073, 2070, 2120, 2094, 2322, 2061, 2294, 1958, 2023, 2161, 2044, 2170, 2133, 2034, 2056, 2039, 2096, 2140, 2298, 2079, 2025, 2164, 2285, 2129, 2029, 2054, 2138, 2351, 1980, 2163, 2237, 1924, 1903, 2016, 2133, 1983, 2024, 2232, 2057, 2254, 2044, 2039, 2072, 2126, 1995, 2200, 2198, 2027, 2140, 2007, 1973, 2118, 2347, 1934, 2011, 2070, 2183, 1976, 1978, 2105, 2116, 2279, 2091, 2093, 2134, 2167, 2063, 2163, 2156, 1894, 2100, 2163, 2076, 2061, 2077, 1940, 1946, 2022, 2079, 2066, 2048, 2095, 2003, 2108, 2066, 2068, 1932, 1949, 1983, 2003, 2017, 2234, 1918, 2189, 1887, 1896, 2161, 2049, 1917, 2226, 1962, 2114, 2365, 1977, 2211, 1885, 2152, 1990, 2178, 2119, 1942, 1867, 2069, 2188, 1869, 1877, 2102, 1965, 1974, 2212, 2077, 2317, 2008, 2150, 1857, 2176, 2146, 2334, 2133, 2077, 2147, 2138, 1929, 2065, 1902, 2081, 2008, 2203, 2015, 1985, 2177, 2294, 1981, 2179, 2137, 2067, 1940, 1898, 1951, 1973, 2054, 2016, 2055, 2220, 1974, 2078, 2170, 2091, 1969, 2282, 2103, 2190, 2045, 2249, 2221, 2192, 2102, 2079, 2149, 2149, 2027, 2314, 1967, 2059, 1916, 1983, 2085, 2063, 2013, 2159, 2015, 2046, 2055, 2291, 1998, 2007, 2047, 2079, 2215, 1968, 2182, 2062, 1988, 2116, 2174, 2169, 2238, 2020, 2100, 1982, 2108, 2112, 2088, 2181, 2157, 1971, 2172, 1960, 2032, 2130, 2240, 2107, 2102, 2220, 2121, 2060, 2009, 1977, 2044, 2195, 2162, 1913, 2193, 1964, 2143, 2079, 1973, 2212, 2041, 2101, 2000, 2149, 2061, 1996, 1829, 2090, 2120, 2036, 2112, 1981, 2254, 2005, 1995, 2111, 2194, 1876, 2022, 2260, 1973, 2071, 1904, 1998, 2031, 2062, 2257, 2071, 2077, 2120, 2162, 2017, 2006, 2075, 2075, 2002, 1874, 2203, 2097, 2071, 2079, 2023, 1944, 2171, 1970, 2024, 1892, 2016, 2179, 2097, 1832, 1919, 2242, 1881, 2113, 2272, 2005, 1916, 1945, 2009, 1963, 2066, 2163, 1903, 1903, 2267, 1987, 2297, 2065, 2203, 2074, 1995, 2073, 1988, 2020, 2129, 2012, 1998, 1962, 2099, 1977, 2172, 2133, 2296, 2132, 2069, 2112, 2076, 2244, 2152, 1984, 2135, 2074, 1977, 2171, 2176, 2222, 2357, 2310, 2047, 2074, 2012, 2223, 2037, 2151, 1989, 2219, 2015, 2096, 2017, 2084, 2187, 2272, 2125, 2078, 1949, 1880, 2118, 1932, 2124, 2294, 2105, 2053, 2160, 2074, 2040, 1942, 1953, 1995, 2110, 2020, 2035, 2332, 1987, 1997, 2177, 2323, 2158, 2119, 2177, 1949, 2059, 2114, 1994, 1940, 2129, 2207, 2112, 2015, 2051, 2043, 2080, 1924, 2235, 1841, 2301, 1896, 2051, 1896, 2285, 2106, 1988, 2078, 2072, 2082, 2182, 2131, 1950, 2267, 2177, 1971, 2225, 2202, 2037, 2147, 2006, 2211, 2007, 2345, 2012, 2049, 2221, 2281, 2212, 2260, 2168, 2227, 2212, 1979, 2255, 1998, 2212, 2374, 1888, 2116, 2231, 2063, 2081, 2016, 1924, 1949, 1878, 2119, 2134, 2191, 2077, 1793, 2156, 2076, 2051, 1858, 2017, 2136, 2114, 2069, 2334, 2188, 2214, 1903, 2245, 2034, 1946, 2018, 1994, 2040, 2297, 2151, 2171, 2178, 2261, 2085, 2125, 2054, 2021, 1957, 1987, 2019, 1921, 2061, 2267, 2131, 2053, 1998, 1977, 2328, 2081, 1920, 2056, 2267, 1833, 2091, 2045, 2109, 1976, 2021, 2050, 2081, 2081, 1946, 1981, 1970, 2149, 2132, 2155, 2042, 2258, 2137, 2040, 2175, 2222, 2131, 2191, 1867, 2265, 2099, 2097, 1938, 1890, 2055, 2181, 2031, 2112, 2287, 2012, 1890, 1919, 2141, 2013, 2168, 2065, 2127, 2199, 2064, 1994, 2039, 1906, 1932, 2185, 1972, 2019, 1978, 1998, 1940, 2285, 1980, 2099, 2013, 2228, 2018, 1811, 2036, 1998, 2186, 2048, 2242, 2245, 2163, 1961, 2183, 2359, 1903, 2071, 2058, 2058, 2131, 2116, 2036, 1927, 2074, 2130, 2229, 2292, 2088, 2154, 1910, 2083, 2169, 2125, 2318, 2299, 2124, 2157, 2183, 2013, 2323, 1961, 2098, 2135, 2152, 2095, 1990, 2205, 1882, 2046, 2163, 2181, 2107, 1952, 2119, 2225, 2116, 1994, 2196, 1880, 2153, 1997, 2018, 2081, 2213, 1914, 1953, 1904]

[btf]
  Promedio : 1944.0s
  Desvío   : 130.6s
  IC 95%   : [1940.4s, 1947.7s]
  Mínimo   : 1524s
  Máximo   : 2514s
  Tiempos  : [2042, 1925, 1808, 2159, 1840, 1974, 2079, 1928, 2259, 2065, 1829, 1950, 2032, 2007, 1743, 1638, 2186, 1697, 2010, 2045, 2137, 1997, 1862, 1997, 1941, 1746, 2088, 1918, 1858, 1842, 2003, 2152, 1993, 2025, 2151, 1869, 1869, 2039, 1899, 1936, 1916, 1841, 1611, 2066, 2147, 2059, 2145, 2044, 2033, 1767, 1879, 1927, 1948, 1941, 2080, 1768, 2068, 2022, 1713, 1748, 1810, 2188, 2180, 1810, 2050, 1899, 2012, 2017, 2186, 2134, 2057, 2023, 1866, 1887, 2026, 1885, 1834, 1818, 1806, 2102, 1911, 1871, 2116, 1886, 1675, 1920, 2027, 2089, 2057, 1952, 1777, 2038, 2049, 2004, 1682, 1774, 1953, 2140, 1617, 1895, 1983, 1957, 2020, 1847, 2119, 2082, 1991, 2122, 2042, 1619, 1870, 1676, 1877, 2039, 1809, 1991, 2021, 1988, 1817, 1961, 2027, 1854, 1823, 2203, 1875, 1970, 2018, 2024, 1956, 2064, 1965, 1981, 2033, 1998, 2031, 2008, 1871, 1980, 1964, 1994, 1960, 1957, 2030, 1909, 1819, 1958, 2067, 1823, 1871, 1815, 2040, 1928, 1985, 1677, 1969, 2075, 2002, 2151, 1812, 2000, 1871, 1992, 2207, 1782, 2171, 1819, 2033, 2073, 1978, 1995, 1986, 2132, 1974, 1876, 2073, 1907, 1906, 1894, 1995, 1850, 1990, 1960, 1959, 1972, 1881, 1978, 1809, 2056, 1948, 1828, 2034, 1844, 2143, 2172, 1830, 2300, 1834, 1978, 1882, 1946, 1976, 2009, 2051, 1898, 1848, 1968, 1955, 2112, 2020, 1832, 1819, 2160, 1736, 1980, 1901, 1726, 1842, 1969, 1851, 1913, 1901, 2033, 2037, 2108, 1779, 1945, 2032, 1818, 1864, 1907, 1937, 2038, 1853, 1919, 2082, 1725, 1936, 1809, 1866, 1877, 1984, 2071, 1918, 1865, 1955, 1778, 2133, 1981, 1953, 1939, 1978, 2047, 2183, 1941, 2040, 2018, 2016, 1769, 1711, 2265, 1784, 1836, 2103, 2063, 1986, 1830, 2075, 2176, 1938, 1835, 1949, 1781, 2006, 1965, 1916, 1982, 1674, 2142, 2070, 2053, 1905, 1974, 2074, 2007, 1923, 1883, 1975, 1939, 1943, 2050, 2133, 1852, 1770, 2112, 1834, 1985, 1837, 2091, 1972, 1968, 1907, 1697, 2235, 2103, 1924, 2174, 1633, 1853, 1885, 1870, 1958, 2021, 1863, 1868, 1892, 1978, 2147, 1966, 1872, 1904, 1831, 1883, 1881, 1803, 2020, 1672, 2194, 2118, 1987, 2108, 1895, 1947, 2054, 1813, 2083, 2028, 1857, 1775, 2072, 1943, 2048, 1838, 2240, 1877, 1932, 1989, 1937, 1861, 1942, 1978, 1978, 1904, 1958, 1770, 2002, 1831, 1744, 1939, 1713, 2237, 1826, 1937, 2124, 1832, 1920, 1972, 2132, 1927, 1677, 1866, 1903, 2003, 2063, 1833, 1940, 2038, 2062, 2235, 2155, 1889, 2041, 2050, 2079, 2090, 1829, 1911, 1923, 1896, 1788, 1769, 1919, 2080, 1854, 1839, 2044, 2027, 1956, 2135, 1956, 2001, 2121, 2118, 1821, 1968, 1951, 2106, 1904, 1872, 2031, 1907, 2016, 2075, 2169, 2018, 1851, 1927, 1987, 1942, 1801, 2005, 2001, 2071, 2184, 2012, 1950, 1977, 2051, 2028, 2210, 1922, 2020, 1963, 2052, 1933, 2184, 1863, 1836, 1903, 1760, 1791, 2155, 2043, 2078, 1889, 2010, 1817, 1879, 1928, 1908, 2049, 2125, 2119, 1820, 2062, 1786, 1688, 1879, 1890, 2021, 1963, 1968, 1995, 1986, 2117, 1904, 2019, 2195, 2055, 2087, 1799, 1866, 1782, 2030, 1954, 2193, 1997, 1902, 1946, 1838, 1880, 1627, 1996, 1963, 1991, 1935, 1935, 2062, 1800, 1984, 1816, 1789, 1881, 1811, 1655, 1869, 2086, 2013, 2036, 2154, 2058, 1905, 2081, 2108, 2028, 1871, 1749, 2104, 1763, 2041, 1766, 1998, 1801, 1827, 1884, 2108, 1970, 2173, 2222, 1937, 2040, 1932, 1835, 1854, 1859, 1931, 1950, 1951, 2036, 2001, 2247, 1856, 1902, 1837, 1962, 1832, 1602, 1960, 2063, 1929, 1871, 1794, 2005, 2035, 1926, 1938, 1970, 1973, 2059, 1889, 2117, 2068, 1870, 2058, 1959, 1727, 1941, 1999, 2208, 2093, 1959, 1919, 1980, 2041, 1891, 1862, 1924, 1929, 1713, 1805, 1864, 1904, 1840, 1971, 1988, 2043, 1938, 1906, 1955, 1936, 2155, 1969, 1808, 1971, 1762, 2062, 1814, 2086, 1791, 1858, 2077, 1969, 1918, 1908, 1983, 1994, 1891, 2039, 2146, 2265, 1747, 1925, 2082, 1927, 1915, 1831, 1786, 1827, 1798, 1807, 1848, 2051, 2161, 1925, 2241, 1796, 1706, 1860, 1986, 1836, 1741, 1990, 1896, 1815, 2208, 1801, 1815, 1797, 2102, 1797, 2112, 1804, 1902, 1887, 1981, 1746, 1974, 1738, 1844, 1784, 1924, 1951, 1925, 2020, 2041, 1776, 1839, 1973, 1973, 1946, 2008, 2174, 2022, 2190, 2186, 2082, 1756, 1962, 1778, 1991, 1959, 1886, 2042, 1812, 1966, 2136, 1942, 1762, 1771, 1926, 1941, 2013, 1810, 1842, 1686, 1744, 1964, 2093, 1737, 2047, 2027, 2022, 1753, 2067, 2005, 1846, 2073, 2091, 1950, 1883, 1880, 1632, 1903, 1754, 1836, 1985, 2116, 1818, 1906, 1841, 2027, 1703, 1999, 2068, 2091, 1837, 1974, 2113, 1973, 1770, 1963, 1912, 2099, 2026, 1930, 1933, 2020, 1917, 1855, 1963, 1880, 1913, 1830, 2177, 2083, 1774, 1708, 2128, 2186, 1967, 1736, 1953, 2241, 1712, 1976, 2092, 2045, 1806, 2004, 1736, 2320, 1709, 2079, 1851, 2108, 1822, 2012, 1886, 2157, 1879, 2001, 1957, 1942, 1966, 2129, 1920, 1864, 1851, 1616, 1887, 1767, 1772, 1858, 2204, 1750, 1731, 1899, 1926, 2133, 1777, 1821, 1774, 1922, 1921, 2227, 1755, 1834, 1964, 1749, 1941, 1866, 1862, 1959, 1836, 1861, 2031, 1690, 1926, 1866, 1922, 1823, 1873, 2166, 1851, 2032, 1989, 1935, 1844, 2072, 2104, 2166, 2063, 1822, 1882, 2174, 1747, 1872, 1834, 2298, 2161, 1949, 1935, 1910, 1849, 1775, 1959, 1994, 1858, 2054, 1821, 1619, 2189, 1731, 2053, 1844, 1790, 1838, 2060, 2020, 2062, 1947, 2040, 1988, 2039, 1967, 1912, 2173, 2042, 1791, 1845, 2064, 1979, 1932, 1816, 1963, 1785, 2099, 1850, 1990, 1830, 1822, 1851, 1985, 1808, 1901, 1722, 2143, 2086, 1790, 2388, 1931, 1938, 2028, 2003, 2100, 1812, 1699, 2151, 1986, 1918, 1962, 2039, 1828, 1855, 2013, 1885, 1905, 1900, 1921, 1753, 1675, 1917, 2053, 1644, 2083, 1907, 1865, 1882, 1942, 2121, 2042, 2048, 1892, 2076, 1713, 1736, 2021, 1974, 2199, 1840, 1731, 1959, 1994, 1964, 1922, 1971, 1750, 1928, 1760, 1908, 1926, 2043, 1773, 2028, 1902, 1697, 1904, 2038, 2013, 1902, 1968, 1975, 1770, 1997, 2170, 1914, 1997, 1834, 1979, 2023, 1989, 1773, 2044, 1900, 2035, 2022, 2083, 1954, 2140, 2013, 2104, 1838, 1860, 1883, 2123, 1900, 2053, 2036, 2032, 1892, 2025, 1893, 1759, 1967, 2034, 1966, 1807, 1919, 1992, 1809, 2330, 1705, 2092, 2161, 1902, 1993, 1694, 2226, 1889, 2006, 1966, 1801, 1885, 1927, 2035, 2019, 1735, 1849, 2008, 1800, 1772, 1905, 1765, 1778, 2071, 2092, 1831, 1878, 2061, 2147, 1769, 2162, 2117, 1972, 1935, 1799, 1767, 2189, 2061, 1917, 2049, 1745, 1913, 1769, 1857, 1706, 1813, 1932, 2098, 1968, 1818, 2188, 1859, 2191, 1821, 1995, 1741, 2221, 1767, 2038, 1737, 2014, 1967, 1758, 1932, 1850, 1988, 2010, 2166, 1934, 2245, 1987, 1771, 1862, 1941, 2072, 1702, 2076, 1944, 1897, 2072, 1952, 1954, 1979, 1952, 2009, 1793, 1918, 1890, 2212, 2081, 1793, 2043, 1801, 1836, 1881, 1942, 2018, 1905, 1886, 1935, 1760, 2096, 2064, 1893, 1992, 1706, 1976, 1901, 1897, 2059, 1884, 1921, 1963, 1952, 1928, 2123, 1938, 1773, 2211, 1917, 2224, 1958, 2127, 1956, 1993, 2198, 1916, 1768, 2024, 2394, 1850, 1819, 1857, 2079, 1676, 1858, 1733, 1954, 1824, 1842, 2165, 1896, 1856, 1952, 1705, 1920, 1937, 1894, 2074, 1903, 2029, 1914, 2166, 2095, 1820, 1946, 1969, 1812, 1858, 1985, 2086, 1987, 2146, 2020, 1950, 2081, 1851, 1953, 1976, 2130, 1798, 1829, 1731, 2089, 1987, 1808, 2032, 1713, 2087, 1951, 1984, 2095, 1983, 2009, 1904, 2081, 1909, 1806, 2252, 1947, 1850, 1925, 1803, 1953, 1816, 1994, 2061, 1922, 1979, 1963, 1784, 1886, 2021, 2017, 1966, 1906, 1819, 1956, 1793, 1720, 1765, 1917, 2084, 1918, 1800, 1597, 1819, 1850, 1691, 2001, 2136, 2136, 2054, 2003, 2035, 1893, 2025, 2145, 1969, 1892, 1795, 1977, 2046, 1739, 1950, 1873, 2006, 2087, 2216, 1967, 1960, 1889, 1774, 1948, 2040, 2103, 2065, 2132, 1863, 1961, 2000, 2139, 1845, 2029, 1960, 1961, 1908, 1830, 1839, 1936, 1980, 2206, 1889, 2120, 2116, 2109, 1947, 1954, 1996, 1998, 2007, 1809, 2280, 1788, 1787, 1891, 1972, 1924, 1823, 1964, 2139, 1973, 2198, 2018, 1907, 1983, 2015, 1909, 1808, 2054, 1949, 1868, 1883, 1846, 1876, 1964, 2222, 2043, 1785, 1904, 1988, 2081, 1760, 1858, 1805, 1841, 1891, 1831, 1885, 1898, 2162, 1865, 2207, 1962, 1968, 1973, 1908, 1944, 2054, 1981, 1980, 2197, 1939, 2000, 1857, 1955, 1854, 1969, 1800, 2152, 1821, 1961, 1955, 1809, 1873, 2035, 1953, 1990, 1973, 2380, 1868, 2100, 2319, 1813, 2111, 1861, 1785, 2101, 1826, 1813, 2042, 1980, 1869, 2176, 2193, 1969, 2086, 1778, 2182, 1848, 2040, 2092, 1812, 1803, 1930, 1818, 1964, 2244, 2010, 2082, 2288, 1946, 2139, 2054, 1867, 2122, 1888, 2014, 1867, 1801, 1858, 1878, 2009, 1916, 1847, 2091, 1973, 1893, 1823, 1698, 2086, 1700, 1973, 2210, 2005, 1780, 1799, 1988, 2071, 2025, 2076, 2036, 1987, 1973, 1776, 2042, 1809, 1963, 1977, 1972, 2079, 1934, 2332, 1922, 1767, 1916, 1830, 1989, 1887, 2013, 1752, 1681, 1845, 2043, 1769, 2174, 1789, 2227, 2045, 2012, 1941, 1798, 1885, 1786, 1948, 1774, 1977, 2130, 2095, 1981, 1966, 1780, 2050, 2039, 2135, 1749, 1937, 1836, 1956, 1911, 1802, 1798, 1929, 1889, 1794, 1852, 2182, 2056, 2137, 1941, 1893, 1818, 2108, 2003, 1941, 2010, 1972, 1931, 1875, 2313, 1779, 1874, 2045, 1979, 2223, 2122, 1875, 1793, 1918, 1809, 1760, 1967, 1880, 1903, 1947, 1963, 2075, 1907, 2199, 1916, 1889, 2005, 1851, 2161, 1786, 1958, 2016, 2054, 1851, 2367, 1819, 2034, 2075, 1969, 1948, 2066, 1708, 1835, 1999, 2158, 1888, 2108, 2059, 2181, 1931, 1897, 1875, 1796, 1873, 1714, 1888, 2248, 1832, 2175, 1997, 1897, 2009, 2035, 1896, 1741, 1835, 1771, 1885, 1901, 2129, 1933, 1868, 1910, 1961, 1816, 1780, 1978, 1983, 2066, 1991, 1812, 1905, 2188, 2038, 1756, 1982, 1856, 2097, 1966, 1916, 2060, 2063, 1844, 2107, 1833, 1950, 1965, 1744, 2077, 1973, 1937, 1825, 1855, 1891, 1731, 1914, 1704, 1999, 2045, 1815, 2114, 2049, 1805, 1820, 2108, 2001, 1987, 1790, 1923, 1914, 1952, 1847, 1939, 2051, 2028, 1773, 1934, 1959, 1820, 1866, 2065, 1801, 1921, 1931, 1780, 2027, 1816, 2060, 1940, 2152, 1889, 2102, 2191, 1958, 2080, 2069, 1901, 2111, 1895, 1780, 1743, 1995, 1978, 1967, 2043, 2003, 1825, 1914, 2004, 2056, 1804, 1881, 1938, 2108, 2036, 2140, 2044, 2246, 1902, 1807, 1907, 1796, 1960, 1859, 2025, 1886, 1879, 1755, 2027, 1932, 1916, 1899, 1913, 1789, 2065, 1820, 1918, 2201, 2082, 1872, 1863, 2066, 1999, 2039, 2135, 1810, 1835, 2024, 1734, 1962, 1852, 2035, 1746, 1938, 1858, 2131, 1793, 2225, 1761, 1925, 1995, 2107, 1997, 2043, 2129, 1897, 2046, 1918, 1786, 1914, 1813, 1922, 1919, 1816, 1806, 1690, 1970, 1745, 1910, 1994, 1992, 1891, 1838, 2097, 1922, 1917, 1939, 2071, 1856, 2107, 1808, 2156, 1875, 2006, 1993, 2196, 1936, 2005, 2102, 2059, 1807, 1731, 1857, 1778, 1862, 1949, 2136, 2036, 1959, 2039, 1803, 2111, 1935, 1801, 2042, 1925, 2187, 1914, 2144, 2043, 2004, 2083, 2022, 1707, 1916, 2023, 2119, 1968, 1935, 2074, 1960, 1772, 2006, 1991, 1725, 1960, 2146, 2076, 1902, 2225, 1845, 1947, 2195, 1978, 1919, 1965, 1950, 1719, 1994, 1642, 1869, 1728, 2175, 1809, 1871, 1783, 2058, 1930, 1767, 1970, 1929, 1836, 2049, 1806, 2046, 1961, 2131, 1812, 2023, 2312, 1960, 1882, 1832, 1780, 1983, 1863, 2030, 2188, 1831, 1923, 1784, 2061, 1760, 1934, 2208, 1852, 1916, 1720, 2216, 1973, 2192, 1843, 2105, 1719, 2217, 2132, 1800, 2227, 1921, 2108, 1907, 1982, 1924, 2118, 1931, 1904, 1945, 1873, 2165, 2241, 1705, 1991, 1893, 1900, 1838, 1926, 1843, 2119, 1850, 2088, 2373, 2039, 1995, 1980, 1829, 1867, 1861, 1988, 1974, 2017, 1955, 2012, 2148, 2132, 1953, 2046, 2015, 1730, 1810, 2130, 1827, 1954, 1817, 2078, 1917, 2021, 2158, 1783, 1879, 1979, 1752, 2076, 2008, 2022, 2299, 1806, 1906, 1854, 1960, 1840, 1957, 1764, 1862, 2158, 1968, 2008, 2038, 1998, 2061, 1882, 2020, 2152, 1971, 1922, 1976, 1999, 2006, 1868, 1917, 1876, 2053, 1951, 1679, 1867, 1950, 1885, 2041, 1879, 1993, 1983, 1939, 2084, 1945, 1861, 1975, 2023, 2158, 1836, 1912, 2006, 1981, 2019, 1826, 1819, 1955, 1919, 1765, 1849, 1967, 1874, 1999, 2059, 1945, 1799, 1837, 1784, 2058, 1995, 1734, 1855, 1848, 1957, 1830, 1821, 2072, 1733, 1820, 1925, 1861, 1886, 2010, 1895, 1997, 1828, 1810, 1922, 2032, 1900, 2028, 1984, 1900, 1915, 1923, 1524, 1906, 2070, 1755, 2084, 1654, 2083, 2029, 1977, 1972, 1995, 1762, 1666, 1981, 1866, 1907, 1777, 1834, 2040, 2037, 2042, 1942, 1825, 1976, 1996, 1763, 1960, 2232, 2261, 2068, 1850, 1640, 1870, 1907, 1901, 2174, 1957, 1785, 1727, 1615, 1978, 1832, 2078, 2251, 2009, 1959, 2072, 1880, 1686, 2085, 1807, 1910, 1825, 2075, 1883, 1849, 1994, 2141, 1820, 1948, 2010, 1666, 1962, 1976, 2002, 2005, 1936, 2230, 2014, 2039, 1938, 1995, 1994, 1804, 1927, 1931, 1995, 1956, 1940, 1906, 2125, 2044, 2047, 2071, 2084, 2109, 1829, 1856, 1824, 1864, 1842, 1923, 1839, 2021, 1974, 1737, 1810, 1865, 1766, 1926, 2097, 1952, 1733, 1872, 1757, 2033, 1936, 2065, 2018, 1983, 1732, 1961, 1969, 1960, 1753, 2144, 1920, 1914, 1851, 2007, 2040, 1962, 2078, 2021, 2004, 1981, 1841, 2169, 1909, 2171, 2230, 1913, 1923, 1876, 2000, 2161, 1823, 1925, 2132, 2235, 1912, 1991, 1946, 2103, 1813, 2089, 2065, 1818, 1934, 2003, 1871, 1908, 1862, 1901, 1864, 1930, 1884, 1884, 1821, 1782, 1979, 1945, 1784, 1855, 1914, 1709, 1899, 1918, 2055, 1838, 1862, 1892, 2067, 1842, 2132, 1977, 2049, 1776, 1973, 1968, 2014, 2064, 1850, 1916, 1871, 2013, 2013, 2039, 2084, 1786, 1890, 1916, 1764, 2001, 1921, 2051, 2038, 1946, 1728, 1925, 1989, 1878, 2108, 1941, 1726, 1955, 1724, 2007, 2272, 2192, 1686, 2099, 1928, 1688, 1867, 1890, 1843, 1777, 2042, 1778, 2013, 2043, 1975, 1780, 1957, 1818, 1686, 2090, 1776, 1992, 2008, 1815, 1799, 2020, 1996, 1983, 1933, 1841, 1829, 1981, 2127, 2308, 2232, 1779, 1856, 1863, 2002, 2064, 2121, 2113, 1657, 1945, 2232, 1944, 1902, 1685, 2092, 1730, 1966, 1958, 1924, 1958, 1950, 1996, 1823, 2061, 1979, 1937, 1964, 1920, 1988, 2253, 1753, 1912, 1981, 1921, 2238, 2200, 2404, 1879, 1769, 2077, 1814, 1949, 1842, 1800, 1755, 1909, 1932, 1855, 2023, 1852, 2071, 1907, 1979, 1829, 1891, 1872, 1992, 1974, 1925, 1960, 2108, 2096, 1889, 1978, 1869, 1678, 1913, 1924, 2035, 2092, 1935, 1980, 1931, 2076, 2059, 1894, 1925, 1855, 1864, 1771, 2067, 2064, 1927, 2189, 1980, 1904, 1906, 2018, 1827, 2015, 1718, 2053, 1888, 2003, 1769, 2048, 2220, 1969, 1840, 1894, 1896, 2007, 1873, 1889, 2204, 1753, 2007, 1898, 2143, 2084, 2073, 1884, 1921, 1722, 1907, 2047, 1976, 1892, 2137, 2122, 2174, 2121, 1922, 2119, 1951, 1977, 2081, 2067, 1943, 1989, 1794, 1852, 1957, 1866, 1912, 1865, 1910, 1915, 2030, 1884, 2016, 1810, 1754, 2069, 2146, 1941, 1836, 2015, 1982, 2202, 1939, 2069, 1893, 1930, 1911, 1887, 1853, 1611, 2164, 2067, 1923, 1897, 1765, 1929, 2057, 1872, 1897, 1821, 1942, 2020, 1816, 2019, 2053, 2077, 2044, 1946, 1860, 2232, 1832, 2009, 2251, 2021, 2007, 2046, 1818, 2144, 1938, 1647, 2202, 2154, 1768, 1730, 1940, 1852, 1854, 2294, 2011, 1835, 1953, 2010, 1914, 2148, 1942, 2162, 2049, 1956, 1997, 2027, 1787, 1804, 1833, 1771, 2162, 1855, 1838, 2146, 1782, 2203, 2160, 1691, 1935, 1844, 1910, 1914, 1989, 1869, 1835, 2023, 1868, 2049, 1821, 1829, 2115, 1698, 1957, 1933, 2173, 1800, 1924, 2148, 1810, 1898, 1864, 1769, 1852, 1865, 1680, 2141, 1901, 2114, 1695, 1852, 1958, 1947, 1936, 1951, 1932, 1791, 2143, 1834, 2021, 1721, 2291, 1720, 1966, 1847, 1875, 2066, 1996, 2038, 2071, 1920, 1840, 1985, 2031, 1841, 1749, 2041, 2030, 1827, 1811, 2010, 2052, 2041, 1750, 1993, 2076, 1977, 1869, 1838, 1894, 1976, 2059, 1962, 1745, 2045, 2105, 1907, 2239, 1808, 1784, 1832, 1798, 1964, 1970, 1865, 1923, 1976, 2048, 1961, 1844, 2137, 1916, 1809, 1904, 2094, 1954, 1974, 1990, 1586, 1917, 1761, 2132, 1977, 1992, 1947, 1914, 2115, 1763, 1817, 1957, 1732, 1855, 1765, 1871, 1849, 1955, 1890, 2002, 2031, 1787, 1955, 1876, 2099, 1923, 2068, 1664, 2053, 1855, 1934, 1997, 1891, 1780, 1889, 1868, 1836, 1766, 2001, 1857, 1943, 1905, 1820, 2071, 1954, 2099, 1880, 1895, 1971, 1926, 2085, 1943, 1894, 1851, 1969, 1788, 1801, 1969, 1940, 1932, 1789, 1945, 2073, 1907, 1945, 1985, 1809, 2027, 2108, 1882, 1896, 1889, 1946, 1962, 1970, 1964, 1817, 1900, 1864, 1900, 1673, 1814, 1975, 1906, 1797, 2052, 2091, 1912, 2040, 2030, 2153, 1985, 1882, 2268, 2030, 2064, 1905, 2171, 1966, 2047, 2075, 1947, 1859, 1791, 1912, 2041, 2061, 2120, 1822, 1846, 1811, 2058, 1838, 2020, 2106, 1892, 2154, 1886, 1740, 1965, 2104, 2106, 1821, 1902, 2170, 1720, 2015, 1857, 1787, 2031, 2103, 2040, 2080, 2200, 1698, 1894, 1773, 1976, 1823, 1897, 2021, 1978, 1785, 1786, 1755, 1836, 1747, 1877, 2061, 2037, 2032, 1918, 1876, 2146, 1968, 2059, 1859, 1928, 1970, 1814, 1859, 1911, 1846, 1738, 1956, 2117, 2075, 1844, 2057, 1963, 1896, 2022, 1975, 1854, 2126, 1983, 1867, 1859, 1976, 1828, 1901, 2068, 1694, 1778, 1811, 1802, 1861, 1974, 1836, 1780, 2112, 2065, 1843, 2070, 2040, 2092, 1930, 1949, 1839, 1817, 1934, 1805, 2152, 1998, 1822, 1935, 2267, 1865, 2031, 2104, 1971, 1946, 1920, 1899, 1841, 1850, 1993, 1914, 1764, 2116, 1947, 2045, 1986, 1944, 2154, 1943, 1992, 2026, 1817, 2050, 1842, 2065, 2038, 1908, 1727, 2012, 1837, 2097, 1812, 1908, 2018, 1968, 1817, 2008, 1788, 1823, 2004, 1891, 1889, 1786, 2023, 1844, 1844, 1735, 1858, 1804, 1810, 2135, 1964, 1903, 2023, 2141, 1868, 1855, 2032, 2240, 1711, 1871, 1879, 2032, 1924, 1986, 1961, 2290, 1828, 2053, 2112, 2035, 1942, 2049, 1798, 1988, 2060, 1810, 1963, 1828, 1928, 1754, 2004, 2032, 1878, 1743, 2101, 2079, 1817, 1852, 1941, 2062, 1996, 2024, 1965, 2004, 2040, 2034, 2071, 1878, 1977, 1863, 1877, 1899, 2042, 1736, 2007, 1889, 2113, 2062, 1853, 1820, 1887, 1861, 1832, 1885, 1780, 1735, 1876, 2133, 1893, 1930, 1838, 1906, 1913, 2020, 1664, 1825, 1994, 1857, 1945, 2129, 2008, 1825, 1915, 1992, 1896, 1903, 1822, 1828, 1983, 1995, 2117, 1887, 1838, 1968, 1979, 1918, 1824, 1725, 1842, 1933, 1764, 1819, 2236, 1877, 2045, 1827, 1906, 1942, 2023, 2051, 1973, 1828, 2040, 2009, 1928, 1843, 1963, 2071, 1790, 2042, 1934, 1962, 1820, 2006, 1808, 1871, 2016, 1661, 1961, 1839, 1951, 1828, 2139, 1910, 1998, 1965, 1842, 1834, 2106, 1862, 1833, 2225, 1773, 1745, 1792, 2044, 1900, 1823, 2102, 1639, 1920, 1694, 1976, 1918, 1822, 2081, 2001, 2144, 2064, 1884, 2071, 1942, 2055, 1993, 1922, 1872, 2083, 2041, 1894, 1935, 2001, 1796, 1801, 1864, 1906, 1978, 1700, 2037, 1743, 1656, 2036, 1802, 1921, 2087, 2064, 1628, 1958, 2049, 2190, 1977, 1825, 2144, 1743, 1784, 1943, 1815, 1735, 2108, 1677, 1970, 1814, 1800, 2061, 1854, 1948, 1758, 1806, 1986, 1736, 2148, 2031, 1850, 2058, 2023, 2057, 1858, 2117, 2057, 1719, 2002, 2072, 2030, 1913, 1917, 2106, 1975, 2097, 1659, 2164, 1989, 1840, 1826, 1919, 1781, 1912, 2021, 1899, 1893, 1753, 1938, 1824, 2042, 2043, 1888, 1902, 1743, 1854, 1853, 1863, 1796, 1827, 2220, 1799, 1898, 1880, 2102, 1931, 2005, 1915, 1740, 1768, 1728, 1873, 1958, 2115, 1682, 1999, 1907, 1938, 1994, 2082, 2231, 1906, 1895, 2003, 2137, 2016, 1810, 1900, 1995, 1783, 1938, 2175, 1871, 1900, 1964, 1689, 1845, 1763, 1787, 1822, 2000, 2013, 1794, 1957, 2069, 2013, 1980, 2055, 1910, 1976, 1929, 2061, 1903, 1740, 1814, 1934, 1825, 2093, 1973, 1894, 2040, 1931, 1986, 1933, 1952, 1877, 1768, 1753, 1851, 1763, 1857, 2024, 1798, 1824, 1952, 2068, 1897, 2011, 2169, 1733, 2029, 2047, 1924, 1820, 1880, 2001, 1637, 2025, 2118, 1727, 1905, 2039, 1945, 1951, 1932, 1982, 1851, 1896, 2152, 1808, 2088, 2084, 1996, 1897, 1805, 1977, 1904, 1846, 1990, 2064, 1799, 1873, 1695, 1871, 1914, 1862, 1913, 1750, 1911, 1920, 1844, 2166, 1755, 1747, 1898, 1669, 1826, 1887, 1933, 1886, 1743, 1849, 1810, 1917, 2285, 1860, 2339, 1957, 1870, 1910, 1840, 2185, 1777, 1953, 1746, 2271, 2069, 1890, 1859, 2023, 1769, 1814, 2091, 1924, 1948, 1998, 2010, 2036, 1874, 1965, 1935, 1943, 1924, 1813, 1964, 2234, 1934, 1915, 1869, 2186, 2269, 1734, 1710, 1823, 2007, 2192, 1873, 1982, 2065, 1909, 1847, 2059, 1890, 1767, 1886, 1794, 1791, 1872, 1865, 1921, 1843, 1982, 1910, 1936, 1893, 1662, 2125, 2066, 1901, 2048, 1914, 2095, 2077, 2035, 1903, 1759, 1959, 1815, 1961, 1988, 2013, 1959, 1885, 1841, 2223, 1945, 2097, 1977, 2187, 2024, 2060, 2171, 1831, 1919, 2045, 1830, 1947, 2000, 2009, 1962, 1781, 1885, 1998, 1893, 1929, 2235, 2002, 1965, 1993, 1980, 2045, 1960, 2054, 2062, 2037, 1806, 1957, 1708, 2283, 2045, 1971, 2069, 1945, 2228, 1864, 1991, 1916, 1802, 2130, 1925, 2083, 1829, 1714, 1884, 1958, 1975, 1867, 1900, 1670, 1982, 2088, 2008, 1773, 1959, 2134, 1877, 2176, 2115, 1943, 1997, 1885, 1910, 1989, 1919, 2060, 1741, 1949, 1955, 2091, 1910, 2007, 1959, 1847, 2133, 1939, 2033, 2115, 2244, 1991, 2272, 1915, 1915, 1952, 2037, 1907, 1998, 1938, 2155, 1742, 1853, 1892, 2090, 2241, 1811, 1822, 1836, 1834, 2039, 2051, 2096, 2090, 2016, 2011, 2123, 1868, 1893, 1876, 2138, 2092, 1984, 1803, 1983, 1864, 1946, 1891, 2017, 1893, 1801, 1857, 1879, 1982, 1839, 1744, 1816, 1875, 1696, 1621, 1973, 1810, 1939, 1869, 1943, 2092, 1849, 1947, 1916, 1816, 1823, 1938, 2186, 1987, 2033, 1948, 1845, 1892, 1869, 1896, 2154, 1899, 1881, 2165, 1862, 1942, 2092, 2004, 1984, 2126, 1986, 2038, 1920, 1999, 2344, 1837, 1932, 1896, 1793, 1991, 1757, 2153, 1807, 1947, 1808, 2041, 1868, 1876, 1755, 1797, 2045, 2040, 1877, 2007, 2108, 1933, 1964, 2056, 2122, 1904, 1960, 2082, 1878, 1990, 2065, 1978, 1898, 1894, 1992, 1878, 1987, 1882, 1809, 2305, 1805, 1817, 1798, 1982, 1661, 1860, 1667, 1925, 1835, 1971, 1760, 2114, 2054, 2111, 1815, 1900, 1758, 2077, 1902, 2024, 2050, 2104, 1729, 1794, 1797, 1918, 1907, 1780, 2145, 1852, 1937, 1969, 2101, 1828, 2111, 1940, 1977, 2067, 2010, 1888, 1973, 1639, 1843, 1729, 2147, 1852, 1761, 1872, 2143, 1956, 1883, 2085, 1959, 1874, 2096, 1847, 1927, 1822, 2110, 2130, 2053, 1979, 1970, 2006, 1821, 2223, 2052, 2046, 2039, 2135, 1826, 1710, 2024, 1942, 1930, 2006, 1797, 1968, 2209, 2145, 1886, 1876, 2053, 2052, 1793, 1943, 1923, 1849, 1835, 2051, 1772, 1983, 1705, 1886, 2001, 1961, 1882, 1743, 1976, 1726, 2063, 1678, 1852, 1833, 2038, 1772, 1982, 1855, 2002, 2144, 1956, 1823, 2032, 1955, 1928, 1901, 2092, 2178, 1947, 1903, 2089, 2048, 1898, 1867, 2076, 1892, 1933, 1687, 1928, 2242, 2095, 1935, 2009, 1873, 1906, 1763, 2066, 2279, 1735, 1898, 2104, 1764, 2098, 1896, 2044, 2107, 1876, 2064, 1905, 2019, 2098, 2078, 1796, 2083, 1960, 2011, 1995, 2023, 1800, 2007, 2171, 1922, 1931, 1753, 2113, 1931, 1726, 1856, 1898, 1871, 1924, 1921, 1960, 1717, 1951, 1986, 1981, 1933, 1885, 2077, 1952, 2126, 1947, 2156, 1913, 1675, 2118, 1740, 1938, 2007, 1885, 1952, 1843, 1883, 1843, 1919, 1995, 1703, 1725, 2012, 2127, 2091, 1890, 1735, 1903, 1838, 1988, 2076, 1932, 2007, 2169, 2005, 1779, 2078, 1766, 1882, 1993, 1820, 2059, 2208, 2113, 1818, 1800, 1914, 2323, 2063, 1945, 2115, 2136, 2023, 2057, 1926, 1899, 1795, 1937, 1933, 2027, 1840, 2020, 2027, 1975, 2095, 2001, 2157, 1893, 1739, 2118, 1863, 1828, 1920, 2031, 1779, 1887, 1927, 1815, 1893, 2004, 2005, 1926, 2141, 1902, 1887, 1986, 2140, 1965, 1751, 2042, 1837, 1666, 2156, 1704, 1958, 1757, 1986, 1825, 2190, 1893, 1887, 1914, 2073, 2092, 2059, 2061, 1919, 2073, 1954, 2098, 1890, 1760, 1838, 2295, 2154, 2001, 1962, 2001, 1740, 1980, 1982, 1908, 1797, 1916, 2044, 1929, 2031, 2095, 2020, 1884, 2133, 2179, 1878, 1922, 1802, 1854, 2032, 1955, 1979, 1735, 2364, 2095, 1954, 2244, 1882, 1765, 2150, 1821, 1858, 1997, 2040, 1911, 1731, 2002, 2056, 2020, 2145, 2181, 1953, 1885, 2053, 1782, 2201, 1927, 2079, 1904, 1925, 2152, 2064, 1871, 1932, 2003, 2002, 1844, 1984, 1771, 1945, 1789, 1689, 1951, 2131, 1872, 1902, 1952, 1992, 2038, 1942, 2174, 1962, 1977, 2086, 1854, 2087, 2108, 1949, 2112, 1728, 1946, 1886, 1652, 2020, 1995, 2057, 1913, 2127, 1814, 1897, 1934, 2018, 1895, 1984, 1750, 1976, 2078, 1899, 1969, 1925, 1858, 1754, 2097, 1970, 2080, 1901, 1947, 1997, 1885, 2005, 1851, 1819, 1973, 1646, 1957, 2073, 1776, 1740, 1900, 1800, 1754, 1971, 1980, 2104, 1815, 1953, 2079, 1972, 1992, 1710, 2131, 1682, 1743, 1921, 1885, 1909, 2034, 1940, 1813, 2081, 1780, 1907, 2075, 2137, 2036, 1992, 2055, 1854, 1929, 1940, 1963, 1926, 1854, 1919, 1889, 1906, 1948, 1876, 2007, 1787, 1909, 1887, 2014, 1913, 2041, 2111, 1845, 1813, 1915, 2213, 1880, 1910, 1805, 1911, 1968, 1860, 2173, 1911, 1796, 1861, 2054, 1969, 2077, 1967, 1868, 1783, 2005, 1901, 1920, 1817, 1978, 2113, 1989, 1765, 1813, 1804, 1980, 1765, 1716, 1849, 1933, 1818, 2021, 1990, 1861, 1906, 1889, 1837, 1863, 1914, 1758, 2214, 1914, 2066, 1971, 1750, 1952, 1976, 1712, 1850, 2066, 1878, 2237, 1836, 1897, 2063, 1910, 1926, 1990, 1946, 2235, 1940, 2078, 2051, 1916, 1862, 1761, 1848, 2017, 2100, 1912, 1757, 1807, 1699, 1895, 1911, 2136, 1850, 1944, 1934, 1684, 2004, 1991, 1828, 2071, 1803, 2329, 1746, 1969, 1824, 2027, 1827, 1929, 1783, 1740, 1950, 1864, 2084, 2086, 1971, 1987, 1827, 1813, 2119, 1825, 2054, 1869, 1829, 2137, 2073, 1683, 1993, 1983, 1963, 2012, 1686, 1818, 1939, 2284, 2003, 1978, 1804, 1975, 1870, 1831, 1898, 1785, 1905, 1781, 1753, 1947, 1834, 1842, 2148, 1763, 1912, 2159, 1762, 1965, 1970, 1856, 1782, 1886, 1943, 1891, 1871, 1916, 2170, 1921, 2033, 2066, 2012, 1985, 1986, 1855, 2311, 1980, 1956, 1773, 1951, 1915, 1822, 1998, 2116, 1937, 1842, 2120, 2142, 2030, 1809, 2185, 1998, 2110, 1770, 1820, 2034, 1857, 1865, 1734, 2206, 1846, 1715, 2075, 2003, 1906, 1893, 2000, 2179, 1977, 1871, 2039, 1740, 1924, 1877, 1973, 1890, 2243, 1969, 2089, 2151, 1782, 1811, 2136, 2231, 1791, 1977, 1828, 1710, 1780, 1890, 1861, 1983, 2239, 2070, 1724, 1868, 2033, 1969, 2029, 2122, 1877, 1846, 1950, 2077, 1745, 2111, 1921, 1989, 1876, 1628, 1893, 1821, 1996, 1860, 2150, 1856, 1913, 1957, 1875, 2098, 2147, 1928, 2080, 1867, 2023, 2052, 1908, 1914, 1854, 2119, 2034, 1921, 1949, 1881, 1870, 1865, 1895, 2016, 1747, 2006, 1967, 2026, 2022, 1985, 2028, 1914, 2079, 1785, 1919, 2158, 1965, 1963, 1835, 1989, 2046, 2101, 1879, 1891, 1947, 1818, 1828, 1872, 1713, 1979, 1800, 1979, 2021, 1733, 2046, 1979, 2038, 1882, 1664, 2338, 1837, 1759, 1781, 1918, 2065, 1729, 1819, 2070, 1653, 1859, 2069, 1813, 2112, 1897, 1908, 1981, 1899, 1702, 2290, 1880, 1943, 1748, 1952, 2093, 1886, 1903, 2051, 2243, 1981, 1864, 2027, 1850, 2184, 2015, 1867, 1856, 1881, 2026, 2032, 2140, 2101, 1827, 1739, 1718, 1969, 1858, 1821, 2064, 1971, 1861, 1786, 1933, 1846, 1835, 2017, 1777, 1867, 1818, 1923, 2093, 1911, 1942, 1872, 1850, 1976, 1686, 1921, 1855, 1905, 2016, 2309, 1982, 1902, 1982, 1860, 1920, 2179, 1967, 1915, 1893, 1890, 1828, 1906, 2059, 1964, 1773, 1733, 1836, 1839, 1725, 1954, 1852, 2133, 1848, 2008, 2099, 1689, 2285, 1813, 1838, 1823, 1945, 2037, 2137, 2092, 2215, 1849, 1734, 2041, 1880, 1883, 1792, 2009, 1814, 2121, 1877, 1932, 1775, 1825, 2295, 1975, 1877, 2171, 1817, 1958, 1931, 1937, 1780, 2025, 1899, 1807, 1766, 2014, 1778, 1926, 2060, 1960, 1869, 2007, 1893, 1824, 2000, 2083, 1950, 1913, 1731, 1976, 1899, 1983, 2182, 1752, 2187, 2111, 1856, 1972, 1902, 2141, 1804, 1669, 1822, 1860, 2067, 2080, 2078, 1933, 1728, 1852, 1898, 2079, 2034, 1841, 1803, 1849, 1865, 2041, 2005, 1781, 1661, 1788, 1913, 1948, 1913, 1938, 1981, 2043, 2042, 1926, 1907, 1966, 1978, 1789, 2071, 2007, 1696, 2126, 2119, 1628, 2066, 2255, 1962, 1898, 1985, 1913, 1685, 1920, 2051, 2129, 1876, 1735, 2121, 2047, 2035, 1998, 1940, 1897, 2033, 1789, 1903, 1965, 1907, 1763, 1927, 1926, 1983, 2011, 1890, 1945, 1906, 1824, 1841, 1854, 1977, 1984, 1930, 1944, 1990, 2263, 1856, 1734, 1980, 2077, 1966, 2020, 2144, 2241, 1915, 1872, 2183, 2194, 1862, 1933, 1920, 2012, 1748, 2117, 1838, 1920, 1767, 1908, 1829, 2149, 1672, 1796, 2050, 1786, 2110, 2227, 2059, 1745, 1949, 2028, 1757, 1916, 2022, 1677, 1981, 1933, 1862, 1964, 2062, 1845, 2010, 1777, 1892, 1769, 1832, 1819, 1894, 1905, 1706, 1963, 1900, 1847, 1831, 1943, 1990, 1920, 1996, 1884, 1949, 1720, 1841, 1823, 1864, 1777, 2078, 2086, 2139, 2020, 1876, 1719, 1810, 1757, 1732, 1807, 2001, 2016, 2095, 1960, 1915, 2068, 2148, 1851, 2051, 2095, 1957, 2148, 2046, 1986, 1878, 1894, 1667, 1709, 1995, 2022, 1809, 2010, 1841, 2172, 2079, 1890, 1813, 1945, 1945, 1756, 2071, 1866, 1997, 2081, 1877, 1902, 1959, 1626, 1920, 2126, 1894, 1999, 1719, 1845, 2074, 1849, 1872, 1996, 1769, 1920, 1896, 1797, 2044, 1793, 1907, 2514, 1883, 1888, 1987, 2261, 1989, 1947, 1804, 1770, 1943, 2026, 1789, 1887, 1906, 2107, 2199, 1960, 1912, 1914, 1902, 1957, 1845, 1790, 1896, 1867, 1845, 2070, 1945, 2143, 2143, 1894, 2017, 2003, 1831, 1938, 1877, 1847, 2027, 1909, 1890, 2072, 2149, 2030, 1886, 2145, 1841, 2087, 1937, 2035, 1912, 1719, 2057, 2032, 2163, 2103, 1840, 1880, 2112, 1903, 2096, 1933, 1973, 1894, 2081, 1745, 1895, 1929, 1731, 1949, 2045, 2068, 1749, 1994, 1841, 1759, 1593, 1873, 1799, 1970, 2141, 1827, 1950, 1855, 1738, 2095, 1868, 2194, 1704, 1730, 2109, 1861, 1961, 1832, 2005, 1839, 1857, 2151, 2158, 2053, 2072, 1919, 2102, 1882, 2186, 2193, 1774, 1984, 1888, 1971, 1823, 1785, 2142, 2042, 1781, 2053, 1777, 1990, 2040, 1729, 2054, 1912, 1950, 2123, 2046, 1922, 1825, 1857, 1933, 2053, 1931, 1941, 2006, 1819, 1889, 1921, 2120, 2063, 1950, 1805, 1904, 2072, 2001, 1884, 2342, 2023, 1890, 1913, 1900, 1873, 1929, 1827, 2169, 1932, 1960, 1598, 1783, 2032, 1785, 2324, 1790, 1965, 1891, 2008, 1800, 1719, 1920, 1950, 1798, 1853, 1864, 1882, 1778, 1972, 1815, 2160, 1816, 1759, 1882, 1925, 1928, 2017, 1877, 2048, 1626, 1793, 2180, 1843, 1872, 1845, 1910, 1788, 1787, 2222, 2169, 1980, 1934, 1957, 1584, 2086, 1655, 1968, 1805, 1804, 1780, 1892, 1902, 1787, 1997, 1909, 1921, 1996, 1759, 1892, 1950, 1970, 2064, 2020, 2093, 1982, 1849, 2181, 1821, 2047, 2021, 1904, 1963, 1913, 1950, 2062, 1916, 1892, 1985, 2153, 2198, 2216, 1926, 1884, 1976, 2001, 1937, 1973, 1913, 1921, 2069, 1887, 2248, 2183, 2058, 1890, 2108, 1684, 1818, 1851, 1927, 1920, 1924, 1986, 1803, 2101, 1943, 1844, 1870, 2176, 1960, 2005, 1805, 2027, 2109, 1962, 2192, 1931, 1863, 1983, 1959, 2175, 1529, 1880, 2174, 2205, 2002, 2235, 1953, 1893, 1841, 1900, 1900, 1868, 2029, 1876, 1778, 1837, 1985, 1829, 2109, 1982, 1948, 2173, 1981, 1712, 1752, 1911, 1993, 2004, 1897, 1804, 2060, 2176, 1906, 1882, 1772, 2261, 2121, 1765, 2031, 2048, 2011, 2046, 1800, 1798, 1877, 2136, 1899, 2073, 2099, 1959, 1884, 2094, 1793, 1793, 2225, 1633, 2021, 1893, 1990, 2068, 2032, 1900, 2047, 2071, 1984, 2074, 1911, 1857, 2197, 1833, 1861, 2016, 1929, 2036, 2021, 1923, 2077, 1864, 1941, 1669, 1973, 1800, 1706, 1780, 1999, 1981, 1972, 1731, 1943, 1874, 2023, 1890, 2035, 1931, 2134, 2204, 1864, 1821, 1991, 1797, 2253, 1909, 2019, 2111, 1923, 2103, 1905, 1956, 1917, 1923, 2129, 1968, 1701, 2040, 1837, 1925, 1896, 1896, 2008, 2004, 1769, 2090, 1884, 1848, 2029, 2002, 1754, 1907, 2047, 1819, 2069, 2050, 1954, 1985, 1990, 1675, 1763, 1904, 1959, 2122, 1897, 2214, 1856, 1950, 1938, 1699, 1948, 2128, 1852, 1771, 1979, 1810, 2093, 2095, 1936, 2009, 1958, 1973, 2254, 1936, 1872, 1952, 1971, 1912, 1776, 1938, 1827, 2011, 2230, 1884, 2008, 2001, 1843, 1898, 1936, 2170, 1724, 1936, 2053, 1960, 1780, 1863, 1942, 2272, 1956, 1830, 1986, 2182]

[wilma]
  Promedio : 2030.0s
  Desvío   : 112.9s
  IC 95%   : [2026.9s, 2033.1s]
  Mínimo   : 1628s
  Máximo   : 2547s
  Tiempos  : [2219, 2114, 2066, 1901, 2036, 1855, 2216, 2056, 2010, 2283, 1885, 2022, 2025, 2103, 1989, 2247, 1838, 2151, 2055, 1977, 1952, 2147, 2031, 2267, 2045, 2245, 2004, 2072, 1843, 1922, 1788, 1993, 2146, 1954, 2017, 2028, 2102, 1869, 2039, 2037, 2001, 1857, 2082, 2033, 2040, 1936, 2014, 1993, 2056, 2016, 2043, 1842, 1989, 2096, 2176, 2144, 2211, 2075, 1871, 2223, 2110, 2119, 2012, 2080, 2166, 2031, 2012, 2076, 2039, 1938, 1963, 1971, 2074, 1918, 2057, 1999, 1844, 2192, 1894, 2163, 2093, 2040, 2013, 2038, 2119, 1937, 1971, 2066, 1825, 1910, 1947, 2077, 1942, 1944, 2082, 2165, 1849, 2121, 2063, 1971, 2035, 1943, 2008, 2060, 2042, 1953, 2051, 1995, 1968, 1908, 1922, 1828, 2139, 1970, 1963, 1990, 1941, 2179, 2121, 1966, 1960, 1937, 2109, 1942, 1830, 1825, 2161, 2102, 2029, 2112, 1980, 2080, 1992, 1940, 2234, 2018, 1895, 2035, 2131, 1910, 2081, 2231, 1844, 2164, 1944, 2060, 1908, 2025, 2172, 2237, 1854, 2114, 2068, 1908, 2147, 2287, 1916, 1973, 1958, 2028, 2070, 2082, 1916, 1962, 1945, 2087, 2009, 2049, 1826, 2157, 2043, 1907, 1958, 2143, 1963, 1966, 1852, 2094, 1962, 2130, 2019, 1938, 2037, 1962, 1922, 1637, 1999, 2119, 2007, 2017, 2028, 2063, 1898, 2186, 2065, 1936, 2048, 1991, 1991, 1892, 2000, 2004, 2085, 2152, 2068, 2422, 1940, 1968, 1924, 2042, 2010, 2164, 2111, 2135, 1849, 2109, 1944, 2137, 2222, 2002, 2042, 2100, 1990, 2301, 2114, 1881, 2088, 2029, 2054, 2102, 2031, 2109, 1938, 1938, 2156, 1973, 1945, 1877, 2030, 1955, 2160, 2147, 1992, 2065, 2160, 1980, 1989, 2058, 2130, 2137, 2054, 1900, 2166, 1889, 2056, 1962, 2154, 2083, 1837, 1814, 1875, 1957, 2061, 2248, 2286, 1924, 2044, 2057, 2049, 2064, 2233, 1932, 2133, 2051, 2061, 1869, 2017, 2006, 2114, 2007, 2138, 2064, 2242, 1898, 1999, 1973, 2132, 1952, 1930, 2126, 2216, 2035, 1998, 1952, 2174, 2165, 2035, 1903, 1964, 2239, 2009, 2142, 2003, 2008, 2338, 1795, 2156, 1951, 2007, 1983, 2071, 2009, 1997, 2092, 2095, 1883, 2086, 1860, 2110, 2213, 1885, 2065, 2116, 2180, 2277, 1974, 1979, 2026, 1848, 2018, 2245, 2046, 2036, 2177, 1970, 2059, 1984, 1958, 2161, 1970, 2020, 2027, 2083, 2105, 1929, 2028, 1983, 1924, 2144, 1836, 2146, 2104, 1885, 1992, 2114, 2056, 1989, 1997, 2041, 2167, 2022, 1955, 1855, 1916, 1980, 1893, 2038, 2080, 2056, 1904, 2143, 2000, 2019, 2126, 1887, 2023, 2070, 2027, 2018, 2087, 2051, 2119, 1922, 2113, 1974, 1888, 2121, 1944, 1995, 2037, 1912, 2032, 2081, 1961, 2027, 2108, 1931, 1851, 1926, 2216, 2193, 2125, 2124, 1888, 1967, 2135, 1880, 1955, 2101, 2167, 1904, 2042, 2128, 2174, 1825, 2007, 1870, 2037, 2053, 1985, 1923, 2167, 1853, 2136, 1899, 1931, 1914, 1867, 2205, 2064, 1904, 1743, 2157, 2096, 2114, 1981, 2135, 2162, 1892, 2068, 2048, 2064, 1984, 2048, 2325, 1915, 2021, 1894, 1770, 1901, 1867, 1876, 2085, 2068, 2066, 1780, 1966, 1971, 1820, 2046, 2040, 2022, 1965, 2187, 1820, 1988, 1987, 2019, 2009, 2101, 2029, 1951, 2038, 2054, 1970, 1939, 1912, 2067, 2054, 1983, 1960, 2032, 1945, 2094, 2037, 1925, 2033, 1765, 2050, 2104, 1894, 2109, 2021, 2019, 1929, 2031, 2078, 2026, 1895, 2018, 2103, 2036, 2279, 2014, 1993, 2029, 1912, 1958, 1772, 2387, 2005, 1943, 2167, 2189, 1982, 2062, 2058, 1767, 2220, 2157, 1968, 1908, 2107, 1932, 2185, 2158, 1889, 1895, 1966, 2227, 2095, 2161, 2015, 2046, 2018, 2002, 2026, 1914, 2152, 2022, 1940, 2067, 1900, 1958, 1967, 1991, 1948, 2015, 2104, 1945, 1948, 2192, 1903, 2033, 2169, 2245, 2037, 2077, 1889, 2040, 2096, 1951, 2029, 1926, 2152, 1885, 2211, 2046, 1982, 1943, 1964, 1888, 2123, 2037, 2153, 2083, 1973, 2117, 2021, 2130, 2110, 2201, 1994, 2045, 2009, 1952, 2133, 2237, 1913, 2172, 2168, 1946, 2014, 2038, 2142, 1809, 2108, 2052, 2050, 2032, 2036, 1886, 2145, 2019, 2287, 1995, 2006, 1905, 2107, 2191, 1850, 2056, 2192, 2089, 2134, 2116, 1824, 2314, 1980, 2073, 1999, 2127, 2050, 2183, 1962, 2139, 2101, 1964, 1980, 2098, 2170, 2205, 2089, 1882, 2139, 1931, 1975, 2135, 2277, 1953, 2043, 1972, 2075, 2083, 2092, 2216, 1945, 1906, 2235, 1965, 2013, 2068, 1962, 2109, 1945, 2105, 1966, 1873, 1810, 2209, 2151, 2125, 2039, 1846, 2066, 1908, 2051, 2047, 2019, 1923, 1956, 2043, 2031, 2073, 2010, 1955, 2089, 1860, 1939, 2135, 2048, 2091, 1993, 2082, 1946, 1883, 1891, 2042, 1904, 1926, 2166, 2282, 2154, 2186, 2390, 2047, 1935, 1954, 2129, 1945, 2045, 2021, 1878, 1949, 2135, 2049, 1960, 1909, 2022, 1899, 2298, 1949, 1759, 1885, 2150, 2039, 2102, 1951, 1828, 2197, 1882, 2172, 1868, 2074, 1926, 2040, 2024, 2096, 1921, 2013, 2072, 1947, 2074, 2162, 2004, 2159, 1982, 2075, 1766, 2075, 1953, 2056, 1852, 1943, 2178, 2081, 1921, 1874, 2077, 2007, 1997, 1989, 1982, 1856, 1964, 2251, 2019, 2045, 2245, 1921, 1961, 2091, 1888, 1985, 2062, 1973, 2036, 1998, 1934, 1930, 2073, 2350, 2021, 1911, 1904, 1925, 2193, 1965, 2125, 1921, 1981, 2257, 2003, 2122, 1920, 2058, 2026, 2033, 2098, 2078, 1995, 2359, 2063, 2005, 2142, 1992, 1977, 2053, 2194, 1886, 2057, 2125, 2181, 2087, 1936, 1916, 1996, 1991, 1975, 1931, 1946, 1980, 1939, 1941, 2169, 1913, 2031, 2191, 1838, 1875, 2016, 2015, 2159, 2044, 1936, 1909, 2047, 1946, 1792, 1925, 1860, 2027, 1894, 1987, 2224, 2104, 1946, 2145, 2041, 2100, 2001, 1901, 1865, 2026, 2015, 2108, 2031, 1992, 1994, 2011, 1898, 1908, 2144, 2202, 2154, 1829, 2028, 1957, 2126, 1860, 2070, 2221, 2057, 1994, 2045, 2057, 2067, 2089, 2041, 2011, 1892, 1977, 2142, 2023, 2251, 2038, 1942, 2094, 2103, 1948, 1946, 1942, 1877, 1973, 2044, 2178, 2123, 2066, 2080, 2023, 1952, 2070, 2017, 2107, 1842, 2032, 1896, 1887, 1962, 1994, 2049, 2013, 1934, 1926, 1953, 2062, 1920, 1913, 1962, 2141, 2051, 2065, 1861, 2149, 1990, 2001, 1923, 1903, 2287, 2012, 2257, 1970, 2048, 1832, 2011, 1959, 1894, 1979, 2005, 2106, 2021, 2100, 1951, 2148, 2229, 2198, 2352, 2022, 2248, 2101, 2185, 2186, 2148, 1995, 2134, 1979, 1894, 1982, 2120, 1840, 2122, 2006, 1913, 2108, 2211, 1879, 2094, 1827, 1873, 2013, 1989, 2238, 2316, 2098, 2068, 1972, 2067, 1859, 2067, 2061, 1955, 1869, 1980, 1996, 1865, 2093, 2072, 1955, 2133, 1896, 1916, 2318, 1833, 2076, 1851, 2188, 1936, 1870, 1954, 2150, 1929, 2170, 2209, 1831, 1976, 2134, 1873, 2035, 2036, 2185, 2142, 2187, 1934, 1966, 2085, 2006, 1873, 1977, 2051, 1960, 2068, 2130, 1868, 2030, 2047, 1982, 2046, 1896, 2204, 1918, 2288, 1865, 2005, 1929, 2030, 1899, 2091, 2113, 1930, 2147, 1832, 1997, 2093, 2056, 1868, 2096, 1961, 2241, 1901, 1942, 2058, 1982, 1884, 1900, 1969, 1932, 1886, 2134, 2083, 2085, 2035, 2054, 2151, 2128, 2171, 2164, 1917, 1911, 2040, 2154, 2005, 2107, 1833, 2189, 1917, 2131, 1952, 2127, 2417, 2035, 2168, 2024, 2276, 2210, 1880, 2078, 1935, 2122, 2146, 1855, 1999, 2061, 1888, 2003, 1944, 1877, 2074, 2104, 1829, 2057, 1920, 2099, 1799, 1836, 2097, 1837, 2262, 1869, 2072, 1951, 1909, 2093, 1960, 2017, 2281, 1905, 2207, 2039, 2054, 2267, 1973, 2041, 2015, 1875, 1949, 2204, 2016, 2025, 2051, 2210, 1940, 2140, 1879, 1945, 2010, 2077, 2267, 2145, 2073, 2147, 1913, 1836, 1905, 2318, 2034, 2121, 1960, 1995, 2275, 2274, 1902, 1897, 1900, 2253, 1977, 2154, 1976, 2050, 2139, 1895, 1962, 1904, 2113, 1928, 1932, 2225, 1860, 2159, 1973, 2118, 1951, 2185, 2099, 2249, 1788, 1996, 1878, 1932, 1891, 2197, 2071, 2007, 2047, 1947, 2119, 2114, 1960, 1924, 2048, 1994, 1828, 1808, 2042, 2004, 2169, 1857, 2111, 2230, 1995, 1999, 1937, 2082, 2158, 1933, 2161, 1998, 2256, 1997, 2148, 1882, 2143, 2084, 1952, 1916, 1949, 1980, 2146, 2131, 2232, 1835, 2050, 1982, 2343, 2211, 2001, 1949, 2009, 2180, 2032, 1902, 2236, 1989, 1980, 1923, 2100, 2086, 1817, 2145, 2020, 2163, 2144, 2237, 2383, 2032, 1961, 2145, 1997, 2034, 1967, 2136, 2125, 2026, 2057, 2149, 1968, 1961, 1955, 1862, 2288, 1913, 1916, 2193, 1893, 2045, 2041, 2103, 1784, 2127, 1946, 1821, 2221, 1937, 1964, 2056, 1861, 1934, 2013, 2174, 2250, 2010, 1817, 1932, 1990, 1947, 1830, 1998, 2118, 2086, 2090, 1919, 2268, 1990, 1937, 2108, 2203, 2098, 1831, 2015, 2160, 2020, 2132, 2027, 1996, 2035, 2023, 2073, 1852, 2035, 2193, 2128, 2142, 2021, 1951, 2048, 2133, 2144, 2194, 2269, 2075, 1906, 2158, 1934, 2337, 1867, 1952, 1848, 2072, 2007, 2108, 2011, 2097, 2037, 2244, 1946, 2089, 2108, 2129, 1938, 2188, 2056, 1914, 1908, 1971, 2044, 2238, 2054, 2167, 1967, 2193, 1999, 2122, 2051, 2042, 2082, 2084, 1929, 1953, 2347, 2104, 2331, 2055, 2268, 1947, 1939, 1961, 2060, 1920, 1963, 1994, 1985, 1902, 1981, 2005, 1968, 2107, 1981, 2391, 1819, 2547, 2023, 1937, 2023, 2198, 1978, 2009, 2005, 2051, 2103, 1846, 1890, 2063, 1953, 1965, 2129, 2186, 2100, 2068, 1968, 2198, 2038, 1987, 1995, 2112, 2383, 2039, 1822, 2113, 2157, 2220, 1968, 2144, 2105, 2112, 2040, 1818, 2027, 1879, 1890, 2133, 2342, 2005, 1767, 1969, 1907, 2055, 1815, 1952, 2234, 1962, 2179, 1987, 2116, 2037, 2262, 2012, 2237, 2148, 2101, 2049, 2158, 2251, 2083, 2001, 2053, 1897, 1973, 1941, 2066, 2049, 1963, 1924, 1917, 2037, 2118, 2023, 2067, 2090, 2138, 1827, 2323, 2131, 1917, 1937, 1979, 1971, 1978, 2229, 1913, 2302, 1929, 2207, 2049, 1895, 2050, 2028, 2101, 2003, 2045, 1979, 2030, 2307, 1969, 2000, 2089, 2002, 2141, 1991, 1939, 2044, 2034, 1993, 1932, 2010, 2141, 1975, 2096, 2257, 2185, 2015, 2055, 2022, 2221, 2109, 1971, 2056, 2150, 1910, 1987, 2068, 1972, 1913, 2083, 2034, 2026, 1992, 1955, 2165, 1944, 2053, 2074, 2052, 2060, 1997, 1804, 2066, 2138, 2059, 2006, 2112, 2040, 1989, 2049, 1996, 2174, 2027, 2054, 1822, 1927, 2105, 2003, 1946, 1877, 2161, 1909, 2149, 1992, 2085, 1935, 1973, 1949, 1865, 2213, 2127, 2184, 2170, 2079, 2245, 1908, 2006, 1993, 2040, 2049, 2000, 1911, 1926, 1891, 2020, 1986, 1938, 1927, 2040, 1891, 2087, 2011, 2294, 1875, 2147, 1837, 1907, 1943, 2003, 1938, 2068, 1969, 2001, 2066, 2007, 2309, 2011, 1942, 2065, 1979, 1994, 2046, 1923, 2016, 2051, 2066, 2175, 2079, 2078, 2087, 1892, 2092, 1938, 1969, 1940, 2216, 2117, 1897, 1922, 2037, 2148, 2197, 2171, 2172, 1932, 1936, 1961, 2003, 1927, 2055, 1975, 1998, 2152, 2077, 1952, 1932, 2052, 1910, 2127, 2000, 2000, 2191, 2173, 2067, 2243, 2107, 2036, 1930, 2095, 1908, 1976, 1940, 2254, 2070, 1773, 2289, 2072, 1879, 2006, 2010, 2016, 2103, 1998, 2032, 2104, 1881, 2004, 1927, 2021, 2183, 2076, 2166, 2034, 2049, 2154, 1978, 1932, 1894, 2108, 2152, 2279, 2237, 2129, 1956, 2238, 2047, 2331, 2238, 2131, 1911, 2171, 2064, 2031, 2169, 2124, 2225, 1906, 1932, 2003, 2018, 1982, 2051, 1959, 1969, 2122, 2154, 1913, 2128, 1978, 1854, 2085, 1926, 1855, 2091, 1997, 2285, 2018, 2234, 1973, 2004, 1884, 2203, 2085, 2108, 1944, 2003, 2168, 2071, 2031, 2078, 2084, 2063, 1913, 2055, 2168, 2080, 2242, 1757, 2054, 2083, 1875, 2092, 2030, 1917, 2127, 2085, 2098, 1908, 2118, 2044, 1994, 2217, 1856, 1906, 2122, 1949, 2056, 1969, 2002, 2308, 2207, 2100, 1996, 2188, 1977, 1882, 1889, 2104, 2026, 1892, 1990, 2047, 1951, 2103, 2105, 1950, 1949, 2068, 2043, 2091, 2140, 1965, 1942, 2020, 2056, 1937, 2239, 2075, 2058, 2130, 1922, 1936, 1971, 2240, 2033, 2082, 1943, 1939, 1842, 2080, 1940, 2138, 1980, 2008, 1906, 1983, 2018, 2032, 2091, 1995, 2100, 2002, 1948, 2249, 2043, 2001, 1904, 1916, 2146, 1806, 2054, 1940, 2199, 2179, 1976, 2164, 2139, 1940, 1933, 2104, 1859, 2088, 2075, 2014, 1958, 1933, 1830, 2191, 1989, 2098, 2220, 2142, 1892, 1955, 2001, 2220, 2087, 2200, 1990, 2188, 2085, 1902, 2147, 1928, 1974, 1959, 2093, 2188, 2002, 2116, 1983, 1931, 2037, 2027, 2099, 2079, 1845, 1996, 2102, 2082, 2026, 2112, 2025, 2086, 2009, 1949, 1892, 1759, 2181, 2022, 1857, 1842, 2002, 1985, 1837, 2128, 2056, 2268, 2104, 2001, 2132, 2003, 2105, 2066, 1958, 2033, 2269, 1929, 2228, 2179, 2018, 2104, 2060, 1904, 2130, 2006, 1991, 1982, 1992, 2022, 2012, 2030, 1868, 2057, 2189, 1918, 2072, 2021, 2055, 2076, 1999, 1837, 1898, 1838, 2085, 2006, 2114, 1920, 2016, 2110, 2061, 1930, 2114, 2026, 2003, 1841, 2038, 1988, 2029, 2027, 2093, 1951, 1928, 1947, 1893, 2361, 2290, 2298, 1991, 1985, 1949, 1957, 1879, 2062, 2026, 2047, 2059, 1851, 2083, 1990, 2216, 1984, 2036, 1913, 1893, 2037, 2076, 1973, 2153, 2057, 1902, 2076, 1948, 2038, 2162, 2120, 1953, 2080, 1954, 1937, 2001, 1899, 2058, 2223, 2015, 2036, 2139, 2206, 2171, 2046, 2065, 2008, 2124, 2091, 2060, 2153, 1953, 2133, 1994, 2006, 2111, 1828, 1900, 1972, 2124, 1880, 2030, 1930, 1776, 1972, 1986, 1942, 2025, 2134, 2093, 2083, 2055, 1992, 1957, 2131, 2034, 2409, 2109, 1989, 1893, 1893, 2145, 2021, 2047, 2113, 2101, 2118, 2161, 2010, 1967, 1975, 2062, 2116, 2036, 1996, 1868, 2000, 2010, 2042, 2037, 2142, 2054, 1941, 2082, 1967, 2074, 1944, 1945, 2064, 2011, 2069, 2101, 1816, 2195, 1864, 1923, 2096, 1917, 1896, 1861, 1937, 1906, 2123, 2082, 2093, 1972, 1947, 2104, 2162, 2057, 2083, 2062, 2074, 2077, 2049, 1985, 2113, 1964, 2091, 1874, 2068, 2058, 1998, 1991, 1989, 2138, 2184, 2142, 2191, 2077, 2106, 1936, 1781, 2052, 2036, 1978, 2086, 2047, 1990, 2014, 1960, 2282, 2084, 1899, 2058, 2284, 2113, 2097, 1927, 2046, 2058, 2232, 1899, 2027, 2148, 1964, 2016, 2025, 1832, 1987, 2097, 2063, 1786, 1958, 2191, 2017, 2073, 2013, 2026, 1983, 2106, 1951, 1980, 1887, 2111, 1922, 2179, 1951, 2035, 2193, 1972, 1971, 1927, 1910, 1957, 2207, 2203, 2038, 2129, 1842, 2017, 1994, 1983, 1958, 2021, 1977, 1921, 1871, 2087, 2029, 1809, 2180, 2082, 1917, 1954, 1719, 1933, 2337, 2121, 1959, 2143, 2191, 2133, 1793, 2190, 2040, 2025, 2029, 2029, 1946, 1932, 2015, 1926, 2047, 1962, 2054, 1963, 2084, 2026, 1915, 2019, 1913, 2069, 2072, 2109, 2315, 1954, 2097, 2050, 1826, 1864, 1936, 1974, 2057, 2127, 2071, 1898, 2025, 1941, 2098, 2057, 2072, 2020, 2106, 2152, 1865, 2016, 2296, 2083, 1949, 2010, 2122, 2149, 1889, 2099, 2282, 2152, 1981, 1717, 2075, 2008, 1999, 1911, 2037, 2028, 2042, 2159, 1975, 2016, 1936, 2021, 2058, 1886, 2081, 1803, 2125, 2026, 1927, 2084, 1965, 2140, 2054, 2043, 2169, 2015, 2119, 2071, 2019, 2103, 2123, 1946, 1823, 2042, 2115, 1997, 2010, 1852, 1795, 2233, 2172, 1992, 1907, 1913, 1847, 2026, 2102, 2041, 1834, 2013, 1925, 1908, 1923, 1994, 1958, 1950, 2076, 2075, 1964, 2076, 1996, 1905, 2176, 2015, 2332, 2050, 1978, 1955, 2060, 1969, 1999, 1881, 2263, 2354, 1905, 2080, 1983, 1949, 2024, 2208, 2068, 2121, 1966, 1948, 2079, 2207, 2041, 2170, 2238, 1969, 1985, 1984, 2061, 1922, 2015, 2004, 1963, 2088, 1944, 2035, 1923, 2141, 2045, 2066, 1836, 1981, 1960, 2238, 1932, 2074, 2006, 2065, 1833, 2137, 1993, 1933, 2027, 2050, 1874, 1931, 2023, 1945, 1860, 1969, 1899, 2109, 2123, 1900, 2086, 1893, 1926, 1971, 1884, 1896, 2157, 2006, 1888, 1887, 1941, 2077, 1930, 2282, 2058, 2117, 1956, 2026, 1937, 2225, 2088, 1954, 2095, 1983, 1969, 1957, 2024, 2305, 2015, 1844, 1997, 1966, 1890, 2028, 1945, 2153, 2032, 2024, 2170, 2125, 2174, 1971, 2045, 1941, 1903, 2021, 2236, 2104, 1964, 1922, 1974, 2006, 1966, 1893, 2020, 2016, 2224, 2071, 1966, 1970, 1951, 2081, 2079, 1944, 1991, 2262, 2088, 1926, 2099, 1897, 1972, 2062, 1805, 2118, 1730, 2185, 2092, 2108, 2242, 2298, 2095, 2133, 1946, 1864, 2133, 1989, 1941, 1808, 2108, 2315, 2023, 2080, 1980, 2056, 1971, 2022, 2127, 2419, 1981, 2152, 2086, 1860, 1980, 2144, 2468, 1994, 1918, 1940, 2206, 1917, 2009, 1956, 2243, 1805, 2054, 1988, 2013, 2064, 2157, 2047, 2177, 1900, 2012, 2019, 2004, 1979, 2091, 2111, 2005, 1911, 1986, 1993, 1993, 1873, 2041, 1887, 2216, 2050, 1969, 2022, 1968, 2142, 2190, 1970, 2160, 1881, 2071, 2071, 1961, 2126, 2138, 1856, 2070, 2368, 1986, 1959, 2188, 1936, 2113, 2068, 1932, 1870, 1932, 2290, 1946, 2004, 2018, 2246, 2166, 2202, 2148, 1905, 1996, 1813, 2095, 1983, 2113, 1998, 1989, 1746, 2123, 2009, 2074, 2165, 2250, 2134, 2055, 1947, 2111, 2033, 2197, 2037, 2090, 1936, 2094, 2009, 2017, 1919, 2021, 2175, 2137, 1880, 2219, 2042, 1897, 1701, 1956, 1911, 2207, 1925, 2044, 2207, 2159, 1806, 1947, 2090, 2048, 2091, 2135, 2017, 1969, 2089, 2134, 1889, 2067, 2180, 1982, 1969, 2063, 1933, 2137, 2141, 2205, 2083, 1980, 2006, 2069, 2034, 2016, 2069, 1980, 1958, 2112, 2081, 2183, 1944, 1942, 1978, 2050, 2013, 2109, 2219, 2089, 2214, 2129, 2051, 1823, 1981, 2055, 1842, 2006, 2132, 1852, 1909, 2195, 2025, 2045, 2075, 1920, 1852, 1971, 2051, 1878, 1902, 2145, 1851, 2184, 1906, 1906, 2000, 2058, 1921, 2082, 2146, 1926, 2018, 2103, 1824, 2095, 2070, 2017, 1944, 1945, 1914, 2138, 1971, 2097, 1896, 1900, 1946, 1939, 1980, 1856, 2057, 1784, 2136, 1882, 2087, 2032, 2014, 2064, 1925, 1965, 1977, 1955, 2218, 1890, 2123, 1977, 1930, 2273, 2102, 1952, 2191, 1912, 2098, 2108, 1801, 1938, 2052, 2023, 1853, 1871, 1946, 2139, 2008, 1949, 2235, 2010, 2028, 2049, 2128, 2000, 1957, 1927, 2011, 2059, 1968, 2143, 1982, 1975, 2223, 1981, 2014, 2007, 1628, 2022, 2069, 2109, 2097, 2006, 1960, 2005, 2116, 1888, 2191, 1961, 1799, 2208, 1968, 2145, 2100, 1898, 1995, 1890, 1977, 2274, 2143, 2089, 1939, 1870, 1940, 2373, 2026, 1913, 2139, 2046, 2042, 1975, 2053, 1937, 1961, 2100, 2150, 1942, 1972, 1959, 2173, 1933, 2266, 1853, 1930, 2044, 2151, 2019, 1906, 1926, 1906, 1945, 1977, 2038, 2046, 1953, 2041, 1945, 2097, 2145, 2019, 1966, 2117, 1938, 1867, 2114, 2007, 1957, 2005, 2256, 1983, 2138, 1959, 1893, 2242, 1907, 2080, 2303, 2072, 2128, 1958, 1936, 1832, 2022, 1997, 1886, 2011, 1952, 1890, 2072, 1891, 2190, 1914, 2037, 1933, 2035, 2090, 2070, 1993, 1866, 2238, 1992, 1980, 1919, 2017, 1997, 2183, 1853, 2024, 1968, 1929, 2025, 2280, 1995, 1946, 2076, 2294, 2118, 2035, 2120, 2084, 2137, 2038, 2063, 2015, 1734, 2078, 2127, 2066, 2119, 2011, 2022, 1923, 2259, 2204, 2191, 1869, 2028, 1883, 1892, 2043, 1863, 1912, 2075, 1941, 2127, 2176, 1775, 2210, 1935, 2076, 2127, 2004, 1986, 1910, 2021, 2052, 2117, 2178, 1848, 2144, 1920, 2004, 1902, 1868, 2064, 1892, 2318, 2069, 1926, 2080, 2144, 1953, 2111, 1940, 1923, 2069, 1978, 2087, 1900, 2002, 1872, 1970, 2107, 1979, 2021, 2033, 2072, 1896, 2171, 2230, 1854, 2162, 1923, 1938, 2044, 1732, 1835, 2171, 2094, 1988, 2033, 2087, 1865, 2163, 2130, 2171, 2155, 2029, 1856, 1957, 1924, 1946, 1990, 1971, 1799, 2017, 1789, 2031, 2065, 1991, 1985, 2020, 2005, 2130, 1978, 2014, 2017, 1917, 2112, 1986, 1947, 2119, 2008, 1976, 2054, 1893, 2165, 1952, 1819, 2281, 2111, 2102, 1841, 2143, 2005, 2236, 2163, 1883, 2161, 1790, 2067, 2092, 2063, 1889, 1999, 2317, 2087, 2121, 1924, 2019, 2005, 2065, 2129, 2091, 2079, 1989, 2201, 2048, 2105, 1968, 1872, 1908, 2009, 2026, 2085, 2158, 1866, 1999, 2007, 2165, 2014, 1835, 2197, 1820, 2032, 2059, 1901, 2187, 2188, 2010, 2010, 2060, 2122, 2125, 2108, 2025, 2038, 1828, 2322, 1931, 2019, 2072, 2201, 1880, 2224, 1918, 1997, 1779, 1995, 2024, 2220, 2070, 2216, 2098, 2071, 2205, 1993, 1979, 1844, 2043, 2035, 1911, 1865, 1995, 2109, 1997, 2106, 2115, 2073, 1992, 1991, 2066, 1971, 2085, 2186, 1938, 1975, 1999, 2141, 2184, 2161, 1990, 2129, 2042, 2020, 2057, 2037, 2152, 1910, 1933, 2039, 2128, 2018, 2156, 1852, 2185, 1982, 2136, 1998, 2412, 2211, 1995, 1961, 1995, 1953, 2277, 2043, 2052, 2079, 1853, 1933, 1952, 2181, 2050, 2129, 1966, 2003, 2153, 2120, 1899, 2056, 2479, 2083, 2187, 1941, 2114, 2166, 2159, 2120, 2069, 2135, 1914, 2026, 2109, 2048, 1923, 1983, 2030, 2019, 1944, 2043, 1969, 1946, 1832, 2122, 1873, 1975, 1737, 2014, 1819, 1885, 2003, 2039, 2064, 1926, 1964, 1848, 1969, 2029, 1997, 1902, 1864, 1860, 2022, 2001, 1948, 2167, 2063, 2138, 2103, 2064, 2094, 2060, 1970, 2146, 2062, 1975, 2108, 1740, 1963, 1847, 1856, 2073, 2108, 2025, 2054, 1878, 2091, 1960, 1946, 2159, 2018, 2006, 2102, 2017, 2016, 1997, 1939, 1913, 1956, 1878, 2017, 1860, 2144, 1892, 2248, 2050, 1968, 2176, 1998, 1992, 2009, 1968, 2077, 1835, 2061, 2113, 2074, 2099, 2146, 2098, 1918, 2253, 1930, 2091, 2055, 1981, 1867, 2068, 2057, 1929, 2084, 2042, 2106, 2060, 1814, 1836, 2132, 2140, 2005, 2218, 1997, 2293, 2078, 1886, 1988, 1913, 1984, 2047, 2299, 2101, 1978, 1919, 2329, 2098, 1983, 2160, 2384, 2158, 2177, 1860, 2038, 2168, 2063, 1892, 1924, 1906, 2246, 1932, 2115, 2115, 1839, 2024, 2075, 1998, 1984, 2177, 2210, 2114, 1974, 1956, 2081, 2168, 2010, 1996, 2112, 1952, 1951, 2100, 2071, 2158, 2049, 1924, 2089, 2071, 2080, 1937, 1978, 2096, 1987, 2318, 1818, 2194, 2221, 1998, 2157, 1876, 1972, 1915, 2149, 1900, 2000, 2064, 1862, 2174, 1998, 2316, 2157, 2008, 2089, 2066, 2060, 1910, 1982, 1955, 2078, 2104, 2017, 2047, 1815, 2042, 1995, 2155, 1991, 2097, 2012, 2138, 2160, 1823, 1936, 1829, 1927, 2259, 2158, 2023, 2148, 2001, 2030, 1896, 2061, 1810, 2013, 2033, 2163, 2032, 2022, 1899, 2062, 1902, 2021, 1887, 2167, 2022, 1995, 1931, 1859, 2074, 2056, 2090, 2100, 2173, 2035, 1953, 2076, 2092, 1751, 2012, 2046, 2166, 1951, 2071, 1939, 2012, 2039, 2130, 1836, 1889, 2008, 2278, 1899, 1929, 1916, 2125, 2021, 2289, 2309, 2077, 1857, 2165, 2106, 2133, 1914, 2105, 2088, 2151, 2169, 2024, 1886, 2080, 2038, 2087, 1902, 2043, 1962, 1871, 2248, 1898, 2184, 2004, 1938, 1857, 1951, 1795, 2014, 2257, 2018, 2036, 1890, 2107, 1973, 2064, 2030, 2073, 2005, 2103, 2124, 2036, 1960, 2045, 1983, 1995, 2046, 2071, 2147, 1991, 1985, 2092, 2102, 1771, 1999, 2057, 2146, 1943, 2079, 2084, 2006, 2098, 2050, 2038, 1869, 1992, 1906, 1976, 1871, 1878, 2056, 1811, 1992, 1868, 1957, 2086, 2139, 1991, 2110, 1995, 1952, 2213, 2148, 1930, 2076, 2020, 2078, 2102, 2162, 2014, 1923, 1886, 1994, 2151, 2164, 2041, 2234, 2076, 2078, 2083, 2145, 1864, 1863, 2077, 2095, 2141, 2132, 2028, 2115, 2015, 1874, 1997, 2259, 1983, 2176, 2185, 1762, 2214, 1962, 1853, 1831, 1913, 2178, 2083, 1840, 1925, 1918, 2008, 1920, 2060, 1963, 1870, 2296, 1925, 1962, 1891, 2126, 2036, 1953, 2183, 2126, 2129, 2138, 2168, 1953, 1913, 2028, 2219, 2033, 1920, 2076, 1984, 2164, 2245, 2057, 1970, 1929, 2041, 2043, 1889, 2058, 2185, 1985, 2089, 2176, 2051, 2059, 2163, 2008, 2115, 2075, 2096, 1965, 1950, 2065, 2415, 2066, 2073, 2050, 2038, 1985, 1972, 1942, 2113, 2043, 2006, 2239, 2066, 1943, 2087, 1837, 1873, 1931, 2095, 2102, 2009, 1976, 2061, 1947, 2152, 1903, 2121, 1994, 1873, 2116, 2205, 2035, 2144, 2177, 2168, 2010, 2176, 1861, 1951, 2175, 1998, 1963, 2101, 1926, 1860, 1983, 1755, 1974, 2044, 2044, 2140, 2238, 1804, 1951, 1989, 2052, 1953, 1987, 2021, 2016, 1886, 2007, 2035, 1967, 1917, 1984, 1849, 1964, 2108, 2104, 2097, 2047, 1926, 1908, 2090, 1901, 2093, 2169, 2252, 1889, 2085, 2019, 2013, 1937, 2055, 2141, 2002, 2025, 1975, 2038, 1932, 2210, 1829, 2248, 2078, 2029, 2020, 1836, 2136, 2003, 2107, 1963, 1974, 1987, 1874, 1997, 2074, 2021, 2099, 2068, 1944, 2116, 1973, 1969, 2127, 1893, 2010, 2108, 1984, 1982, 2059, 2225, 2019, 2034, 1954, 1856, 2124, 1993, 1877, 2103, 1936, 1992, 2075, 2108, 1758, 2208, 1965, 2050, 1963, 1972, 2155, 2104, 2035, 1968, 1943, 1913, 1966, 1872, 2110, 2035, 1912, 2255, 2130, 1878, 2036, 2237, 1980, 1899, 2038, 2015, 2013, 1976, 2040, 2108, 2187, 1926, 2045, 1970, 2036, 2150, 1884, 1984, 1993, 2030, 2032, 1894, 1814, 1874, 2017, 2082, 2145, 1921, 2009, 2027, 2096, 1985, 2076, 1880, 1864, 2081, 1972, 2128, 1938, 2017, 1956, 2112, 1991, 2139, 2047, 2022, 2271, 1924, 2091, 1999, 1861, 1978, 2216, 1947, 1868, 2074, 2079, 1940, 2048, 2267, 2143, 2022, 1967, 2251, 2206, 1995, 1968, 1946, 2206, 2093, 2001, 2004, 1990, 2107, 2246, 2112, 1876, 2063, 2129, 2101, 1983, 2017, 1880, 2167, 2008, 1869, 2213, 2174, 1889, 1847, 2129, 2069, 2049, 2059, 2109, 1949, 2015, 2082, 1904, 2073, 2258, 2128, 2113, 1992, 1933, 2197, 1823, 2153, 2171, 2037, 1942, 1840, 2009, 2093, 1921, 2096, 2024, 1933, 1982, 2173, 1981, 2028, 2133, 1937, 2140, 1963, 2122, 2108, 2249, 2289, 1937, 2064, 1976, 2062, 1948, 1924, 1985, 1887, 2010, 1944, 2281, 2054, 2155, 2049, 1886, 1956, 1849, 1938, 1833, 2007, 2014, 2030, 1925, 1955, 2022, 1998, 2033, 1962, 1998, 1967, 2153, 2041, 1953, 1961, 2172, 1925, 2090, 2029, 1982, 2099, 1946, 2111, 1959, 1901, 2019, 2054, 1970, 1880, 2214, 2174, 2214, 1906, 2046, 2083, 2214, 1940, 2294, 2267, 1957, 1935, 1956, 1964, 2092, 1953, 1903, 1989, 1963, 1965, 1989, 2202, 2075, 2009, 2053, 2068, 1871, 2124, 2002, 2109, 1863, 2222, 1930, 2033, 1964, 1951, 1900, 1933, 1945, 2106, 2149, 2253, 1985, 2057, 1947, 1999, 2041, 1834, 2095, 1855, 2046, 1942, 1946, 2032, 2084, 2017, 2040, 1974, 2045, 2104, 2243, 2255, 2134, 2103, 2076, 1921, 1966, 1912, 1978, 1792, 2130, 1865, 1869, 1987, 2044, 2177, 2005, 1944, 2003, 1924, 2022, 1871, 2040, 2245, 2108, 2175, 1945, 2012, 2087, 1832, 1946, 2088, 1936, 2022, 1939, 2075, 1970, 2274, 2181, 1897, 2024, 1876, 2092, 2032, 2102, 2285, 2093, 2136, 2101, 1921, 2076, 2066, 1982, 2217, 2101, 2015, 1826, 2004, 1887, 2146, 1947, 2138, 2059, 1947, 1892, 1777, 2194, 1833, 2258, 2076, 2044, 2081, 2066, 2020, 2075, 2071, 2034, 1961, 2038, 1878, 1950, 2028, 2076, 1958, 1956, 2081, 1850, 2027, 2180, 2059, 2271, 1847, 2081, 1912, 2048, 1932, 1970, 2034, 1911, 1983, 1970, 2192, 1971, 2014, 2137, 1960, 2013, 2197, 1954, 2144, 1949, 2129, 2188, 2097, 2088, 2055, 1885, 1980, 1894, 2066, 2066, 2011, 2038, 2091, 1900, 1830, 2207, 1948, 2196, 2163, 2101, 1977, 2060, 1979, 2214, 2128, 1974, 1980, 1857, 2059, 1925, 1850, 2057, 1834, 2046, 2050, 1975, 2082, 2174, 1969, 2137, 1963, 2175, 2034, 2194, 2029, 2063, 2027, 1886, 2013, 2051, 1941, 2047, 2108, 1971, 2095, 2094, 2062, 2153, 2103, 1892, 2021, 2331, 1991, 1906, 2318, 1895, 2049, 2072, 2239, 1867, 2117, 2089, 1926, 2005, 2005, 2132, 2068, 2150, 2028, 1843, 1728, 2090, 1875, 2067, 2014, 1903, 2196, 2045, 2156, 1930, 2062, 2123, 2135, 1873, 1821, 2025, 2147, 1901, 2006, 1842, 1895, 1851, 2002, 2007, 2062, 1904, 2076, 1987, 2041, 2079, 1984, 2108, 1865, 2009, 2091, 2086, 1936, 2121, 1901, 2004, 1895, 2209, 2048, 2005, 1906, 2133, 2054, 2020, 2236, 1978, 2245, 1974, 1938, 2056, 2192, 1945, 1952, 2034, 2268, 2078, 1972, 1961, 1974, 1936, 1935, 2099, 1962, 1906, 2037, 2092, 2068, 2095, 1975, 1947, 2186, 1935, 1990, 2200, 1922, 2036, 2202, 1995, 1798, 2213, 2117, 1941, 2030, 2043, 2025, 2032, 1934, 2187, 2157, 1908, 2207, 2046, 1991, 1861, 2065, 2035, 2080, 1922, 2093, 2091, 2135, 1871, 2037, 2053, 1721, 2117, 1992, 1974, 2016, 2017, 1952, 1996, 2284, 2021, 2016, 1933, 2150, 1979, 1856, 2161, 1967, 1804, 2076, 1951, 2031, 1988, 1858, 2031, 1965, 1848, 1851, 1936, 2162, 2016, 1975, 2133, 1942, 1924, 1856, 2084, 2176, 1798, 1912, 1809, 1921, 1960, 1828, 2063, 1826, 1812, 2170, 2214, 1942, 2101, 2023, 2117, 2052, 1951, 2056, 1892, 1839, 2109, 1969, 2023, 2128, 1899, 2060, 1880, 1919, 2038, 1980, 2071, 2186, 2106, 2049, 1923, 1915, 1953, 1909, 2150, 2233, 2003, 1937, 1934, 2144, 1998, 2094, 1920, 2120, 2049, 2104, 1899, 2037, 1928, 1896, 1950, 2126, 2132, 2130, 2205, 2024, 1888, 2073, 2014, 2108, 1852, 2100, 2034, 2049, 2011, 1977, 2003, 1936, 2019, 2205, 1947, 2109, 2115, 2108, 1921, 1998, 1905, 2032, 1964, 1976, 2205, 2078, 1889, 1925, 1822, 2262, 1999, 1870, 2380, 1918, 1980, 2091, 1971, 2153, 2011, 2072, 2168, 1939, 2136, 2024, 2000, 2185, 2269, 2073, 2090, 2046, 1909, 2275, 2144, 1877, 2065, 1961, 1902, 1941, 1972, 2139, 2050, 1909, 2188, 2050, 2021, 2100, 2199, 2197, 2111, 2098, 2023, 2122, 2133, 1854, 2113, 1900, 2322, 2035, 2086, 2014, 1856, 2124, 2008, 2016, 2011, 2187, 2035, 2149, 2262, 2014, 2136, 2052, 2004, 2084, 1846, 1884, 2069, 1992, 2052, 2085, 2214, 2073, 2354, 2084, 2041, 2119, 2024, 2027, 2207, 2064, 2025, 2087, 1862, 2032, 2119, 2178, 2106, 1854, 1889, 2068, 1948, 1913, 2174, 1925, 1802, 2022, 1976, 2138, 2026, 1958, 2025, 2026, 1837, 1871, 1847, 2269, 2103, 1881, 1902, 2241, 1953, 2128, 2141, 2230, 2053, 1984, 2112, 1962, 2043, 2084, 1979, 2106, 1967, 2038, 1861, 1993, 2048, 2066, 2345, 1964, 1868, 2208, 2007, 2040, 2112, 2049, 2058, 2213, 2343, 2195, 1994, 1936, 2035, 2300, 2006, 2132, 2130, 1863, 2260, 2236, 1892, 1865, 1942, 2159, 1940, 2049, 2015, 2035, 1857, 2020, 2131, 2139, 2137, 1995, 2086, 1906, 2018, 1934, 1933, 2250, 2093, 1987, 2048, 2102, 2037, 1974, 1869, 2041, 2082, 1921, 2114, 2030, 1963, 2101, 1984, 2046, 2064, 1828, 1924, 2180, 1870, 2213, 1985, 1925, 1990, 1971, 1928, 2048, 1948, 1960, 1918, 2126, 1961, 2004, 1974, 2072, 2003, 2075, 2085, 1980, 1910, 2283, 2153, 2086, 2030, 1980, 2182, 2185, 2090, 2011, 2067, 1962, 2024, 1867, 1949, 2105, 2131, 1982, 2203, 2018, 1865, 2083, 2086, 1916, 2077, 1724, 2000, 2064, 2092, 1985, 2065, 2072, 2130, 1911, 2020, 1920, 1930, 1928, 2072, 1873, 1908, 1971, 2026, 1899, 2161, 2076, 2053, 1964, 2116, 1918, 2093, 2154, 1932, 2294, 1982, 2062, 1941, 1945, 1981, 1843, 1999, 2096, 2166, 2088, 1990, 2073, 1850, 2283, 2045, 2204, 2092, 1976, 2078, 2060, 2060, 2158, 1979, 2055, 1996, 2147, 1803, 2124, 1910, 2150, 2285, 2119, 2072, 1817, 1956, 1818, 1987, 2062, 1910, 2111, 2002, 1944, 1977, 2175, 2030, 2043, 1998, 2134, 2132, 2121, 1969, 2003, 1832, 1990, 1964, 1961, 1966, 1957, 2253, 2123, 1981, 2034, 2056, 1820, 2062, 1932, 1887, 1953, 2183, 2051, 1890, 1952, 1958, 1871, 2059, 2147, 1911, 2107, 2145, 2332, 1980, 2089, 1937, 2146, 2009, 2011, 2094, 2004, 2036, 2095, 2151, 2108, 1993, 2170, 2117, 1896, 1869, 2108, 2099, 2141, 2247, 2094, 1951, 2172, 2045, 2185, 2180, 2081, 1982, 2030, 1994, 2099, 1980, 1955, 2033, 2163, 2016, 2044, 1872, 2007, 2061, 2144, 2028, 1853, 2162, 1995, 2045, 1834, 2091, 1997, 2103, 2126, 1999, 2245, 2218, 1972, 2077, 2330, 2058, 1861, 2224, 1983, 2152, 1973, 2121, 1802, 2186, 2113, 1993, 2023, 2050, 2075, 2077, 2013, 2032, 2224, 2021, 2102, 2133, 1976, 2162, 2031, 1944, 2056, 2057, 2030, 2102, 2069, 2014, 2086, 2180, 1947, 2043, 1960, 1944, 1992, 1882, 1926, 1978, 1929, 2117, 2104, 1932, 2101, 1928, 2157, 2081, 2059, 1928, 2006, 1893, 1995, 1861, 2050, 2010, 1853, 2106, 2041, 1863, 2138, 1968, 1996, 1975, 2201, 1807, 1849, 1937, 2041, 2228, 1969, 2115, 2172, 2095, 2097, 1906, 2014, 2027, 2204, 2148, 1854, 1907, 2028, 2090, 1983, 2111, 2099, 1991, 2036, 1905, 2150, 2094, 1851, 1757, 2091, 2102, 2053, 1973, 2083, 2032, 2070, 1969, 1989, 2063, 1884, 2137, 1867, 1974, 2173, 1987, 2147, 2220, 2052, 1877, 2196, 1944, 2034, 2138, 2069, 1944, 1924, 2153, 1934, 2135, 2004, 2181, 2391, 1929, 1907, 2090, 2072, 2262, 2122, 2069, 1972, 1957, 1902, 2067, 2061, 2177, 2041, 1870, 1846, 2035, 2055, 2100, 1878, 2187, 2043, 2015, 2125, 1947, 2228, 2109, 1885, 1902, 1861, 1938, 2090, 2055, 1951, 2122, 2021, 1908, 2172, 2011, 1887, 2048, 2116, 1910, 2045, 1952, 1937, 2231, 2179, 2010, 2049, 2123, 1998, 2128, 1949, 2008, 2100, 2198, 1966, 1929, 2174, 1992, 2163, 2101, 1958, 2156, 2116, 2027, 1910, 2050, 2031, 1973, 1990, 1922, 2200, 1907, 1902, 2102, 2002, 2098, 2006, 2046, 1877, 2052, 2099, 2110, 2006, 1966, 2009, 2261, 2274, 2050, 1908, 2097, 1869, 1872, 2361, 1932, 2064, 2141, 1926, 2146, 2219, 2030, 1720, 2020, 1973, 2061, 1862, 2049, 2062, 2024, 2115, 1998, 1875, 2046, 2078, 1983, 2007, 2093, 2209]

[stfn]
  Promedio : 1916.6s
  Desvío   : 104.8s
  IC 95%   : [1913.7s, 1919.5s]
  Mínimo   : 1557s
  Máximo   : 2313s
  Tiempos  : [1786, 2165, 1872, 1799, 1836, 1801, 1876, 1750, 2039, 1999, 2093, 1763, 1825, 1805, 1992, 1938, 1907, 1993, 1832, 1814, 1891, 2095, 1955, 1838, 1813, 2085, 1855, 1952, 2046, 1828, 1974, 1741, 1793, 1789, 1947, 2025, 1840, 1886, 1844, 1838, 1795, 1915, 1971, 2102, 1914, 1835, 1739, 1913, 1730, 1895, 1877, 1843, 1979, 1694, 1913, 1867, 2045, 1814, 1960, 1764, 1818, 1962, 1848, 1932, 1912, 1906, 1760, 2024, 1897, 1884, 1776, 2034, 1793, 1771, 1831, 1821, 1989, 1678, 2040, 1994, 1889, 2056, 1780, 1889, 2065, 1867, 1868, 1966, 1773, 1837, 2083, 2135, 1945, 1977, 1983, 1882, 1938, 1980, 1760, 2051, 1805, 2043, 1900, 1805, 1963, 1891, 1951, 2077, 2033, 1991, 1737, 1670, 2038, 1878, 1786, 1860, 2013, 1948, 1940, 1899, 2053, 2022, 1785, 1832, 2014, 1907, 1990, 1897, 1804, 1881, 1877, 2089, 1980, 1813, 1823, 1822, 1683, 1870, 2090, 1955, 1808, 1912, 1799, 1827, 1922, 1985, 1807, 1892, 1794, 1815, 1937, 1901, 1870, 1926, 1894, 1956, 1966, 1723, 1864, 1557, 1733, 2062, 1875, 1948, 1916, 1948, 1949, 2089, 1801, 1904, 1602, 2063, 2083, 1889, 1998, 1802, 1876, 1977, 1861, 1894, 1768, 1967, 1948, 1988, 1992, 1790, 1774, 1888, 1884, 2060, 1852, 1922, 1754, 1983, 1679, 1973, 1858, 2025, 1682, 1866, 2028, 1777, 1998, 1991, 1997, 1793, 2189, 1942, 2018, 1800, 2030, 1910, 1738, 1649, 1923, 1915, 1884, 1905, 1763, 2084, 1915, 2060, 1864, 2059, 2076, 1854, 1787, 1850, 1825, 1945, 2093, 2157, 2030, 1883, 1925, 1919, 2068, 2014, 1833, 1847, 2034, 1944, 2013, 1868, 1823, 1960, 1918, 1996, 1974, 1912, 1909, 1894, 1969, 1686, 1801, 1915, 2038, 1807, 1917, 1945, 1783, 2214, 1848, 2016, 1997, 1977, 1853, 1813, 1777, 1888, 2000, 1900, 2005, 1948, 2024, 2010, 1870, 1931, 1936, 1867, 2025, 1761, 2051, 1840, 2026, 1851, 1741, 1864, 1955, 1869, 2027, 1891, 1929, 1899, 1830, 1975, 1890, 1860, 1980, 1929, 1945, 1638, 1999, 2022, 2202, 1916, 1950, 1756, 1850, 1900, 1971, 1858, 1956, 1824, 1918, 1997, 2066, 1779, 1928, 2027, 1841, 1844, 1728, 2054, 1829, 1817, 2093, 1850, 1985, 1930, 1853, 1922, 1853, 1922, 2005, 1917, 2032, 2018, 2041, 1700, 1870, 2026, 1872, 1722, 1738, 2108, 1879, 2126, 2142, 1972, 1990, 2004, 1806, 1839, 2019, 1866, 1564, 1892, 1985, 2135, 1934, 1839, 1938, 1970, 1878, 1806, 1943, 1970, 2011, 1775, 1958, 1651, 1996, 1955, 1886, 1749, 1792, 1770, 2035, 1866, 2197, 2050, 1774, 2017, 1881, 1984, 1858, 1980, 1847, 1885, 2055, 1792, 1976, 2045, 1923, 1920, 2054, 1890, 1900, 1883, 1910, 1827, 1985, 1922, 1959, 1946, 1961, 1800, 1957, 2057, 1931, 1810, 2013, 1944, 1872, 1854, 1827, 1886, 1993, 1951, 2140, 1863, 2010, 1987, 1801, 1883, 2120, 1994, 1983, 1999, 2013, 1785, 2000, 1788, 1920, 1788, 1898, 1952, 2102, 1967, 1938, 1829, 1794, 2069, 1899, 2022, 2110, 1958, 1824, 2003, 1780, 2087, 1942, 1622, 1840, 1867, 1922, 1886, 1979, 1875, 2090, 1950, 2012, 1829, 1984, 1875, 1947, 1587, 1868, 1905, 1861, 1946, 1823, 1897, 1967, 1927, 1976, 2081, 1810, 1932, 1881, 1820, 2009, 1937, 2035, 1866, 1833, 1963, 1885, 1800, 1887, 1901, 2026, 1778, 1902, 1950, 1751, 1929, 1843, 1772, 2094, 1921, 1916, 2041, 1889, 1907, 1766, 1941, 1878, 1911, 2008, 1864, 1744, 1716, 1746, 1825, 1874, 1746, 1770, 1909, 2077, 1842, 1730, 1782, 1861, 1829, 2105, 1962, 1938, 2092, 1957, 1859, 1851, 2029, 1878, 2025, 1979, 1853, 2037, 1858, 2031, 1906, 1929, 1790, 2009, 1997, 1908, 2041, 1848, 1712, 1842, 1892, 1976, 2043, 1956, 1898, 1897, 1983, 1925, 2078, 1972, 1907, 1761, 2153, 1799, 1729, 1752, 1872, 2037, 2091, 1818, 2008, 1936, 1896, 1878, 1947, 1951, 2200, 1851, 1936, 1904, 1859, 1862, 1766, 1945, 2131, 2032, 2039, 1829, 1807, 2021, 1870, 1822, 1927, 2024, 1988, 2022, 1956, 1897, 2018, 1930, 1940, 1895, 1995, 2043, 1958, 1912, 1996, 1927, 2092, 2007, 1921, 1929, 1862, 1798, 1910, 2122, 2016, 1926, 2053, 1798, 1843, 1768, 1858, 1903, 2244, 1872, 2098, 1916, 1814, 1798, 1901, 1971, 1996, 2001, 1839, 1889, 1862, 2065, 1867, 1922, 1916, 1967, 1815, 2025, 1862, 1876, 1928, 1712, 1792, 1896, 1772, 2020, 1890, 1847, 1808, 1880, 2043, 1864, 2078, 1824, 1964, 1992, 2012, 1824, 2023, 1940, 1791, 1965, 1912, 1727, 2067, 1966, 1822, 1918, 1860, 1970, 1885, 2133, 1858, 1882, 2122, 2007, 1912, 1927, 1872, 1913, 2011, 1950, 1740, 1953, 1894, 1997, 1819, 2041, 1891, 1841, 1889, 2166, 1942, 1777, 1974, 1815, 2040, 1916, 1785, 2015, 1872, 1888, 1969, 1876, 2078, 1887, 1923, 2098, 1867, 1953, 1786, 1864, 2000, 2019, 1769, 1992, 1783, 2148, 1987, 2052, 1937, 1887, 1827, 1960, 1926, 1849, 2054, 2082, 1799, 1815, 1960, 1797, 1834, 2067, 2065, 1875, 1936, 1934, 1844, 1904, 1873, 1679, 1768, 1869, 1884, 1732, 1832, 1983, 1873, 1940, 1901, 1840, 1824, 1868, 1765, 1992, 2184, 2006, 2041, 2026, 1874, 1917, 1893, 2124, 1854, 1976, 2098, 1905, 1792, 1815, 1765, 2075, 1839, 1848, 1982, 1883, 1842, 1680, 2092, 1696, 1686, 1818, 1848, 2057, 2054, 1993, 1925, 2035, 1896, 1848, 1958, 1806, 1847, 2056, 1949, 1908, 1720, 1973, 1830, 2024, 2153, 1967, 1994, 2077, 1881, 1871, 1868, 1787, 1913, 1780, 2082, 1868, 1801, 1806, 1986, 2181, 2084, 1767, 2048, 2051, 2005, 2033, 1827, 2062, 1752, 1918, 1941, 1913, 1906, 1918, 1753, 1885, 1832, 1923, 2002, 1817, 2013, 1810, 1839, 1825, 1973, 1969, 1995, 1927, 1941, 1882, 1922, 2007, 1984, 1949, 1897, 1998, 1865, 1943, 1850, 2076, 2047, 1809, 1972, 1895, 1776, 2066, 1931, 1904, 1903, 1979, 1878, 2018, 1933, 1748, 1836, 1780, 1835, 1973, 2068, 2031, 1975, 2023, 2005, 1825, 2004, 1952, 1751, 1910, 1792, 2230, 1813, 1923, 1794, 1825, 1817, 1806, 1750, 1990, 1819, 1970, 2037, 2083, 1931, 1803, 2074, 1798, 2027, 1993, 2021, 2016, 1904, 2037, 1729, 2041, 1831, 2024, 1709, 2036, 1882, 1858, 1836, 1765, 2092, 1981, 1932, 1713, 1814, 1831, 1861, 1845, 1835, 2041, 1963, 2005, 1917, 1859, 1864, 2002, 1965, 1987, 1756, 1864, 1854, 1989, 1839, 1926, 1983, 1806, 2121, 1847, 1828, 1873, 1816, 1975, 1921, 1949, 1968, 1887, 1879, 2038, 1926, 1872, 1888, 1906, 1929, 1833, 2004, 2181, 1943, 1833, 1822, 1687, 1761, 1953, 2055, 1962, 1802, 1850, 1730, 1830, 1964, 2192, 1860, 2009, 2115, 1786, 1903, 1876, 1814, 1956, 1899, 1752, 1859, 1725, 1986, 1906, 1887, 1981, 2021, 1806, 1867, 1914, 2027, 2087, 1920, 2008, 1944, 2133, 1956, 1864, 1723, 2031, 1871, 1758, 1987, 1961, 1842, 1957, 2003, 1805, 1930, 1887, 2005, 1815, 1929, 1759, 1800, 1812, 1907, 2132, 2250, 1957, 1853, 1935, 1930, 1831, 1835, 1792, 1999, 1877, 2100, 1991, 1957, 1971, 1814, 1959, 1988, 2069, 1835, 1823, 1769, 1965, 1775, 1866, 1971, 1970, 1857, 1827, 1886, 2116, 1777, 1961, 1982, 1926, 1968, 1866, 1892, 1905, 1995, 1787, 1903, 1762, 1958, 1958, 1982, 1744, 1853, 1852, 1820, 2021, 1968, 1920, 1921, 1810, 1851, 2095, 1886, 1937, 1980, 2026, 1969, 1968, 1870, 1982, 1954, 1942, 2164, 1748, 2069, 1826, 1957, 1905, 2010, 1964, 1835, 1914, 1945, 1945, 1766, 1916, 1773, 1866, 1674, 2015, 1941, 1892, 1769, 2056, 1881, 1926, 2139, 1868, 1842, 1868, 2059, 1838, 2033, 2002, 1927, 1922, 1930, 1878, 2112, 2015, 1976, 1896, 1939, 1822, 1988, 1921, 1909, 1975, 1817, 2113, 1986, 2069, 1830, 1870, 2052, 1901, 2037, 1910, 1738, 1914, 1997, 1958, 1908, 1878, 2126, 1840, 1830, 1989, 1810, 1960, 1809, 1858, 2041, 1916, 1870, 1895, 1957, 1854, 1975, 1933, 1927, 1987, 1987, 1788, 1912, 1943, 1968, 1989, 1934, 1909, 2121, 1941, 1943, 2158, 1769, 1967, 2040, 1940, 1812, 1948, 1821, 1897, 1915, 1919, 1925, 1792, 1798, 2014, 1905, 1979, 1827, 1995, 1841, 1823, 1877, 1949, 1966, 1893, 1828, 1733, 1938, 1866, 1964, 1862, 1904, 1846, 1896, 1936, 1681, 2109, 1895, 1919, 1808, 1789, 2008, 1840, 1984, 1902, 1938, 1873, 1814, 1910, 1952, 1963, 1787, 1711, 2109, 2123, 1827, 1931, 1957, 1869, 1854, 1825, 1878, 1901, 1964, 2143, 1884, 1848, 1874, 2111, 1859, 1886, 1864, 1929, 1960, 1981, 1852, 1749, 1930, 1829, 1977, 2055, 1911, 2099, 1918, 1855, 2095, 1832, 1914, 1844, 1823, 1830, 2077, 2059, 1900, 1816, 1749, 1975, 1880, 1862, 1815, 1934, 2225, 1960, 1848, 2056, 1862, 1949, 1959, 2092, 2028, 1820, 1904, 1874, 1775, 1959, 1875, 1801, 2017, 1908, 2091, 1957, 2109, 1876, 1944, 1772, 1899, 1926, 1807, 1845, 1853, 1778, 2070, 2011, 2155, 1648, 2075, 1981, 1816, 1711, 1891, 1925, 1931, 2102, 1948, 1771, 1974, 1741, 1865, 1857, 1821, 1932, 1927, 1880, 1915, 1939, 1963, 2090, 2075, 1912, 1973, 1975, 1923, 2040, 1773, 1979, 1849, 1805, 1857, 1893, 2037, 1940, 1935, 1915, 1858, 2087, 1704, 1828, 1813, 1809, 1985, 2010, 1954, 1870, 1836, 1854, 2002, 1838, 1950, 2041, 1836, 1650, 1908, 1868, 1921, 1841, 1891, 1897, 2010, 2125, 1883, 2036, 2119, 1898, 1961, 1995, 2078, 1917, 2237, 2044, 1787, 2036, 1940, 2173, 1940, 1838, 1743, 1926, 1904, 2022, 1824, 1975, 1917, 1971, 1967, 1737, 1910, 2140, 1783, 1950, 1804, 1926, 1883, 2102, 1979, 1971, 1893, 1901, 1917, 1879, 1855, 2012, 1987, 1753, 1866, 1908, 1890, 1901, 1846, 1906, 1882, 1941, 1971, 1988, 1925, 1799, 1910, 1738, 1984, 1939, 1918, 1782, 1912, 1851, 1831, 2082, 1772, 1767, 1943, 1971, 1835, 1853, 1987, 2044, 2116, 1891, 2159, 1981, 1969, 1805, 1857, 1879, 1769, 2105, 1804, 1857, 1896, 1829, 1606, 2006, 1995, 1917, 2123, 1950, 1938, 1951, 1924, 1928, 1888, 2033, 1954, 1898, 1853, 1890, 1699, 2004, 1822, 2091, 1743, 1843, 1791, 2036, 2109, 1795, 1903, 1783, 1889, 1978, 2174, 1919, 1930, 1918, 2032, 1689, 1789, 2053, 1915, 2093, 1905, 1844, 1965, 1996, 1894, 1899, 1882, 2079, 1833, 1904, 2073, 1825, 2023, 1998, 1922, 1978, 1821, 2037, 1843, 1764, 1986, 1934, 2052, 1935, 1855, 1808, 1910, 1773, 1860, 1902, 1952, 1893, 2033, 2026, 1893, 1850, 2017, 2068, 1920, 1796, 2001, 1919, 1923, 1933, 1664, 1806, 1852, 1925, 2054, 1898, 1942, 1945, 2069, 1851, 1790, 2013, 1948, 1845, 1982, 1928, 1886, 1987, 1969, 1836, 1894, 1883, 1856, 1864, 1969, 1967, 1900, 1986, 2070, 1867, 2110, 1814, 1926, 2073, 1758, 2157, 1892, 1863, 1982, 2019, 1847, 2111, 2109, 2096, 1959, 1891, 2063, 1936, 2015, 1696, 1702, 1733, 1903, 2062, 1770, 1770, 1920, 1913, 1870, 1696, 1681, 1993, 1882, 2103, 1911, 1965, 1964, 1907, 1716, 1908, 1754, 1613, 2010, 1901, 2105, 1911, 1914, 1830, 1951, 1966, 1902, 1894, 1819, 1958, 1895, 1961, 2278, 1874, 1951, 1854, 1837, 1995, 1833, 1927, 1846, 1985, 1983, 1920, 1968, 1878, 2100, 1800, 1839, 1940, 1909, 1868, 1882, 1741, 1908, 1827, 1824, 2011, 1963, 1986, 2093, 1775, 1925, 2005, 1640, 1799, 1891, 1808, 1896, 1840, 1845, 1995, 1790, 1949, 1874, 1880, 1722, 1911, 1871, 1885, 1846, 1842, 1892, 1891, 1968, 2070, 1826, 2034, 1823, 2165, 1899, 2070, 1886, 1831, 1903, 1936, 1955, 1861, 1842, 1848, 1804, 1924, 1902, 1795, 2035, 1937, 2024, 1973, 2216, 1975, 1720, 2013, 1927, 1965, 1887, 1768, 1949, 1960, 1963, 1740, 1976, 1979, 1916, 1822, 1805, 1953, 1946, 1986, 1901, 1931, 1977, 2069, 1893, 2158, 1921, 1788, 1931, 1589, 1808, 1856, 1925, 1944, 1990, 1898, 1801, 2028, 1943, 2137, 2022, 1839, 2086, 1908, 1985, 2051, 1922, 2109, 2121, 1989, 1987, 1848, 1903, 2026, 1926, 1798, 1718, 1833, 1947, 1878, 1958, 2059, 1870, 2074, 1971, 1854, 2028, 1900, 2181, 1882, 1920, 1951, 1910, 1981, 1916, 2105, 1904, 2232, 1942, 1777, 1931, 2002, 2127, 1997, 1754, 1960, 1875, 1887, 1827, 1964, 1796, 2091, 1940, 2017, 1799, 1914, 1964, 1979, 1939, 1937, 1978, 1920, 1915, 1892, 1975, 2090, 2059, 1921, 1904, 2071, 1906, 2105, 2088, 1881, 1846, 1994, 1913, 1804, 1838, 1829, 1885, 2020, 1903, 1809, 1814, 2034, 1917, 2022, 1974, 1923, 2006, 1879, 1946, 1919, 1946, 1756, 2039, 1851, 1836, 1948, 2008, 2047, 1701, 1808, 1743, 1873, 1923, 1875, 1799, 1959, 1834, 1923, 1882, 1828, 1891, 1769, 1793, 1764, 1971, 1870, 1796, 2226, 1911, 1926, 2001, 1889, 1847, 1783, 1873, 1908, 1941, 1977, 1899, 1943, 1706, 2082, 1935, 2072, 1807, 1844, 1877, 2152, 1947, 1918, 2031, 1954, 2057, 1971, 1982, 1845, 1857, 1847, 2017, 1724, 1822, 1829, 2032, 1863, 1904, 1813, 1946, 1938, 1827, 1923, 1903, 1958, 1875, 1957, 1973, 1983, 1977, 1979, 2041, 1999, 1962, 1825, 1965, 1925, 1826, 1919, 1965, 1992, 1862, 1898, 2055, 1996, 2008, 2313, 1963, 1894, 2006, 1790, 1940, 1782, 2144, 1779, 1719, 1861, 1910, 1816, 1882, 1802, 2059, 1993, 1871, 1982, 1921, 1862, 1986, 1974, 1966, 1906, 1987, 2049, 1950, 1841, 1900, 1945, 1823, 1756, 1751, 2004, 1914, 1793, 1846, 1966, 2009, 1675, 1936, 1791, 1950, 1937, 1695, 1869, 1760, 1705, 1902, 2076, 1975, 2084, 1844, 2020, 2040, 1870, 1859, 1873, 1905, 1836, 1975, 1842, 1858, 1931, 1975, 1722, 1903, 1938, 2127, 1974, 1804, 1959, 1812, 2075, 1960, 2023, 2071, 2053, 1887, 1898, 1985, 1957, 1852, 1754, 2125, 2097, 1734, 1796, 1957, 2051, 1870, 2072, 2092, 1969, 1976, 2049, 1826, 1877, 1695, 1849, 1747, 2069, 1914, 2227, 2237, 2073, 1890, 1740, 1901, 1929, 1927, 1903, 1765, 1962, 1969, 1742, 1804, 1769, 2023, 2142, 1907, 2014, 1950, 1806, 1764, 2087, 1925, 1998, 1959, 2010, 1793, 2034, 2050, 1819, 1930, 1982, 1982, 1929, 2026, 2122, 1888, 1846, 1807, 1997, 1785, 1960, 1817, 1799, 1922, 1928, 1786, 1941, 1902, 1842, 1767, 2181, 1778, 1820, 1900, 1739, 1776, 2027, 1829, 2015, 1830, 2110, 1839, 1934, 1850, 1911, 1921, 1998, 1761, 1894, 1882, 1811, 1915, 2092, 1934, 1968, 1943, 2038, 1819, 2049, 1862, 1935, 1970, 1901, 1862, 1891, 1834, 1893, 1914, 2032, 1898, 1832, 1706, 1663, 2075, 1804, 2038, 1802, 1896, 1958, 2097, 1885, 1729, 1754, 1874, 1932, 1971, 2019, 2158, 1846, 1919, 1880, 1895, 1980, 1859, 1962, 1902, 1875, 1783, 1888, 1933, 1919, 2263, 1847, 2115, 1928, 1818, 1765, 1939, 1874, 1802, 2059, 2009, 1911, 2089, 2004, 1843, 1972, 1911, 1846, 1873, 1924, 1820, 1954, 2082, 1801, 1931, 1832, 1962, 1785, 1952, 1983, 2122, 1796, 2004, 2055, 1970, 1904, 1909, 1939, 1810, 1757, 1933, 1985, 1796, 1950, 2001, 1767, 2009, 2095, 2087, 1797, 1996, 2110, 1904, 2131, 1894, 2020, 1978, 1748, 1956, 1934, 1926, 1874, 2070, 2102, 2009, 1875, 1981, 1899, 1903, 1815, 1926, 1802, 1838, 1956, 2138, 1828, 1894, 1947, 1854, 1957, 1944, 1829, 1826, 2085, 1886, 2044, 1777, 1807, 1975, 1941, 1847, 1952, 1922, 1924, 2025, 1929, 1786, 1926, 1862, 1915, 2044, 2085, 1839, 1851, 1879, 1866, 1822, 1911, 1729, 1904, 1855, 1798, 2027, 1787, 1740, 2081, 2114, 2073, 1766, 1928, 1913, 1697, 1936, 1939, 1935, 1983, 1940, 2134, 1970, 1976, 2018, 1745, 1834, 1871, 2099, 2045, 1929, 2057, 2115, 1867, 1811, 1940, 1898, 2158, 1928, 1845, 1906, 1970, 1808, 1936, 1984, 1918, 2060, 1836, 1834, 2002, 1981, 1789, 2121, 1786, 1738, 1997, 1999, 1871, 1944, 1820, 1902, 1946, 2084, 1964, 1860, 1808, 1932, 1856, 1973, 1999, 1850, 2023, 1935, 1830, 1933, 2060, 2066, 1826, 1997, 1922, 2019, 1912, 1928, 1825, 1886, 1830, 1848, 1936, 1882, 1795, 1892, 1780, 1896, 1703, 1816, 1794, 1997, 1880, 1931, 1862, 1841, 1997, 1898, 1955, 1952, 1902, 1814, 1923, 2014, 1905, 1848, 1900, 1732, 1875, 1882, 1812, 1916, 1964, 1732, 1937, 1967, 1891, 1788, 1863, 2051, 2007, 1782, 1892, 1868, 1964, 2078, 1892, 1934, 2075, 1714, 1943, 1899, 1696, 2084, 1806, 2093, 1886, 1905, 1901, 2029, 2011, 2014, 1967, 1924, 1911, 1797, 1978, 1753, 1810, 2004, 1831, 1929, 2053, 1933, 1877, 1882, 2065, 2021, 2083, 1877, 1855, 2116, 1864, 1808, 1895, 1996, 1919, 1911, 1905, 1878, 2079, 1928, 1975, 2011, 2014, 2008, 1863, 1910, 1801, 1955, 1833, 1803, 1988, 1805, 2238, 1894, 1875, 1869, 1990, 1783, 1887, 1657, 1933, 1927, 1723, 1890, 1756, 2037, 1843, 1998, 1843, 1955, 1845, 1900, 1942, 1920, 1956, 1966, 1946, 2091, 1792, 1838, 1833, 1921, 2000, 1818, 1815, 2087, 1967, 2091, 1893, 1968, 1888, 1947, 1946, 1945, 1919, 1933, 1856, 1880, 1951, 2058, 1959, 1941, 1993, 2068, 1862, 1816, 1859, 1917, 1824, 1785, 1991, 2123, 1881, 1831, 2049, 1962, 1737, 1963, 1989, 2069, 1766, 1707, 1946, 2004, 1831, 1875, 1806, 1925, 1931, 1959, 1933, 1960, 2010, 1970, 1842, 1974, 1840, 1820, 1934, 1776, 1874, 1801, 1608, 1811, 2014, 1946, 1716, 1780, 1971, 1964, 2021, 2016, 2020, 1950, 2022, 2075, 1920, 1925, 1752, 1892, 1893, 1873, 1801, 1942, 2307, 1826, 1980, 1911, 1908, 1941, 1878, 1886, 2192, 1916, 1917, 1804, 1940, 2069, 1944, 1993, 1853, 1860, 2175, 2018, 1869, 2000, 1848, 2039, 1920, 1801, 1699, 1816, 1866, 1955, 1944, 2023, 2049, 1825, 2009, 1907, 1822, 1923, 1826, 1880, 1999, 1819, 1793, 1819, 1837, 1877, 1943, 1883, 1978, 1919, 1894, 1712, 1957, 1915, 1889, 2021, 1790, 2086, 1698, 1912, 1965, 1902, 1918, 1875, 2081, 2015, 1890, 2098, 1907, 1735, 2091, 1937, 2020, 1850, 1899, 2123, 2022, 1969, 1906, 1872, 1826, 1948, 1996, 1806, 1939, 1761, 1910, 2068, 1832, 2039, 1979, 1886, 2025, 1953, 1760, 2013, 2051, 1954, 1838, 1886, 1855, 2132, 1873, 1825, 1888, 2133, 2012, 1862, 1944, 1989, 1955, 1947, 2007, 1958, 1833, 1871, 1914, 1934, 2122, 1761, 1923, 1800, 1750, 1835, 1889, 2027, 1975, 1809, 2028, 1934, 2021, 1980, 1815, 2134, 1832, 1883, 1806, 1889, 2030, 1810, 1874, 1852, 1940, 1839, 1998, 1818, 2077, 1873, 1769, 2145, 1834, 1842, 2047, 1692, 2003, 1822, 1876, 1966, 1755, 1869, 1882, 2052, 1845, 1849, 1867, 2008, 1859, 1798, 1850, 1847, 1963, 1723, 1979, 1830, 1815, 1933, 1916, 1746, 1966, 1878, 1996, 2180, 1778, 2104, 2018, 1994, 1999, 1838, 1702, 1910, 1802, 1886, 1781, 1926, 1910, 1988, 1892, 1766, 1975, 1906, 1960, 1982, 1855, 2017, 1767, 1899, 2181, 1798, 1896, 1883, 1830, 1997, 1880, 2033, 1796, 1884, 1948, 2030, 1858, 2030, 1862, 1695, 1878, 1910, 2120, 2050, 2012, 2109, 1825, 1910, 1818, 1876, 1878, 2037, 1867, 1928, 2108, 1868, 1884, 1924, 2107, 1840, 2016, 2032, 1839, 1988, 2084, 1898, 1978, 2070, 2118, 1995, 1858, 1901, 2056, 1885, 2023, 1887, 1881, 1958, 1997, 1930, 1747, 1799, 1999, 1989, 1957, 1915, 1859, 1881, 1922, 1846, 1950, 1947, 1923, 1854, 1967, 2068, 1879, 1796, 1803, 2141, 2022, 1924, 1991, 1988, 1919, 2039, 1776, 1825, 2014, 1650, 1911, 1799, 1973, 1783, 1959, 1896, 1891, 1780, 1871, 1912, 1735, 2055, 1683, 1793, 1907, 2037, 2015, 1838, 1802, 1810, 1859, 1762, 1992, 1965, 1840, 1882, 1976, 2086, 1961, 1846, 2049, 2071, 1969, 1945, 2011, 1743, 2023, 1800, 1965, 1901, 1917, 1921, 1759, 1750, 1994, 1956, 1893, 1882, 1865, 1994, 1738, 1911, 2089, 1941, 2017, 1892, 1918, 1992, 1802, 2033, 1890, 1983, 1845, 1917, 1797, 1881, 1825, 2062, 1942, 2027, 1864, 1823, 1778, 2076, 1807, 1943, 1845, 2148, 1886, 1863, 1994, 2070, 2033, 1930, 1855, 1983, 2056, 2046, 1924, 2071, 1985, 2095, 1876, 1956, 2063, 1987, 1939, 2121, 1953, 2133, 1821, 1775, 1869, 1947, 2191, 1983, 1853, 1692, 2136, 1890, 1945, 1998, 1900, 2080, 1841, 1918, 2042, 1870, 1928, 1747, 1803, 1756, 1872, 1971, 1792, 1939, 1793, 1813, 2023, 1864, 1819, 2050, 1901, 2007, 1946, 1973, 1738, 2067, 1901, 1764, 1937, 2062, 1748, 1818, 1864, 2006, 1974, 1858, 1965, 2025, 1923, 1950, 1938, 2057, 1746, 1948, 2032, 1739, 1870, 1813, 1912, 1881, 1925, 2102, 1920, 1946, 2001, 2014, 1771, 1867, 1849, 1950, 1796, 1928, 1909, 1945, 2062, 1896, 1941, 2015, 2010, 1851, 1866, 1768, 2010, 1817, 1828, 1704, 1850, 1932, 2076, 1952, 1952, 1834, 2100, 2006, 1809, 1590, 1923, 2082, 1970, 1726, 1769, 1926, 2116, 1846, 2014, 1968, 2080, 1772, 1868, 1781, 1786, 2102, 1803, 1766, 1950, 2024, 1832, 1964, 1963, 1903, 1808, 1894, 1971, 1973, 1816, 1932, 1786, 1962, 1817, 1848, 1952, 1794, 1957, 1907, 2081, 2037, 2109, 1781, 1782, 1828, 2105, 1936, 2110, 1865, 2018, 1978, 1879, 2088, 1843, 1986, 1800, 1881, 1923, 1980, 1907, 1784, 1931, 1837, 2121, 2161, 2075, 2066, 1846, 1866, 2013, 1945, 1751, 1804, 1857, 1779, 1836, 1833, 1929, 1869, 1832, 1783, 1913, 1879, 2128, 1908, 2040, 1850, 1939, 2167, 1837, 2043, 1738, 1761, 1869, 1877, 1782, 1916, 2036, 1897, 1871, 1859, 2099, 1946, 1981, 1962, 1980, 1930, 2023, 1904, 1918, 2077, 1894, 2027, 2020, 1835, 1915, 1864, 1798, 1892, 1984, 1907, 1856, 1856, 1800, 1815, 1893, 1785, 1968, 2027, 1965, 1935, 1619, 2014, 1902, 1920, 1951, 1814, 1822, 1828, 1946, 1828, 1787, 1842, 1840, 1838, 1841, 1861, 2080, 1919, 2155, 1877, 1884, 1906, 2067, 1808, 1816, 1754, 1918, 1815, 1777, 1926, 1920, 2044, 1811, 1682, 1874, 1837, 1771, 1798, 1816, 1798, 1712, 1981, 1924, 1825, 2020, 2038, 1826, 1855, 1925, 1913, 1861, 1948, 1920, 1885, 1895, 1865, 1894, 1841, 1902, 2001, 1884, 1883, 2102, 1909, 1893, 1948, 1905, 1925, 2084, 2044, 1803, 1783, 1971, 1992, 1944, 1913, 1781, 1951, 2004, 2067, 1858, 1894, 1919, 1835, 1673, 1956, 1853, 1677, 1901, 2067, 1852, 1925, 1732, 1829, 1918, 2028, 1890, 1941, 1918, 1724, 2066, 1780, 1813, 1832, 1817, 1818, 2115, 1974, 1715, 1818, 1765, 1789, 1859, 1672, 2115, 1979, 2024, 1855, 2059, 1767, 1999, 1909, 1957, 1851, 2018, 1996, 2023, 1836, 1881, 1986, 1770, 1917, 1982, 2145, 2047, 1685, 1974, 1664, 1847, 1697, 1887, 1871, 1819, 2000, 1944, 1795, 1862, 1770, 1912, 1757, 2012, 1845, 1916, 1803, 1995, 1973, 1811, 1768, 2083, 2102, 1892, 2062, 1942, 1866, 1731, 1893, 1818, 1865, 1790, 1924, 1971, 1927, 1941, 1866, 1936, 2092, 1759, 1852, 2008, 1875, 1845, 1982, 1931, 2079, 1891, 2079, 1878, 2114, 1903, 1967, 1760, 1943, 1955, 1727, 2064, 1947, 1732, 2076, 1951, 1953, 2145, 1874, 2034, 1746, 1835, 1688, 1938, 1843, 1966, 1834, 2000, 1788, 1826, 2098, 1975, 1881, 1735, 1971, 1914, 1896, 1836, 2100, 1989, 1985, 1949, 1838, 1977, 1892, 1760, 1797, 2050, 1887, 1792, 1877, 1925, 1893, 2018, 1843, 2074, 1886, 1901, 1960, 1854, 1719, 1803, 1879, 1961, 2001, 1868, 2099, 2056, 2001, 1947, 1947, 1887, 1837, 1956, 1944, 2043, 1778, 1984, 2228, 1982, 1987, 1895, 1874, 1958, 1942, 1956, 1709, 2089, 1956, 1762, 1876, 2061, 1971, 1868, 1926, 1942, 1880, 1940, 1739, 1859, 1953, 1797, 1914, 2009, 2021, 2033, 1960, 1812, 2045, 1938, 1684, 1964, 1893, 2049, 1841, 1813, 2021, 1793, 2011, 1860, 1847, 1975, 2087, 1802, 1802, 1807, 1851, 1903, 1831, 1987, 1866, 2096, 2000, 1836, 1981, 1905, 2018, 2086, 1844, 1980, 1842, 1907, 1786, 1840, 1932, 1786, 2031, 1830, 2089, 2115, 1819, 1901, 1849, 2054, 1854, 1776, 1892, 2144, 1792, 1989, 1973, 1969, 1952, 1989, 2074, 1981, 2053, 2238, 1881, 1845, 1860, 1844, 2133, 1925, 1916, 2016, 1696, 1671, 1885, 1903, 1787, 1824, 1685, 1830, 1876, 2015, 1940, 1871, 1931, 1828, 2028, 1990, 1938, 1931, 1918, 1808, 1773, 1769, 1953, 1973, 1828, 2051, 2085, 1782, 1689, 1962, 1922, 1908, 2014, 1850, 2051, 1953, 2003, 1717, 1966, 1883, 1982, 1829, 2005, 2128, 2004, 1924, 1869, 1816, 1998, 1867, 1711, 1914, 1842, 2015, 1990, 1882, 1892, 1799, 1791, 1990, 1799, 1746, 1818, 1835, 1885, 2064, 1922, 1850, 1829, 1781, 1944, 2016, 1987, 1990, 1935, 1908, 1904, 1791, 2033, 1849, 1944, 1823, 1950, 1789, 1926, 2088, 1784, 1823, 2064, 1885, 1983, 2049, 2171, 2045, 1882, 2024, 1810, 1704, 1863, 1917, 1940, 1851, 1891, 2211, 2007, 2000, 1811, 1852, 2198, 1793, 2018, 1864, 1897, 1811, 1837, 1963, 2085, 1839, 1876, 1844, 1941, 1994, 1983, 1804, 1995, 1834, 1936, 1948, 1805, 1937, 1775, 1822, 1935, 1902, 2023, 1940, 1931, 1904, 1928, 1974, 1857, 1972, 1976, 2051, 2055, 2012, 1725, 2021, 1829, 2115, 1963, 1889, 1987, 1863, 1992, 2039, 1853, 1992, 1897, 2017, 1923, 1849, 1955, 1728, 1877, 1922, 1789, 1945, 1750, 1876, 1925, 2062, 1972, 2192, 1972, 1943, 2015, 1695, 1991, 1826, 1931, 1911, 1945, 1821, 2096, 1924, 1826, 1919, 1975, 1943, 1838, 1989, 2093, 1863, 1831, 1836, 1893, 1792, 1876, 2034, 1798, 1699, 2005, 1717, 1945, 1846, 2042, 1845, 1925, 1948, 1803, 1886, 1769, 1849, 2032, 1888, 2068, 1897, 1752, 1961, 1929, 1696, 2083, 1947, 1967, 1832, 1929, 1895, 1898, 1923, 1763, 1895, 2058, 2079, 2035, 1994, 2031, 1866, 1856, 1743, 2107, 1845, 2100, 2071, 1906, 1899, 1969, 1962, 1948, 1813, 1810, 1988, 1943, 1933, 1903, 1827, 1882, 1814, 1902, 1901, 2224, 1928, 1980, 1949, 2166, 2002, 2119, 1938, 1851, 2088, 1950, 1834, 1922, 1859, 1818, 1910, 1833, 2082, 1842, 2032, 2163, 1853, 1780, 1861, 2156, 1851, 2079, 1938, 1905, 1900, 2125, 2010, 1846, 2002, 2052, 1813, 1757, 1883, 1927, 2012, 1746, 1913, 1848, 1957, 1969, 1907, 1923, 1743, 2004, 1905, 1997, 1991, 1869, 2015, 1779, 1983, 1980, 1951, 1771, 1888, 2095, 1986, 1982, 1981, 1985, 1864, 1970, 2019, 1899, 2049, 1742, 2064, 1949, 2033, 1790, 1895, 1875, 1961, 2049, 2106, 1916, 2008, 1827, 1922, 1796, 1772, 1968, 1872, 1847, 1854, 1918, 2084, 1733, 1816, 2057, 1939, 1954, 1941, 1878, 1924, 1800, 1864, 1992, 1821, 2096, 1942, 2045, 1930, 1860, 1878, 1863, 1786, 1956, 2012, 1919, 1881, 1831, 1797, 2081, 2013, 2076, 1948, 2005, 1924, 1889, 1907, 2015, 2106, 1892, 2085, 2003, 1785, 1970, 2037, 1879, 1856, 1851, 2249, 2121, 1936, 1906, 2043, 1764, 2120, 2256, 1935, 1750, 1924, 2001, 1869, 1831, 1988, 1845, 2126, 1868, 1810, 2041, 2024, 1879, 1964, 1837, 1925, 1817, 1810, 2000, 1951, 1995, 1806, 1861, 2038, 2028, 1815, 1905, 2022, 1755, 1947, 1711, 2030, 1866, 1909, 2034, 1966, 1985, 1879, 1923, 1962, 1807, 1753, 1991, 1854, 2128, 1746, 1909, 1776, 1809, 1994, 1860, 1871, 1902, 1759, 1995, 2048, 1834, 1861, 1873, 1887, 1776, 1950, 1820, 2103, 1950, 1960, 1829, 2055, 1662, 1880, 1888, 1732, 2126, 2131, 1835, 1868, 1713, 1806, 1769, 2064, 1863, 1916, 1953, 1924, 1763, 1807, 2129, 1948, 1924, 1985, 2012, 1929, 2071, 1950, 1859, 1911, 1802, 1914, 1868, 1832, 1935, 1893, 1761, 1981, 1969, 1943, 1910, 1927, 2005, 1789, 1766, 1930, 1858, 1919, 1917, 1841, 1820, 1886, 1929, 1849, 1890, 1750, 1758, 1957, 1792, 1831, 1705, 2173, 1861, 1988, 1794, 1961, 1713, 1899, 1822, 2040, 1807, 2020, 1825, 1770, 2036, 1895, 1817, 2003, 1823, 1839, 2083, 1749, 1969, 1839, 1750, 2031, 1898, 1894, 1894, 1993, 1884, 2134, 1938, 2104, 1876, 1916, 1957, 1853, 1914, 1857, 1978, 2208, 2012, 1843, 1856, 1983, 1911, 1965, 1812, 1914, 1948, 1955, 1925, 1837, 1811, 1708, 2001, 1807, 1926, 1951, 1892, 1946, 2006, 1957, 1772, 1845, 1812, 2009, 1936, 2019, 2082, 1998, 2152, 1793, 1881, 2058, 2024, 1914, 1935, 1824, 2030, 1972, 1978, 1836, 1907, 1944, 1821, 1789, 1931, 2068, 1938, 2068, 1805, 2122, 1935, 1917, 1954, 1824, 1885, 1818, 1740, 1771, 1972, 1859, 1973, 1900, 1803, 1987, 1893, 1916, 1966, 2020, 1964, 1939, 1985, 1890, 1882, 1982, 1936, 1912, 1986, 1946, 1973, 1915, 1809, 1763, 1943, 1888, 1972, 1907, 1954, 1831, 2020, 1877, 1896, 1986, 2005, 1930, 1916, 2055, 1825, 1954, 1806, 1753, 1884, 1976, 1911, 1906, 1772, 1820, 1977, 2079, 2060, 1808, 1866, 2001, 1834, 1877, 2021, 1791, 1766, 1750, 1826, 1880, 1894, 2005, 1808, 1939, 1734, 1909, 1834, 1893, 1840, 1956, 1901, 1807, 1853, 1834, 1998, 1828, 1917, 1930, 1932, 1836, 1826, 1945, 1934, 1766, 1959, 1695, 1790, 1961, 1814, 1935, 2029, 1927, 1975, 1802, 1877, 2074, 1902, 1885, 1986, 2135, 2110, 1890, 1920, 1821, 1921, 2022, 1922, 1871, 2108, 2098, 1924, 1675, 1770, 1926, 1993, 1862, 2040, 1640, 2056, 2091, 2017, 1821, 2025, 2049, 2053, 1811, 1981, 1668, 1918, 2043, 1845, 1953, 1750, 2007, 2042, 1809, 1804, 2032, 1848, 2007, 1819, 2057, 1802, 2127, 2196, 1784, 1839, 1816, 1964, 1897, 2152, 2041, 1827, 2071, 2010, 1976, 1857, 2026, 1995, 1866, 1728, 2003, 1991, 1795, 1633, 1834, 1921, 1832, 2032, 1874, 1850, 1787, 2076, 1740, 2065, 2002, 1985, 1757, 1913, 1743, 1854, 1980, 1920, 1727, 2044, 1916, 1932, 2089, 1908, 1908, 1850, 1921, 1842, 1993, 2002, 2031, 1953, 1725, 1922, 2091, 1866, 1849, 1851, 2159, 1842, 1819, 2040, 1927, 2003, 2102, 1824, 2070, 1926, 1888, 1816, 1889, 1909, 1967, 1759, 1769, 1876, 1928, 1990, 1970, 2078, 1905, 1870, 1972, 1894, 1873, 1977, 1958, 1822, 1650, 1860, 1786, 1965, 1910, 2075, 2130, 1814, 1878, 2005, 1768, 1769, 1831, 2026, 1990, 1873, 1949, 1993, 1869, 1879, 2056, 2090, 1925, 2017, 1975, 1879, 1925, 1848, 1948, 1878, 1895, 1920, 1958, 1833, 1914, 2042, 2094, 1986, 1870, 1734, 1906, 1754, 1796, 1947, 1884, 1750, 1970, 1929, 1880, 1692, 2047, 2050, 1823, 1846, 1885, 1942, 2114, 1958, 1853, 1772, 1969, 1866, 1963, 2011, 2028, 2035, 1968, 1999, 1928, 1748, 1979, 1823, 1976, 2055, 1963, 1881, 1974, 1865, 1918, 1867, 1759, 1866, 1972, 1986, 1850, 1886, 2086, 1937, 1888, 1746, 1918, 2025, 1913, 1887, 1836, 1719, 1774, 1925, 1806, 1928, 2159, 1758, 1808, 1870, 1925, 2064, 1777, 1957, 1941, 1892, 1885, 1802, 2024, 1878, 1764, 1904, 1968, 1917, 1842, 1868, 1962, 1884, 1925, 1938, 2012, 1856, 1772, 1998, 1869, 1958, 1889, 1920, 1851, 1810, 1836, 1806, 1926, 1913, 2043, 1808, 1974, 1978, 2069, 2002, 1992, 1827, 1817, 1965, 1872, 1823, 1999, 1876, 1783, 1884, 1953, 1771, 1898, 1902, 1840, 1899, 2029, 1852, 1764, 2035, 1760, 1891, 1863, 1992, 1933, 1832, 1795, 1778, 2076, 2172, 1850, 1945, 1869, 1977, 1739, 1969, 1893, 1813, 1923, 1922, 1887, 1846, 2103, 1857, 2029, 1951, 2022, 1810, 2034, 1978, 2086, 2020, 1890, 1688, 2001, 1895, 1874, 1851, 1695, 1900, 1983, 1881, 1847, 1909, 2218, 2116, 1986, 2082, 1830, 1795, 1957, 1726, 1835, 2085, 2049, 2074, 1910, 1836, 1804, 2072, 1916, 1914, 1998, 1918, 1899, 1798, 1930, 2046, 1955, 2071, 1944, 1947, 1920, 1818, 1894, 1870, 2124, 1771, 1942, 1926, 1846, 1884, 1772, 1821, 1816, 1828, 1941, 1970, 1900, 2043, 1818, 1937, 2152, 2030, 1874, 2014, 1859, 1918, 1714, 2020, 1886, 1817, 1878, 1944, 1961, 1984, 1936, 1869, 1847, 1837, 2012, 2017, 1997, 1921, 2001, 1933, 1749, 1897, 1936, 1778, 1825, 1831, 2002, 1994, 1879, 1728, 1980, 1891, 1855, 1906, 1827, 1847, 2020, 1765, 2082, 1862, 1882, 1866, 1743, 2043, 1968, 1870, 1888, 2024, 1930, 2048, 1927, 1971, 1845, 2189, 1794, 2082, 1807, 1760, 1983, 1874, 1772, 1843, 1878, 1876, 1832, 2024, 1870, 1771, 1847, 1935, 2046, 1781, 1962, 1966, 1969, 2054, 1742, 2132, 1898, 2031, 1908, 2063, 2182, 1881, 1886, 1743, 1922, 1937, 1845, 1835, 1740, 1810, 1917, 1887, 1895, 1788, 1838, 1907, 2117, 1898, 1833, 1907, 1786, 1854, 1903, 1871, 1863, 1863, 2102, 2088, 2071, 1915, 1916, 1905, 2019, 1978, 1880, 1931, 2014, 1659, 1812, 2060, 1912, 1800, 1922, 1944, 1977, 1780, 1887, 1890, 1977, 1895, 2051, 1934, 1906, 1963, 1937, 1857, 1807, 1812, 1799, 1912, 1715, 1933, 2021, 1723, 1968, 1795, 1925, 2136, 1832, 1984, 2020, 1889, 2111, 1879, 1962, 1743, 1907, 1908, 2045, 1917, 1964, 1993, 1968, 1978, 1883, 1901, 1816, 2051, 1928, 1906, 1840, 1853, 1778, 1975, 1801, 1896, 1788, 1883, 1842, 2032, 1896, 1978, 1962, 1782, 2045, 1960, 1886, 1908, 1673, 1893, 1980, 1887, 2045, 1897, 1786, 1930, 1947, 2009, 1939, 2027, 1889, 2023, 1959, 1818, 1878, 2003, 1878, 1702, 1899, 1797, 1885, 1831, 1853, 1919, 1694, 1844, 1873, 1962, 2057, 2130, 1750, 1900, 1858, 1813, 1942, 2045, 1935, 1949, 1984, 1939, 1937, 1920, 1792, 1923, 2011, 1859, 2017, 1949, 2001, 1905, 1783, 1920, 1780, 1927, 1843, 1711, 2020, 1742, 1792, 2144, 2016, 1893, 1833, 2049, 1903, 1827, 1697, 1889, 1888, 1903, 2034, 1806, 1850, 1771, 1909, 2043, 1926, 1844, 2134, 1847, 2035, 2039, 1966, 2030, 1974, 1844, 1996, 1997, 1857, 1911, 2013, 1882, 1952, 1978, 1856, 1843, 1957, 2039, 1874, 2005, 1859, 1980, 1810, 1944, 1898, 1957, 1919, 2141, 2095, 1894, 1810, 1922, 1940, 1881, 1836, 1920]

